Time [ms],Timestamp,Raw Value,Corrected Value,Temperature Value,LD20 Flow,LD20 Temperature,LD20 Status,Heater Voltage,Thermistor Voltage,Heater Current,Thermistor Current,Series R Voltage
"1.0","15:13:09.936","2222845.0000","1.5118","60566.0000","-0.0500","-0.0050","-1.0000","0.0000","0.0000","0.0000","0.0000","0.0000"
"2.0","15:13:09.937","2223933.0000","1.6304","60566.0000","-0.0500","-0.0050","-1.0000","0.0000","0.0000","0.0000","0.0000","0.0000"
"3.0","15:13:09.938","2224387.0000","1.6799","60566.0000","-0.0500","-0.0050","-1.0000","0.0000","0.0000","0.0000","0.0000","0.0000"
"4.0","15:13:09.939","2224140.0000","1.6530","60566.0000","-0.0500","-0.0050","-1.0000","0.0000","0.0000","0.0000","0.0000","0.0000"
"5.0","15:13:09.940","2224561.0000","1.6989","60566.0000","-0.0500","-0.0050","-1.0000","0.0000","0.0000","0.0000","0.0000","0.0000"
"6.0","15:13:09.941","2223336.0000","1.5653","60566.0000","-0.0500","-0.0050","-1.0000","0.0000","0.0000","0.0000","0.0000","0.0000"
"7.0","15:13:09.942","2223904.0000","1.6273","60566.0000","-0.0500","-0.0050","-1.0000","0.0000","0.0000","0.0000","0.0000","0.0000"
"8.0","15:13:09.943","2223592.0000","1.5932","60566.0000","-0.0500","-0.0050","-1.0000","0.0000","0.0000","0.0000","0.0000","0.0000"
"9.0","15:13:09.944","2224120.0000","1.6508","60566.0000","-0.0500","-0.0050","-1.0000","0.0000","0.0000","0.0000","0.0000","0.0000"
"10.0","15:13:09.945","2224674.0000","1.7112","60566.0000","-0.0500","-0.0050","-1.0000","0.0000","0.0000","0.0000","0.0000","0.0000"
"11.0","15:13:09.946","2224998.0000","1.7465","60572.0000","-0.0500","-0.0050","-1.0000","0.0000","0.0000","0.0000","0.0000","0.0000"
"12.0","15:13:09.947","2225093.0000","1.7568","60572.0000","-0.0500","-0.0050","-1.0000","0.0000","0.0000","0.0000","0.0000","0.0000"
"13.0","15:13:09.948","2224874.0000","1.7330","60572.0000","-0.0500","-0.0050","-1.0000","0.0000","0.0000","0.0000","0.0000","0.0000"
"14.0","15:13:09.949","2225381.0000","1.7883","60572.0000","-0.0500","-0.0050","-1.0000","0.0000","0.0000","0.0000","0.0000","0.0000"
"15.0","15:13:09.950","2226228.0000","1.8806","60572.0000","-0.0500","-0.0050","-1.0000","0.0000","0.0000","0.0000","0.0000","0.0000"
"16.0","15:13:09.951","2225029.0000","1.7499","60572.0000","-0.0500","-0.0050","-1.0000","0.0000","0.0000","0.0000","0.0000","0.0000"
"17.0","15:13:09.952","2226494.0000","1.9096","60572.0000","-0.0500","-0.0050","-1.0000","0.0000","0.0000","0.0000","0.0000","0.0000"
"18.0","15:13:09.953","2226398.0000","1.8991","60572.0000","-0.0500","-0.0050","-1.0000","0.0000","0.0000","0.0000","0.0000","0.0000"
"19.0","15:13:09.954","2226194.0000","1.8769","60572.0000","-0.0500","-0.0050","-1.0000","0.0000","0.0000","0.0000","0.0000","0.0000"
"20.0","15:13:09.955","2225321.0000","1.7817","60572.0000","-0.0500","-0.0050","-1.0000","0.0000","0.0000","0.0000","0.0000","0.0000"
"21.0","15:13:09.956","2224769.0000","1.7215","60572.0000","-0.0500","-0.0050","-1.0000","0.0000","0.0000","0.0000","0.0000","0.0000"
"22.0","15:13:09.957","2224769.0000","1.7215","60572.0000","-0.0500","-0.0050","-1.0000","0.0000","0.0000","0.0000","0.0000","0.0000"
"23.0","15:13:09.958","2224030.0000","1.6410","60572.0000","-0.0500","-0.0050","-1.0000","0.0000","0.0000","0.0000","0.0000","0.0000"
"24.0","15:13:09.959","2223924.0000","1.6294","60572.0000","-0.0500","-0.0050","-1.0000","0.0000","0.0000","0.0000","0.0000","0.0000"
"25.0","15:13:09.960","2222942.0000","1.5224","60572.0000","-0.0500","-0.0050","-1.0000","0.0000","0.0000","0.0000","0.0000","0.0000"
"26.0","15:13:09.961","2222693.0000","1.4952","60572.0000","-0.0500","-0.0050","-1.0000","0.0000","0.0000","0.0000","0.0000","0.0000"
"27.0","15:13:09.962","2222254.0000","1.4474","60572.0000","-0.0500","-0.0050","-1.0000","0.0000","0.0000","0.0000","0.0000","0.0000"
"28.0","15:13:09.963","2220742.0000","1.2825","60572.0000","-0.0500","-0.0050","-1.0000","0.0000","0.0000","0.0000","0.0000","0.0000"
"29.0","15:13:09.964","2220814.0000","1.2904","60572.0000","-0.0500","-0.0050","-1.0000","0.0000","0.0000","0.0000","0.0000","0.0000"
"30.0","15:13:09.965","2219938.0000","1.1949","60572.0000","-0.0500","-0.0050","-1.0000","0.0000","0.0000","0.0000","0.0000","0.0000"
"31.0","15:13:09.966","2220345.0000","1.2393","60572.0000","-0.0500","-0.0050","-1.0000","0.0000","0.0000","0.0000","0.0000","0.0000"
"32.0","15:13:09.967","2219504.0000","1.1476","60572.0000","-0.0500","-0.0050","-1.0000","0.0000","0.0000","0.0000","0.0000","0.0000"
"33.0","15:13:09.968","2220014.0000","1.2031","60572.0000","-0.0500","-0.0050","-1.0000","0.0000","0.0000","0.0000","0.0000","0.0000"
"34.0","15:13:09.969","2218435.0000","1.0310","60572.0000","-0.0500","-0.0050","-1.0000","0.0000","0.0000","0.0000","0.0000","0.0000"
"35.0","15:13:09.970","2217990.0000","0.9825","60572.0000","-0.0500","-0.0050","-1.0000","0.0000","0.0000","0.0000","0.0000","0.0000"
"36.0","15:13:09.971","2218276.0000","1.0137","60572.0000","-0.0500","-0.0050","-1.0000","0.0000","0.0000","0.0000","0.0000","0.0000"
"37.0","15:13:09.972","2218126.0000","0.9973","60572.0000","-0.0500","-0.0050","-1.0000","0.0000","0.0000","0.0000","0.0000","0.0000"
"38.0","15:13:09.973","2217916.0000","0.9744","60572.0000","-0.0500","-0.0050","-1.0000","0.0000","0.0000","0.0000","0.0000","0.0000"
"39.0","15:13:09.974","2218012.0000","0.9849","60572.0000","-0.0500","-0.0050","-1.0000","0.0000","0.0000","0.0000","0.0000","0.0000"
"40.0","15:13:09.975","2218334.0000","1.0200","60572.0000","-0.0500","-0.0050","-1.0000","0.0000","0.0000","0.0000","0.0000","0.0000"
"41.0","15:13:09.976","2217970.0000","0.9803","60572.0000","-0.0500","-0.0050","-1.0000","0.0000","0.0000","0.0000","0.0000","0.0000"
"42.0","15:13:09.977","2218582.0000","1.0470","60572.0000","-0.0500","-0.0050","-1.0000","0.0000","0.0000","0.0000","0.0000","0.0000"
"43.0","15:13:09.978","2219334.0000","1.1290","60572.0000","-0.0500","-0.0050","-1.0000","0.0000","0.0000","0.0000","0.0000","0.0000"
"44.0","15:13:09.979","2218090.0000","0.9934","60572.0000","-0.0500","-0.0050","-1.0000","0.0000","0.0000","0.0000","0.0000","0.0000"
"45.0","15:13:09.980","2219396.0000","1.1358","60572.0000","-0.0500","-0.0050","-1.0000","0.0000","0.0000","0.0000","0.0000","0.0000"
"46.0","15:13:09.981","2220348.0000","1.2396","60572.0000","-0.0500","-0.0050","-1.0000","0.0000","0.0000","0.0000","0.0000","0.0000"
"47.0","15:13:09.982","2220205.0000","1.2240","60572.0000","-0.0500","-0.0050","-1.0000","0.0000","0.0000","0.0000","0.0000","0.0000"
"48.0","15:13:09.983","2221014.0000","1.3122","60572.0000","-0.0500","-0.0050","-1.0000","0.0000","0.0000","0.0000","0.0000","0.0000"
"49.0","15:13:09.984","2220554.0000","1.2620","60572.0000","-0.0500","-0.0050","-1.0000","0.0000","0.0000","0.0000","0.0000","0.0000"
"50.0","15:13:09.985","2221772.0000","1.3948","60572.0000","-0.0500","-0.0050","-1.0000","0.0000","0.0000","0.0000","0.0000","0.0000"
"51.0","15:13:09.986","2222788.0000","1.5056","60572.0000","-0.0500","-0.0050","-1.0000","0.0000","0.0000","0.0000","0.0000","0.0000"
"52.0","15:13:09.987","2220903.0000","1.3001","60572.0000","-0.0500","-0.0050","-1.0000","0.0000","0.0000","0.0000","0.0000","0.0000"
"53.0","15:13:09.988","2220394.0000","1.2446","60572.0000","-0.0500","-0.0050","-1.0000","0.0000","0.0000","0.0000","0.0000","0.0000"
"54.0","15:13:09.989","2221550.0000","1.3706","60572.0000","-0.0500","-0.0050","-1.0000","0.0000","0.0000","0.0000","0.0000","0.0000"
"55.0","15:13:09.990","2220933.0000","1.3034","60572.0000","-0.0500","-0.0050","-1.0000","0.0000","0.0000","0.0000","0.0000","0.0000"
"56.0","15:13:09.991","2220605.0000","1.2676","60572.0000","-0.0500","-0.0050","-1.0000","0.0000","0.0000","0.0000","0.0000","0.0000"
"57.0","15:13:09.992","2220825.0000","1.2916","60572.0000","-0.0500","-0.0050","-1.0000","0.0000","0.0000","0.0000","0.0000","0.0000"
"58.0","15:13:09.993","2220089.0000","1.2113","60572.0000","-0.0500","-0.0050","-1.0000","0.0000","0.0000","0.0000","0.0000","0.0000"
"59.0","15:13:09.994","2219652.0000","1.1637","60572.0000","-0.0500","-0.0050","-1.0000","0.0000","0.0000","0.0000","0.0000","0.0000"
"60.0","15:13:09.995","2219397.0000","1.1359","60572.0000","-0.0500","-0.0050","-1.0000","0.0000","0.0000","0.0000","0.0000","0.0000"
"61.0","15:13:09.996","2219164.0000","1.1105","60572.0000","-0.0500","-0.0050","-1.0000","0.0000","0.0000","0.0000","0.0000","0.0000"
"62.0","15:13:09.997","2218756.0000","1.0660","60572.0000","-0.0500","-0.0050","-1.0000","0.0000","0.0000","0.0000","0.0000","0.0000"
"63.0","15:13:09.998","2218513.0000","1.0395","60572.0000","-0.0500","-0.0050","-1.0000","0.0000","0.0000","0.0000","0.0000","0.0000"
"64.0","15:13:09.999","2220473.0000","1.2532","60572.0000","-0.0500","-0.0050","-1.0000","0.0000","0.0000","0.0000","0.0000","0.0000"
"65.0","15:13:10.0","2220989.0000","1.3095","60572.0000","-0.0500","-0.0050","-1.0000","0.0000","0.0000","0.0000","0.0000","0.0000"
"66.0","15:13:10.1","2222766.0000","1.5032","60572.0000","-0.0500","-0.0050","-1.0000","0.0000","0.0000","0.0000","0.0000","0.0000"
"67.0","15:13:10.2","2222745.0000","1.5009","60572.0000","-0.0500","-0.0050","-1.0000","0.0000","0.0000","0.0000","0.0000","0.0000"
"68.0","15:13:10.3","2224111.0000","1.6498","60572.0000","-0.0500","-0.0050","-1.0000","0.0000","0.0000","0.0000","0.0000","0.0000"
"69.0","15:13:10.4","2224111.0000","1.6498","60572.0000","-0.0500","-0.0050","-1.0000","0.0000","0.0000","0.0000","0.0000","0.0000"
"70.0","15:13:10.5","2226008.0000","1.8566","60572.0000","-0.0500","-0.0050","-1.0000","0.0000","0.0000","0.0000","0.0000","0.0000"
"71.0","15:13:10.6","2226256.0000","1.8837","60572.0000","-0.0500","-0.0050","-1.0000","0.0000","0.0000","0.0000","0.0000","0.0000"
"72.0","15:13:10.7","2226085.0000","1.8650","60580.0000","-0.0500","-0.0050","-1.0000","0.0000","0.0000","0.0000","0.0000","0.0000"
"73.0","15:13:10.8","2224924.0000","1.7384","60580.0000","-0.0500","-0.0050","-1.0000","0.0000","0.0000","0.0000","0.0000","0.0000"
"74.0","15:13:10.9","2223835.0000","1.6197","60580.0000","-0.0500","-0.0050","-1.0000","0.0000","0.0000","0.0000","0.0000","0.0000"
"75.0","15:13:10.10","2223514.0000","1.5847","60580.0000","-0.0500","-0.0050","-1.0000","0.0000","0.0000","0.0000","0.0000","0.0000"
"76.0","15:13:10.11","2222369.0000","1.4599","60580.0000","-0.0500","-0.0050","-1.0000","0.0000","0.0000","0.0000","0.0000","0.0000"
"77.0","15:13:10.12","2221340.0000","1.3477","60580.0000","-0.0500","-0.0050","-1.0000","0.0000","0.0000","0.0000","0.0000","0.0000"
"78.0","15:13:10.13","2220186.0000","1.2219","60580.0000","-0.0500","-0.0050","-1.0000","0.0000","0.0000","0.0000","0.0000","0.0000"
"79.0","15:13:10.14","2220455.0000","1.2513","60580.0000","-0.0500","-0.0050","-1.0000","0.0000","0.0000","0.0000","0.0000","0.0000"
"80.0","15:13:10.15","2220507.0000","1.2569","60580.0000","-0.0500","-0.0050","-1.0000","0.0000","0.0000","0.0000","0.0000","0.0000"
"81.0","15:13:10.16","2219654.0000","1.1639","60580.0000","-0.0500","-0.0050","-1.0000","0.0000","0.0000","0.0000","0.0000","0.0000"
"82.0","15:13:10.17","2219178.0000","1.1120","60580.0000","-0.0500","-0.0050","-1.0000","0.0000","0.0000","0.0000","0.0000","0.0000"
"83.0","15:13:10.18","2219308.0000","1.1262","60580.0000","-0.0500","-0.0050","-1.0000","0.0000","0.0000","0.0000","0.0000","0.0000"
"84.0","15:13:10.19","2218095.0000","0.9940","60580.0000","-0.0500","-0.0050","-1.0000","0.0000","0.0000","0.0000","0.0000","0.0000"
"85.0","15:13:10.20","2217648.0000","0.9452","60580.0000","-0.0500","-0.0050","-1.0000","0.0000","0.0000","0.0000","0.0000","0.0000"
"86.0","15:13:10.21","2217573.0000","0.9371","60580.0000","-0.0500","-0.0050","-1.0000","0.0000","0.0000","0.0000","0.0000","0.0000"
"87.0","15:13:10.22","2215920.0000","0.7568","60580.0000","-0.0500","-0.0050","-1.0000","0.0000","0.0000","0.0000","0.0000","0.0000"
"88.0","15:13:10.23","2215445.0000","0.7051","60580.0000","-0.0500","-0.0050","-1.0000","0.0000","0.0000","0.0000","0.0000","0.0000"
"89.0","15:13:10.24","2214608.0000","0.6138","60580.0000","-0.0500","-0.0050","-1.0000","0.0000","0.0000","0.0000","0.0000","0.0000"
"90.0","15:13:10.25","2213750.0000","0.5203","60580.0000","-0.0500","-0.0050","-1.0000","0.0000","0.0000","0.0000","0.0000","0.0000"
"91.0","15:13:10.26","2212039.0000","0.3338","60580.0000","-0.0500","-0.0050","-1.0000","0.0000","0.0000","0.0000","0.0000","0.0000"
"92.0","15:13:10.27","2211666.0000","0.2931","60580.0000","-0.0500","-0.0050","-1.0000","0.0000","0.0000","0.0000","0.0000","0.0000"
"93.0","15:13:10.28","2211773.0000","0.3047","60580.0000","-0.0500","-0.0050","-1.0000","0.0000","0.0000","0.0000","0.0000","0.0000"
"94.0","15:13:10.29","2210586.0000","0.1753","60580.0000","-0.0500","-0.0050","-1.0000","0.0000","0.0000","0.0000","0.0000","0.0000"
"95.0","15:13:10.30","2211374.0000","0.2612","60580.0000","-0.0500","-0.0050","-1.0000","0.0000","0.0000","0.0000","0.0000","0.0000"
"96.0","15:13:10.31","2212225.0000","0.3540","60580.0000","-0.0500","-0.0050","-1.0000","0.0000","0.0000","0.0000","0.0000","0.0000"
"97.0","15:13:10.32","2212693.0000","0.4051","60580.0000","-0.0500","-0.0050","-1.0000","0.0000","0.0000","0.0000","0.0000","0.0000"
"98.0","15:13:10.33","2212914.0000","0.4292","60580.0000","-0.0500","-0.0050","-1.0000","0.0000","0.0000","0.0000","0.0000","0.0000"
"99.0","15:13:10.34","2213356.0000","0.4773","60580.0000","-0.0500","-0.0050","-1.0000","0.0000","0.0000","0.0000","0.0000","0.0000"
"100.0","15:13:10.35","2214158.0000","0.5647","60580.0000","-0.0500","-0.0050","-1.0000","0.0000","0.0000","0.0000","0.0000","0.0000"
"101.0","15:13:10.36","2213234.0000","0.4640","60580.0000","-0.0500","-0.0050","-1.0000","0.0000","0.0000","0.0000","0.0000","0.0000"
"102.0","15:13:10.37","2211227.0000","0.2452","60580.0000","-0.0500","-0.0050","-1.0000","0.0000","0.0000","0.0000","0.0000","0.0000"
"103.0","15:13:10.38","2207167.0000","-0.1927","60580.0000","-0.0500","-0.0050","-1.0000","0.0000","0.0000","0.0000","0.0000","0.0000"
"104.0","15:13:10.39","2203291.0000","-0.5984","60580.0000","-0.0500","-0.0050","-1.0000","0.0000","0.0000","0.0000","0.0000","0.0000"
"105.0","15:13:10.40","2201462.0000","-0.7897","60580.0000","-0.0500","-0.0050","-1.0000","0.0000","0.0000","0.0000","0.0000","0.0000"
"106.0","15:13:10.41","2200441.0000","-0.8966","60580.0000","-0.0500","-0.0050","-1.0000","0.0000","0.0000","0.0000","0.0000","0.0000"
"107.0","15:13:10.42","2200142.0000","-0.9279","60580.0000","-0.0500","-0.0050","-1.0000","0.0000","0.0000","0.0000","0.0000","0.0000"
"108.0","15:13:10.43","2201697.0000","-0.7651","60580.0000","-0.0500","-0.0050","-1.0000","0.0000","0.0000","0.0000","0.0000","0.0000"
"109.0","15:13:10.44","2205397.0000","-0.3780","60580.0000","-0.0500","-0.0050","-1.0000","0.0000","0.0000","0.0000","0.0000","0.0000"
"110.0","15:13:10.45","2209600.0000","0.0679","60580.0000","-0.0500","-0.0050","-1.0000","0.0000","0.0000","0.0000","0.0000","0.0000"
"111.0","15:13:10.46","2216053.0000","0.7714","60580.0000","-0.0500","-0.0050","-1.0000","0.0000","0.0000","0.0000","0.0000","0.0000"
"112.0","15:13:10.47","2221669.0000","1.3836","60580.0000","-0.0500","-0.0050","-1.0000","0.0000","0.0000","0.0000","0.0000","0.0000"
"113.0","15:13:10.48","2226788.0000","1.9417","60580.0000","-0.0500","-0.0050","-1.0000","0.0000","0.0000","0.0000","0.0000","0.0000"
"114.0","15:13:10.49","2231467.0000","2.4518","60580.0000","-0.0500","-0.0050","-1.0000","0.0000","0.0000","0.0000","0.0000","0.0000"
"115.0","15:13:10.50","2231467.0000","2.4518","60580.0000","-0.0500","-0.0050","-1.0000","0.0000","0.0000","0.0000","0.0000","0.0000"
"116.0","15:13:10.51","2233832.0000","2.7096","60580.0000","-0.0500","-0.0050","-1.0000","0.0000","0.0000","0.0000","0.0000","0.0000"
"117.0","15:13:10.52","2234959.0000","2.8325","60580.0000","-0.0500","-0.0050","-1.0000","0.0000","0.0000","0.0000","0.0000","0.0000"
"118.0","15:13:10.53","2235716.0000","2.9150","60580.0000","-0.0500","-0.0050","-1.0000","0.0000","0.0000","0.0000","0.0000","0.0000"
"119.0","15:13:10.54","2235424.0000","2.8831","60580.0000","-0.0500","-0.0050","-1.0000","0.0000","0.0000","0.0000","0.0000","0.0000"
"120.0","15:13:10.55","2234045.0000","2.7328","60580.0000","-0.0500","-0.0050","-1.0000","0.0000","0.0000","0.0000","0.0000","0.0000"
"121.0","15:13:10.56","2231532.0000","2.4588","60580.0000","-0.0500","-0.0050","-1.0000","0.0000","0.0000","0.0000","0.0000","0.0000"
"122.0","15:13:10.57","2229170.0000","2.2013","60580.0000","-0.0500","-0.0050","-1.0000","0.0000","0.0000","0.0000","0.0000","0.0000"
"123.0","15:13:10.58","2226964.0000","1.9608","60580.0000","-0.0500","-0.0050","-1.0000","0.0000","0.0000","0.0000","0.0000","0.0000"
"124.0","15:13:10.59","2226364.0000","1.8954","60580.0000","-0.0500","-0.0050","-1.0000","0.0000","0.0000","0.0000","0.0000","0.0000"
"125.0","15:13:10.60","2225763.0000","1.8299","60580.0000","-0.0500","-0.0050","-1.0000","0.0000","0.0000","0.0000","0.0000","0.0000"
"126.0","15:13:10.61","2226293.0000","1.8877","60580.0000","-0.0500","-0.0050","-1.0000","0.0000","0.0000","0.0000","0.0000","0.0000"
"127.0","15:13:10.62","2228645.0000","2.1441","60580.0000","-0.0500","-0.0050","-1.0000","0.0000","0.0000","0.0000","0.0000","0.0000"
"128.0","15:13:10.63","2232016.0000","2.5116","60580.0000","-0.0500","-0.0050","-1.0000","0.0000","0.0000","0.0000","0.0000","0.0000"
"129.0","15:13:10.64","2236101.0000","2.9569","60580.0000","-0.0500","-0.0050","-1.0000","0.0000","0.0000","0.0000","0.0000","0.0000"
"130.0","15:13:10.65","2239985.0000","3.3803","60580.0000","-0.0500","-0.0050","-1.0000","0.0000","0.0000","0.0000","0.0000","0.0000"
"131.0","15:13:10.66","2243874.0000","3.8043","60580.0000","-0.0500","-0.0050","-1.0000","0.0000","0.0000","0.0000","0.0000","0.0000"
"132.0","15:13:10.67","2248394.0000","4.2971","60571.0000","-0.0500","-0.0050","-1.0000","0.0000","0.0000","0.0000","0.0000","0.0000"
"133.0","15:13:10.68","2250742.0000","4.5530","60571.0000","-0.0500","-0.0050","-1.0000","0.0000","0.0000","0.0000","0.0000","0.0000"
"134.0","15:13:10.69","2253697.0000","4.8752","60571.0000","-0.0500","-0.0050","-1.0000","0.0000","0.0000","0.0000","0.0000","0.0000"
"135.0","15:13:10.70","2255985.0000","5.1246","60571.0000","-0.0500","-0.0050","-1.0000","0.0000","0.0000","0.0000","0.0000","0.0000"
"136.0","15:13:10.71","2257736.0000","5.3155","60571.0000","-0.0500","-0.0050","-1.0000","0.0000","0.0000","0.0000","0.0000","0.0000"
"137.0","15:13:10.72","2259698.0000","5.5310","60571.0000","-0.0500","-0.0050","-1.0000","0.0000","0.0000","0.0000","0.0000","0.0000"
"138.0","15:13:10.73","2258684.0000","5.4189","60571.0000","-0.0500","-0.0050","-1.0000","0.0000","0.0000","0.0000","0.0000","0.0000"
"139.0","15:13:10.74","2258633.0000","5.4133","60571.0000","-0.0500","-0.0050","-1.0000","0.0000","0.0000","0.0000","0.0000","0.0000"
"140.0","15:13:10.75","2257604.0000","5.3012","60571.0000","-0.0500","-0.0050","-1.0000","0.0000","0.0000","0.0000","0.0000","0.0000"
"141.0","15:13:10.76","2256680.0000","5.2004","60571.0000","-0.0500","-0.0050","-1.0000","0.0000","0.0000","0.0000","0.0000","0.0000"
"142.0","15:13:10.77","2255174.0000","5.0362","60571.0000","-0.0500","-0.0050","-1.0000","0.0000","0.0000","0.0000","0.0000","0.0000"
"143.0","15:13:10.78","2254595.0000","4.9731","60571.0000","-0.0500","-0.0050","-1.0000","0.0000","0.0000","0.0000","0.0000","0.0000"
"144.0","15:13:10.79","2253839.0000","4.8907","60571.0000","-0.0500","-0.0050","-1.0000","0.0000","0.0000","0.0000","0.0000","0.0000"
"145.0","15:13:10.80","2253219.0000","4.8231","60571.0000","-0.0500","-0.0050","-1.0000","0.0000","0.0000","0.0000","0.0000","0.0000"
"146.0","15:13:10.81","2253858.0000","4.8928","60571.0000","-0.0500","-0.0050","-1.0000","0.0000","0.0000","0.0000","0.0000","0.0000"
"147.0","15:13:10.82","2252320.0000","4.7251","60571.0000","-0.0500","-0.0050","-1.0000","0.0000","0.0000","0.0000","0.0000","0.0000"
"148.0","15:13:10.83","2251309.0000","4.6149","60571.0000","-0.0500","-0.0050","-1.0000","0.0000","0.0000","0.0000","0.0000","0.0000"
"149.0","15:13:10.84","2252244.0000","4.7168","60571.0000","-0.0500","-0.0050","-1.0000","0.0000","0.0000","0.0000","0.0000","0.0000"
"150.0","15:13:10.85","2251750.0000","4.6629","60571.0000","-0.0500","-0.0050","-1.0000","0.0000","0.0000","0.0000","0.0000","0.0000"
"151.0","15:13:10.86","2252135.0000","4.7049","60571.0000","-0.0500","-0.0050","-1.0000","0.0000","0.0000","0.0000","0.0000","0.0000"
"152.0","15:13:10.87","2250832.0000","4.5629","60571.0000","-0.0500","-0.0050","-1.0000","0.0000","0.0000","0.0000","0.0000","0.0000"
"153.0","15:13:10.88","2250531.0000","4.5301","60571.0000","-0.0500","-0.0050","-1.0000","0.0000","0.0000","0.0000","0.0000","0.0000"
"154.0","15:13:10.89","2250304.0000","4.5053","60571.0000","-0.0500","-0.0050","-1.0000","0.0000","0.0000","0.0000","0.0000","0.0000"
"155.0","15:13:10.90","2249192.0000","4.3841","60571.0000","-0.0500","-0.0050","-1.0000","0.0000","0.0000","0.0000","0.0000","0.0000"
"156.0","15:13:10.91","2249320.0000","4.3980","60571.0000","-0.0500","-0.0050","-1.0000","0.0000","0.0000","0.0000","0.0000","0.0000"
"157.0","15:13:10.92","2248345.0000","4.2918","60571.0000","-0.0500","-0.0050","-1.0000","0.0000","0.0000","0.0000","0.0000","0.0000"
"158.0","15:13:10.93","2247077.0000","4.1535","60571.0000","-0.0500","-0.0050","-1.0000","0.0000","0.0000","0.0000","0.0000","0.0000"
"159.0","15:13:10.94","2246816.0000","4.1251","60571.0000","-0.0500","-0.0050","-1.0000","0.0000","0.0000","0.0000","0.0000","0.0000"
"160.0","15:13:10.95","2245898.0000","4.0250","60571.0000","-0.0500","-0.0050","-1.0000","0.0000","0.0000","0.0000","0.0000","0.0000"
"161.0","15:13:10.96","2244968.0000","3.9236","60571.0000","-0.0500","-0.0050","-1.0000","0.0000","0.0000","0.0000","0.0000","0.0000"
"162.0","15:13:10.97","2244968.0000","3.9236","60571.0000","-0.0500","-0.0050","-1.0000","0.0000","0.0000","0.0000","0.0000","0.0000"
"163.0","15:13:10.98","2244877.0000","3.9137","60571.0000","-0.0500","-0.0050","-1.0000","0.0000","0.0000","0.0000","0.0000","0.0000"
"164.0","15:13:10.99","2243992.0000","3.8172","60571.0000","-0.0500","-0.0050","-1.0000","0.0000","0.0000","0.0000","0.0000","0.0000"
"165.0","15:13:10.100","2242508.0000","3.6554","60571.0000","-0.0500","-0.0050","-1.0000","0.0000","0.0000","0.0000","0.0000","0.0000"
"166.0","15:13:10.101","2242088.0000","3.6096","60571.0000","-0.0500","-0.0050","-1.0000","0.0000","0.0000","0.0000","0.0000","0.0000"
"167.0","15:13:10.102","2241133.0000","3.5055","60571.0000","-0.0500","-0.0050","-1.0000","0.0000","0.0000","0.0000","0.0000","0.0000"
"168.0","15:13:10.103","2239260.0000","3.3013","60571.0000","-0.0500","-0.0050","-1.0000","0.0000","0.0000","0.0000","0.0000","0.0000"
"169.0","15:13:10.104","2238037.0000","3.1680","60571.0000","-0.0500","-0.0050","-1.0000","0.0000","0.0000","0.0000","0.0000","0.0000"
"170.0","15:13:10.105","2236899.0000","3.0439","60571.0000","-0.0500","-0.0050","-1.0000","0.0000","0.0000","0.0000","0.0000","0.0000"
"171.0","15:13:10.106","2235579.0000","2.9000","60571.0000","-0.0500","-0.0050","-1.0000","0.0000","0.0000","0.0000","0.0000","0.0000"
"172.0","15:13:10.107","2233216.0000","2.6424","60571.0000","-0.0500","-0.0050","-1.0000","0.0000","0.0000","0.0000","0.0000","0.0000"
"173.0","15:13:10.108","2230947.0000","2.3951","60571.0000","-0.0500","-0.0050","-1.0000","0.0000","0.0000","0.0000","0.0000","0.0000"
"174.0","15:13:10.109","2229184.0000","2.2029","60571.0000","-0.0500","-0.0050","-1.0000","0.0000","0.0000","0.0000","0.0000","0.0000"
"175.0","15:13:10.110","2227053.0000","1.9705","60571.0000","-0.0500","-0.0050","-1.0000","0.0000","0.0000","0.0000","0.0000","0.0000"
"176.0","15:13:10.111","2225403.0000","1.7906","60571.0000","-0.0500","-0.0050","-1.0000","0.0000","0.0000","0.0000","0.0000","0.0000"
"177.0","15:13:10.112","2223601.0000","1.5942","60571.0000","-0.0500","-0.0050","-1.0000","0.0000","0.0000","0.0000","0.0000","0.0000"
"178.0","15:13:10.113","2222895.0000","1.5172","60571.0000","-0.0500","-0.0050","-1.0000","0.0000","0.0000","0.0000","0.0000","0.0000"
"179.0","15:13:10.114","2224422.0000","1.6837","60571.0000","-0.0500","-0.0050","-1.0000","0.0000","0.0000","0.0000","0.0000","0.0000"
"180.0","15:13:10.115","2234508.0000","2.7833","60571.0000","-0.0500","-0.0050","-1.0000","0.0000","0.0000","0.0000","0.0000","0.0000"
"181.0","15:13:10.116","2247524.0000","4.2023","60571.0000","-0.0500","-0.0050","-1.0000","0.0000","0.0000","0.0000","0.0000","0.0000"
"182.0","15:13:10.117","2246232.0000","4.0614","60571.0000","-0.0500","-0.0050","-1.0000","0.0000","0.0000","0.0000","0.0000","0.0000"
"183.0","15:13:10.118","2247613.0000","4.2120","60571.0000","-0.0500","-0.0050","-1.0000","0.0000","0.0000","0.0000","0.0000","0.0000"
"184.0","15:13:10.119","2253161.0000","4.8168","60571.0000","-0.0500","-0.0050","-1.0000","0.0000","0.0000","0.0000","0.0000","0.0000"
"185.0","15:13:10.120","2248414.0000","4.2993","60571.0000","-0.0500","-0.0050","-1.0000","0.0000","0.0000","0.0000","0.0000","0.0000"
"186.0","15:13:10.121","2245971.0000","4.0329","60571.0000","-0.0500","-0.0050","-1.0000","0.0000","0.0000","0.0000","0.0000","0.0000"
"187.0","15:13:10.122","2244030.0000","3.8213","60571.0000","-0.0500","-0.0050","-1.0000","0.0000","0.0000","0.0000","0.0000","0.0000"
"188.0","15:13:10.123","2228272.0000","2.1034","60571.0000","-0.0500","-0.0050","-1.0000","0.0000","0.0000","0.0000","0.0000","0.0000"
"189.0","15:13:10.124","2216014.0000","0.7671","60571.0000","-0.0500","-0.0050","-1.0000","0.0000","0.0000","0.0000","0.0000","0.0000"
"190.0","15:13:10.125","2206613.0000","-0.2507","60571.0000","-0.0500","-0.0050","-1.0000","0.0000","0.0000","0.0000","0.0000","0.0000"
"191.0","15:13:10.126","2187359.0000","-2.2656","60571.0000","-0.0500","-0.0050","-1.0000","0.0000","0.0000","0.0000","0.0000","0.0000"
"192.0","15:13:10.127","2175785.0000","-3.4768","60571.0000","-0.0500","-0.0050","-1.0000","0.0000","0.0000","0.0000","0.0000","0.0000"
"193.0","15:13:10.128","2166640.0000","-4.4494","60566.0000","-0.0500","-0.0050","-1.0000","0.0000","0.0000","0.0000","0.0000","0.0000"
"194.0","15:13:10.129","2153163.0000","-6.1465","60566.0000","-0.0500","-0.0050","-1.0000","0.0000","0.0000","0.0000","0.0000","0.0000"
"195.0","15:13:10.130","2148459.0000","-6.7389","60566.0000","-0.0500","-0.0050","-1.0000","0.0000","0.0000","0.0000","0.0000","0.0000"
"196.0","15:13:10.131","2146424.0000","-6.9951","60566.0000","-0.0500","-0.0050","-1.0000","0.0000","0.0000","0.0000","0.0000","0.0000"
"197.0","15:13:10.132","2140259.0000","-7.7715","60566.0000","-0.0500","-0.0050","-1.0000","0.0000","0.0000","0.0000","0.0000","0.0000"
"198.0","15:13:10.133","2142784.0000","-7.4535","60566.0000","-0.0500","-0.0050","-1.0000","0.0000","0.0000","0.0000","0.0000","0.0000"
"199.0","15:13:10.134","2145072.0000","-7.1654","60566.0000","-0.0500","-0.0050","-1.0000","0.0000","0.0000","0.0000","0.0000","0.0000"
"200.0","15:13:10.135","2143175.0000","-7.4042","60566.0000","-0.0500","-0.0050","-1.0000","0.0000","0.0000","0.0000","0.0000","0.0000"
"201.0","15:13:10.136","2148860.0000","-6.6884","60566.0000","-0.0500","-0.0050","-1.0000","0.0000","0.0000","0.0000","0.0000","0.0000"
"202.0","15:13:10.137","2150326.0000","-6.5037","60566.0000","-0.0500","-0.0050","-1.0000","0.0000","0.0000","0.0000","0.0000","0.0000"
"203.0","15:13:10.138","2149955.0000","-6.5504","60566.0000","-0.0500","-0.0050","-1.0000","0.0000","0.0000","0.0000","0.0000","0.0000"
"204.0","15:13:10.139","2155602.0000","-5.8393","60566.0000","-0.0500","-0.0050","-1.0000","0.0000","0.0000","0.0000","0.0000","0.0000"
"205.0","15:13:10.140","2158120.0000","-5.5223","60566.0000","-0.0500","-0.0050","-1.0000","0.0000","0.0000","0.0000","0.0000","0.0000"
"206.0","15:13:10.141","2158721.0000","-5.4466","60566.0000","-0.0500","-0.0050","-1.0000","0.0000","0.0000","0.0000","0.0000","0.0000"
"207.0","15:13:10.142","2166510.0000","-4.4657","60566.0000","-0.0500","-0.0050","-1.0000","0.0000","0.0000","0.0000","0.0000","0.0000"
"208.0","15:13:10.143","2166510.0000","-4.4657","60566.0000","-0.0500","-0.0050","-1.0000","0.0000","0.0000","0.0000","0.0000","0.0000"
"209.0","15:13:10.144","2171008.0000","-3.9767","60566.0000","-0.0500","-0.0050","-1.0000","0.0000","0.0000","0.0000","0.0000","0.0000"
"210.0","15:13:10.145","2175215.0000","-3.5364","60566.0000","-0.0500","-0.0050","-1.0000","0.0000","0.0000","0.0000","0.0000","0.0000"
"211.0","15:13:10.146","2182965.0000","-2.7254","60566.0000","-0.0500","-0.0050","-1.0000","0.0000","0.0000","0.0000","0.0000","0.0000"
"212.0","15:13:10.147","2187720.0000","-2.2278","60566.0000","-0.0500","-0.0050","-1.0000","0.0000","0.0000","0.0000","0.0000","0.0000"
"213.0","15:13:10.148","2192684.0000","-1.7083","60566.0000","-0.0500","-0.0050","-1.0000","0.0000","0.0000","0.0000","0.0000","0.0000"
"214.0","15:13:10.149","2200754.0000","-0.8639","60566.0000","-0.0500","-0.0050","-1.0000","0.0000","0.0000","0.0000","0.0000","0.0000"
"215.0","15:13:10.150","2204119.0000","-0.5117","60566.0000","-0.0500","-0.0050","-1.0000","0.0000","0.0000","0.0000","0.0000","0.0000"
"216.0","15:13:10.151","2206891.0000","-0.2216","60566.0000","-0.0500","-0.0050","-1.0000","0.0000","0.0000","0.0000","0.0000","0.0000"
"217.0","15:13:10.152","2214274.0000","0.5774","60566.0000","-0.0500","-0.0050","-1.0000","0.0000","0.0000","0.0000","0.0000","0.0000"
"218.0","15:13:10.153","2215843.0000","0.7485","60566.0000","-0.0500","-0.0050","-1.0000","0.0000","0.0000","0.0000","0.0000","0.0000"
"219.0","15:13:10.154","2217760.0000","0.9575","60566.0000","-0.0500","-0.0050","-1.0000","0.0000","0.0000","0.0000","0.0000","0.0000"
"220.0","15:13:10.155","2222593.0000","1.4843","60566.0000","-0.0500","-0.0050","-1.0000","0.0000","0.0000","0.0000","0.0000","0.0000"
"221.0","15:13:10.156","2223806.0000","1.6166","60566.0000","-0.0500","-0.0050","-1.0000","0.0000","0.0000","0.0000","0.0000","0.0000"
"222.0","15:13:10.157","2226328.0000","1.8915","60566.0000","-0.0500","-0.0050","-1.0000","0.0000","0.0000","0.0000","0.0000","0.0000"
"223.0","15:13:10.158","2230832.0000","2.3825","60566.0000","-0.0500","-0.0050","-1.0000","0.0000","0.0000","0.0000","0.0000","0.0000"
"224.0","15:13:10.159","2231353.0000","2.4393","60566.0000","-0.0500","-0.0050","-1.0000","0.0000","0.0000","0.0000","0.0000","0.0000"
"225.0","15:13:10.160","2234988.0000","2.8356","60566.0000","-0.0500","-0.0050","-1.0000","0.0000","0.0000","0.0000","0.0000","0.0000"
"226.0","15:13:10.161","2238729.0000","3.2434","60566.0000","-0.0500","-0.0050","-1.0000","0.0000","0.0000","0.0000","0.0000","0.0000"
"227.0","15:13:10.162","2238371.0000","3.2044","60566.0000","-0.0500","-0.0050","-1.0000","0.0000","0.0000","0.0000","0.0000","0.0000"
"228.0","15:13:10.163","2240174.0000","3.4010","60566.0000","-0.0500","-0.0050","-1.0000","0.0000","0.0000","0.0000","0.0000","0.0000"
"229.0","15:13:10.164","2242669.0000","3.6730","60566.0000","-0.0500","-0.0050","-1.0000","0.0000","0.0000","0.0000","0.0000","0.0000"
"230.0","15:13:10.165","2241628.0000","3.5595","60566.0000","-0.0500","-0.0050","-1.0000","0.0000","0.0000","0.0000","0.0000","0.0000"
"231.0","15:13:10.166","2243362.0000","3.7485","60566.0000","-0.0500","-0.0050","-1.0000","0.0000","0.0000","0.0000","0.0000","0.0000"
"232.0","15:13:10.167","2243977.0000","3.8156","60566.0000","-0.0500","-0.0050","-1.0000","0.0000","0.0000","0.0000","0.0000","0.0000"
"233.0","15:13:10.168","2241910.0000","3.5902","60566.0000","-0.0500","-0.0050","-1.0000","0.0000","0.0000","0.0000","0.0000","0.0000"
"234.0","15:13:10.169","2242804.0000","3.6877","60566.0000","-0.0500","-0.0050","-1.0000","0.0000","0.0000","0.0000","0.0000","0.0000"
"235.0","15:13:10.170","2242487.0000","3.6531","60566.0000","-0.0500","-0.0050","-1.0000","0.0000","0.0000","0.0000","0.0000","0.0000"
"236.0","15:13:10.171","2239969.0000","3.3786","60566.0000","-0.0500","-0.0050","-1.0000","0.0000","0.0000","0.0000","0.0000","0.0000"
"237.0","15:13:10.172","2240853.0000","3.4750","60566.0000","-0.0500","-0.0050","-1.0000","0.0000","0.0000","0.0000","0.0000","0.0000"
"238.0","15:13:10.173","2239368.0000","3.3131","60566.0000","-0.0500","-0.0050","-1.0000","0.0000","0.0000","0.0000","0.0000","0.0000"
"239.0","15:13:10.174","2237755.0000","3.1372","60566.0000","-0.0500","-0.0050","-1.0000","0.0000","0.0000","0.0000","0.0000","0.0000"
"240.0","15:13:10.175","2238610.0000","3.2305","60566.0000","-0.0500","-0.0050","-1.0000","0.0000","0.0000","0.0000","0.0000","0.0000"
"241.0","15:13:10.176","2237593.0000","3.1196","60566.0000","-0.0500","-0.0050","-1.0000","0.0000","0.0000","0.0000","0.0000","0.0000"
"242.0","15:13:10.177","2235405.0000","2.8811","60566.0000","-0.0500","-0.0050","-1.0000","0.0000","0.0000","0.0000","0.0000","0.0000"
"243.0","15:13:10.178","2236364.0000","2.9856","60566.0000","-0.0500","-0.0050","-1.0000","0.0000","0.0000","0.0000","0.0000","0.0000"
"244.0","15:13:10.179","2234687.0000","2.8028","60566.0000","-0.0500","-0.0050","-1.0000","0.0000","0.0000","0.0000","0.0000","0.0000"
"245.0","15:13:10.180","2233004.0000","2.6193","60566.0000","-0.0500","-0.0050","-1.0000","0.0000","0.0000","0.0000","0.0000","0.0000"
"246.0","15:13:10.181","2233722.0000","2.6976","60566.0000","-0.0500","-0.0050","-1.0000","0.0000","0.0000","0.0000","0.0000","0.0000"
"247.0","15:13:10.182","2231466.0000","2.4516","60566.0000","-0.0500","-0.0050","-1.0000","0.0000","0.0000","0.0000","0.0000","0.0000"
"248.0","15:13:10.183","2229580.0000","2.2460","60566.0000","-0.0500","-0.0050","-1.0000","0.0000","0.0000","0.0000","0.0000","0.0000"
"249.0","15:13:10.184","2230827.0000","2.3820","60566.0000","-0.0500","-0.0050","-1.0000","0.0000","0.0000","0.0000","0.0000","0.0000"
"250.0","15:13:10.185","2229200.0000","2.2046","60566.0000","-0.0500","-0.0050","-1.0000","0.0000","0.0000","0.0000","0.0000","0.0000"
"251.0","15:13:10.186","2228905.0000","2.1725","60566.0000","-0.0500","-0.0050","-1.0000","0.0000","0.0000","0.0000","0.0000","0.0000"
"252.0","15:13:10.187","2229339.0000","2.2198","60566.0000","-0.0500","-0.0050","-1.0000","0.0000","0.0000","0.0000","0.0000","0.0000"
"253.0","15:13:10.188","2227297.0000","1.9971","60568.0000","-0.0500","-0.0050","-1.0000","0.0000","0.0000","0.0000","0.0000","0.0000"
"254.0","15:13:10.189","2227660.0000","2.0367","60568.0000","-0.0500","-0.0050","-1.0000","0.0000","0.0000","0.0000","0.0000","0.0000"
"255.0","15:13:10.190","2227660.0000","2.0367","60568.0000","-0.0500","-0.0050","-1.0000","0.0000","0.0000","0.0000","0.0000","0.0000"
"256.0","15:13:10.191","2228620.0000","2.1414","60568.0000","-0.0500","-0.0050","-1.0000","0.0000","0.0000","0.0000","0.0000","0.0000"
"257.0","15:13:10.192","2226125.0000","1.8694","60568.0000","-0.0500","-0.0050","-1.0000","0.0000","0.0000","0.0000","0.0000","0.0000"
"258.0","15:13:10.193","2225894.0000","1.8442","60568.0000","-0.0500","-0.0050","-1.0000","0.0000","0.0000","0.0000","0.0000","0.0000"
"259.0","15:13:10.194","2225997.0000","1.8554","60568.0000","-0.0500","-0.0050","-1.0000","0.0000","0.0000","0.0000","0.0000","0.0000"
"260.0","15:13:10.195","2224053.0000","1.6435","60568.0000","-0.0500","-0.0050","-1.0000","0.0000","0.0000","0.0000","0.0000","0.0000"
"261.0","15:13:10.196","2224912.0000","1.7371","60568.0000","-0.0500","-0.0050","-1.0000","0.0000","0.0000","0.0000","0.0000","0.0000"
"262.0","15:13:10.197","2224171.0000","1.6564","60568.0000","-0.0500","-0.0050","-1.0000","0.0000","0.0000","0.0000","0.0000","0.0000"
"263.0","15:13:10.198","2223443.0000","1.5770","60568.0000","-0.0500","-0.0050","-1.0000","0.0000","0.0000","0.0000","0.0000","0.0000"
"264.0","15:13:10.199","2222970.0000","1.5254","60568.0000","-0.0500","-0.0050","-1.0000","0.0000","0.0000","0.0000","0.0000","0.0000"
"265.0","15:13:10.200","2222927.0000","1.5207","60568.0000","-0.0500","-0.0050","-1.0000","0.0000","0.0000","0.0000","0.0000","0.0000"
"266.0","15:13:10.201","2222954.0000","1.5237","60568.0000","-0.0500","-0.0050","-1.0000","0.0000","0.0000","0.0000","0.0000","0.0000"
"267.0","15:13:10.202","2223107.0000","1.5403","60568.0000","-0.0500","-0.0050","-1.0000","0.0000","0.0000","0.0000","0.0000","0.0000"
"268.0","15:13:10.203","2223547.0000","1.5883","60568.0000","-0.0500","-0.0050","-1.0000","0.0000","0.0000","0.0000","0.0000","0.0000"
"269.0","15:13:10.204","2223472.0000","1.5801","60568.0000","-0.0500","-0.0050","-1.0000","0.0000","0.0000","0.0000","0.0000","0.0000"
"270.0","15:13:10.205","2224663.0000","1.7100","60568.0000","-0.0500","-0.0050","-1.0000","0.0000","0.0000","0.0000","0.0000","0.0000"
"271.0","15:13:10.206","2223985.0000","1.6361","60568.0000","-0.0500","-0.0050","-1.0000","0.0000","0.0000","0.0000","0.0000","0.0000"
"272.0","15:13:10.207","2222001.0000","1.4198","60568.0000","-0.0500","-0.0050","-1.0000","0.0000","0.0000","0.0000","0.0000","0.0000"
"273.0","15:13:10.208","2223993.0000","1.6370","60568.0000","-0.0500","-0.0050","-1.0000","0.0000","0.0000","0.0000","0.0000","0.0000"
"274.0","15:13:10.209","2224233.0000","1.6631","60568.0000","-0.0500","-0.0050","-1.0000","0.0000","0.0000","0.0000","0.0000","0.0000"
"275.0","15:13:10.210","2223093.0000","1.5388","60568.0000","-0.0500","-0.0050","-1.0000","0.0000","0.0000","0.0000","0.0000","0.0000"
"276.0","15:13:10.211","2224146.0000","1.6536","60568.0000","-0.0500","-0.0050","-1.0000","0.0000","0.0000","0.0000","0.0000","0.0000"
"277.0","15:13:10.212","2223853.0000","1.6217","60568.0000","-0.0500","-0.0050","-1.0000","0.0000","0.0000","0.0000","0.0000","0.0000"
"278.0","15:13:10.213","2223474.0000","1.5804","60568.0000","-0.0500","-0.0050","-1.0000","0.0000","0.0000","0.0000","0.0000","0.0000"
"279.0","15:13:10.214","2225560.0000","1.8078","60568.0000","-0.0500","-0.0050","-1.0000","0.0000","0.0000","0.0000","0.0000","0.0000"
"280.0","15:13:10.215","2224488.0000","1.6909","60568.0000","-0.0500","-0.0050","-1.0000","0.0000","0.0000","0.0000","0.0000","0.0000"
"281.0","15:13:10.216","2223382.0000","1.5703","60568.0000","-0.0500","-0.0050","-1.0000","0.0000","0.0000","0.0000","0.0000","0.0000"
"282.0","15:13:10.217","2225335.0000","1.7833","60568.0000","-0.0500","-0.0050","-1.0000","0.0000","0.0000","0.0000","0.0000","0.0000"
"283.0","15:13:10.218","2224282.0000","1.6685","60568.0000","-0.0500","-0.0050","-1.0000","0.0000","0.0000","0.0000","0.0000","0.0000"
"284.0","15:13:10.219","2224707.0000","1.7148","60568.0000","-0.0500","-0.0050","-1.0000","0.0000","0.0000","0.0000","0.0000","0.0000"
"285.0","15:13:10.220","2225557.0000","1.8075","60568.0000","-0.0500","-0.0050","-1.0000","0.0000","0.0000","0.0000","0.0000","0.0000"
"286.0","15:13:10.221","2224175.0000","1.6568","60568.0000","-0.0500","-0.0050","-1.0000","0.0000","0.0000","0.0000","0.0000","0.0000"
"287.0","15:13:10.222","2225538.0000","1.8054","60568.0000","-0.0500","-0.0050","-1.0000","0.0000","0.0000","0.0000","0.0000","0.0000"
"288.0","15:13:10.223","2225859.0000","1.8404","60568.0000","-0.0500","-0.0050","-1.0000","0.0000","0.0000","0.0000","0.0000","0.0000"
"289.0","15:13:10.224","2224437.0000","1.6854","60568.0000","-0.0500","-0.0050","-1.0000","0.0000","0.0000","0.0000","0.0000","0.0000"
"290.0","15:13:10.225","2224399.0000","1.6812","60568.0000","-0.0500","-0.0050","-1.0000","0.0000","0.0000","0.0000","0.0000","0.0000"
"291.0","15:13:10.226","2225397.0000","1.7900","60568.0000","-0.0500","-0.0050","-1.0000","0.0000","0.0000","0.0000","0.0000","0.0000"
"292.0","15:13:10.227","2223607.0000","1.5949","60568.0000","-0.0500","-0.0050","-1.0000","0.0000","0.0000","0.0000","0.0000","0.0000"
"293.0","15:13:10.228","2224888.0000","1.7345","60568.0000","-0.0500","-0.0050","-1.0000","0.0000","0.0000","0.0000","0.0000","0.0000"
"294.0","15:13:10.229","2225067.0000","1.7540","60568.0000","-0.0500","-0.0050","-1.0000","0.0000","0.0000","0.0000","0.0000","0.0000"
"295.0","15:13:10.230","2224695.0000","1.7135","60568.0000","-0.0500","-0.0050","-1.0000","0.0000","0.0000","0.0000","0.0000","0.0000"
"296.0","15:13:10.231","2225732.0000","1.8265","60568.0000","-0.0500","-0.0050","-1.0000","0.0000","0.0000","0.0000","0.0000","0.0000"
"297.0","15:13:10.232","2225584.0000","1.8104","60568.0000","-0.0500","-0.0050","-1.0000","0.0000","0.0000","0.0000","0.0000","0.0000"
"298.0","15:13:10.233","2225239.0000","1.7728","60568.0000","-0.0500","-0.0050","-1.0000","0.0000","0.0000","0.0000","0.0000","0.0000"
"299.0","15:13:10.234","2225484.0000","1.7995","60568.0000","-0.0500","-0.0050","-1.0000","0.0000","0.0000","0.0000","0.0000","0.0000"
"300.0","15:13:10.235","2225758.0000","1.8294","60568.0000","-0.0500","-0.0050","-1.0000","0.0000","0.0000","0.0000","0.0000","0.0000"
"301.0","15:13:10.236","2224816.0000","1.7267","60568.0000","-0.0500","-0.0050","-1.0000","0.0000","0.0000","0.0000","0.0000","0.0000"
"302.0","15:13:10.237","2224816.0000","1.7267","60568.0000","-0.0500","-0.0050","-1.0000","0.0000","0.0000","0.0000","0.0000","0.0000"
"303.0","15:13:10.238","2225444.0000","1.7951","60568.0000","-0.0500","-0.0050","-1.0000","0.0000","0.0000","0.0000","0.0000","0.0000"
"304.0","15:13:10.239","2225639.0000","1.8164","60568.0000","-0.0500","-0.0050","-1.0000","0.0000","0.0000","0.0000","0.0000","0.0000"
"305.0","15:13:10.240","2224029.0000","1.6409","60568.0000","-0.0500","-0.0050","-1.0000","0.0000","0.0000","0.0000","0.0000","0.0000"
"306.0","15:13:10.241","2225036.0000","1.7506","60568.0000","-0.0500","-0.0050","-1.0000","0.0000","0.0000","0.0000","0.0000","0.0000"
"307.0","15:13:10.242","2224108.0000","1.6495","60568.0000","-0.0500","-0.0050","-1.0000","0.0000","0.0000","0.0000","0.0000","0.0000"
"308.0","15:13:10.243","2223610.0000","1.5952","60568.0000","-0.0500","-0.0050","-1.0000","0.0000","0.0000","0.0000","0.0000","0.0000"
"309.0","15:13:10.244","2223098.0000","1.5394","60568.0000","-0.0500","-0.0050","-1.0000","0.0000","0.0000","0.0000","0.0000","0.0000"
"310.0","15:13:10.245","2222944.0000","1.5226","60568.0000","-0.0500","-0.0050","-1.0000","0.0000","0.0000","0.0000","0.0000","0.0000"
"311.0","15:13:10.246","2222888.0000","1.5165","60568.0000","-0.0500","-0.0050","-1.0000","0.0000","0.0000","0.0000","0.0000","0.0000"
"312.0","15:13:10.247","2222651.0000","1.4906","60568.0000","-0.0500","-0.0050","-1.0000","0.0000","0.0000","0.0000","0.0000","0.0000"
"313.0","15:13:10.248","2222213.0000","1.4429","60574.0000","-0.0500","-0.0050","-1.0000","0.0000","0.0000","0.0000","0.0000","0.0000"
"314.0","15:13:10.249","2222149.0000","1.4359","60574.0000","-0.0500","-0.0050","-1.0000","0.0000","0.0000","0.0000","0.0000","0.0000"
"315.0","15:13:10.250","2222325.0000","1.4551","60574.0000","-0.0500","-0.0050","-1.0000","0.0000","0.0000","0.0000","0.0000","0.0000"
"316.0","15:13:10.251","2221313.0000","1.3448","60574.0000","-0.0500","-0.0050","-1.0000","0.0000","0.0000","0.0000","0.0000","0.0000"
"317.0","15:13:10.252","2220992.0000","1.3098","60574.0000","-0.0500","-0.0050","-1.0000","0.0000","0.0000","0.0000","0.0000","0.0000"
"318.0","15:13:10.253","2222134.0000","1.4343","60574.0000","-0.0500","-0.0050","-1.0000","0.0000","0.0000","0.0000","0.0000","0.0000"
"319.0","15:13:10.254","2220537.0000","1.2602","60574.0000","-0.0500","-0.0050","-1.0000","0.0000","0.0000","0.0000","0.0000","0.0000"
"320.0","15:13:10.255","2221138.0000","1.3257","60574.0000","-0.0500","-0.0050","-1.0000","0.0000","0.0000","0.0000","0.0000","0.0000"
"321.0","15:13:10.256","2221263.0000","1.3393","60574.0000","-0.0500","-0.0050","-1.0000","0.0000","0.0000","0.0000","0.0000","0.0000"
"322.0","15:13:10.257","2219998.0000","1.2014","60574.0000","-0.0500","-0.0050","-1.0000","0.0000","0.0000","0.0000","0.0000","0.0000"
"323.0","15:13:10.258","2220047.0000","1.2068","60574.0000","-0.0500","-0.0050","-1.0000","0.0000","0.0000","0.0000","0.0000","0.0000"
"324.0","15:13:10.259","2219431.0000","1.1396","60574.0000","-0.0500","-0.0050","-1.0000","0.0000","0.0000","0.0000","0.0000","0.0000"
"325.0","15:13:10.260","2218492.0000","1.0373","60574.0000","-0.0500","-0.0050","-1.0000","0.0000","0.0000","0.0000","0.0000","0.0000"
"326.0","15:13:10.261","2219778.0000","1.1774","60574.0000","-0.0500","-0.0050","-1.0000","0.0000","0.0000","0.0000","0.0000","0.0000"
"327.0","15:13:10.262","2220053.0000","1.2074","60574.0000","-0.0500","-0.0050","-1.0000","0.0000","0.0000","0.0000","0.0000","0.0000"
"328.0","15:13:10.263","2219319.0000","1.1274","60574.0000","-0.0500","-0.0050","-1.0000","0.0000","0.0000","0.0000","0.0000","0.0000"
"329.0","15:13:10.264","2219876.0000","1.1881","60574.0000","-0.0500","-0.0050","-1.0000","0.0000","0.0000","0.0000","0.0000","0.0000"
"330.0","15:13:10.265","2220234.0000","1.2272","60574.0000","-0.0500","-0.0050","-1.0000","0.0000","0.0000","0.0000","0.0000","0.0000"
"331.0","15:13:10.266","2221655.0000","1.3821","60574.0000","-0.0500","-0.0050","-1.0000","0.0000","0.0000","0.0000","0.0000","0.0000"
"332.0","15:13:10.267","2222931.0000","1.5212","60574.0000","-0.0500","-0.0050","-1.0000","0.0000","0.0000","0.0000","0.0000","0.0000"
"333.0","15:13:10.268","2224033.0000","1.6413","60574.0000","-0.0500","-0.0050","-1.0000","0.0000","0.0000","0.0000","0.0000","0.0000"
"334.0","15:13:10.269","2225938.0000","1.8490","60574.0000","-0.0500","-0.0050","-1.0000","0.0000","0.0000","0.0000","0.0000","0.0000"
"335.0","15:13:10.270","2227466.0000","2.0155","60574.0000","-0.0500","-0.0050","-1.0000","0.0000","0.0000","0.0000","0.0000","0.0000"
"336.0","15:13:10.271","2227930.0000","2.0662","60574.0000","-0.0500","-0.0050","-1.0000","0.0000","0.0000","0.0000","0.0000","0.0000"
"337.0","15:13:10.272","2229439.0000","2.2307","60574.0000","-0.0500","-0.0050","-1.0000","0.0000","0.0000","0.0000","0.0000","0.0000"
"338.0","15:13:10.273","2229603.0000","2.2485","60574.0000","-0.0500","-0.0050","-1.0000","0.0000","0.0000","0.0000","0.0000","0.0000"
"339.0","15:13:10.274","2230437.0000","2.3395","60574.0000","-0.0500","-0.0050","-1.0000","0.0000","0.0000","0.0000","0.0000","0.0000"
"340.0","15:13:10.275","2231178.0000","2.4202","60574.0000","-0.0500","-0.0050","-1.0000","0.0000","0.0000","0.0000","0.0000","0.0000"
"341.0","15:13:10.276","2232239.0000","2.5359","60574.0000","-0.0500","-0.0050","-1.0000","0.0000","0.0000","0.0000","0.0000","0.0000"
"342.0","15:13:10.277","2232728.0000","2.5892","60574.0000","-0.0500","-0.0050","-1.0000","0.0000","0.0000","0.0000","0.0000","0.0000"
"343.0","15:13:10.278","2232671.0000","2.5830","60574.0000","-0.0500","-0.0050","-1.0000","0.0000","0.0000","0.0000","0.0000","0.0000"
"344.0","15:13:10.279","2232434.0000","2.5572","60574.0000","-0.0500","-0.0050","-1.0000","0.0000","0.0000","0.0000","0.0000","0.0000"
"345.0","15:13:10.280","2231565.0000","2.4624","60574.0000","-0.0500","-0.0050","-1.0000","0.0000","0.0000","0.0000","0.0000","0.0000"
"346.0","15:13:10.281","2231710.0000","2.4782","60574.0000","-0.0500","-0.0050","-1.0000","0.0000","0.0000","0.0000","0.0000","0.0000"
"347.0","15:13:10.282","2231423.0000","2.4469","60574.0000","-0.0500","-0.0050","-1.0000","0.0000","0.0000","0.0000","0.0000","0.0000"
"348.0","15:13:10.283","2230999.0000","2.4007","60574.0000","-0.0500","-0.0050","-1.0000","0.0000","0.0000","0.0000","0.0000","0.0000"
"349.0","15:13:10.284","2230999.0000","2.4007","60574.0000","-0.0500","-0.0050","-1.0000","0.0000","0.0000","0.0000","0.0000","0.0000"
"350.0","15:13:10.285","2230382.0000","2.3335","60574.0000","-0.0500","-0.0050","-1.0000","0.0000","0.0000","0.0000","0.0000","0.0000"
"351.0","15:13:10.286","2230568.0000","2.3537","60574.0000","-0.0500","-0.0050","-1.0000","0.0000","0.0000","0.0000","0.0000","0.0000"
"352.0","15:13:10.287","2230605.0000","2.3578","60574.0000","-0.0500","-0.0050","-1.0000","0.0000","0.0000","0.0000","0.0000","0.0000"
"353.0","15:13:10.288","2229494.0000","2.2366","60574.0000","-0.0500","-0.0050","-1.0000","0.0000","0.0000","0.0000","0.0000","0.0000"
"354.0","15:13:10.289","2228980.0000","2.1806","60574.0000","-0.0500","-0.0050","-1.0000","0.0000","0.0000","0.0000","0.0000","0.0000"
"355.0","15:13:10.290","2228837.0000","2.1650","60574.0000","-0.0500","-0.0050","-1.0000","0.0000","0.0000","0.0000","0.0000","0.0000"
"356.0","15:13:10.291","2229415.0000","2.2280","60574.0000","-0.0500","-0.0050","-1.0000","0.0000","0.0000","0.0000","0.0000","0.0000"
"357.0","15:13:10.292","2227780.0000","2.0498","60574.0000","-0.0500","-0.0050","-1.0000","0.0000","0.0000","0.0000","0.0000","0.0000"
"358.0","15:13:10.293","2226927.0000","1.9568","60574.0000","-0.0500","-0.0050","-1.0000","0.0000","0.0000","0.0000","0.0000","0.0000"
"359.0","15:13:10.294","2226508.0000","1.9111","60574.0000","-0.0500","-0.0050","-1.0000","0.0000","0.0000","0.0000","0.0000","0.0000"
"360.0","15:13:10.295","2226370.0000","1.8961","60574.0000","-0.0500","-0.0050","-1.0000","0.0000","0.0000","0.0000","0.0000","0.0000"
"361.0","15:13:10.296","2225506.0000","1.8019","60574.0000","-0.0500","-0.0050","-1.0000","0.0000","0.0000","0.0000","0.0000","0.0000"
"362.0","15:13:10.297","2225782.0000","1.8320","60574.0000","-0.0500","-0.0050","-1.0000","0.0000","0.0000","0.0000","0.0000","0.0000"
"363.0","15:13:10.298","2224902.0000","1.7361","60574.0000","-0.0500","-0.0050","-1.0000","0.0000","0.0000","0.0000","0.0000","0.0000"
"364.0","15:13:10.299","2225329.0000","1.7826","60574.0000","-0.0500","-0.0050","-1.0000","0.0000","0.0000","0.0000","0.0000","0.0000"
"365.0","15:13:10.300","2224904.0000","1.7363","60574.0000","-0.0500","-0.0050","-1.0000","0.0000","0.0000","0.0000","0.0000","0.0000"
"366.0","15:13:10.301","2224585.0000","1.7015","60574.0000","-0.0500","-0.0050","-1.0000","0.0000","0.0000","0.0000","0.0000","0.0000"
"367.0","15:13:10.302","2224995.0000","1.7462","60574.0000","-0.0500","-0.0050","-1.0000","0.0000","0.0000","0.0000","0.0000","0.0000"
"368.0","15:13:10.303","2225272.0000","1.7764","60574.0000","-0.0500","-0.0050","-1.0000","0.0000","0.0000","0.0000","0.0000","0.0000"
"369.0","15:13:10.304","2224109.0000","1.6496","60574.0000","-0.0500","-0.0050","-1.0000","0.0000","0.0000","0.0000","0.0000","0.0000"
"370.0","15:13:10.305","2224162.0000","1.6554","60574.0000","-0.0500","-0.0050","-1.0000","0.0000","0.0000","0.0000","0.0000","0.0000"
"371.0","15:13:10.306","2224456.0000","1.6874","60574.0000","-0.0500","-0.0050","-1.0000","0.0000","0.0000","0.0000","0.0000","0.0000"
"372.0","15:13:10.307","2224088.0000","1.6473","60574.0000","-0.0500","-0.0050","-1.0000","0.0000","0.0000","0.0000","0.0000","0.0000"
"373.0","15:13:10.308","2223817.0000","1.6178","60574.0000","-0.0500","-0.0050","-1.0000","0.0000","0.0000","0.0000","0.0000","0.0000"
"374.0","15:13:10.309","2223270.0000","1.5581","60571.0000","-0.0500","-0.0050","-1.0000","0.0000","0.0000","0.0000","0.0000","0.0000"
"375.0","15:13:10.310","2221228.0000","1.3355","60571.0000","-0.0500","-0.0050","-1.0000","0.0000","0.0000","0.0000","0.0000","0.0000"
"376.0","15:13:10.311","2220357.0000","1.2406","60571.0000","-0.0500","-0.0050","-1.0000","0.0000","0.0000","0.0000","0.0000","0.0000"
"377.0","15:13:10.312","2220591.0000","1.2660","60571.0000","-0.0500","-0.0050","-1.0000","0.0000","0.0000","0.0000","0.0000","0.0000"
"378.0","15:13:10.313","2219742.0000","1.1735","60571.0000","-0.0500","-0.0050","-1.0000","0.0000","0.0000","0.0000","0.0000","0.0000"
"379.0","15:13:10.314","2218032.0000","0.9871","60571.0000","-0.0500","-0.0050","-1.0000","0.0000","0.0000","0.0000","0.0000","0.0000"
"380.0","15:13:10.315","2217220.0000","0.8986","60571.0000","-0.0500","-0.0050","-1.0000","0.0000","0.0000","0.0000","0.0000","0.0000"
"381.0","15:13:10.316","2215687.0000","0.7314","60571.0000","-0.0500","-0.0050","-1.0000","0.0000","0.0000","0.0000","0.0000","0.0000"
"382.0","15:13:10.317","2215610.0000","0.7230","60571.0000","-0.0500","-0.0050","-1.0000","0.0000","0.0000","0.0000","0.0000","0.0000"
"383.0","15:13:10.318","2215479.0000","0.7088","60571.0000","-0.0500","-0.0050","-1.0000","0.0000","0.0000","0.0000","0.0000","0.0000"
"384.0","15:13:10.319","2214052.0000","0.5532","60571.0000","-0.0500","-0.0050","-1.0000","0.0000","0.0000","0.0000","0.0000","0.0000"
"385.0","15:13:10.320","2213417.0000","0.4840","60571.0000","-0.0500","-0.0050","-1.0000","0.0000","0.0000","0.0000","0.0000","0.0000"
"386.0","15:13:10.321","2211130.0000","0.2346","60571.0000","-0.0500","-0.0050","-1.0000","0.0000","0.0000","0.0000","0.0000","0.0000"
"387.0","15:13:10.322","2211469.0000","0.2716","60571.0000","-0.0500","-0.0050","-1.0000","0.0000","0.0000","0.0000","0.0000","0.0000"
"388.0","15:13:10.323","2215684.0000","0.7311","60571.0000","-0.0500","-0.0050","-1.0000","0.0000","0.0000","0.0000","0.0000","0.0000"
"389.0","15:13:10.324","2218622.0000","1.0514","60571.0000","-0.0500","-0.0050","-1.0000","0.0000","0.0000","0.0000","0.0000","0.0000"
"390.0","15:13:10.325","2221691.0000","1.3860","60571.0000","-0.0500","-0.0050","-1.0000","0.0000","0.0000","0.0000","0.0000","0.0000"
"391.0","15:13:10.326","2224486.0000","1.6907","60571.0000","-0.0500","-0.0050","-1.0000","0.0000","0.0000","0.0000","0.0000","0.0000"
"392.0","15:13:10.327","2224922.0000","1.7382","60571.0000","-0.0500","-0.0050","-1.0000","0.0000","0.0000","0.0000","0.0000","0.0000"
"393.0","15:13:10.328","2226391.0000","1.8984","60571.0000","-0.0500","-0.0050","-1.0000","0.0000","0.0000","0.0000","0.0000","0.0000"
"394.0","15:13:10.329","2224562.0000","1.6990","60571.0000","-0.0500","-0.0050","-1.0000","0.0000","0.0000","0.0000","0.0000","0.0000"
"395.0","15:13:10.330","2224562.0000","1.6990","60571.0000","-0.0500","-0.0050","-1.0000","0.0000","0.0000","0.0000","0.0000","0.0000"
"396.0","15:13:10.331","2222826.0000","1.5097","60571.0000","-0.0500","-0.0050","-1.0000","0.0000","0.0000","0.0000","0.0000","0.0000"
"397.0","15:13:10.332","2218994.0000","1.0920","60571.0000","-0.0500","-0.0050","-1.0000","0.0000","0.0000","0.0000","0.0000","0.0000"
"398.0","15:13:10.333","2216246.0000","0.7924","60571.0000","-0.0500","-0.0050","-1.0000","0.0000","0.0000","0.0000","0.0000","0.0000"
"399.0","15:13:10.334","2215747.0000","0.7380","60571.0000","-0.0500","-0.0050","-1.0000","0.0000","0.0000","0.0000","0.0000","0.0000"
"400.0","15:13:10.335","2217160.0000","0.8920","60571.0000","-0.0500","-0.0050","-1.0000","0.0000","0.0000","0.0000","0.0000","0.0000"
"401.0","15:13:10.336","2223813.0000","1.6173","60571.0000","-0.0500","-0.0050","-1.0000","0.0000","0.0000","0.0000","0.0000","0.0000"
"402.0","15:13:10.337","2233163.0000","2.6367","60571.0000","-0.0500","-0.0050","-1.0000","0.0000","0.0000","0.0000","0.0000","0.0000"
"403.0","15:13:10.338","2242924.0000","3.7008","60571.0000","-0.0500","-0.0050","-1.0000","0.0000","0.0000","0.0000","0.0000","0.0000"
"404.0","15:13:10.339","2249164.0000","4.3810","60571.0000","-0.0500","-0.0050","-1.0000","0.0000","0.0000","0.0000","0.0000","0.0000"
"405.0","15:13:10.340","2250769.0000","4.5560","60571.0000","-0.0500","-0.0050","-1.0000","0.0000","0.0000","0.0000","0.0000","0.0000"
"406.0","15:13:10.341","2248283.0000","4.2850","60571.0000","-0.0500","-0.0050","-1.0000","0.0000","0.0000","0.0000","0.0000","0.0000"
"407.0","15:13:10.342","2241153.0000","3.5077","60571.0000","-0.0500","-0.0050","-1.0000","0.0000","0.0000","0.0000","0.0000","0.0000"
"408.0","15:13:10.343","2229480.0000","2.2351","60571.0000","-0.0500","-0.0050","-1.0000","0.0000","0.0000","0.0000","0.0000","0.0000"
"409.0","15:13:10.344","2216623.0000","0.8335","60571.0000","-0.0500","-0.0050","-1.0000","0.0000","0.0000","0.0000","0.0000","0.0000"
"410.0","15:13:10.345","2204297.0000","-0.4931","60571.0000","-0.0500","-0.0050","-1.0000","0.0000","0.0000","0.0000","0.0000","0.0000"
"411.0","15:13:10.346","2192941.0000","-1.6814","60571.0000","-0.0500","-0.0050","-1.0000","0.0000","0.0000","0.0000","0.0000","0.0000"
"412.0","15:13:10.347","2183893.0000","-2.6283","60571.0000","-0.0500","-0.0050","-1.0000","0.0000","0.0000","0.0000","0.0000","0.0000"
"413.0","15:13:10.348","2177614.0000","-3.2854","60571.0000","-0.0500","-0.0050","-1.0000","0.0000","0.0000","0.0000","0.0000","0.0000"
"414.0","15:13:10.349","2172643.0000","-3.8056","60571.0000","-0.0500","-0.0050","-1.0000","0.0000","0.0000","0.0000","0.0000","0.0000"
"415.0","15:13:10.350","2170108.0000","-4.0709","60571.0000","-0.0500","-0.0050","-1.0000","0.0000","0.0000","0.0000","0.0000","0.0000"
"416.0","15:13:10.351","2169634.0000","-4.1205","60571.0000","-0.0500","-0.0050","-1.0000","0.0000","0.0000","0.0000","0.0000","0.0000"
"417.0","15:13:10.352","2171033.0000","-3.9741","60571.0000","-0.0500","-0.0050","-1.0000","0.0000","0.0000","0.0000","0.0000","0.0000"
"418.0","15:13:10.353","2175282.0000","-3.5294","60571.0000","-0.0500","-0.0050","-1.0000","0.0000","0.0000","0.0000","0.0000","0.0000"
"419.0","15:13:10.354","2179168.0000","-3.1228","60571.0000","-0.0500","-0.0050","-1.0000","0.0000","0.0000","0.0000","0.0000","0.0000"
"420.0","15:13:10.355","2184110.0000","-2.6056","60571.0000","-0.0500","-0.0050","-1.0000","0.0000","0.0000","0.0000","0.0000","0.0000"
"421.0","15:13:10.356","2189921.0000","-1.9975","60571.0000","-0.0500","-0.0050","-1.0000","0.0000","0.0000","0.0000","0.0000","0.0000"
"422.0","15:13:10.357","2196643.0000","-1.2940","60571.0000","-0.0500","-0.0050","-1.0000","0.0000","0.0000","0.0000","0.0000","0.0000"
"423.0","15:13:10.358","2204457.0000","-0.4763","60571.0000","-0.0500","-0.0050","-1.0000","0.0000","0.0000","0.0000","0.0000","0.0000"
"424.0","15:13:10.359","2214536.0000","0.6060","60571.0000","-0.0500","-0.0050","-1.0000","0.0000","0.0000","0.0000","0.0000","0.0000"
"425.0","15:13:10.360","2222866.0000","1.5141","60571.0000","-0.0500","-0.0050","-1.0000","0.0000","0.0000","0.0000","0.0000","0.0000"
"426.0","15:13:10.361","2232965.0000","2.6151","60571.0000","-0.0500","-0.0050","-1.0000","0.0000","0.0000","0.0000","0.0000","0.0000"
"427.0","15:13:10.362","2240816.0000","3.4710","60571.0000","-0.0500","-0.0050","-1.0000","0.0000","0.0000","0.0000","0.0000","0.0000"
"428.0","15:13:10.363","2249032.0000","4.3666","60571.0000","-0.0500","-0.0050","-1.0000","0.0000","0.0000","0.0000","0.0000","0.0000"
"429.0","15:13:10.364","2257598.0000","5.3005","60571.0000","-0.0500","-0.0050","-1.0000","0.0000","0.0000","0.0000","0.0000","0.0000"
"430.0","15:13:10.365","2264979.0000","6.2537","60571.0000","-0.0500","-0.0050","-1.0000","0.0000","0.0000","0.0000","0.0000","0.0000"
"431.0","15:13:10.366","2270935.0000","7.0688","60571.0000","-0.0500","-0.0050","-1.0000","0.0000","0.0000","0.0000","0.0000","0.0000"
"432.0","15:13:10.367","2276312.0000","7.8047","60571.0000","-0.0500","-0.0050","-1.0000","0.0000","0.0000","0.0000","0.0000","0.0000"
"433.0","15:13:10.368","2280174.0000","8.3333","60571.0000","-0.0500","-0.0050","-1.0000","0.0000","0.0000","0.0000","0.0000","0.0000"
"434.0","15:13:10.369","2280510.0000","8.3792","60570.0000","-0.0500","-0.0050","-1.0000","0.0000","0.0000","0.0000","0.0000","0.0000"
"435.0","15:13:10.370","2279310.0000","8.2150","60570.0000","-0.0500","-0.0050","-1.0000","0.0000","0.0000","0.0000","0.0000","0.0000"
"436.0","15:13:10.371","2277636.0000","7.9859","60570.0000","-0.0500","-0.0050","-1.0000","0.0000","0.0000","0.0000","0.0000","0.0000"
"437.0","15:13:10.372","2272568.0000","7.2923","60570.0000","-0.0500","-0.0050","-1.0000","0.0000","0.0000","0.0000","0.0000","0.0000"
"438.0","15:13:10.373","2268759.0000","6.7711","60570.0000","-0.0500","-0.0050","-1.0000","0.0000","0.0000","0.0000","0.0000","0.0000"
"439.0","15:13:10.374","2264854.0000","6.2366","60570.0000","-0.0500","-0.0050","-1.0000","0.0000","0.0000","0.0000","0.0000","0.0000"
"440.0","15:13:10.375","2258939.0000","5.4467","60570.0000","-0.0500","-0.0050","-1.0000","0.0000","0.0000","0.0000","0.0000","0.0000"
"441.0","15:13:10.376","2254002.0000","4.9084","60570.0000","-0.0500","-0.0050","-1.0000","0.0000","0.0000","0.0000","0.0000","0.0000"
"442.0","15:13:10.377","2254002.0000","4.9084","60570.0000","-0.0500","-0.0050","-1.0000","0.0000","0.0000","0.0000","0.0000","0.0000"
"443.0","15:13:10.378","2248779.0000","4.3391","60570.0000","-0.0500","-0.0050","-1.0000","0.0000","0.0000","0.0000","0.0000","0.0000"
"444.0","15:13:10.379","2245094.0000","3.9373","60570.0000","-0.0500","-0.0050","-1.0000","0.0000","0.0000","0.0000","0.0000","0.0000"
"445.0","15:13:10.380","2240454.0000","3.4315","60570.0000","-0.0500","-0.0050","-1.0000","0.0000","0.0000","0.0000","0.0000","0.0000"
"446.0","15:13:10.381","2236632.0000","3.0148","60570.0000","-0.0500","-0.0050","-1.0000","0.0000","0.0000","0.0000","0.0000","0.0000"
"447.0","15:13:10.382","2234172.0000","2.7466","60570.0000","-0.0500","-0.0050","-1.0000","0.0000","0.0000","0.0000","0.0000","0.0000"
"448.0","15:13:10.383","2232580.0000","2.5731","60570.0000","-0.0500","-0.0050","-1.0000","0.0000","0.0000","0.0000","0.0000","0.0000"
"449.0","15:13:10.384","2233589.0000","2.6831","60570.0000","-0.0500","-0.0050","-1.0000","0.0000","0.0000","0.0000","0.0000","0.0000"
"450.0","15:13:10.385","2229874.0000","2.2781","60570.0000","-0.0500","-0.0050","-1.0000","0.0000","0.0000","0.0000","0.0000","0.0000"
"451.0","15:13:10.386","2226434.0000","1.9031","60570.0000","-0.0500","-0.0050","-1.0000","0.0000","0.0000","0.0000","0.0000","0.0000"
"452.0","15:13:10.387","2227777.0000","2.0495","60570.0000","-0.0500","-0.0050","-1.0000","0.0000","0.0000","0.0000","0.0000","0.0000"
"453.0","15:13:10.388","2222634.0000","1.4888","60570.0000","-0.0500","-0.0050","-1.0000","0.0000","0.0000","0.0000","0.0000","0.0000"
"454.0","15:13:10.389","2219604.0000","1.1584","60570.0000","-0.0500","-0.0050","-1.0000","0.0000","0.0000","0.0000","0.0000","0.0000"
"455.0","15:13:10.390","2219875.0000","1.1880","60570.0000","-0.0500","-0.0050","-1.0000","0.0000","0.0000","0.0000","0.0000","0.0000"
"456.0","15:13:10.391","2214781.0000","0.6327","60570.0000","-0.0500","-0.0050","-1.0000","0.0000","0.0000","0.0000","0.0000","0.0000"
"457.0","15:13:10.392","2210614.0000","0.1784","60570.0000","-0.0500","-0.0050","-1.0000","0.0000","0.0000","0.0000","0.0000","0.0000"
"458.0","15:13:10.393","2210424.0000","0.1577","60570.0000","-0.0500","-0.0050","-1.0000","0.0000","0.0000","0.0000","0.0000","0.0000"
"459.0","15:13:10.394","2204288.0000","-0.4940","60570.0000","-0.0500","-0.0050","-1.0000","0.0000","0.0000","0.0000","0.0000","0.0000"
"460.0","15:13:10.395","2202679.0000","-0.6624","60570.0000","-0.0500","-0.0050","-1.0000","0.0000","0.0000","0.0000","0.0000","0.0000"
"461.0","15:13:10.396","2203277.0000","-0.5998","60570.0000","-0.0500","-0.0050","-1.0000","0.0000","0.0000","0.0000","0.0000","0.0000"
"462.0","15:13:10.397","2199486.0000","-0.9965","60570.0000","-0.0500","-0.0050","-1.0000","0.0000","0.0000","0.0000","0.0000","0.0000"
"463.0","15:13:10.398","2200239.0000","-0.9177","60570.0000","-0.0500","-0.0050","-1.0000","0.0000","0.0000","0.0000","0.0000","0.0000"
"464.0","15:13:10.399","2202096.0000","-0.7234","60570.0000","-0.0500","-0.0050","-1.0000","0.0000","0.0000","0.0000","0.0000","0.0000"
"465.0","15:13:10.400","2201545.0000","-0.7811","60570.0000","-0.0500","-0.0050","-1.0000","0.0000","0.0000","0.0000","0.0000","0.0000"
"466.0","15:13:10.401","2202244.0000","-0.7079","60570.0000","-0.0500","-0.0050","-1.0000","0.0000","0.0000","0.0000","0.0000","0.0000"
"467.0","15:13:10.402","2203975.0000","-0.5267","60570.0000","-0.0500","-0.0050","-1.0000","0.0000","0.0000","0.0000","0.0000","0.0000"
"468.0","15:13:10.403","2202976.0000","-0.6313","60570.0000","-0.0500","-0.0050","-1.0000","0.0000","0.0000","0.0000","0.0000","0.0000"
"469.0","15:13:10.404","2204571.0000","-0.4644","60570.0000","-0.0500","-0.0050","-1.0000","0.0000","0.0000","0.0000","0.0000","0.0000"
"470.0","15:13:10.405","2205848.0000","-0.3308","60570.0000","-0.0500","-0.0050","-1.0000","0.0000","0.0000","0.0000","0.0000","0.0000"
"471.0","15:13:10.406","2203010.0000","-0.6277","60570.0000","-0.0500","-0.0050","-1.0000","0.0000","0.0000","0.0000","0.0000","0.0000"
"472.0","15:13:10.407","2204732.0000","-0.4475","60570.0000","-0.0500","-0.0050","-1.0000","0.0000","0.0000","0.0000","0.0000","0.0000"
"473.0","15:13:10.408","2205401.0000","-0.3775","60570.0000","-0.0500","-0.0050","-1.0000","0.0000","0.0000","0.0000","0.0000","0.0000"
"474.0","15:13:10.409","2203280.0000","-0.5995","60570.0000","-0.0500","-0.0050","-1.0000","0.0000","0.0000","0.0000","0.0000","0.0000"
"475.0","15:13:10.410","2205525.0000","-0.3646","60570.0000","-0.0500","-0.0050","-1.0000","0.0000","0.0000","0.0000","0.0000","0.0000"
"476.0","15:13:10.411","2206480.0000","-0.2646","60570.0000","-0.0500","-0.0050","-1.0000","0.0000","0.0000","0.0000","0.0000","0.0000"
"477.0","15:13:10.412","2204884.0000","-0.4317","60570.0000","-0.0500","-0.0050","-1.0000","0.0000","0.0000","0.0000","0.0000","0.0000"
"478.0","15:13:10.413","2208340.0000","-0.0695","60570.0000","-0.0500","-0.0050","-1.0000","0.0000","0.0000","0.0000","0.0000","0.0000"
"479.0","15:13:10.414","2210543.0000","0.1707","60570.0000","-0.0500","-0.0050","-1.0000","0.0000","0.0000","0.0000","0.0000","0.0000"
"480.0","15:13:10.415","2209270.0000","0.0319","60570.0000","-0.0500","-0.0050","-1.0000","0.0000","0.0000","0.0000","0.0000","0.0000"
"481.0","15:13:10.416","2213427.0000","0.4851","60570.0000","-0.0500","-0.0050","-1.0000","0.0000","0.0000","0.0000","0.0000","0.0000"
"482.0","15:13:10.417","2213729.0000","0.5180","60570.0000","-0.0500","-0.0050","-1.0000","0.0000","0.0000","0.0000","0.0000","0.0000"
"483.0","15:13:10.418","2212984.0000","0.4368","60570.0000","-0.0500","-0.0050","-1.0000","0.0000","0.0000","0.0000","0.0000","0.0000"
"484.0","15:13:10.419","2217124.0000","0.8881","60570.0000","-0.0500","-0.0050","-1.0000","0.0000","0.0000","0.0000","0.0000","0.0000"
"485.0","15:13:10.420","2216326.0000","0.8011","60570.0000","-0.0500","-0.0050","-1.0000","0.0000","0.0000","0.0000","0.0000","0.0000"
"486.0","15:13:10.421","2216550.0000","0.8255","60570.0000","-0.0500","-0.0050","-1.0000","0.0000","0.0000","0.0000","0.0000","0.0000"
"487.0","15:13:10.422","2219155.0000","1.1095","60570.0000","-0.0500","-0.0050","-1.0000","0.0000","0.0000","0.0000","0.0000","0.0000"
"488.0","15:13:10.423","2218807.0000","1.0716","60570.0000","-0.0500","-0.0050","-1.0000","0.0000","0.0000","0.0000","0.0000","0.0000"
"489.0","15:13:10.424","2218807.0000","1.0716","60570.0000","-0.0500","-0.0050","-1.0000","0.0000","0.0000","0.0000","0.0000","0.0000"
"490.0","15:13:10.425","2218818.0000","1.0728","60570.0000","-0.0500","-0.0050","-1.0000","0.0000","0.0000","0.0000","0.0000","0.0000"
"491.0","15:13:10.426","2220610.0000","1.2681","60570.0000","-0.0500","-0.0050","-1.0000","0.0000","0.0000","0.0000","0.0000","0.0000"
"492.0","15:13:10.427","2220572.0000","1.2640","60570.0000","-0.0500","-0.0050","-1.0000","0.0000","0.0000","0.0000","0.0000","0.0000"
"493.0","15:13:10.428","2220754.0000","1.2838","60570.0000","-0.0500","-0.0050","-1.0000","0.0000","0.0000","0.0000","0.0000","0.0000"
"494.0","15:13:10.429","2224173.0000","1.6566","60570.0000","-0.0500","-0.0050","-1.0000","0.0000","0.0000","0.0000","0.0000","0.0000"
"495.0","15:13:10.430","2223597.0000","1.5938","60577.0000","-0.0500","-0.0050","-1.0000","0.0000","0.0000","0.0000","0.0000","0.0000"
"496.0","15:13:10.431","2223770.0000","1.6126","60577.0000","-0.0500","-0.0050","-1.0000","0.0000","0.0000","0.0000","0.0000","0.0000"
"497.0","15:13:10.432","2226838.0000","1.9471","60577.0000","-0.0500","-0.0050","-1.0000","0.0000","0.0000","0.0000","0.0000","0.0000"
"498.0","15:13:10.433","2226176.0000","1.8750","60577.0000","-0.0500","-0.0050","-1.0000","0.0000","0.0000","0.0000","0.0000","0.0000"
"499.0","15:13:10.434","2228114.0000","2.0862","60577.0000","-0.0500","-0.0050","-1.0000","0.0000","0.0000","0.0000","0.0000","0.0000"
"500.0","15:13:10.435","2229654.0000","2.2541","60577.0000","-0.0500","-0.0050","-1.0000","0.0000","0.0000","0.0000","0.0000","0.0000"
"501.0","15:13:10.436","2227098.0000","1.9754","60577.0000","-0.0500","-0.0050","-1.0000","0.0000","0.0000","0.0000","0.0000","0.0000"
"502.0","15:13:10.437","2228762.0000","2.1569","60577.0000","-0.0500","-0.0050","-1.0000","0.0000","0.0000","0.0000","0.0000","0.0000"
"503.0","15:13:10.438","2229674.0000","2.2563","60577.0000","-0.0500","-0.0050","-1.0000","0.0000","0.0000","0.0000","0.0000","0.0000"
"504.0","15:13:10.439","2228292.0000","2.1056","60577.0000","-0.0500","-0.0050","-1.0000","0.0000","0.0000","0.0000","0.0000","0.0000"
"505.0","15:13:10.440","2228264.0000","2.1026","60577.0000","-0.0500","-0.0050","-1.0000","0.0000","0.0000","0.0000","0.0000","0.0000"
"506.0","15:13:10.441","2229505.0000","2.2379","60577.0000","-0.0500","-0.0050","-1.0000","0.0000","0.0000","0.0000","0.0000","0.0000"
"507.0","15:13:10.442","2229323.0000","2.2180","60577.0000","-0.0500","-0.0050","-1.0000","0.0000","0.0000","0.0000","0.0000","0.0000"
"508.0","15:13:10.443","2230078.0000","2.3003","60577.0000","-0.0500","-0.0050","-1.0000","0.0000","0.0000","0.0000","0.0000","0.0000"
"509.0","15:13:10.444","2229548.0000","2.2426","60577.0000","-0.0500","-0.0050","-1.0000","0.0000","0.0000","0.0000","0.0000","0.0000"
"510.0","15:13:10.445","2229788.0000","2.2687","60577.0000","-0.0500","-0.0050","-1.0000","0.0000","0.0000","0.0000","0.0000","0.0000"
"511.0","15:13:10.446","2231261.0000","2.4293","60577.0000","-0.0500","-0.0050","-1.0000","0.0000","0.0000","0.0000","0.0000","0.0000"
"512.0","15:13:10.447","2230684.0000","2.3664","60577.0000","-0.0500","-0.0050","-1.0000","0.0000","0.0000","0.0000","0.0000","0.0000"
"513.0","15:13:10.448","2229743.0000","2.2638","60577.0000","-0.0500","-0.0050","-1.0000","0.0000","0.0000","0.0000","0.0000","0.0000"
"514.0","15:13:10.449","2230898.0000","2.3897","60577.0000","-0.0500","-0.0050","-1.0000","0.0000","0.0000","0.0000","0.0000","0.0000"
"515.0","15:13:10.450","2231816.0000","2.4898","60577.0000","-0.0500","-0.0050","-1.0000","0.0000","0.0000","0.0000","0.0000","0.0000"
"516.0","15:13:10.451","2230768.0000","2.3755","60577.0000","-0.0500","-0.0050","-1.0000","0.0000","0.0000","0.0000","0.0000","0.0000"
"517.0","15:13:10.452","2232001.0000","2.5100","60577.0000","-0.0500","-0.0050","-1.0000","0.0000","0.0000","0.0000","0.0000","0.0000"
"518.0","15:13:10.453","2231473.0000","2.4524","60577.0000","-0.0500","-0.0050","-1.0000","0.0000","0.0000","0.0000","0.0000","0.0000"
"519.0","15:13:10.454","2230837.0000","2.3831","60577.0000","-0.0500","-0.0050","-1.0000","0.0000","0.0000","0.0000","0.0000","0.0000"
"520.0","15:13:10.455","2230779.0000","2.3768","60577.0000","-0.0500","-0.0050","-1.0000","0.0000","0.0000","0.0000","0.0000","0.0000"
"521.0","15:13:10.456","2230333.0000","2.3281","60577.0000","-0.0500","-0.0050","-1.0000","0.0000","0.0000","0.0000","0.0000","0.0000"
"522.0","15:13:10.457","2229794.0000","2.2694","60577.0000","-0.0500","-0.0050","-1.0000","0.0000","0.0000","0.0000","0.0000","0.0000"
"523.0","15:13:10.458","2229841.0000","2.2745","60577.0000","-0.0500","-0.0050","-1.0000","0.0000","0.0000","0.0000","0.0000","0.0000"
"524.0","15:13:10.459","2228018.0000","2.0758","60577.0000","-0.0500","-0.0050","-1.0000","0.0000","0.0000","0.0000","0.0000","0.0000"
"525.0","15:13:10.460","2228121.0000","2.0870","60577.0000","-0.0500","-0.0050","-1.0000","0.0000","0.0000","0.0000","0.0000","0.0000"
"526.0","15:13:10.461","2228120.0000","2.0868","60577.0000","-0.0500","-0.0050","-1.0000","0.0000","0.0000","0.0000","0.0000","0.0000"
"527.0","15:13:10.462","2226180.0000","1.8754","60577.0000","-0.0500","-0.0050","-1.0000","0.0000","0.0000","0.0000","0.0000","0.0000"
"528.0","15:13:10.463","2225115.0000","1.7593","60577.0000","-0.0500","-0.0050","-1.0000","0.0000","0.0000","0.0000","0.0000","0.0000"
"529.0","15:13:10.464","2224848.0000","1.7302","60577.0000","-0.0500","-0.0050","-1.0000","0.0000","0.0000","0.0000","0.0000","0.0000"
"530.0","15:13:10.465","2223400.0000","1.5723","60577.0000","-0.0500","-0.0050","-1.0000","0.0000","0.0000","0.0000","0.0000","0.0000"
"531.0","15:13:10.466","2223649.0000","1.5994","60577.0000","-0.0500","-0.0050","-1.0000","0.0000","0.0000","0.0000","0.0000","0.0000"
"532.0","15:13:10.467","2223699.0000","1.6049","60577.0000","-0.0500","-0.0050","-1.0000","0.0000","0.0000","0.0000","0.0000","0.0000"
"533.0","15:13:10.468","2222362.0000","1.4591","60577.0000","-0.0500","-0.0050","-1.0000","0.0000","0.0000","0.0000","0.0000","0.0000"
"534.0","15:13:10.469","2222341.0000","1.4568","60577.0000","-0.0500","-0.0050","-1.0000","0.0000","0.0000","0.0000","0.0000","0.0000"
"535.0","15:13:10.470","2222341.0000","1.4568","60577.0000","-0.0500","-0.0050","-1.0000","0.0000","0.0000","0.0000","0.0000","0.0000"
"536.0","15:13:10.471","2222295.0000","1.4518","60577.0000","-0.0500","-0.0050","-1.0000","0.0000","0.0000","0.0000","0.0000","0.0000"
"537.0","15:13:10.472","2221361.0000","1.3500","60577.0000","-0.0500","-0.0050","-1.0000","0.0000","0.0000","0.0000","0.0000","0.0000"
"538.0","15:13:10.473","2221110.0000","1.3226","60577.0000","-0.0500","-0.0050","-1.0000","0.0000","0.0000","0.0000","0.0000","0.0000"
"539.0","15:13:10.474","2220454.0000","1.2511","60577.0000","-0.0500","-0.0050","-1.0000","0.0000","0.0000","0.0000","0.0000","0.0000"
"540.0","15:13:10.475","2219223.0000","1.1169","60577.0000","-0.0500","-0.0050","-1.0000","0.0000","0.0000","0.0000","0.0000","0.0000"
"541.0","15:13:10.476","2219614.0000","1.1596","60577.0000","-0.0500","-0.0050","-1.0000","0.0000","0.0000","0.0000","0.0000","0.0000"
"542.0","15:13:10.477","2219696.0000","1.1685","60577.0000","-0.0500","-0.0050","-1.0000","0.0000","0.0000","0.0000","0.0000","0.0000"
"543.0","15:13:10.478","2218216.0000","1.0072","60577.0000","-0.0500","-0.0050","-1.0000","0.0000","0.0000","0.0000","0.0000","0.0000"
"544.0","15:13:10.479","2219897.0000","1.1904","60577.0000","-0.0500","-0.0050","-1.0000","0.0000","0.0000","0.0000","0.0000","0.0000"
"545.0","15:13:10.480","2220888.0000","1.2985","60577.0000","-0.0500","-0.0050","-1.0000","0.0000","0.0000","0.0000","0.0000","0.0000"
"546.0","15:13:10.481","2221027.0000","1.3136","60577.0000","-0.0500","-0.0050","-1.0000","0.0000","0.0000","0.0000","0.0000","0.0000"
"547.0","15:13:10.482","2222327.0000","1.4553","60577.0000","-0.0500","-0.0050","-1.0000","0.0000","0.0000","0.0000","0.0000","0.0000"
"548.0","15:13:10.483","2222910.0000","1.5189","60577.0000","-0.0500","-0.0050","-1.0000","0.0000","0.0000","0.0000","0.0000","0.0000"
"549.0","15:13:10.484","2222778.0000","1.5045","60577.0000","-0.0500","-0.0050","-1.0000","0.0000","0.0000","0.0000","0.0000","0.0000"
"550.0","15:13:10.485","2224701.0000","1.7141","60577.0000","-0.0500","-0.0050","-1.0000","0.0000","0.0000","0.0000","0.0000","0.0000"
"551.0","15:13:10.486","2225015.0000","1.7484","60577.0000","-0.0500","-0.0050","-1.0000","0.0000","0.0000","0.0000","0.0000","0.0000"
"552.0","15:13:10.487","2224511.0000","1.6934","60577.0000","-0.0500","-0.0050","-1.0000","0.0000","0.0000","0.0000","0.0000","0.0000"
"553.0","15:13:10.488","2225384.0000","1.7886","60577.0000","-0.0500","-0.0050","-1.0000","0.0000","0.0000","0.0000","0.0000","0.0000"
"554.0","15:13:10.489","2224897.0000","1.7355","60577.0000","-0.0500","-0.0050","-1.0000","0.0000","0.0000","0.0000","0.0000","0.0000"
"555.0","15:13:10.490","2225308.0000","1.7803","60576.0000","-0.0500","-0.0050","-1.0000","0.0000","0.0000","0.0000","0.0000","0.0000"
"556.0","15:13:10.491","2225743.0000","1.8277","60576.0000","-0.0500","-0.0050","-1.0000","0.0000","0.0000","0.0000","0.0000","0.0000"
"557.0","15:13:10.492","2224714.0000","1.7155","60576.0000","-0.0500","-0.0050","-1.0000","0.0000","0.0000","0.0000","0.0000","0.0000"
"558.0","15:13:10.493","2225276.0000","1.7768","60576.0000","-0.0500","-0.0050","-1.0000","0.0000","0.0000","0.0000","0.0000","0.0000"
"559.0","15:13:10.494","2225828.0000","1.8370","60576.0000","-0.0500","-0.0050","-1.0000","0.0000","0.0000","0.0000","0.0000","0.0000"
"560.0","15:13:10.495","2225016.0000","1.7485","60576.0000","-0.0500","-0.0050","-1.0000","0.0000","0.0000","0.0000","0.0000","0.0000"
"561.0","15:13:10.496","2225969.0000","1.8524","60576.0000","-0.0500","-0.0050","-1.0000","0.0000","0.0000","0.0000","0.0000","0.0000"
"562.0","15:13:10.497","2225738.0000","1.8272","60576.0000","-0.0500","-0.0050","-1.0000","0.0000","0.0000","0.0000","0.0000","0.0000"
"563.0","15:13:10.498","2225071.0000","1.7545","60576.0000","-0.0500","-0.0050","-1.0000","0.0000","0.0000","0.0000","0.0000","0.0000"
"564.0","15:13:10.499","2226123.0000","1.8691","60576.0000","-0.0500","-0.0050","-1.0000","0.0000","0.0000","0.0000","0.0000","0.0000"
"565.0","15:13:10.500","2226352.0000","1.8941","60576.0000","-0.0500","-0.0050","-1.0000","0.0000","0.0000","0.0000","0.0000","0.0000"
"566.0","15:13:10.501","2226183.0000","1.8757","60576.0000","-0.0500","-0.0050","-1.0000","0.0000","0.0000","0.0000","0.0000","0.0000"
"567.0","15:13:10.502","2226403.0000","1.8997","60576.0000","-0.0500","-0.0050","-1.0000","0.0000","0.0000","0.0000","0.0000","0.0000"
"568.0","15:13:10.503","2226488.0000","1.9089","60576.0000","-0.0500","-0.0050","-1.0000","0.0000","0.0000","0.0000","0.0000","0.0000"
"569.0","15:13:10.504","2226979.0000","1.9625","60576.0000","-0.0500","-0.0050","-1.0000","0.0000","0.0000","0.0000","0.0000","0.0000"
"570.0","15:13:10.505","2227422.0000","2.0108","60576.0000","-0.0500","-0.0050","-1.0000","0.0000","0.0000","0.0000","0.0000","0.0000"
"571.0","15:13:10.506","2228621.0000","2.1415","60576.0000","-0.0500","-0.0050","-1.0000","0.0000","0.0000","0.0000","0.0000","0.0000"
"572.0","15:13:10.507","2227483.0000","2.0174","60576.0000","-0.0500","-0.0050","-1.0000","0.0000","0.0000","0.0000","0.0000","0.0000"
"573.0","15:13:10.508","2228334.0000","2.1102","60576.0000","-0.0500","-0.0050","-1.0000","0.0000","0.0000","0.0000","0.0000","0.0000"
"574.0","15:13:10.509","2228305.0000","2.1070","60576.0000","-0.0500","-0.0050","-1.0000","0.0000","0.0000","0.0000","0.0000","0.0000"
"575.0","15:13:10.510","2228520.0000","2.1305","60576.0000","-0.0500","-0.0050","-1.0000","0.0000","0.0000","0.0000","0.0000","0.0000"
"576.0","15:13:10.511","2229272.0000","2.2125","60576.0000","-0.0500","-0.0050","-1.0000","0.0000","0.0000","0.0000","0.0000","0.0000"
"577.0","15:13:10.512","2228982.0000","2.1808","60576.0000","-0.0500","-0.0050","-1.0000","0.0000","0.0000","0.0000","0.0000","0.0000"
"578.0","15:13:10.513","2228434.0000","2.1211","60576.0000","-0.0500","-0.0050","-1.0000","0.0000","0.0000","0.0000","0.0000","0.0000"
"579.0","15:13:10.514","2228888.0000","2.1706","60576.0000","-0.0500","-0.0050","-1.0000","0.0000","0.0000","0.0000","0.0000","0.0000"
"580.0","15:13:10.515","2228857.0000","2.1672","60576.0000","-0.0500","-0.0050","-1.0000","0.0000","0.0000","0.0000","0.0000","0.0000"
"581.0","15:13:10.516","2228158.0000","2.0910","60576.0000","-0.0500","-0.0050","-1.0000","0.0000","0.0000","0.0000","0.0000","0.0000"
"582.0","15:13:10.517","2228158.0000","2.0910","60576.0000","-0.0500","-0.0050","-1.0000","0.0000","0.0000","0.0000","0.0000","0.0000"
"583.0","15:13:10.518","2228042.0000","2.0784","60576.0000","-0.0500","-0.0050","-1.0000","0.0000","0.0000","0.0000","0.0000","0.0000"
"584.0","15:13:10.519","2227128.0000","1.9787","60576.0000","-0.0500","-0.0050","-1.0000","0.0000","0.0000","0.0000","0.0000","0.0000"
"585.0","15:13:10.520","2226515.0000","1.9119","60576.0000","-0.0500","-0.0050","-1.0000","0.0000","0.0000","0.0000","0.0000","0.0000"
"586.0","15:13:10.521","2226209.0000","1.8785","60576.0000","-0.0500","-0.0050","-1.0000","0.0000","0.0000","0.0000","0.0000","0.0000"
"587.0","15:13:10.522","2224164.0000","1.6556","60576.0000","-0.0500","-0.0050","-1.0000","0.0000","0.0000","0.0000","0.0000","0.0000"
"588.0","15:13:10.523","2224160.0000","1.6551","60576.0000","-0.0500","-0.0050","-1.0000","0.0000","0.0000","0.0000","0.0000","0.0000"
"589.0","15:13:10.524","2223830.0000","1.6192","60576.0000","-0.0500","-0.0050","-1.0000","0.0000","0.0000","0.0000","0.0000","0.0000"
"590.0","15:13:10.525","2222730.0000","1.4993","60576.0000","-0.0500","-0.0050","-1.0000","0.0000","0.0000","0.0000","0.0000","0.0000"
"591.0","15:13:10.526","2222323.0000","1.4549","60576.0000","-0.0500","-0.0050","-1.0000","0.0000","0.0000","0.0000","0.0000","0.0000"
"592.0","15:13:10.527","2222280.0000","1.4502","60576.0000","-0.0500","-0.0050","-1.0000","0.0000","0.0000","0.0000","0.0000","0.0000"
"593.0","15:13:10.528","2221587.0000","1.3746","60576.0000","-0.0500","-0.0050","-1.0000","0.0000","0.0000","0.0000","0.0000","0.0000"
"594.0","15:13:10.529","2222058.0000","1.4260","60576.0000","-0.0500","-0.0050","-1.0000","0.0000","0.0000","0.0000","0.0000","0.0000"
"595.0","15:13:10.530","2222189.0000","1.4403","60576.0000","-0.0500","-0.0050","-1.0000","0.0000","0.0000","0.0000","0.0000","0.0000"
"596.0","15:13:10.531","2222280.0000","1.4502","60576.0000","-0.0500","-0.0050","-1.0000","0.0000","0.0000","0.0000","0.0000","0.0000"
"597.0","15:13:10.532","2222029.0000","1.4228","60576.0000","-0.0500","-0.0050","-1.0000","0.0000","0.0000","0.0000","0.0000","0.0000"
"598.0","15:13:10.533","2221773.0000","1.3949","60576.0000","-0.0500","-0.0050","-1.0000","0.0000","0.0000","0.0000","0.0000","0.0000"
"599.0","15:13:10.534","2221414.0000","1.3558","60576.0000","-0.0500","-0.0050","-1.0000","0.0000","0.0000","0.0000","0.0000","0.0000"
"600.0","15:13:10.535","2222303.0000","1.4527","60576.0000","-0.0500","-0.0050","-1.0000","0.0000","0.0000","0.0000","0.0000","0.0000"
"601.0","15:13:10.536","2222662.0000","1.4918","60576.0000","-0.0500","-0.0050","-1.0000","0.0000","0.0000","0.0000","0.0000","0.0000"
"602.0","15:13:10.537","2222912.0000","1.5191","60576.0000","-0.0500","-0.0050","-1.0000","0.0000","0.0000","0.0000","0.0000","0.0000"
"603.0","15:13:10.538","2223630.0000","1.5974","60576.0000","-0.0500","-0.0050","-1.0000","0.0000","0.0000","0.0000","0.0000","0.0000"
"604.0","15:13:10.539","2224008.0000","1.6386","60576.0000","-0.0500","-0.0050","-1.0000","0.0000","0.0000","0.0000","0.0000","0.0000"
"605.0","15:13:10.540","2224087.0000","1.6472","60576.0000","-0.0500","-0.0050","-1.0000","0.0000","0.0000","0.0000","0.0000","0.0000"
"606.0","15:13:10.541","2229350.0000","2.2210","60576.0000","-0.0500","-0.0050","-1.0000","0.0000","0.0000","0.0000","0.0000","0.0000"
"607.0","15:13:10.542","2231652.0000","2.4719","60576.0000","-0.0500","-0.0050","-1.0000","0.0000","0.0000","0.0000","0.0000","0.0000"
"608.0","15:13:10.543","2234393.0000","2.7707","60576.0000","-0.0500","-0.0050","-1.0000","0.0000","0.0000","0.0000","0.0000","0.0000"
"609.0","15:13:10.544","2235429.0000","2.8837","60576.0000","-0.0500","-0.0050","-1.0000","0.0000","0.0000","0.0000","0.0000","0.0000"
"610.0","15:13:10.545","2235798.0000","2.9239","60576.0000","-0.0500","-0.0050","-1.0000","0.0000","0.0000","0.0000","0.0000","0.0000"
"611.0","15:13:10.546","2235537.0000","2.8954","60576.0000","-0.0500","-0.0050","-1.0000","0.0000","0.0000","0.0000","0.0000","0.0000"
"612.0","15:13:10.547","2233217.0000","2.6425","60576.0000","-0.0500","-0.0050","-1.0000","0.0000","0.0000","0.0000","0.0000","0.0000"
"613.0","15:13:10.548","2229516.0000","2.2391","60576.0000","-0.0500","-0.0050","-1.0000","0.0000","0.0000","0.0000","0.0000","0.0000"
"614.0","15:13:10.549","2224913.0000","1.7372","60576.0000","-0.0500","-0.0050","-1.0000","0.0000","0.0000","0.0000","0.0000","0.0000"
"615.0","15:13:10.550","2220840.0000","1.2932","60576.0000","-0.0500","-0.0050","-1.0000","0.0000","0.0000","0.0000","0.0000","0.0000"
"616.0","15:13:10.551","2217224.0000","0.8990","60577.0000","-0.0500","-0.0050","-1.0000","0.0000","0.0000","0.0000","0.0000","0.0000"
"617.0","15:13:10.552","2216978.0000","0.8722","60577.0000","-0.0500","-0.0050","-1.0000","0.0000","0.0000","0.0000","0.0000","0.0000"
"618.0","15:13:10.553","2220710.0000","1.2791","60577.0000","-0.0500","-0.0050","-1.0000","0.0000","0.0000","0.0000","0.0000","0.0000"
"619.0","15:13:10.554","2226732.0000","1.9355","60577.0000","-0.0500","-0.0050","-1.0000","0.0000","0.0000","0.0000","0.0000","0.0000"
"620.0","15:13:10.555","2232606.0000","2.5759","60577.0000","-0.0500","-0.0050","-1.0000","0.0000","0.0000","0.0000","0.0000","0.0000"
"621.0","15:13:10.556","2236827.0000","3.0361","60577.0000","-0.0500","-0.0050","-1.0000","0.0000","0.0000","0.0000","0.0000","0.0000"
"622.0","15:13:10.557","2239622.0000","3.3408","60577.0000","-0.0500","-0.0050","-1.0000","0.0000","0.0000","0.0000","0.0000","0.0000"
"623.0","15:13:10.558","2235897.0000","2.9347","60577.0000","-0.0500","-0.0050","-1.0000","0.0000","0.0000","0.0000","0.0000","0.0000"
"624.0","15:13:10.559","2228841.0000","2.1655","60577.0000","-0.0500","-0.0050","-1.0000","0.0000","0.0000","0.0000","0.0000","0.0000"
"625.0","15:13:10.560","2219074.0000","1.1007","60577.0000","-0.0500","-0.0050","-1.0000","0.0000","0.0000","0.0000","0.0000","0.0000"
"626.0","15:13:10.561","2207474.0000","-0.1606","60577.0000","-0.0500","-0.0050","-1.0000","0.0000","0.0000","0.0000","0.0000","0.0000"
"627.0","15:13:10.562","2196223.0000","-1.3380","60577.0000","-0.0500","-0.0050","-1.0000","0.0000","0.0000","0.0000","0.0000","0.0000"
"628.0","15:13:10.563","2186509.0000","-2.3545","60577.0000","-0.0500","-0.0050","-1.0000","0.0000","0.0000","0.0000","0.0000","0.0000"
"629.0","15:13:10.564","2186509.0000","-2.3545","60577.0000","-0.0500","-0.0050","-1.0000","0.0000","0.0000","0.0000","0.0000","0.0000"
"630.0","15:13:10.565","2178566.0000","-3.1857","60577.0000","-0.0500","-0.0050","-1.0000","0.0000","0.0000","0.0000","0.0000","0.0000"
"631.0","15:13:10.566","2174423.0000","-3.6193","60577.0000","-0.0500","-0.0050","-1.0000","0.0000","0.0000","0.0000","0.0000","0.0000"
"632.0","15:13:10.567","2172077.0000","-3.8648","60577.0000","-0.0500","-0.0050","-1.0000","0.0000","0.0000","0.0000","0.0000","0.0000"
"633.0","15:13:10.568","2171925.0000","-3.8808","60577.0000","-0.0500","-0.0050","-1.0000","0.0000","0.0000","0.0000","0.0000","0.0000"
"634.0","15:13:10.569","2172725.0000","-3.7970","60577.0000","-0.0500","-0.0050","-1.0000","0.0000","0.0000","0.0000","0.0000","0.0000"
"635.0","15:13:10.570","2173843.0000","-3.6800","60577.0000","-0.0500","-0.0050","-1.0000","0.0000","0.0000","0.0000","0.0000","0.0000"
"636.0","15:13:10.571","2177261.0000","-3.3223","60577.0000","-0.0500","-0.0050","-1.0000","0.0000","0.0000","0.0000","0.0000","0.0000"
"637.0","15:13:10.572","2180889.0000","-2.9427","60577.0000","-0.0500","-0.0050","-1.0000","0.0000","0.0000","0.0000","0.0000","0.0000"
"638.0","15:13:10.573","2186737.0000","-2.3307","60577.0000","-0.0500","-0.0050","-1.0000","0.0000","0.0000","0.0000","0.0000","0.0000"
"639.0","15:13:10.574","2192998.0000","-1.6755","60577.0000","-0.0500","-0.0050","-1.0000","0.0000","0.0000","0.0000","0.0000","0.0000"
"640.0","15:13:10.575","2198036.0000","-1.1483","60577.0000","-0.0500","-0.0050","-1.0000","0.0000","0.0000","0.0000","0.0000","0.0000"
"641.0","15:13:10.576","2205312.0000","-0.3869","60577.0000","-0.0500","-0.0050","-1.0000","0.0000","0.0000","0.0000","0.0000","0.0000"
"642.0","15:13:10.577","2213596.0000","0.5035","60577.0000","-0.0500","-0.0050","-1.0000","0.0000","0.0000","0.0000","0.0000","0.0000"
"643.0","15:13:10.578","2220593.0000","1.2663","60577.0000","-0.0500","-0.0050","-1.0000","0.0000","0.0000","0.0000","0.0000","0.0000"
"644.0","15:13:10.579","2228375.0000","2.1147","60577.0000","-0.0500","-0.0050","-1.0000","0.0000","0.0000","0.0000","0.0000","0.0000"
"645.0","15:13:10.580","2234684.0000","2.8025","60577.0000","-0.0500","-0.0050","-1.0000","0.0000","0.0000","0.0000","0.0000","0.0000"
"646.0","15:13:10.581","2239430.0000","3.3199","60577.0000","-0.0500","-0.0050","-1.0000","0.0000","0.0000","0.0000","0.0000","0.0000"
"647.0","15:13:10.582","2244372.0000","3.8586","60577.0000","-0.0500","-0.0050","-1.0000","0.0000","0.0000","0.0000","0.0000","0.0000"
"648.0","15:13:10.583","2245784.0000","4.0125","60577.0000","-0.0500","-0.0050","-1.0000","0.0000","0.0000","0.0000","0.0000","0.0000"
"649.0","15:13:10.584","2247111.0000","4.1572","60577.0000","-0.0500","-0.0050","-1.0000","0.0000","0.0000","0.0000","0.0000","0.0000"
"650.0","15:13:10.585","2248702.0000","4.3306","60577.0000","-0.0500","-0.0050","-1.0000","0.0000","0.0000","0.0000","0.0000","0.0000"
"651.0","15:13:10.586","2250836.0000","4.5633","60577.0000","-0.0500","-0.0050","-1.0000","0.0000","0.0000","0.0000","0.0000","0.0000"
"652.0","15:13:10.587","2250560.0000","4.5332","60577.0000","-0.0500","-0.0050","-1.0000","0.0000","0.0000","0.0000","0.0000","0.0000"
"653.0","15:13:10.588","2251513.0000","4.6371","60577.0000","-0.0500","-0.0050","-1.0000","0.0000","0.0000","0.0000","0.0000","0.0000"
"654.0","15:13:10.589","2250476.0000","4.5241","60577.0000","-0.0500","-0.0050","-1.0000","0.0000","0.0000","0.0000","0.0000","0.0000"
"655.0","15:13:10.590","2249472.0000","4.4146","60577.0000","-0.0500","-0.0050","-1.0000","0.0000","0.0000","0.0000","0.0000","0.0000"
"656.0","15:13:10.591","2247999.0000","4.2540","60577.0000","-0.0500","-0.0050","-1.0000","0.0000","0.0000","0.0000","0.0000","0.0000"
"657.0","15:13:10.592","2246340.0000","4.0732","60577.0000","-0.0500","-0.0050","-1.0000","0.0000","0.0000","0.0000","0.0000","0.0000"
"658.0","15:13:10.593","2244714.0000","3.8959","60577.0000","-0.0500","-0.0050","-1.0000","0.0000","0.0000","0.0000","0.0000","0.0000"
"659.0","15:13:10.594","2242667.0000","3.6727","60577.0000","-0.0500","-0.0050","-1.0000","0.0000","0.0000","0.0000","0.0000","0.0000"
"660.0","15:13:10.595","2241837.0000","3.5823","60577.0000","-0.0500","-0.0050","-1.0000","0.0000","0.0000","0.0000","0.0000","0.0000"
"661.0","15:13:10.596","2238975.0000","3.2702","60577.0000","-0.0500","-0.0050","-1.0000","0.0000","0.0000","0.0000","0.0000","0.0000"
"662.0","15:13:10.597","2236451.0000","2.9951","60577.0000","-0.0500","-0.0050","-1.0000","0.0000","0.0000","0.0000","0.0000","0.0000"
"663.0","15:13:10.598","2233832.0000","2.7096","60577.0000","-0.0500","-0.0050","-1.0000","0.0000","0.0000","0.0000","0.0000","0.0000"
"664.0","15:13:10.599","2229943.0000","2.2856","60577.0000","-0.0500","-0.0050","-1.0000","0.0000","0.0000","0.0000","0.0000","0.0000"
"665.0","15:13:10.600","2228385.0000","2.1158","60577.0000","-0.0500","-0.0050","-1.0000","0.0000","0.0000","0.0000","0.0000","0.0000"
"666.0","15:13:10.601","2226081.0000","1.8646","60577.0000","-0.0500","-0.0050","-1.0000","0.0000","0.0000","0.0000","0.0000","0.0000"
"667.0","15:13:10.602","2225142.0000","1.7622","60577.0000","-0.0500","-0.0050","-1.0000","0.0000","0.0000","0.0000","0.0000","0.0000"
"668.0","15:13:10.603","2224640.0000","1.7075","60577.0000","-0.0500","-0.0050","-1.0000","0.0000","0.0000","0.0000","0.0000","0.0000"
"669.0","15:13:10.604","2222280.0000","1.4502","60577.0000","-0.0500","-0.0050","-1.0000","0.0000","0.0000","0.0000","0.0000","0.0000"
"670.0","15:13:10.605","2220906.0000","1.3004","60577.0000","-0.0500","-0.0050","-1.0000","0.0000","0.0000","0.0000","0.0000","0.0000"
"671.0","15:13:10.606","2220098.0000","1.2123","60577.0000","-0.0500","-0.0050","-1.0000","0.0000","0.0000","0.0000","0.0000","0.0000"
"672.0","15:13:10.607","2219907.0000","1.1915","60577.0000","-0.0500","-0.0050","-1.0000","0.0000","0.0000","0.0000","0.0000","0.0000"
"673.0","15:13:10.608","2219355.0000","1.1313","60577.0000","-0.0500","-0.0050","-1.0000","0.0000","0.0000","0.0000","0.0000","0.0000"
"674.0","15:13:10.609","2218712.0000","1.0612","60577.0000","-0.0500","-0.0050","-1.0000","0.0000","0.0000","0.0000","0.0000","0.0000"
"675.0","15:13:10.610","2218712.0000","1.0612","60577.0000","-0.0500","-0.0050","-1.0000","0.0000","0.0000","0.0000","0.0000","0.0000"
"676.0","15:13:10.611","2217513.0000","0.9305","60573.0000","-0.0500","-0.0050","-1.0000","0.0000","0.0000","0.0000","0.0000","0.0000"
"677.0","15:13:10.612","2216192.0000","0.7865","60573.0000","-0.0500","-0.0050","-1.0000","0.0000","0.0000","0.0000","0.0000","0.0000"
"678.0","15:13:10.613","2216115.0000","0.7781","60573.0000","-0.0500","-0.0050","-1.0000","0.0000","0.0000","0.0000","0.0000","0.0000"
"679.0","15:13:10.614","2216044.0000","0.7704","60573.0000","-0.0500","-0.0050","-1.0000","0.0000","0.0000","0.0000","0.0000","0.0000"
"680.0","15:13:10.615","2215645.0000","0.7269","60573.0000","-0.0500","-0.0050","-1.0000","0.0000","0.0000","0.0000","0.0000","0.0000"
"681.0","15:13:10.616","2216270.0000","0.7950","60573.0000","-0.0500","-0.0050","-1.0000","0.0000","0.0000","0.0000","0.0000","0.0000"
"682.0","15:13:10.617","2218610.0000","1.0501","60573.0000","-0.0500","-0.0050","-1.0000","0.0000","0.0000","0.0000","0.0000","0.0000"
"683.0","15:13:10.618","2221394.0000","1.3536","60573.0000","-0.0500","-0.0050","-1.0000","0.0000","0.0000","0.0000","0.0000","0.0000"
"684.0","15:13:10.619","2222382.0000","1.4613","60573.0000","-0.0500","-0.0050","-1.0000","0.0000","0.0000","0.0000","0.0000","0.0000"
"685.0","15:13:10.620","2223070.0000","1.5363","60573.0000","-0.0500","-0.0050","-1.0000","0.0000","0.0000","0.0000","0.0000","0.0000"
"686.0","15:13:10.621","2224516.0000","1.6939","60573.0000","-0.0500","-0.0050","-1.0000","0.0000","0.0000","0.0000","0.0000","0.0000"
"687.0","15:13:10.622","2223642.0000","1.5987","60573.0000","-0.0500","-0.0050","-1.0000","0.0000","0.0000","0.0000","0.0000","0.0000"
"688.0","15:13:10.623","2224658.0000","1.7095","60573.0000","-0.0500","-0.0050","-1.0000","0.0000","0.0000","0.0000","0.0000","0.0000"
"689.0","15:13:10.624","2224926.0000","1.7387","60573.0000","-0.0500","-0.0050","-1.0000","0.0000","0.0000","0.0000","0.0000","0.0000"
"690.0","15:13:10.625","2224332.0000","1.6739","60573.0000","-0.0500","-0.0050","-1.0000","0.0000","0.0000","0.0000","0.0000","0.0000"
"691.0","15:13:10.626","2223746.0000","1.6100","60573.0000","-0.0500","-0.0050","-1.0000","0.0000","0.0000","0.0000","0.0000","0.0000"
"692.0","15:13:10.627","2223705.0000","1.6056","60573.0000","-0.0500","-0.0050","-1.0000","0.0000","0.0000","0.0000","0.0000","0.0000"
"693.0","15:13:10.628","2222634.0000","1.4888","60573.0000","-0.0500","-0.0050","-1.0000","0.0000","0.0000","0.0000","0.0000","0.0000"
"694.0","15:13:10.629","2222039.0000","1.4239","60573.0000","-0.0500","-0.0050","-1.0000","0.0000","0.0000","0.0000","0.0000","0.0000"
"695.0","15:13:10.630","2222222.0000","1.4439","60573.0000","-0.0500","-0.0050","-1.0000","0.0000","0.0000","0.0000","0.0000","0.0000"
"696.0","15:13:10.631","2221880.0000","1.4066","60573.0000","-0.0500","-0.0050","-1.0000","0.0000","0.0000","0.0000","0.0000","0.0000"
"697.0","15:13:10.632","2222017.0000","1.4215","60573.0000","-0.0500","-0.0050","-1.0000","0.0000","0.0000","0.0000","0.0000","0.0000"
"698.0","15:13:10.633","2223697.0000","1.6047","60573.0000","-0.0500","-0.0050","-1.0000","0.0000","0.0000","0.0000","0.0000","0.0000"
"699.0","15:13:10.634","2223087.0000","1.5382","60573.0000","-0.0500","-0.0050","-1.0000","0.0000","0.0000","0.0000","0.0000","0.0000"
"700.0","15:13:10.635","2223024.0000","1.5313","60573.0000","-0.0500","-0.0050","-1.0000","0.0000","0.0000","0.0000","0.0000","0.0000"
"701.0","15:13:10.636","2224651.0000","1.7087","60573.0000","-0.0500","-0.0050","-1.0000","0.0000","0.0000","0.0000","0.0000","0.0000"
"702.0","15:13:10.637","2224317.0000","1.6723","60573.0000","-0.0500","-0.0050","-1.0000","0.0000","0.0000","0.0000","0.0000","0.0000"
"703.0","15:13:10.638","2224391.0000","1.6803","60573.0000","-0.0500","-0.0050","-1.0000","0.0000","0.0000","0.0000","0.0000","0.0000"
"704.0","15:13:10.639","2225807.0000","1.8347","60573.0000","-0.0500","-0.0050","-1.0000","0.0000","0.0000","0.0000","0.0000","0.0000"
"705.0","15:13:10.640","2226016.0000","1.8575","60573.0000","-0.0500","-0.0050","-1.0000","0.0000","0.0000","0.0000","0.0000","0.0000"
"706.0","15:13:10.641","2226123.0000","1.8691","60573.0000","-0.0500","-0.0050","-1.0000","0.0000","0.0000","0.0000","0.0000","0.0000"
"707.0","15:13:10.642","2226944.0000","1.9586","60573.0000","-0.0500","-0.0050","-1.0000","0.0000","0.0000","0.0000","0.0000","0.0000"
"708.0","15:13:10.643","2226255.0000","1.8835","60573.0000","-0.0500","-0.0050","-1.0000","0.0000","0.0000","0.0000","0.0000","0.0000"
"709.0","15:13:10.644","2226167.0000","1.8740","60573.0000","-0.0500","-0.0050","-1.0000","0.0000","0.0000","0.0000","0.0000","0.0000"
"710.0","15:13:10.645","2227004.0000","1.9652","60573.0000","-0.0500","-0.0050","-1.0000","0.0000","0.0000","0.0000","0.0000","0.0000"
"711.0","15:13:10.646","2227110.0000","1.9767","60573.0000","-0.0500","-0.0050","-1.0000","0.0000","0.0000","0.0000","0.0000","0.0000"
"712.0","15:13:10.647","2227241.0000","1.9910","60573.0000","-0.0500","-0.0050","-1.0000","0.0000","0.0000","0.0000","0.0000","0.0000"
"713.0","15:13:10.648","2228038.0000","2.0779","60573.0000","-0.0500","-0.0050","-1.0000","0.0000","0.0000","0.0000","0.0000","0.0000"
"714.0","15:13:10.649","2227796.0000","2.0515","60573.0000","-0.0500","-0.0050","-1.0000","0.0000","0.0000","0.0000","0.0000","0.0000"
"715.0","15:13:10.650","2227976.0000","2.0712","60573.0000","-0.0500","-0.0050","-1.0000","0.0000","0.0000","0.0000","0.0000","0.0000"
"716.0","15:13:10.651","2227807.0000","2.0527","60573.0000","-0.0500","-0.0050","-1.0000","0.0000","0.0000","0.0000","0.0000","0.0000"
"717.0","15:13:10.652","2227915.0000","2.0645","60573.0000","-0.0500","-0.0050","-1.0000","0.0000","0.0000","0.0000","0.0000","0.0000"
"718.0","15:13:10.653","2227557.0000","2.0255","60573.0000","-0.0500","-0.0050","-1.0000","0.0000","0.0000","0.0000","0.0000","0.0000"
"719.0","15:13:10.654","2226826.0000","1.9458","60573.0000","-0.0500","-0.0050","-1.0000","0.0000","0.0000","0.0000","0.0000","0.0000"
"720.0","15:13:10.655","2224364.0000","1.6774","60573.0000","-0.0500","-0.0050","-1.0000","0.0000","0.0000","0.0000","0.0000","0.0000"
"721.0","15:13:10.656","2225377.0000","1.7878","60573.0000","-0.0500","-0.0050","-1.0000","0.0000","0.0000","0.0000","0.0000","0.0000"
"722.0","15:13:10.657","2225377.0000","1.7878","60573.0000","-0.0500","-0.0050","-1.0000","0.0000","0.0000","0.0000","0.0000","0.0000"
"723.0","15:13:10.658","2224412.0000","1.6826","60573.0000","-0.0500","-0.0050","-1.0000","0.0000","0.0000","0.0000","0.0000","0.0000"
"724.0","15:13:10.659","2224336.0000","1.6743","60573.0000","-0.0500","-0.0050","-1.0000","0.0000","0.0000","0.0000","0.0000","0.0000"
"725.0","15:13:10.660","2224217.0000","1.6614","60573.0000","-0.0500","-0.0050","-1.0000","0.0000","0.0000","0.0000","0.0000","0.0000"
"726.0","15:13:10.661","2223530.0000","1.5865","60573.0000","-0.0500","-0.0050","-1.0000","0.0000","0.0000","0.0000","0.0000","0.0000"
"727.0","15:13:10.662","2223359.0000","1.5678","60573.0000","-0.0500","-0.0050","-1.0000","0.0000","0.0000","0.0000","0.0000","0.0000"
"728.0","15:13:10.663","2223338.0000","1.5656","60573.0000","-0.0500","-0.0050","-1.0000","0.0000","0.0000","0.0000","0.0000","0.0000"
"729.0","15:13:10.664","2223938.0000","1.6310","60573.0000","-0.0500","-0.0050","-1.0000","0.0000","0.0000","0.0000","0.0000","0.0000"
"730.0","15:13:10.665","2223515.0000","1.5848","60573.0000","-0.0500","-0.0050","-1.0000","0.0000","0.0000","0.0000","0.0000","0.0000"
"731.0","15:13:10.666","2223287.0000","1.5600","60573.0000","-0.0500","-0.0050","-1.0000","0.0000","0.0000","0.0000","0.0000","0.0000"
"732.0","15:13:10.667","2223498.0000","1.5830","60573.0000","-0.0500","-0.0050","-1.0000","0.0000","0.0000","0.0000","0.0000","0.0000"
"733.0","15:13:10.668","2222728.0000","1.4990","60573.0000","-0.0500","-0.0050","-1.0000","0.0000","0.0000","0.0000","0.0000","0.0000"
"734.0","15:13:10.669","2223411.0000","1.5735","60573.0000","-0.0500","-0.0050","-1.0000","0.0000","0.0000","0.0000","0.0000","0.0000"
"735.0","15:13:10.670","2223433.0000","1.5759","60573.0000","-0.0500","-0.0050","-1.0000","0.0000","0.0000","0.0000","0.0000","0.0000"
"736.0","15:13:10.671","2223799.0000","1.6158","60573.0000","-0.0500","-0.0050","-1.0000","0.0000","0.0000","0.0000","0.0000","0.0000"
"737.0","15:13:10.672","2223298.0000","1.5612","60565.0000","-0.0500","-0.0050","-1.0000","0.0000","0.0000","0.0000","0.0000","0.0000"
"738.0","15:13:10.673","2223042.0000","1.5333","60565.0000","-0.0500","-0.0050","-1.0000","0.0000","0.0000","0.0000","0.0000","0.0000"
"739.0","15:13:10.674","2223271.0000","1.5582","60565.0000","-0.0500","-0.0050","-1.0000","0.0000","0.0000","0.0000","0.0000","0.0000"
"740.0","15:13:10.675","2222352.0000","1.4580","60565.0000","-0.0500","-0.0050","-1.0000","0.0000","0.0000","0.0000","0.0000","0.0000"
"741.0","15:13:10.676","2222413.0000","1.4647","60565.0000","-0.0500","-0.0050","-1.0000","0.0000","0.0000","0.0000","0.0000","0.0000"
"742.0","15:13:10.677","2222445.0000","1.4682","60565.0000","-0.0500","-0.0050","-1.0000","0.0000","0.0000","0.0000","0.0000","0.0000"
"743.0","15:13:10.678","2223013.0000","1.5301","60565.0000","-0.0500","-0.0050","-1.0000","0.0000","0.0000","0.0000","0.0000","0.0000"
"744.0","15:13:10.679","2223729.0000","1.6082","60565.0000","-0.0500","-0.0050","-1.0000","0.0000","0.0000","0.0000","0.0000","0.0000"
"745.0","15:13:10.680","2224314.0000","1.6720","60565.0000","-0.0500","-0.0050","-1.0000","0.0000","0.0000","0.0000","0.0000","0.0000"
"746.0","15:13:10.681","2223839.0000","1.6201","60565.0000","-0.0500","-0.0050","-1.0000","0.0000","0.0000","0.0000","0.0000","0.0000"
"747.0","15:13:10.682","2224633.0000","1.7067","60565.0000","-0.0500","-0.0050","-1.0000","0.0000","0.0000","0.0000","0.0000","0.0000"
"748.0","15:13:10.683","2225148.0000","1.7629","60565.0000","-0.0500","-0.0050","-1.0000","0.0000","0.0000","0.0000","0.0000","0.0000"
"749.0","15:13:10.684","2225647.0000","1.8172","60565.0000","-0.0500","-0.0050","-1.0000","0.0000","0.0000","0.0000","0.0000","0.0000"
"750.0","15:13:10.685","2226492.0000","1.9094","60565.0000","-0.0500","-0.0050","-1.0000","0.0000","0.0000","0.0000","0.0000","0.0000"
"751.0","15:13:10.686","2227020.0000","1.9670","60565.0000","-0.0500","-0.0050","-1.0000","0.0000","0.0000","0.0000","0.0000","0.0000"
"752.0","15:13:10.687","2228451.0000","2.1230","60565.0000","-0.0500","-0.0050","-1.0000","0.0000","0.0000","0.0000","0.0000","0.0000"
"753.0","15:13:10.688","2228738.0000","2.1542","60565.0000","-0.0500","-0.0050","-1.0000","0.0000","0.0000","0.0000","0.0000","0.0000"
"754.0","15:13:10.689","2228510.0000","2.1294","60565.0000","-0.0500","-0.0050","-1.0000","0.0000","0.0000","0.0000","0.0000","0.0000"
"755.0","15:13:10.690","2228750.0000","2.1556","60565.0000","-0.0500","-0.0050","-1.0000","0.0000","0.0000","0.0000","0.0000","0.0000"
"756.0","15:13:10.691","2229313.0000","2.2169","60565.0000","-0.0500","-0.0050","-1.0000","0.0000","0.0000","0.0000","0.0000","0.0000"
"757.0","15:13:10.692","2228994.0000","2.1822","60565.0000","-0.0500","-0.0050","-1.0000","0.0000","0.0000","0.0000","0.0000","0.0000"
"758.0","15:13:10.693","2229180.0000","2.2024","60565.0000","-0.0500","-0.0050","-1.0000","0.0000","0.0000","0.0000","0.0000","0.0000"
"759.0","15:13:10.694","2229371.0000","2.2232","60565.0000","-0.0500","-0.0050","-1.0000","0.0000","0.0000","0.0000","0.0000","0.0000"
"760.0","15:13:10.695","2229060.0000","2.1894","60565.0000","-0.0500","-0.0050","-1.0000","0.0000","0.0000","0.0000","0.0000","0.0000"
"761.0","15:13:10.696","2228935.0000","2.1757","60565.0000","-0.0500","-0.0050","-1.0000","0.0000","0.0000","0.0000","0.0000","0.0000"
"762.0","15:13:10.697","2228317.0000","2.1084","60565.0000","-0.0500","-0.0050","-1.0000","0.0000","0.0000","0.0000","0.0000","0.0000"
"763.0","15:13:10.698","2228461.0000","2.1240","60565.0000","-0.0500","-0.0050","-1.0000","0.0000","0.0000","0.0000","0.0000","0.0000"
"764.0","15:13:10.699","2227660.0000","2.0367","60565.0000","-0.0500","-0.0050","-1.0000","0.0000","0.0000","0.0000","0.0000","0.0000"
"765.0","15:13:10.700","2228332.0000","2.1100","60565.0000","-0.0500","-0.0050","-1.0000","0.0000","0.0000","0.0000","0.0000","0.0000"
"766.0","15:13:10.701","2227287.0000","1.9961","60565.0000","-0.0500","-0.0050","-1.0000","0.0000","0.0000","0.0000","0.0000","0.0000"
"767.0","15:13:10.702","2227483.0000","2.0174","60565.0000","-0.0500","-0.0050","-1.0000","0.0000","0.0000","0.0000","0.0000","0.0000"
"768.0","15:13:10.703","2227483.0000","2.0174","60565.0000","-0.0500","-0.0050","-1.0000","0.0000","0.0000","0.0000","0.0000","0.0000"
"769.0","15:13:10.704","2226322.0000","1.8909","60565.0000","-0.0500","-0.0050","-1.0000","0.0000","0.0000","0.0000","0.0000","0.0000"
"770.0","15:13:10.705","2226153.0000","1.8724","60565.0000","-0.0500","-0.0050","-1.0000","0.0000","0.0000","0.0000","0.0000","0.0000"
"771.0","15:13:10.706","2225289.0000","1.7782","60565.0000","-0.0500","-0.0050","-1.0000","0.0000","0.0000","0.0000","0.0000","0.0000"
"772.0","15:13:10.707","2225726.0000","1.8259","60565.0000","-0.0500","-0.0050","-1.0000","0.0000","0.0000","0.0000","0.0000","0.0000"
"773.0","15:13:10.708","2225106.0000","1.7583","60565.0000","-0.0500","-0.0050","-1.0000","0.0000","0.0000","0.0000","0.0000","0.0000"
"774.0","15:13:10.709","2224620.0000","1.7053","60565.0000","-0.0500","-0.0050","-1.0000","0.0000","0.0000","0.0000","0.0000","0.0000"
"775.0","15:13:10.710","2224358.0000","1.6767","60565.0000","-0.0500","-0.0050","-1.0000","0.0000","0.0000","0.0000","0.0000","0.0000"
"776.0","15:13:10.711","2224508.0000","1.6931","60565.0000","-0.0500","-0.0050","-1.0000","0.0000","0.0000","0.0000","0.0000","0.0000"
"777.0","15:13:10.712","2223958.0000","1.6332","60565.0000","-0.0500","-0.0050","-1.0000","0.0000","0.0000","0.0000","0.0000","0.0000"
"778.0","15:13:10.713","2223506.0000","1.5838","60565.0000","-0.0500","-0.0050","-1.0000","0.0000","0.0000","0.0000","0.0000","0.0000"
"779.0","15:13:10.714","2224270.0000","1.6671","60565.0000","-0.0500","-0.0050","-1.0000","0.0000","0.0000","0.0000","0.0000","0.0000"
"780.0","15:13:10.715","2224369.0000","1.6779","60565.0000","-0.0500","-0.0050","-1.0000","0.0000","0.0000","0.0000","0.0000","0.0000"
"781.0","15:13:10.716","2223403.0000","1.5726","60565.0000","-0.0500","-0.0050","-1.0000","0.0000","0.0000","0.0000","0.0000","0.0000"
"782.0","15:13:10.717","2224004.0000","1.6382","60565.0000","-0.0500","-0.0050","-1.0000","0.0000","0.0000","0.0000","0.0000","0.0000"
"783.0","15:13:10.718","2223820.0000","1.6181","60565.0000","-0.0500","-0.0050","-1.0000","0.0000","0.0000","0.0000","0.0000","0.0000"
"784.0","15:13:10.719","2225074.0000","1.7548","60565.0000","-0.0500","-0.0050","-1.0000","0.0000","0.0000","0.0000","0.0000","0.0000"
"785.0","15:13:10.720","2230191.0000","2.3126","60565.0000","-0.0500","-0.0050","-1.0000","0.0000","0.0000","0.0000","0.0000","0.0000"
"786.0","15:13:10.721","2233050.0000","2.6243","60565.0000","-0.0500","-0.0050","-1.0000","0.0000","0.0000","0.0000","0.0000","0.0000"
"787.0","15:13:10.722","2235213.0000","2.8601","60565.0000","-0.0500","-0.0050","-1.0000","0.0000","0.0000","0.0000","0.0000","0.0000"
"788.0","15:13:10.723","2236904.0000","3.0445","60565.0000","-0.0500","-0.0050","-1.0000","0.0000","0.0000","0.0000","0.0000","0.0000"
"789.0","15:13:10.724","2236905.0000","3.0446","60565.0000","-0.0500","-0.0050","-1.0000","0.0000","0.0000","0.0000","0.0000","0.0000"
"790.0","15:13:10.725","2236055.0000","2.9519","60565.0000","-0.0500","-0.0050","-1.0000","0.0000","0.0000","0.0000","0.0000","0.0000"
"791.0","15:13:10.726","2234290.0000","2.7595","60565.0000","-0.0500","-0.0050","-1.0000","0.0000","0.0000","0.0000","0.0000","0.0000"
"792.0","15:13:10.727","2229923.0000","2.2834","60565.0000","-0.0500","-0.0050","-1.0000","0.0000","0.0000","0.0000","0.0000","0.0000"
"793.0","15:13:10.728","2225610.0000","1.8132","60565.0000","-0.0500","-0.0050","-1.0000","0.0000","0.0000","0.0000","0.0000","0.0000"
"794.0","15:13:10.729","2221017.0000","1.3125","60565.0000","-0.0500","-0.0050","-1.0000","0.0000","0.0000","0.0000","0.0000","0.0000"
"795.0","15:13:10.730","2216943.0000","0.8684","60565.0000","-0.0500","-0.0050","-1.0000","0.0000","0.0000","0.0000","0.0000","0.0000"
"796.0","15:13:10.731","2216172.0000","0.7843","60565.0000","-0.0500","-0.0050","-1.0000","0.0000","0.0000","0.0000","0.0000","0.0000"
"797.0","15:13:10.732","2217826.0000","0.9647","60573.0000","-0.0500","-0.0050","-1.0000","0.0000","0.0000","0.0000","0.0000","0.0000"
"798.0","15:13:10.733","2221584.0000","1.3743","60573.0000","-0.0500","-0.0050","-1.0000","0.0000","0.0000","0.0000","0.0000","0.0000"
"799.0","15:13:10.734","2226171.0000","1.8744","60573.0000","-0.0500","-0.0050","-1.0000","0.0000","0.0000","0.0000","0.0000","0.0000"
"800.0","15:13:10.735","2230218.0000","2.3156","60573.0000","-0.0500","-0.0050","-1.0000","0.0000","0.0000","0.0000","0.0000","0.0000"
"801.0","15:13:10.736","2230194.0000","2.3130","60573.0000","-0.0500","-0.0050","-1.0000","0.0000","0.0000","0.0000","0.0000","0.0000"
"802.0","15:13:10.737","2226922.0000","1.9563","60573.0000","-0.0500","-0.0050","-1.0000","0.0000","0.0000","0.0000","0.0000","0.0000"
"803.0","15:13:10.738","2221984.0000","1.4179","60573.0000","-0.0500","-0.0050","-1.0000","0.0000","0.0000","0.0000","0.0000","0.0000"
"804.0","15:13:10.739","2213350.0000","0.4767","60573.0000","-0.0500","-0.0050","-1.0000","0.0000","0.0000","0.0000","0.0000","0.0000"
"805.0","15:13:10.740","2203537.0000","-0.5726","60573.0000","-0.0500","-0.0050","-1.0000","0.0000","0.0000","0.0000","0.0000","0.0000"
"806.0","15:13:10.741","2193682.0000","-1.6039","60573.0000","-0.0500","-0.0050","-1.0000","0.0000","0.0000","0.0000","0.0000","0.0000"
"807.0","15:13:10.742","2185283.0000","-2.4828","60573.0000","-0.0500","-0.0050","-1.0000","0.0000","0.0000","0.0000","0.0000","0.0000"
"808.0","15:13:10.743","2179463.0000","-3.0919","60573.0000","-0.0500","-0.0050","-1.0000","0.0000","0.0000","0.0000","0.0000","0.0000"
"809.0","15:13:10.744","2174509.0000","-3.6103","60573.0000","-0.0500","-0.0050","-1.0000","0.0000","0.0000","0.0000","0.0000","0.0000"
"810.0","15:13:10.745","2172022.0000","-3.8706","60573.0000","-0.0500","-0.0050","-1.0000","0.0000","0.0000","0.0000","0.0000","0.0000"
"811.0","15:13:10.746","2172040.0000","-3.8687","60573.0000","-0.0500","-0.0050","-1.0000","0.0000","0.0000","0.0000","0.0000","0.0000"
"812.0","15:13:10.747","2173440.0000","-3.7222","60573.0000","-0.0500","-0.0050","-1.0000","0.0000","0.0000","0.0000","0.0000","0.0000"
"813.0","15:13:10.748","2174043.0000","-3.6591","60573.0000","-0.0500","-0.0050","-1.0000","0.0000","0.0000","0.0000","0.0000","0.0000"
"814.0","15:13:10.749","2176966.0000","-3.3532","60573.0000","-0.0500","-0.0050","-1.0000","0.0000","0.0000","0.0000","0.0000","0.0000"
"815.0","15:13:10.750","2176966.0000","-3.3532","60573.0000","-0.0500","-0.0050","-1.0000","0.0000","0.0000","0.0000","0.0000","0.0000"
"816.0","15:13:10.751","2179433.0000","-3.0950","60573.0000","-0.0500","-0.0050","-1.0000","0.0000","0.0000","0.0000","0.0000","0.0000"
"817.0","15:13:10.752","2182323.0000","-2.7926","60573.0000","-0.0500","-0.0050","-1.0000","0.0000","0.0000","0.0000","0.0000","0.0000"
"818.0","15:13:10.753","2187404.0000","-2.2609","60573.0000","-0.0500","-0.0050","-1.0000","0.0000","0.0000","0.0000","0.0000","0.0000"
"819.0","15:13:10.754","2193923.0000","-1.5787","60573.0000","-0.0500","-0.0050","-1.0000","0.0000","0.0000","0.0000","0.0000","0.0000"
"820.0","15:13:10.755","2202406.0000","-0.6909","60573.0000","-0.0500","-0.0050","-1.0000","0.0000","0.0000","0.0000","0.0000","0.0000"
"821.0","15:13:10.756","2210011.0000","0.1127","60573.0000","-0.0500","-0.0050","-1.0000","0.0000","0.0000","0.0000","0.0000","0.0000"
"822.0","15:13:10.757","2218709.0000","1.0609","60573.0000","-0.0500","-0.0050","-1.0000","0.0000","0.0000","0.0000","0.0000","0.0000"
"823.0","15:13:10.758","2228167.0000","2.0920","60573.0000","-0.0500","-0.0050","-1.0000","0.0000","0.0000","0.0000","0.0000","0.0000"
"824.0","15:13:10.759","2235584.0000","2.9006","60573.0000","-0.0500","-0.0050","-1.0000","0.0000","0.0000","0.0000","0.0000","0.0000"
"825.0","15:13:10.760","2242034.0000","3.6037","60573.0000","-0.0500","-0.0050","-1.0000","0.0000","0.0000","0.0000","0.0000","0.0000"
"826.0","15:13:10.761","2247038.0000","4.1492","60573.0000","-0.0500","-0.0050","-1.0000","0.0000","0.0000","0.0000","0.0000","0.0000"
"827.0","15:13:10.762","2252198.0000","4.7118","60573.0000","-0.0500","-0.0050","-1.0000","0.0000","0.0000","0.0000","0.0000","0.0000"
"828.0","15:13:10.763","2254820.0000","4.9976","60573.0000","-0.0500","-0.0050","-1.0000","0.0000","0.0000","0.0000","0.0000","0.0000"
"829.0","15:13:10.764","2256666.0000","5.1989","60573.0000","-0.0500","-0.0050","-1.0000","0.0000","0.0000","0.0000","0.0000","0.0000"
"830.0","15:13:10.765","2257417.0000","5.2808","60573.0000","-0.0500","-0.0050","-1.0000","0.0000","0.0000","0.0000","0.0000","0.0000"
"831.0","15:13:10.766","2257093.0000","5.2454","60573.0000","-0.0500","-0.0050","-1.0000","0.0000","0.0000","0.0000","0.0000","0.0000"
"832.0","15:13:10.767","2256892.0000","5.2235","60573.0000","-0.0500","-0.0050","-1.0000","0.0000","0.0000","0.0000","0.0000","0.0000"
"833.0","15:13:10.768","2256843.0000","5.2182","60573.0000","-0.0500","-0.0050","-1.0000","0.0000","0.0000","0.0000","0.0000","0.0000"
"834.0","15:13:10.769","2256616.0000","5.1934","60573.0000","-0.0500","-0.0050","-1.0000","0.0000","0.0000","0.0000","0.0000","0.0000"
"835.0","15:13:10.770","2255446.0000","5.0659","60573.0000","-0.0500","-0.0050","-1.0000","0.0000","0.0000","0.0000","0.0000","0.0000"
"836.0","15:13:10.771","2253435.0000","4.8467","60573.0000","-0.0500","-0.0050","-1.0000","0.0000","0.0000","0.0000","0.0000","0.0000"
"837.0","15:13:10.772","2251544.0000","4.6405","60573.0000","-0.0500","-0.0050","-1.0000","0.0000","0.0000","0.0000","0.0000","0.0000"
"838.0","15:13:10.773","2249720.0000","4.4416","60573.0000","-0.0500","-0.0050","-1.0000","0.0000","0.0000","0.0000","0.0000","0.0000"
"839.0","15:13:10.774","2245164.0000","3.9449","60573.0000","-0.0500","-0.0050","-1.0000","0.0000","0.0000","0.0000","0.0000","0.0000"
"840.0","15:13:10.775","2241012.0000","3.4923","60573.0000","-0.0500","-0.0050","-1.0000","0.0000","0.0000","0.0000","0.0000","0.0000"
"841.0","15:13:10.776","2237049.0000","3.0603","60573.0000","-0.0500","-0.0050","-1.0000","0.0000","0.0000","0.0000","0.0000","0.0000"
"842.0","15:13:10.777","2232050.0000","2.5153","60573.0000","-0.0500","-0.0050","-1.0000","0.0000","0.0000","0.0000","0.0000","0.0000"
"843.0","15:13:10.778","2228131.0000","2.0881","60573.0000","-0.0500","-0.0050","-1.0000","0.0000","0.0000","0.0000","0.0000","0.0000"
"844.0","15:13:10.779","2224500.0000","1.6922","60573.0000","-0.0500","-0.0050","-1.0000","0.0000","0.0000","0.0000","0.0000","0.0000"
"845.0","15:13:10.780","2222507.0000","1.4749","60573.0000","-0.0500","-0.0050","-1.0000","0.0000","0.0000","0.0000","0.0000","0.0000"
"846.0","15:13:10.781","2220420.0000","1.2474","60573.0000","-0.0500","-0.0050","-1.0000","0.0000","0.0000","0.0000","0.0000","0.0000"
"847.0","15:13:10.782","2218611.0000","1.0502","60573.0000","-0.0500","-0.0050","-1.0000","0.0000","0.0000","0.0000","0.0000","0.0000"
"848.0","15:13:10.783","2216490.0000","0.8190","60573.0000","-0.0500","-0.0050","-1.0000","0.0000","0.0000","0.0000","0.0000","0.0000"
"849.0","15:13:10.784","2214190.0000","0.5682","60573.0000","-0.0500","-0.0050","-1.0000","0.0000","0.0000","0.0000","0.0000","0.0000"
"850.0","15:13:10.785","2213079.0000","0.4471","60573.0000","-0.0500","-0.0050","-1.0000","0.0000","0.0000","0.0000","0.0000","0.0000"
"851.0","15:13:10.786","2211003.0000","0.2208","60573.0000","-0.0500","-0.0050","-1.0000","0.0000","0.0000","0.0000","0.0000","0.0000"
"852.0","15:13:10.787","2210312.0000","0.1455","60573.0000","-0.0500","-0.0050","-1.0000","0.0000","0.0000","0.0000","0.0000","0.0000"
"853.0","15:13:10.788","2210397.0000","0.1548","60573.0000","-0.0500","-0.0050","-1.0000","0.0000","0.0000","0.0000","0.0000","0.0000"
"854.0","15:13:10.789","2209408.0000","0.0469","60573.0000","-0.0500","-0.0050","-1.0000","0.0000","0.0000","0.0000","0.0000","0.0000"
"855.0","15:13:10.790","2209325.0000","0.0379","60573.0000","-0.0500","-0.0050","-1.0000","0.0000","0.0000","0.0000","0.0000","0.0000"
"856.0","15:13:10.791","2209169.0000","0.0209","60573.0000","-0.0500","-0.0050","-1.0000","0.0000","0.0000","0.0000","0.0000","0.0000"
"857.0","15:13:10.792","2208032.0000","-0.1022","60559.0000","-0.0500","-0.0050","-1.0000","0.0000","0.0000","0.0000","0.0000","0.0000"
"858.0","15:13:10.793","2209774.0000","0.0868","60559.0000","-0.0500","-0.0050","-1.0000","0.0000","0.0000","0.0000","0.0000","0.0000"
"859.0","15:13:10.794","2211041.0000","0.2249","60559.0000","-0.0500","-0.0050","-1.0000","0.0000","0.0000","0.0000","0.0000","0.0000"
"860.0","15:13:10.795","2213150.0000","0.4549","60559.0000","-0.0500","-0.0050","-1.0000","0.0000","0.0000","0.0000","0.0000","0.0000"
"861.0","15:13:10.796","2214770.0000","0.6315","60559.0000","-0.0500","-0.0050","-1.0000","0.0000","0.0000","0.0000","0.0000","0.0000"
"862.0","15:13:10.797","2214770.0000","0.6315","60559.0000","-0.0500","-0.0050","-1.0000","0.0000","0.0000","0.0000","0.0000","0.0000"
"863.0","15:13:10.798","2215810.0000","0.7448","60559.0000","-0.0500","-0.0050","-1.0000","0.0000","0.0000","0.0000","0.0000","0.0000"
"864.0","15:13:10.799","2216766.0000","0.8491","60559.0000","-0.0500","-0.0050","-1.0000","0.0000","0.0000","0.0000","0.0000","0.0000"
"865.0","15:13:10.800","2216746.0000","0.8469","60559.0000","-0.0500","-0.0050","-1.0000","0.0000","0.0000","0.0000","0.0000","0.0000"
"866.0","15:13:10.801","2217397.0000","0.9179","60559.0000","-0.0500","-0.0050","-1.0000","0.0000","0.0000","0.0000","0.0000","0.0000"
"867.0","15:13:10.802","2218545.0000","1.0430","60559.0000","-0.0500","-0.0050","-1.0000","0.0000","0.0000","0.0000","0.0000","0.0000"
"868.0","15:13:10.803","2219296.0000","1.1249","60559.0000","-0.0500","-0.0050","-1.0000","0.0000","0.0000","0.0000","0.0000","0.0000"
"869.0","15:13:10.804","2221033.0000","1.3142","60559.0000","-0.0500","-0.0050","-1.0000","0.0000","0.0000","0.0000","0.0000","0.0000"
"870.0","15:13:10.805","2222021.0000","1.4220","60559.0000","-0.0500","-0.0050","-1.0000","0.0000","0.0000","0.0000","0.0000","0.0000"
"871.0","15:13:10.806","2222650.0000","1.4905","60559.0000","-0.0500","-0.0050","-1.0000","0.0000","0.0000","0.0000","0.0000","0.0000"
"872.0","15:13:10.807","2221681.0000","1.3849","60559.0000","-0.0500","-0.0050","-1.0000","0.0000","0.0000","0.0000","0.0000","0.0000"
"873.0","15:13:10.808","2222682.0000","1.4940","60559.0000","-0.0500","-0.0050","-1.0000","0.0000","0.0000","0.0000","0.0000","0.0000"
"874.0","15:13:10.809","2223771.0000","1.6127","60559.0000","-0.0500","-0.0050","-1.0000","0.0000","0.0000","0.0000","0.0000","0.0000"
"875.0","15:13:10.810","2223494.0000","1.5825","60559.0000","-0.0500","-0.0050","-1.0000","0.0000","0.0000","0.0000","0.0000","0.0000"
"876.0","15:13:10.811","2225344.0000","1.7843","60559.0000","-0.0500","-0.0050","-1.0000","0.0000","0.0000","0.0000","0.0000","0.0000"
"877.0","15:13:10.812","2225886.0000","1.8433","60559.0000","-0.0500","-0.0050","-1.0000","0.0000","0.0000","0.0000","0.0000","0.0000"
"878.0","15:13:10.813","2226023.0000","1.8582","60559.0000","-0.0500","-0.0050","-1.0000","0.0000","0.0000","0.0000","0.0000","0.0000"
"879.0","15:13:10.814","2226243.0000","1.8822","60559.0000","-0.0500","-0.0050","-1.0000","0.0000","0.0000","0.0000","0.0000","0.0000"
"880.0","15:13:10.815","2225758.0000","1.8294","60559.0000","-0.0500","-0.0050","-1.0000","0.0000","0.0000","0.0000","0.0000","0.0000"
"881.0","15:13:10.816","2226038.0000","1.8599","60559.0000","-0.0500","-0.0050","-1.0000","0.0000","0.0000","0.0000","0.0000","0.0000"
"882.0","15:13:10.817","2226542.0000","1.9148","60559.0000","-0.0500","-0.0050","-1.0000","0.0000","0.0000","0.0000","0.0000","0.0000"
"883.0","15:13:10.818","2226422.0000","1.9017","60559.0000","-0.0500","-0.0050","-1.0000","0.0000","0.0000","0.0000","0.0000","0.0000"
"884.0","15:13:10.819","2227017.0000","1.9666","60559.0000","-0.0500","-0.0050","-1.0000","0.0000","0.0000","0.0000","0.0000","0.0000"
"885.0","15:13:10.820","2227150.0000","1.9811","60559.0000","-0.0500","-0.0050","-1.0000","0.0000","0.0000","0.0000","0.0000","0.0000"
"886.0","15:13:10.821","2227957.0000","2.0691","60559.0000","-0.0500","-0.0050","-1.0000","0.0000","0.0000","0.0000","0.0000","0.0000"
"887.0","15:13:10.822","2226650.0000","1.9266","60559.0000","-0.0500","-0.0050","-1.0000","0.0000","0.0000","0.0000","0.0000","0.0000"
"888.0","15:13:10.823","2226321.0000","1.8907","60559.0000","-0.0500","-0.0050","-1.0000","0.0000","0.0000","0.0000","0.0000","0.0000"
"889.0","15:13:10.824","2227458.0000","2.0147","60559.0000","-0.0500","-0.0050","-1.0000","0.0000","0.0000","0.0000","0.0000","0.0000"
"890.0","15:13:10.825","2226590.0000","1.9201","60559.0000","-0.0500","-0.0050","-1.0000","0.0000","0.0000","0.0000","0.0000","0.0000"
"891.0","15:13:10.826","2227364.0000","2.0045","60559.0000","-0.0500","-0.0050","-1.0000","0.0000","0.0000","0.0000","0.0000","0.0000"
"892.0","15:13:10.827","2228090.0000","2.0836","60559.0000","-0.0500","-0.0050","-1.0000","0.0000","0.0000","0.0000","0.0000","0.0000"
"893.0","15:13:10.828","2227675.0000","2.0383","60559.0000","-0.0500","-0.0050","-1.0000","0.0000","0.0000","0.0000","0.0000","0.0000"
"894.0","15:13:10.829","2228063.0000","2.0806","60559.0000","-0.0500","-0.0050","-1.0000","0.0000","0.0000","0.0000","0.0000","0.0000"
"895.0","15:13:10.830","2227260.0000","1.9931","60559.0000","-0.0500","-0.0050","-1.0000","0.0000","0.0000","0.0000","0.0000","0.0000"
"896.0","15:13:10.831","2227639.0000","2.0344","60559.0000","-0.0500","-0.0050","-1.0000","0.0000","0.0000","0.0000","0.0000","0.0000"
"897.0","15:13:10.832","2227603.0000","2.0305","60559.0000","-0.0500","-0.0050","-1.0000","0.0000","0.0000","0.0000","0.0000","0.0000"
"898.0","15:13:10.833","2227311.0000","1.9986","60559.0000","-0.0500","-0.0050","-1.0000","0.0000","0.0000","0.0000","0.0000","0.0000"
"899.0","15:13:10.834","2228557.0000","2.1345","60559.0000","-0.0500","-0.0050","-1.0000","0.0000","0.0000","0.0000","0.0000","0.0000"
"900.0","15:13:10.835","2229382.0000","2.2244","60559.0000","-0.0500","-0.0050","-1.0000","0.0000","0.0000","0.0000","0.0000","0.0000"
"901.0","15:13:10.836","2229434.0000","2.2301","60559.0000","-0.0500","-0.0050","-1.0000","0.0000","0.0000","0.0000","0.0000","0.0000"
"902.0","15:13:10.837","2227795.0000","2.0514","60559.0000","-0.0500","-0.0050","-1.0000","0.0000","0.0000","0.0000","0.0000","0.0000"
"903.0","15:13:10.838","2228304.0000","2.1069","60559.0000","-0.0500","-0.0050","-1.0000","0.0000","0.0000","0.0000","0.0000","0.0000"
"904.0","15:13:10.839","2228574.0000","2.1364","60559.0000","-0.0500","-0.0050","-1.0000","0.0000","0.0000","0.0000","0.0000","0.0000"
"905.0","15:13:10.840","2229055.0000","2.1888","60559.0000","-0.0500","-0.0050","-1.0000","0.0000","0.0000","0.0000","0.0000","0.0000"
"906.0","15:13:10.841","2228800.0000","2.1610","60559.0000","-0.0500","-0.0050","-1.0000","0.0000","0.0000","0.0000","0.0000","0.0000"
"907.0","15:13:10.842","2227845.0000","2.0569","60559.0000","-0.0500","-0.0050","-1.0000","0.0000","0.0000","0.0000","0.0000","0.0000"
"908.0","15:13:10.843","2228397.0000","2.1171","60559.0000","-0.0500","-0.0050","-1.0000","0.0000","0.0000","0.0000","0.0000","0.0000"
"909.0","15:13:10.844","2228397.0000","2.1171","60559.0000","-0.0500","-0.0050","-1.0000","0.0000","0.0000","0.0000","0.0000","0.0000"
"910.0","15:13:10.845","2227544.0000","2.0241","60559.0000","-0.0500","-0.0050","-1.0000","0.0000","0.0000","0.0000","0.0000","0.0000"
"911.0","15:13:10.846","2226994.0000","1.9641","60559.0000","-0.0500","-0.0050","-1.0000","0.0000","0.0000","0.0000","0.0000","0.0000"
"912.0","15:13:10.847","2227047.0000","1.9699","60559.0000","-0.0500","-0.0050","-1.0000","0.0000","0.0000","0.0000","0.0000","0.0000"
"913.0","15:13:10.848","2226741.0000","1.9365","60559.0000","-0.0500","-0.0050","-1.0000","0.0000","0.0000","0.0000","0.0000","0.0000"
"914.0","15:13:10.849","2225658.0000","1.8184","60559.0000","-0.0500","-0.0050","-1.0000","0.0000","0.0000","0.0000","0.0000","0.0000"
"915.0","15:13:10.850","2225683.0000","1.8212","60559.0000","-0.0500","-0.0050","-1.0000","0.0000","0.0000","0.0000","0.0000","0.0000"
"916.0","15:13:10.851","2225963.0000","1.8517","60559.0000","-0.0500","-0.0050","-1.0000","0.0000","0.0000","0.0000","0.0000","0.0000"
"917.0","15:13:10.852","2225729.0000","1.8262","60559.0000","-0.0500","-0.0050","-1.0000","0.0000","0.0000","0.0000","0.0000","0.0000"
"918.0","15:13:10.853","2224952.0000","1.7415","60568.0000","-0.0500","-0.0050","-1.0000","0.0000","0.0000","0.0000","0.0000","0.0000"
"919.0","15:13:10.854","2223733.0000","1.6086","60568.0000","-0.0500","-0.0050","-1.0000","0.0000","0.0000","0.0000","0.0000","0.0000"
"920.0","15:13:10.855","2223591.0000","1.5931","60568.0000","-0.0500","-0.0050","-1.0000","0.0000","0.0000","0.0000","0.0000","0.0000"
"921.0","15:13:10.856","2223488.0000","1.5819","60568.0000","-0.0500","-0.0050","-1.0000","0.0000","0.0000","0.0000","0.0000","0.0000"
"922.0","15:13:10.857","2222965.0000","1.5249","60568.0000","-0.0500","-0.0050","-1.0000","0.0000","0.0000","0.0000","0.0000","0.0000"
"923.0","15:13:10.858","2222813.0000","1.5083","60568.0000","-0.0500","-0.0050","-1.0000","0.0000","0.0000","0.0000","0.0000","0.0000"
"924.0","15:13:10.859","2222128.0000","1.4336","60568.0000","-0.0500","-0.0050","-1.0000","0.0000","0.0000","0.0000","0.0000","0.0000"
"925.0","15:13:10.860","2220921.0000","1.3020","60568.0000","-0.0500","-0.0050","-1.0000","0.0000","0.0000","0.0000","0.0000","0.0000"
"926.0","15:13:10.861","2220536.0000","1.2601","60568.0000","-0.0500","-0.0050","-1.0000","0.0000","0.0000","0.0000","0.0000","0.0000"
"927.0","15:13:10.862","2220942.0000","1.3043","60568.0000","-0.0500","-0.0050","-1.0000","0.0000","0.0000","0.0000","0.0000","0.0000"
"928.0","15:13:10.863","2220825.0000","1.2916","60568.0000","-0.0500","-0.0050","-1.0000","0.0000","0.0000","0.0000","0.0000","0.0000"
"929.0","15:13:10.864","2220782.0000","1.2869","60568.0000","-0.0500","-0.0050","-1.0000","0.0000","0.0000","0.0000","0.0000","0.0000"
"930.0","15:13:10.865","2221126.0000","1.3244","60568.0000","-0.0500","-0.0050","-1.0000","0.0000","0.0000","0.0000","0.0000","0.0000"
"931.0","15:13:10.866","2220637.0000","1.2711","60568.0000","-0.0500","-0.0050","-1.0000","0.0000","0.0000","0.0000","0.0000","0.0000"
"932.0","15:13:10.867","2220979.0000","1.3084","60568.0000","-0.0500","-0.0050","-1.0000","0.0000","0.0000","0.0000","0.0000","0.0000"
"933.0","15:13:10.868","2221326.0000","1.3462","60568.0000","-0.0500","-0.0050","-1.0000","0.0000","0.0000","0.0000","0.0000","0.0000"
"934.0","15:13:10.869","2221818.0000","1.3998","60568.0000","-0.0500","-0.0050","-1.0000","0.0000","0.0000","0.0000","0.0000","0.0000"
"935.0","15:13:10.870","2221658.0000","1.3824","60568.0000","-0.0500","-0.0050","-1.0000","0.0000","0.0000","0.0000","0.0000","0.0000"
"936.0","15:13:10.871","2223073.0000","1.5366","60568.0000","-0.0500","-0.0050","-1.0000","0.0000","0.0000","0.0000","0.0000","0.0000"
"937.0","15:13:10.872","2223248.0000","1.5557","60568.0000","-0.0500","-0.0050","-1.0000","0.0000","0.0000","0.0000","0.0000","0.0000"
"938.0","15:13:10.873","2223850.0000","1.6214","60568.0000","-0.0500","-0.0050","-1.0000","0.0000","0.0000","0.0000","0.0000","0.0000"
"939.0","15:13:10.874","2224277.0000","1.6679","60568.0000","-0.0500","-0.0050","-1.0000","0.0000","0.0000","0.0000","0.0000","0.0000"
"940.0","15:13:10.875","2224348.0000","1.6757","60568.0000","-0.0500","-0.0050","-1.0000","0.0000","0.0000","0.0000","0.0000","0.0000"
"941.0","15:13:10.876","2226076.0000","1.8640","60568.0000","-0.0500","-0.0050","-1.0000","0.0000","0.0000","0.0000","0.0000","0.0000"
"942.0","15:13:10.877","2226222.0000","1.8800","60568.0000","-0.0500","-0.0050","-1.0000","0.0000","0.0000","0.0000","0.0000","0.0000"
"943.0","15:13:10.878","2226573.0000","1.9182","60568.0000","-0.0500","-0.0050","-1.0000","0.0000","0.0000","0.0000","0.0000","0.0000"
"944.0","15:13:10.879","2229084.0000","2.1919","60568.0000","-0.0500","-0.0050","-1.0000","0.0000","0.0000","0.0000","0.0000","0.0000"
"945.0","15:13:10.880","2228197.0000","2.0953","60568.0000","-0.0500","-0.0050","-1.0000","0.0000","0.0000","0.0000","0.0000","0.0000"
"946.0","15:13:10.881","2228524.0000","2.1309","60568.0000","-0.0500","-0.0050","-1.0000","0.0000","0.0000","0.0000","0.0000","0.0000"
"947.0","15:13:10.882","2228960.0000","2.1784","60568.0000","-0.0500","-0.0050","-1.0000","0.0000","0.0000","0.0000","0.0000","0.0000"
"948.0","15:13:10.883","2228289.0000","2.1053","60568.0000","-0.0500","-0.0050","-1.0000","0.0000","0.0000","0.0000","0.0000","0.0000"
"949.0","15:13:10.884","2228565.0000","2.1354","60568.0000","-0.0500","-0.0050","-1.0000","0.0000","0.0000","0.0000","0.0000","0.0000"
"950.0","15:13:10.885","2229420.0000","2.2286","60568.0000","-0.0500","-0.0050","-1.0000","0.0000","0.0000","0.0000","0.0000","0.0000"
"951.0","15:13:10.886","2229394.0000","2.2257","60568.0000","-0.0500","-0.0050","-1.0000","0.0000","0.0000","0.0000","0.0000","0.0000"
"952.0","15:13:10.887","2228767.0000","2.1574","60568.0000","-0.0500","-0.0050","-1.0000","0.0000","0.0000","0.0000","0.0000","0.0000"
"953.0","15:13:10.888","2229573.0000","2.2453","60568.0000","-0.0500","-0.0050","-1.0000","0.0000","0.0000","0.0000","0.0000","0.0000"
"954.0","15:13:10.889","2229484.0000","2.2356","60568.0000","-0.0500","-0.0050","-1.0000","0.0000","0.0000","0.0000","0.0000","0.0000"
"955.0","15:13:10.890","2229484.0000","2.2356","60568.0000","-0.0500","-0.0050","-1.0000","0.0000","0.0000","0.0000","0.0000","0.0000"
"956.0","15:13:10.891","2228650.0000","2.1446","60568.0000","-0.0500","-0.0050","-1.0000","0.0000","0.0000","0.0000","0.0000","0.0000"
"957.0","15:13:10.892","2227323.0000","2.0000","60568.0000","-0.0500","-0.0050","-1.0000","0.0000","0.0000","0.0000","0.0000","0.0000"
"958.0","15:13:10.893","2227044.0000","1.9695","60568.0000","-0.0500","-0.0050","-1.0000","0.0000","0.0000","0.0000","0.0000","0.0000"
"959.0","15:13:10.894","2226192.0000","1.8767","60568.0000","-0.0500","-0.0050","-1.0000","0.0000","0.0000","0.0000","0.0000","0.0000"
"960.0","15:13:10.895","2226326.0000","1.8913","60568.0000","-0.0500","-0.0050","-1.0000","0.0000","0.0000","0.0000","0.0000","0.0000"
"961.0","15:13:10.896","2226696.0000","1.9316","60568.0000","-0.0500","-0.0050","-1.0000","0.0000","0.0000","0.0000","0.0000","0.0000"
"962.0","15:13:10.897","2229259.0000","2.2110","60568.0000","-0.0500","-0.0050","-1.0000","0.0000","0.0000","0.0000","0.0000","0.0000"
"963.0","15:13:10.898","2231272.0000","2.4305","60568.0000","-0.0500","-0.0050","-1.0000","0.0000","0.0000","0.0000","0.0000","0.0000"
"964.0","15:13:10.899","2233285.0000","2.6499","60568.0000","-0.0500","-0.0050","-1.0000","0.0000","0.0000","0.0000","0.0000","0.0000"
"965.0","15:13:10.900","2234287.0000","2.7592","60568.0000","-0.0500","-0.0050","-1.0000","0.0000","0.0000","0.0000","0.0000","0.0000"
"966.0","15:13:10.901","2236552.0000","3.0061","60568.0000","-0.0500","-0.0050","-1.0000","0.0000","0.0000","0.0000","0.0000","0.0000"
"967.0","15:13:10.902","2236942.0000","3.0486","60568.0000","-0.0500","-0.0050","-1.0000","0.0000","0.0000","0.0000","0.0000","0.0000"
"968.0","15:13:10.903","2236268.0000","2.9752","60568.0000","-0.0500","-0.0050","-1.0000","0.0000","0.0000","0.0000","0.0000","0.0000"
"969.0","15:13:10.904","2235395.0000","2.8800","60568.0000","-0.0500","-0.0050","-1.0000","0.0000","0.0000","0.0000","0.0000","0.0000"
"970.0","15:13:10.905","2232571.0000","2.5721","60568.0000","-0.0500","-0.0050","-1.0000","0.0000","0.0000","0.0000","0.0000","0.0000"
"971.0","15:13:10.906","2228698.0000","2.1499","60568.0000","-0.0500","-0.0050","-1.0000","0.0000","0.0000","0.0000","0.0000","0.0000"
"972.0","15:13:10.907","2224313.0000","1.6718","60568.0000","-0.0500","-0.0050","-1.0000","0.0000","0.0000","0.0000","0.0000","0.0000"
"973.0","15:13:10.908","2221588.0000","1.3748","60568.0000","-0.0500","-0.0050","-1.0000","0.0000","0.0000","0.0000","0.0000","0.0000"
"974.0","15:13:10.909","2218122.0000","0.9969","60568.0000","-0.0500","-0.0050","-1.0000","0.0000","0.0000","0.0000","0.0000","0.0000"
"975.0","15:13:10.910","2216338.0000","0.8024","60568.0000","-0.0500","-0.0050","-1.0000","0.0000","0.0000","0.0000","0.0000","0.0000"
"976.0","15:13:10.911","2215788.0000","0.7424","60568.0000","-0.0500","-0.0050","-1.0000","0.0000","0.0000","0.0000","0.0000","0.0000"
"977.0","15:13:10.912","2215331.0000","0.6926","60568.0000","-0.0500","-0.0050","-1.0000","0.0000","0.0000","0.0000","0.0000","0.0000"
"978.0","15:13:10.913","2214665.0000","0.6200","60577.0000","-0.0500","-0.0050","-1.0000","0.0000","0.0000","0.0000","0.0000","0.0000"
"979.0","15:13:10.914","2214902.0000","0.6459","60577.0000","-0.0500","-0.0050","-1.0000","0.0000","0.0000","0.0000","0.0000","0.0000"
"980.0","15:13:10.915","2213264.0000","0.4673","60577.0000","-0.0500","-0.0050","-1.0000","0.0000","0.0000","0.0000","0.0000","0.0000"
"981.0","15:13:10.916","2212593.0000","0.3942","60577.0000","-0.0500","-0.0050","-1.0000","0.0000","0.0000","0.0000","0.0000","0.0000"
"982.0","15:13:10.917","2209489.0000","0.0557","60577.0000","-0.0500","-0.0050","-1.0000","0.0000","0.0000","0.0000","0.0000","0.0000"
"983.0","15:13:10.918","2206683.0000","-0.2434","60577.0000","-0.0500","-0.0050","-1.0000","0.0000","0.0000","0.0000","0.0000","0.0000"
"984.0","15:13:10.919","2202706.0000","-0.6596","60577.0000","-0.0500","-0.0050","-1.0000","0.0000","0.0000","0.0000","0.0000","0.0000"
"985.0","15:13:10.920","2199615.0000","-0.9830","60577.0000","-0.0500","-0.0050","-1.0000","0.0000","0.0000","0.0000","0.0000","0.0000"
"986.0","15:13:10.921","2196429.0000","-1.3164","60577.0000","-0.0500","-0.0050","-1.0000","0.0000","0.0000","0.0000","0.0000","0.0000"
"987.0","15:13:10.922","2194065.0000","-1.5638","60577.0000","-0.0500","-0.0050","-1.0000","0.0000","0.0000","0.0000","0.0000","0.0000"
"988.0","15:13:10.923","2192362.0000","-1.7421","60577.0000","-0.0500","-0.0050","-1.0000","0.0000","0.0000","0.0000","0.0000","0.0000"
"989.0","15:13:10.924","2191457.0000","-1.8367","60577.0000","-0.0500","-0.0050","-1.0000","0.0000","0.0000","0.0000","0.0000","0.0000"
"990.0","15:13:10.925","2192022.0000","-1.7776","60577.0000","-0.0500","-0.0050","-1.0000","0.0000","0.0000","0.0000","0.0000","0.0000"
"991.0","15:13:10.926","2191895.0000","-1.7909","60577.0000","-0.0500","-0.0050","-1.0000","0.0000","0.0000","0.0000","0.0000","0.0000"
"992.0","15:13:10.927","2192926.0000","-1.6830","60577.0000","-0.0500","-0.0050","-1.0000","0.0000","0.0000","0.0000","0.0000","0.0000"
"993.0","15:13:10.928","2194007.0000","-1.5699","60577.0000","-0.0500","-0.0050","-1.0000","0.0000","0.0000","0.0000","0.0000","0.0000"
"994.0","15:13:10.929","2196418.0000","-1.3176","60577.0000","-0.0500","-0.0050","-1.0000","0.0000","0.0000","0.0000","0.0000","0.0000"
"995.0","15:13:10.930","2199250.0000","-1.0212","60577.0000","-0.0500","-0.0050","-1.0000","0.0000","0.0000","0.0000","0.0000","0.0000"
"996.0","15:13:10.931","2203795.0000","-0.5456","60577.0000","-0.0500","-0.0050","-1.0000","0.0000","0.0000","0.0000","0.0000","0.0000"
"997.0","15:13:10.932","2208266.0000","-0.0776","60577.0000","-0.0500","-0.0050","-1.0000","0.0000","0.0000","0.0000","0.0000","0.0000"
"998.0","15:13:10.933","2214503.0000","0.6024","60577.0000","-0.0500","-0.0050","-1.0000","0.0000","0.0000","0.0000","0.0000","0.0000"
"999.0","15:13:10.934","2220230.0000","1.2267","60577.0000","-0.0500","-0.0050","-1.0000","0.0000","0.0000","0.0000","0.0000","0.0000"
"1000.0","15:13:10.935","2223709.0000","1.6060","60577.0000","-0.0500","-0.0050","-1.0000","0.0000","0.0000","0.0000","0.0000","0.0000"
"1001.0","15:13:10.936","2230485.0000","2.3447","60577.0000","-0.0500","-0.0050","-1.0000","0.0000","0.0000","0.0000","0.0000","0.0000"
"1002.0","15:13:10.937","2230485.0000","2.3447","60577.0000","-0.0500","-0.0050","-1.0000","0.0000","0.0000","0.0000","0.0000","0.0000"
"1003.0","15:13:10.938","2233860.0000","2.7126","60577.0000","-0.0500","-0.0050","-1.0000","0.0000","0.0000","0.0000","0.0000","0.0000"
"1004.0","15:13:10.939","2236896.0000","3.0436","60577.0000","-0.0500","-0.0050","-1.0000","0.0000","0.0000","0.0000","0.0000","0.0000"
"1005.0","15:13:10.940","2240196.0000","3.4034","60577.0000","-0.0500","-0.0050","-1.0000","0.0000","0.0000","0.0000","0.0000","0.0000"
"1006.0","15:13:10.941","2241015.0000","3.4926","60577.0000","-0.0500","-0.0050","-1.0000","0.0000","0.0000","0.0000","0.0000","0.0000"
"1007.0","15:13:10.942","2241956.0000","3.5952","60577.0000","-0.0500","-0.0050","-1.0000","0.0000","0.0000","0.0000","0.0000","0.0000"
"1008.0","15:13:10.943","2243362.0000","3.7485","60577.0000","-0.0500","-0.0050","-1.0000","0.0000","0.0000","0.0000","0.0000","0.0000"
"1009.0","15:13:10.944","2242180.0000","3.6196","60577.0000","-0.0500","-0.0050","-1.0000","0.0000","0.0000","0.0000","0.0000","0.0000"
"1010.0","15:13:10.945","2240824.0000","3.4718","60577.0000","-0.0500","-0.0050","-1.0000","0.0000","0.0000","0.0000","0.0000","0.0000"
"1011.0","15:13:10.946","2241810.0000","3.5793","60577.0000","-0.0500","-0.0050","-1.0000","0.0000","0.0000","0.0000","0.0000","0.0000"
"1012.0","15:13:10.947","2240601.0000","3.4475","60577.0000","-0.0500","-0.0050","-1.0000","0.0000","0.0000","0.0000","0.0000","0.0000"
"1013.0","15:13:10.948","2239481.0000","3.3254","60577.0000","-0.0500","-0.0050","-1.0000","0.0000","0.0000","0.0000","0.0000","0.0000"
"1014.0","15:13:10.949","2240300.0000","3.4147","60577.0000","-0.0500","-0.0050","-1.0000","0.0000","0.0000","0.0000","0.0000","0.0000"
"1015.0","15:13:10.950","2238203.0000","3.1861","60577.0000","-0.0500","-0.0050","-1.0000","0.0000","0.0000","0.0000","0.0000","0.0000"
"1016.0","15:13:10.951","2237440.0000","3.1029","60577.0000","-0.0500","-0.0050","-1.0000","0.0000","0.0000","0.0000","0.0000","0.0000"
"1017.0","15:13:10.952","2237361.0000","3.0943","60577.0000","-0.0500","-0.0050","-1.0000","0.0000","0.0000","0.0000","0.0000","0.0000"
"1018.0","15:13:10.953","2234340.0000","2.7650","60577.0000","-0.0500","-0.0050","-1.0000","0.0000","0.0000","0.0000","0.0000","0.0000"
"1019.0","15:13:10.954","2231287.0000","2.4321","60577.0000","-0.0500","-0.0050","-1.0000","0.0000","0.0000","0.0000","0.0000","0.0000"
"1020.0","15:13:10.955","2230985.0000","2.3992","60577.0000","-0.0500","-0.0050","-1.0000","0.0000","0.0000","0.0000","0.0000","0.0000"
"1021.0","15:13:10.956","2228992.0000","2.1819","60577.0000","-0.0500","-0.0050","-1.0000","0.0000","0.0000","0.0000","0.0000","0.0000"
"1022.0","15:13:10.957","2226048.0000","1.8610","60577.0000","-0.0500","-0.0050","-1.0000","0.0000","0.0000","0.0000","0.0000","0.0000"
"1023.0","15:13:10.958","2225140.0000","1.7620","60577.0000","-0.0500","-0.0050","-1.0000","0.0000","0.0000","0.0000","0.0000","0.0000"
"1024.0","15:13:10.959","2222684.0000","1.4943","60577.0000","-0.0500","-0.0050","-1.0000","0.0000","0.0000","0.0000","0.0000","0.0000"
"1025.0","15:13:10.960","2223400.0000","1.5723","60577.0000","-0.0500","-0.0050","-1.0000","0.0000","0.0000","0.0000","0.0000","0.0000"
"1026.0","15:13:10.961","2221982.0000","1.4177","60577.0000","-0.0500","-0.0050","-1.0000","0.0000","0.0000","0.0000","0.0000","0.0000"
"1027.0","15:13:10.962","2220436.0000","1.2491","60577.0000","-0.0500","-0.0050","-1.0000","0.0000","0.0000","0.0000","0.0000","0.0000"
"1028.0","15:13:10.963","2221117.0000","1.3234","60577.0000","-0.0500","-0.0050","-1.0000","0.0000","0.0000","0.0000","0.0000","0.0000"
"1029.0","15:13:10.964","2221388.0000","1.3530","60577.0000","-0.0500","-0.0050","-1.0000","0.0000","0.0000","0.0000","0.0000","0.0000"
"1030.0","15:13:10.965","2220709.0000","1.2789","60577.0000","-0.0500","-0.0050","-1.0000","0.0000","0.0000","0.0000","0.0000","0.0000"
"1031.0","15:13:10.966","2221116.0000","1.3233","60577.0000","-0.0500","-0.0050","-1.0000","0.0000","0.0000","0.0000","0.0000","0.0000"
"1032.0","15:13:10.967","2220906.0000","1.3004","60577.0000","-0.0500","-0.0050","-1.0000","0.0000","0.0000","0.0000","0.0000","0.0000"
"1033.0","15:13:10.968","2220024.0000","1.2043","60577.0000","-0.0500","-0.0050","-1.0000","0.0000","0.0000","0.0000","0.0000","0.0000"
"1034.0","15:13:10.969","2221103.0000","1.3219","60577.0000","-0.0500","-0.0050","-1.0000","0.0000","0.0000","0.0000","0.0000","0.0000"
"1035.0","15:13:10.970","2220221.0000","1.2257","60577.0000","-0.0500","-0.0050","-1.0000","0.0000","0.0000","0.0000","0.0000","0.0000"
"1036.0","15:13:10.971","2219927.0000","1.1937","60577.0000","-0.0500","-0.0050","-1.0000","0.0000","0.0000","0.0000","0.0000","0.0000"
"1037.0","15:13:10.972","2220914.0000","1.3013","60577.0000","-0.0500","-0.0050","-1.0000","0.0000","0.0000","0.0000","0.0000","0.0000"
"1038.0","15:13:10.973","2219418.0000","1.1382","60577.0000","-0.0500","-0.0050","-1.0000","0.0000","0.0000","0.0000","0.0000","0.0000"
"1039.0","15:13:10.974","2220146.0000","1.2175","60585.0000","-0.0500","-0.0050","-1.0000","0.0000","0.0000","0.0000","0.0000","0.0000"
"1040.0","15:13:10.975","2220492.0000","1.2553","60585.0000","-0.0500","-0.0050","-1.0000","0.0000","0.0000","0.0000","0.0000","0.0000"
"1041.0","15:13:10.976","2219944.0000","1.1955","60585.0000","-0.0500","-0.0050","-1.0000","0.0000","0.0000","0.0000","0.0000","0.0000"
"1042.0","15:13:10.977","2221030.0000","1.3139","60585.0000","-0.0500","-0.0050","-1.0000","0.0000","0.0000","0.0000","0.0000","0.0000"
"1043.0","15:13:10.978","2222209.0000","1.4424","60585.0000","-0.0500","-0.0050","-1.0000","0.0000","0.0000","0.0000","0.0000","0.0000"
"1044.0","15:13:10.979","2222018.0000","1.4216","60585.0000","-0.0500","-0.0050","-1.0000","0.0000","0.0000","0.0000","0.0000","0.0000"
"1045.0","15:13:10.980","2222822.0000","1.5093","60585.0000","-0.0500","-0.0050","-1.0000","0.0000","0.0000","0.0000","0.0000","0.0000"
"1046.0","15:13:10.981","2223435.0000","1.5761","60585.0000","-0.0500","-0.0050","-1.0000","0.0000","0.0000","0.0000","0.0000","0.0000"
"1047.0","15:13:10.982","2222807.0000","1.5077","60585.0000","-0.0500","-0.0050","-1.0000","0.0000","0.0000","0.0000","0.0000","0.0000"
"1048.0","15:13:10.983","2223522.0000","1.5856","60585.0000","-0.0500","-0.0050","-1.0000","0.0000","0.0000","0.0000","0.0000","0.0000"
"1049.0","15:13:10.984","2223522.0000","1.5856","60585.0000","-0.0500","-0.0050","-1.0000","0.0000","0.0000","0.0000","0.0000","0.0000"
"1050.0","15:13:10.985","2224417.0000","1.6832","60585.0000","-0.0500","-0.0050","-1.0000","0.0000","0.0000","0.0000","0.0000","0.0000"
"1051.0","15:13:10.986","2222934.0000","1.5215","60585.0000","-0.0500","-0.0050","-1.0000","0.0000","0.0000","0.0000","0.0000","0.0000"
"1052.0","15:13:10.987","2223725.0000","1.6077","60585.0000","-0.0500","-0.0050","-1.0000","0.0000","0.0000","0.0000","0.0000","0.0000"
"1053.0","15:13:10.988","2224383.0000","1.6795","60585.0000","-0.0500","-0.0050","-1.0000","0.0000","0.0000","0.0000","0.0000","0.0000"
"1054.0","15:13:10.989","2224258.0000","1.6658","60585.0000","-0.0500","-0.0050","-1.0000","0.0000","0.0000","0.0000","0.0000","0.0000"
"1055.0","15:13:10.990","2224692.0000","1.7132","60585.0000","-0.0500","-0.0050","-1.0000","0.0000","0.0000","0.0000","0.0000","0.0000"
"1056.0","15:13:10.991","2225304.0000","1.7799","60585.0000","-0.0500","-0.0050","-1.0000","0.0000","0.0000","0.0000","0.0000","0.0000"
"1057.0","15:13:10.992","2224665.0000","1.7102","60585.0000","-0.0500","-0.0050","-1.0000","0.0000","0.0000","0.0000","0.0000","0.0000"
"1058.0","15:13:10.993","2224387.0000","1.6799","60585.0000","-0.0500","-0.0050","-1.0000","0.0000","0.0000","0.0000","0.0000","0.0000"
"1059.0","15:13:10.994","2224807.0000","1.7257","60585.0000","-0.0500","-0.0050","-1.0000","0.0000","0.0000","0.0000","0.0000","0.0000"
"1060.0","15:13:10.995","2224565.0000","1.6993","60585.0000","-0.0500","-0.0050","-1.0000","0.0000","0.0000","0.0000","0.0000","0.0000"
"1061.0","15:13:10.996","2224592.0000","1.7023","60585.0000","-0.0500","-0.0050","-1.0000","0.0000","0.0000","0.0000","0.0000","0.0000"
"1062.0","15:13:10.997","2224070.0000","1.6454","60585.0000","-0.0500","-0.0050","-1.0000","0.0000","0.0000","0.0000","0.0000","0.0000"
"1063.0","15:13:10.998","2224099.0000","1.6485","60585.0000","-0.0500","-0.0050","-1.0000","0.0000","0.0000","0.0000","0.0000","0.0000"
"1064.0","15:13:10.999","2224644.0000","1.7079","60585.0000","-0.0500","-0.0050","-1.0000","0.0000","0.0000","0.0000","0.0000","0.0000"
"1065.0","15:13:11.0","2224594.0000","1.7025","60585.0000","-0.0500","-0.0050","-1.0000","0.0000","0.0000","0.0000","0.0000","0.0000"
"1066.0","15:13:11.1","2225357.0000","1.7856","60585.0000","-0.0500","-0.0050","-1.0000","0.0000","0.0000","0.0000","0.0000","0.0000"
"1067.0","15:13:11.2","2226170.0000","1.8743","60585.0000","-0.0500","-0.0050","-1.0000","0.0000","0.0000","0.0000","0.0000","0.0000"
"1068.0","15:13:11.3","2226079.0000","1.8644","60585.0000","-0.0500","-0.0050","-1.0000","0.0000","0.0000","0.0000","0.0000","0.0000"
"1069.0","15:13:11.4","2225457.0000","1.7965","60585.0000","-0.0500","-0.0050","-1.0000","0.0000","0.0000","0.0000","0.0000","0.0000"
"1070.0","15:13:11.5","2225791.0000","1.8330","60585.0000","-0.0500","-0.0050","-1.0000","0.0000","0.0000","0.0000","0.0000","0.0000"
"1071.0","15:13:11.6","2226622.0000","1.9235","60585.0000","-0.0500","-0.0050","-1.0000","0.0000","0.0000","0.0000","0.0000","0.0000"
"1072.0","15:13:11.7","2226102.0000","1.8669","60585.0000","-0.0500","-0.0050","-1.0000","0.0000","0.0000","0.0000","0.0000","0.0000"
"1073.0","15:13:11.8","2225090.0000","1.7565","60585.0000","-0.0500","-0.0050","-1.0000","0.0000","0.0000","0.0000","0.0000","0.0000"
"1074.0","15:13:11.9","2225500.0000","1.8012","60585.0000","-0.0500","-0.0050","-1.0000","0.0000","0.0000","0.0000","0.0000","0.0000"
"1075.0","15:13:11.10","2225593.0000","1.8114","60585.0000","-0.0500","-0.0050","-1.0000","0.0000","0.0000","0.0000","0.0000","0.0000"
"1076.0","15:13:11.11","2225295.0000","1.7789","60585.0000","-0.0500","-0.0050","-1.0000","0.0000","0.0000","0.0000","0.0000","0.0000"
"1077.0","15:13:11.12","2224468.0000","1.6887","60585.0000","-0.0500","-0.0050","-1.0000","0.0000","0.0000","0.0000","0.0000","0.0000"
"1078.0","15:13:11.13","2225246.0000","1.7736","60585.0000","-0.0500","-0.0050","-1.0000","0.0000","0.0000","0.0000","0.0000","0.0000"
"1079.0","15:13:11.14","2225940.0000","1.8492","60585.0000","-0.0500","-0.0050","-1.0000","0.0000","0.0000","0.0000","0.0000","0.0000"
"1080.0","15:13:11.15","2225585.0000","1.8105","60585.0000","-0.0500","-0.0050","-1.0000","0.0000","0.0000","0.0000","0.0000","0.0000"
"1081.0","15:13:11.16","2224790.0000","1.7239","60585.0000","-0.0500","-0.0050","-1.0000","0.0000","0.0000","0.0000","0.0000","0.0000"
"1082.0","15:13:11.17","2224246.0000","1.6645","60585.0000","-0.0500","-0.0050","-1.0000","0.0000","0.0000","0.0000","0.0000","0.0000"
"1083.0","15:13:11.18","2222984.0000","1.5269","60585.0000","-0.0500","-0.0050","-1.0000","0.0000","0.0000","0.0000","0.0000","0.0000"
"1084.0","15:13:11.19","2224496.0000","1.6918","60585.0000","-0.0500","-0.0050","-1.0000","0.0000","0.0000","0.0000","0.0000","0.0000"
"1085.0","15:13:11.20","2224508.0000","1.6931","60585.0000","-0.0500","-0.0050","-1.0000","0.0000","0.0000","0.0000","0.0000","0.0000"
"1086.0","15:13:11.21","2223136.0000","1.5435","60585.0000","-0.0500","-0.0050","-1.0000","0.0000","0.0000","0.0000","0.0000","0.0000"
"1087.0","15:13:11.22","2223845.0000","1.6208","60585.0000","-0.0500","-0.0050","-1.0000","0.0000","0.0000","0.0000","0.0000","0.0000"
"1088.0","15:13:11.23","2224614.0000","1.7046","60585.0000","-0.0500","-0.0050","-1.0000","0.0000","0.0000","0.0000","0.0000","0.0000"
"1089.0","15:13:11.24","2223387.0000","1.5709","60585.0000","-0.0500","-0.0050","-1.0000","0.0000","0.0000","0.0000","0.0000","0.0000"
"1090.0","15:13:11.25","2222944.0000","1.5226","60585.0000","-0.0500","-0.0050","-1.0000","0.0000","0.0000","0.0000","0.0000","0.0000"
"1091.0","15:13:11.26","2223621.0000","1.5964","60585.0000","-0.0500","-0.0050","-1.0000","0.0000","0.0000","0.0000","0.0000","0.0000"
"1092.0","15:13:11.27","2223057.0000","1.5349","60585.0000","-0.0500","-0.0050","-1.0000","0.0000","0.0000","0.0000","0.0000","0.0000"
"1093.0","15:13:11.28","2224366.0000","1.6776","60585.0000","-0.0500","-0.0050","-1.0000","0.0000","0.0000","0.0000","0.0000","0.0000"
"1094.0","15:13:11.29","2223299.0000","1.5613","60585.0000","-0.0500","-0.0050","-1.0000","0.0000","0.0000","0.0000","0.0000","0.0000"
"1095.0","15:13:11.30","2222781.0000","1.5048","60585.0000","-0.0500","-0.0050","-1.0000","0.0000","0.0000","0.0000","0.0000","0.0000"
"1096.0","15:13:11.31","2222781.0000","1.5048","60585.0000","-0.0500","-0.0050","-1.0000","0.0000","0.0000","0.0000","0.0000","0.0000"
"1097.0","15:13:11.32","2223529.0000","1.5863","60585.0000","-0.0500","-0.0050","-1.0000","0.0000","0.0000","0.0000","0.0000","0.0000"
"1098.0","15:13:11.33","2223863.0000","1.6228","60585.0000","-0.0500","-0.0050","-1.0000","0.0000","0.0000","0.0000","0.0000","0.0000"
"1099.0","15:13:11.34","2223280.0000","1.5592","60580.0000","-0.0500","-0.0050","-1.0000","0.0000","0.0000","0.0000","0.0000","0.0000"
"1100.0","15:13:11.35","2223823.0000","1.6184","60580.0000","-0.0500","-0.0050","-1.0000","0.0000","0.0000","0.0000","0.0000","0.0000"
"1101.0","15:13:11.36","2222906.0000","1.5184","60580.0000","-0.0500","-0.0050","-1.0000","0.0000","0.0000","0.0000","0.0000","0.0000"
"1102.0","15:13:11.37","2222319.0000","1.4545","60580.0000","-0.0500","-0.0050","-1.0000","0.0000","0.0000","0.0000","0.0000","0.0000"
"1103.0","15:13:11.38","2222808.0000","1.5078","60580.0000","-0.0500","-0.0050","-1.0000","0.0000","0.0000","0.0000","0.0000","0.0000"
"1104.0","15:13:11.39","2222820.0000","1.5091","60580.0000","-0.0500","-0.0050","-1.0000","0.0000","0.0000","0.0000","0.0000","0.0000"
"1105.0","15:13:11.40","2223275.0000","1.5587","60580.0000","-0.0500","-0.0050","-1.0000","0.0000","0.0000","0.0000","0.0000","0.0000"
"1106.0","15:13:11.41","2222879.0000","1.5155","60580.0000","-0.0500","-0.0050","-1.0000","0.0000","0.0000","0.0000","0.0000","0.0000"
"1107.0","15:13:11.42","2222933.0000","1.5214","60580.0000","-0.0500","-0.0050","-1.0000","0.0000","0.0000","0.0000","0.0000","0.0000"
"1108.0","15:13:11.43","2223347.0000","1.5665","60580.0000","-0.0500","-0.0050","-1.0000","0.0000","0.0000","0.0000","0.0000","0.0000"
"1109.0","15:13:11.44","2222777.0000","1.5044","60580.0000","-0.0500","-0.0050","-1.0000","0.0000","0.0000","0.0000","0.0000","0.0000"
"1110.0","15:13:11.45","2222935.0000","1.5216","60580.0000","-0.0500","-0.0050","-1.0000","0.0000","0.0000","0.0000","0.0000","0.0000"
"1111.0","15:13:11.46","2222512.0000","1.4755","60580.0000","-0.0500","-0.0050","-1.0000","0.0000","0.0000","0.0000","0.0000","0.0000"
"1112.0","15:13:11.47","2222806.0000","1.5075","60580.0000","-0.0500","-0.0050","-1.0000","0.0000","0.0000","0.0000","0.0000","0.0000"
"1113.0","15:13:11.48","2223552.0000","1.5889","60580.0000","-0.0500","-0.0050","-1.0000","0.0000","0.0000","0.0000","0.0000","0.0000"
"1114.0","15:13:11.49","2225166.0000","1.7648","60580.0000","-0.0500","-0.0050","-1.0000","0.0000","0.0000","0.0000","0.0000","0.0000"
"1115.0","15:13:11.50","2226689.0000","1.9309","60580.0000","-0.0500","-0.0050","-1.0000","0.0000","0.0000","0.0000","0.0000","0.0000"
"1116.0","15:13:11.51","2225974.0000","1.8529","60580.0000","-0.0500","-0.0050","-1.0000","0.0000","0.0000","0.0000","0.0000","0.0000"
"1117.0","15:13:11.52","2227987.0000","2.0724","60580.0000","-0.0500","-0.0050","-1.0000","0.0000","0.0000","0.0000","0.0000","0.0000"
"1118.0","15:13:11.53","2230292.0000","2.3236","60580.0000","-0.0500","-0.0050","-1.0000","0.0000","0.0000","0.0000","0.0000","0.0000"
"1119.0","15:13:11.54","2230991.0000","2.3999","60580.0000","-0.0500","-0.0050","-1.0000","0.0000","0.0000","0.0000","0.0000","0.0000"
"1120.0","15:13:11.55","2231375.0000","2.4417","60580.0000","-0.0500","-0.0050","-1.0000","0.0000","0.0000","0.0000","0.0000","0.0000"
"1121.0","15:13:11.56","2230413.0000","2.3368","60580.0000","-0.0500","-0.0050","-1.0000","0.0000","0.0000","0.0000","0.0000","0.0000"
"1122.0","15:13:11.57","2229694.0000","2.2585","60580.0000","-0.0500","-0.0050","-1.0000","0.0000","0.0000","0.0000","0.0000","0.0000"
"1123.0","15:13:11.58","2228369.0000","2.1140","60580.0000","-0.0500","-0.0050","-1.0000","0.0000","0.0000","0.0000","0.0000","0.0000"
"1124.0","15:13:11.59","2226802.0000","1.9432","60580.0000","-0.0500","-0.0050","-1.0000","0.0000","0.0000","0.0000","0.0000","0.0000"
"1125.0","15:13:11.60","2225523.0000","1.8037","60580.0000","-0.0500","-0.0050","-1.0000","0.0000","0.0000","0.0000","0.0000","0.0000"
"1126.0","15:13:11.61","2223829.0000","1.6191","60580.0000","-0.0500","-0.0050","-1.0000","0.0000","0.0000","0.0000","0.0000","0.0000"
"1127.0","15:13:11.62","2223180.0000","1.5483","60580.0000","-0.0500","-0.0050","-1.0000","0.0000","0.0000","0.0000","0.0000","0.0000"
"1128.0","15:13:11.63","2219922.0000","1.1931","60580.0000","-0.0500","-0.0050","-1.0000","0.0000","0.0000","0.0000","0.0000","0.0000"
"1129.0","15:13:11.64","2218635.0000","1.0528","60580.0000","-0.0500","-0.0050","-1.0000","0.0000","0.0000","0.0000","0.0000","0.0000"
"1130.0","15:13:11.65","2216278.0000","0.7959","60580.0000","-0.0500","-0.0050","-1.0000","0.0000","0.0000","0.0000","0.0000","0.0000"
"1131.0","15:13:11.66","2214183.0000","0.5675","60580.0000","-0.0500","-0.0050","-1.0000","0.0000","0.0000","0.0000","0.0000","0.0000"
"1132.0","15:13:11.67","2212798.0000","0.4165","60580.0000","-0.0500","-0.0050","-1.0000","0.0000","0.0000","0.0000","0.0000","0.0000"
"1133.0","15:13:11.68","2210172.0000","0.1302","60580.0000","-0.0500","-0.0050","-1.0000","0.0000","0.0000","0.0000","0.0000","0.0000"
"1134.0","15:13:11.69","2208474.0000","-0.0549","60580.0000","-0.0500","-0.0050","-1.0000","0.0000","0.0000","0.0000","0.0000","0.0000"
"1135.0","15:13:11.70","2208555.0000","-0.0461","60580.0000","-0.0500","-0.0050","-1.0000","0.0000","0.0000","0.0000","0.0000","0.0000"
"1136.0","15:13:11.71","2208152.0000","-0.0896","60580.0000","-0.0500","-0.0050","-1.0000","0.0000","0.0000","0.0000","0.0000","0.0000"
"1137.0","15:13:11.72","2208874.0000","-0.0113","60580.0000","-0.0500","-0.0050","-1.0000","0.0000","0.0000","0.0000","0.0000","0.0000"
"1138.0","15:13:11.73","2208732.0000","-0.0268","60580.0000","-0.0500","-0.0050","-1.0000","0.0000","0.0000","0.0000","0.0000","0.0000"
"1139.0","15:13:11.74","2210816.0000","0.2004","60580.0000","-0.0500","-0.0050","-1.0000","0.0000","0.0000","0.0000","0.0000","0.0000"
"1140.0","15:13:11.75","2211732.0000","0.3003","60580.0000","-0.0500","-0.0050","-1.0000","0.0000","0.0000","0.0000","0.0000","0.0000"
"1141.0","15:13:11.76","2213088.0000","0.4481","60580.0000","-0.0500","-0.0050","-1.0000","0.0000","0.0000","0.0000","0.0000","0.0000"
"1142.0","15:13:11.77","2214541.0000","0.6065","60580.0000","-0.0500","-0.0050","-1.0000","0.0000","0.0000","0.0000","0.0000","0.0000"
"1143.0","15:13:11.78","2214541.0000","0.6065","60580.0000","-0.0500","-0.0050","-1.0000","0.0000","0.0000","0.0000","0.0000","0.0000"
"1144.0","15:13:11.79","2215772.0000","0.7407","60580.0000","-0.0500","-0.0050","-1.0000","0.0000","0.0000","0.0000","0.0000","0.0000"
"1145.0","15:13:11.80","2216616.0000","0.8327","60580.0000","-0.0500","-0.0050","-1.0000","0.0000","0.0000","0.0000","0.0000","0.0000"
"1146.0","15:13:11.81","2216809.0000","0.8537","60580.0000","-0.0500","-0.0050","-1.0000","0.0000","0.0000","0.0000","0.0000","0.0000"
"1147.0","15:13:11.82","2218164.0000","1.0015","60580.0000","-0.0500","-0.0050","-1.0000","0.0000","0.0000","0.0000","0.0000","0.0000"
"1148.0","15:13:11.83","2218667.0000","1.0563","60580.0000","-0.0500","-0.0050","-1.0000","0.0000","0.0000","0.0000","0.0000","0.0000"
"1149.0","15:13:11.84","2219440.0000","1.1406","60580.0000","-0.0500","-0.0050","-1.0000","0.0000","0.0000","0.0000","0.0000","0.0000"
"1150.0","15:13:11.85","2220964.0000","1.3067","60580.0000","-0.0500","-0.0050","-1.0000","0.0000","0.0000","0.0000","0.0000","0.0000"
"1151.0","15:13:11.86","2221510.0000","1.3663","60580.0000","-0.0500","-0.0050","-1.0000","0.0000","0.0000","0.0000","0.0000","0.0000"
"1152.0","15:13:11.87","2222577.0000","1.4826","60580.0000","-0.0500","-0.0050","-1.0000","0.0000","0.0000","0.0000","0.0000","0.0000"
"1153.0","15:13:11.88","2223801.0000","1.6160","60580.0000","-0.0500","-0.0050","-1.0000","0.0000","0.0000","0.0000","0.0000","0.0000"
"1154.0","15:13:11.89","2223384.0000","1.5706","60580.0000","-0.0500","-0.0050","-1.0000","0.0000","0.0000","0.0000","0.0000","0.0000"
"1155.0","15:13:11.90","2223890.0000","1.6257","60580.0000","-0.0500","-0.0050","-1.0000","0.0000","0.0000","0.0000","0.0000","0.0000"
"1156.0","15:13:11.91","2224286.0000","1.6689","60580.0000","-0.0500","-0.0050","-1.0000","0.0000","0.0000","0.0000","0.0000","0.0000"
"1157.0","15:13:11.92","2223422.0000","1.5747","60580.0000","-0.0500","-0.0050","-1.0000","0.0000","0.0000","0.0000","0.0000","0.0000"
"1158.0","15:13:11.93","2223226.0000","1.5533","60580.0000","-0.0500","-0.0050","-1.0000","0.0000","0.0000","0.0000","0.0000","0.0000"
"1159.0","15:13:11.94","2223571.0000","1.5910","60580.0000","-0.0500","-0.0050","-1.0000","0.0000","0.0000","0.0000","0.0000","0.0000"
"1160.0","15:13:11.95","2223520.0000","1.5854","60584.0000","-0.0500","-0.0050","-1.0000","0.0000","0.0000","0.0000","0.0000","0.0000"
"1161.0","15:13:11.96","2223756.0000","1.6111","60584.0000","-0.0500","-0.0050","-1.0000","0.0000","0.0000","0.0000","0.0000","0.0000"
"1162.0","15:13:11.97","2223630.0000","1.5974","60584.0000","-0.0500","-0.0050","-1.0000","0.0000","0.0000","0.0000","0.0000","0.0000"
"1163.0","15:13:11.98","2224125.0000","1.6513","60584.0000","-0.0500","-0.0050","-1.0000","0.0000","0.0000","0.0000","0.0000","0.0000"
"1164.0","15:13:11.99","2224906.0000","1.7365","60584.0000","-0.0500","-0.0050","-1.0000","0.0000","0.0000","0.0000","0.0000","0.0000"
"1165.0","15:13:11.100","2225651.0000","1.8177","60584.0000","-0.0500","-0.0050","-1.0000","0.0000","0.0000","0.0000","0.0000","0.0000"
"1166.0","15:13:11.101","2225810.0000","1.8350","60584.0000","-0.0500","-0.0050","-1.0000","0.0000","0.0000","0.0000","0.0000","0.0000"
"1167.0","15:13:11.102","2226806.0000","1.9436","60584.0000","-0.0500","-0.0050","-1.0000","0.0000","0.0000","0.0000","0.0000","0.0000"
"1168.0","15:13:11.103","2227098.0000","1.9754","60584.0000","-0.0500","-0.0050","-1.0000","0.0000","0.0000","0.0000","0.0000","0.0000"
"1169.0","15:13:11.104","2226979.0000","1.9625","60584.0000","-0.0500","-0.0050","-1.0000","0.0000","0.0000","0.0000","0.0000","0.0000"
"1170.0","15:13:11.105","2227765.0000","2.0482","60584.0000","-0.0500","-0.0050","-1.0000","0.0000","0.0000","0.0000","0.0000","0.0000"
"1171.0","15:13:11.106","2227875.0000","2.0602","60584.0000","-0.0500","-0.0050","-1.0000","0.0000","0.0000","0.0000","0.0000","0.0000"
"1172.0","15:13:11.107","2227341.0000","2.0020","60584.0000","-0.0500","-0.0050","-1.0000","0.0000","0.0000","0.0000","0.0000","0.0000"
"1173.0","15:13:11.108","2227878.0000","2.0605","60584.0000","-0.0500","-0.0050","-1.0000","0.0000","0.0000","0.0000","0.0000","0.0000"
"1174.0","15:13:11.109","2227140.0000","1.9800","60584.0000","-0.0500","-0.0050","-1.0000","0.0000","0.0000","0.0000","0.0000","0.0000"
"1175.0","15:13:11.110","2227558.0000","2.0256","60584.0000","-0.0500","-0.0050","-1.0000","0.0000","0.0000","0.0000","0.0000","0.0000"
"1176.0","15:13:11.111","2228368.0000","2.1139","60584.0000","-0.0500","-0.0050","-1.0000","0.0000","0.0000","0.0000","0.0000","0.0000"
"1177.0","15:13:11.112","2228300.0000","2.1065","60584.0000","-0.0500","-0.0050","-1.0000","0.0000","0.0000","0.0000","0.0000","0.0000"
"1178.0","15:13:11.113","2228784.0000","2.1593","60584.0000","-0.0500","-0.0050","-1.0000","0.0000","0.0000","0.0000","0.0000","0.0000"
"1179.0","15:13:11.114","2228560.0000","2.1348","60584.0000","-0.0500","-0.0050","-1.0000","0.0000","0.0000","0.0000","0.0000","0.0000"
"1180.0","15:13:11.115","2228318.0000","2.1084","60584.0000","-0.0500","-0.0050","-1.0000","0.0000","0.0000","0.0000","0.0000","0.0000"
"1181.0","15:13:11.116","2228684.0000","2.1484","60584.0000","-0.0500","-0.0050","-1.0000","0.0000","0.0000","0.0000","0.0000","0.0000"
"1182.0","15:13:11.117","2227549.0000","2.0246","60584.0000","-0.0500","-0.0050","-1.0000","0.0000","0.0000","0.0000","0.0000","0.0000"
"1183.0","15:13:11.118","2228081.0000","2.0826","60584.0000","-0.0500","-0.0050","-1.0000","0.0000","0.0000","0.0000","0.0000","0.0000"
"1184.0","15:13:11.119","2228057.0000","2.0800","60584.0000","-0.0500","-0.0050","-1.0000","0.0000","0.0000","0.0000","0.0000","0.0000"
"1185.0","15:13:11.120","2227572.0000","2.0271","60584.0000","-0.0500","-0.0050","-1.0000","0.0000","0.0000","0.0000","0.0000","0.0000"
"1186.0","15:13:11.121","2226913.0000","1.9553","60584.0000","-0.0500","-0.0050","-1.0000","0.0000","0.0000","0.0000","0.0000","0.0000"
"1187.0","15:13:11.122","2226442.0000","1.9039","60584.0000","-0.0500","-0.0050","-1.0000","0.0000","0.0000","0.0000","0.0000","0.0000"
"1188.0","15:13:11.123","2226448.0000","1.9046","60584.0000","-0.0500","-0.0050","-1.0000","0.0000","0.0000","0.0000","0.0000","0.0000"
"1189.0","15:13:11.124","2226448.0000","1.9046","60584.0000","-0.0500","-0.0050","-1.0000","0.0000","0.0000","0.0000","0.0000","0.0000"
"1190.0","15:13:11.125","2226259.0000","1.8840","60584.0000","-0.0500","-0.0050","-1.0000","0.0000","0.0000","0.0000","0.0000","0.0000"
"1191.0","15:13:11.126","2225869.0000","1.8415","60584.0000","-0.0500","-0.0050","-1.0000","0.0000","0.0000","0.0000","0.0000","0.0000"
"1192.0","15:13:11.127","2225293.0000","1.7787","60584.0000","-0.0500","-0.0050","-1.0000","0.0000","0.0000","0.0000","0.0000","0.0000"
"1193.0","15:13:11.128","2224876.0000","1.7332","60584.0000","-0.0500","-0.0050","-1.0000","0.0000","0.0000","0.0000","0.0000","0.0000"
"1194.0","15:13:11.129","2225412.0000","1.7916","60584.0000","-0.0500","-0.0050","-1.0000","0.0000","0.0000","0.0000","0.0000","0.0000"
"1195.0","15:13:11.130","2225131.0000","1.7610","60584.0000","-0.0500","-0.0050","-1.0000","0.0000","0.0000","0.0000","0.0000","0.0000"
"1196.0","15:13:11.131","2225266.0000","1.7757","60584.0000","-0.0500","-0.0050","-1.0000","0.0000","0.0000","0.0000","0.0000","0.0000"
"1197.0","15:13:11.132","2224730.0000","1.7173","60584.0000","-0.0500","-0.0050","-1.0000","0.0000","0.0000","0.0000","0.0000","0.0000"
"1198.0","15:13:11.133","2223957.0000","1.6330","60584.0000","-0.0500","-0.0050","-1.0000","0.0000","0.0000","0.0000","0.0000","0.0000"
"1199.0","15:13:11.134","2223950.0000","1.6323","60584.0000","-0.0500","-0.0050","-1.0000","0.0000","0.0000","0.0000","0.0000","0.0000"
"1200.0","15:13:11.135","2223165.0000","1.5467","60584.0000","-0.0500","-0.0050","-1.0000","0.0000","0.0000","0.0000","0.0000","0.0000"
"1201.0","15:13:11.136","2223173.0000","1.5475","60584.0000","-0.0500","-0.0050","-1.0000","0.0000","0.0000","0.0000","0.0000","0.0000"
"1202.0","15:13:11.137","2223655.0000","1.6001","60584.0000","-0.0500","-0.0050","-1.0000","0.0000","0.0000","0.0000","0.0000","0.0000"
"1203.0","15:13:11.138","2223362.0000","1.5682","60584.0000","-0.0500","-0.0050","-1.0000","0.0000","0.0000","0.0000","0.0000","0.0000"
"1204.0","15:13:11.139","2222919.0000","1.5199","60584.0000","-0.0500","-0.0050","-1.0000","0.0000","0.0000","0.0000","0.0000","0.0000"
"1205.0","15:13:11.140","2223879.0000","1.6245","60584.0000","-0.0500","-0.0050","-1.0000","0.0000","0.0000","0.0000","0.0000","0.0000"
"1206.0","15:13:11.141","2223361.0000","1.5681","60584.0000","-0.0500","-0.0050","-1.0000","0.0000","0.0000","0.0000","0.0000","0.0000"
"1207.0","15:13:11.142","2223210.0000","1.5516","60584.0000","-0.0500","-0.0050","-1.0000","0.0000","0.0000","0.0000","0.0000","0.0000"
"1208.0","15:13:11.143","2222794.0000","1.5062","60584.0000","-0.0500","-0.0050","-1.0000","0.0000","0.0000","0.0000","0.0000","0.0000"
"1209.0","15:13:11.144","2223616.0000","1.5958","60584.0000","-0.0500","-0.0050","-1.0000","0.0000","0.0000","0.0000","0.0000","0.0000"
"1210.0","15:13:11.145","2224052.0000","1.6434","60584.0000","-0.0500","-0.0050","-1.0000","0.0000","0.0000","0.0000","0.0000","0.0000"
"1211.0","15:13:11.146","2223692.0000","1.6041","60584.0000","-0.0500","-0.0050","-1.0000","0.0000","0.0000","0.0000","0.0000","0.0000"
"1212.0","15:13:11.147","2223903.0000","1.6271","60584.0000","-0.0500","-0.0050","-1.0000","0.0000","0.0000","0.0000","0.0000","0.0000"
"1213.0","15:13:11.148","2224206.0000","1.6602","60584.0000","-0.0500","-0.0050","-1.0000","0.0000","0.0000","0.0000","0.0000","0.0000"
"1214.0","15:13:11.149","2223872.0000","1.6238","60584.0000","-0.0500","-0.0050","-1.0000","0.0000","0.0000","0.0000","0.0000","0.0000"
"1215.0","15:13:11.150","2224429.0000","1.6845","60584.0000","-0.0500","-0.0050","-1.0000","0.0000","0.0000","0.0000","0.0000","0.0000"
"1216.0","15:13:11.151","2224411.0000","1.6825","60584.0000","-0.0500","-0.0050","-1.0000","0.0000","0.0000","0.0000","0.0000","0.0000"
"1217.0","15:13:11.152","2224913.0000","1.7372","60584.0000","-0.0500","-0.0050","-1.0000","0.0000","0.0000","0.0000","0.0000","0.0000"
"1218.0","15:13:11.153","2224612.0000","1.7044","60584.0000","-0.0500","-0.0050","-1.0000","0.0000","0.0000","0.0000","0.0000","0.0000"
"1219.0","15:13:11.154","2225235.0000","1.7724","60584.0000","-0.0500","-0.0050","-1.0000","0.0000","0.0000","0.0000","0.0000","0.0000"
"1220.0","15:13:11.155","2224641.0000","1.7076","60578.0000","-0.0500","-0.0050","-1.0000","0.0000","0.0000","0.0000","0.0000","0.0000"
"1221.0","15:13:11.156","2225899.0000","1.8447","60578.0000","-0.0500","-0.0050","-1.0000","0.0000","0.0000","0.0000","0.0000","0.0000"
"1222.0","15:13:11.157","2225303.0000","1.7798","60578.0000","-0.0500","-0.0050","-1.0000","0.0000","0.0000","0.0000","0.0000","0.0000"
"1223.0","15:13:11.158","2226791.0000","1.9420","60578.0000","-0.0500","-0.0050","-1.0000","0.0000","0.0000","0.0000","0.0000","0.0000"
"1224.0","15:13:11.159","2226346.0000","1.8935","60578.0000","-0.0500","-0.0050","-1.0000","0.0000","0.0000","0.0000","0.0000","0.0000"
"1225.0","15:13:11.160","2225794.0000","1.8333","60578.0000","-0.0500","-0.0050","-1.0000","0.0000","0.0000","0.0000","0.0000","0.0000"
"1226.0","15:13:11.161","2226569.0000","1.9178","60578.0000","-0.0500","-0.0050","-1.0000","0.0000","0.0000","0.0000","0.0000","0.0000"
"1227.0","15:13:11.162","2226729.0000","1.9352","60578.0000","-0.0500","-0.0050","-1.0000","0.0000","0.0000","0.0000","0.0000","0.0000"
"1228.0","15:13:11.163","2225616.0000","1.8139","60578.0000","-0.0500","-0.0050","-1.0000","0.0000","0.0000","0.0000","0.0000","0.0000"
"1229.0","15:13:11.164","2225528.0000","1.8043","60578.0000","-0.0500","-0.0050","-1.0000","0.0000","0.0000","0.0000","0.0000","0.0000"
"1230.0","15:13:11.165","2225934.0000","1.8485","60578.0000","-0.0500","-0.0050","-1.0000","0.0000","0.0000","0.0000","0.0000","0.0000"
"1231.0","15:13:11.166","2226630.0000","1.9244","60578.0000","-0.0500","-0.0050","-1.0000","0.0000","0.0000","0.0000","0.0000","0.0000"
"1232.0","15:13:11.167","2225538.0000","1.8054","60578.0000","-0.0500","-0.0050","-1.0000","0.0000","0.0000","0.0000","0.0000","0.0000"
"1233.0","15:13:11.168","2225045.0000","1.7516","60578.0000","-0.0500","-0.0050","-1.0000","0.0000","0.0000","0.0000","0.0000","0.0000"
"1234.0","15:13:11.169","2224853.0000","1.7307","60578.0000","-0.0500","-0.0050","-1.0000","0.0000","0.0000","0.0000","0.0000","0.0000"
"1235.0","15:13:11.170","2224756.0000","1.7201","60578.0000","-0.0500","-0.0050","-1.0000","0.0000","0.0000","0.0000","0.0000","0.0000"
"1236.0","15:13:11.171","2224756.0000","1.7201","60578.0000","-0.0500","-0.0050","-1.0000","0.0000","0.0000","0.0000","0.0000","0.0000"
"1237.0","15:13:11.172","2224578.0000","1.7007","60578.0000","-0.0500","-0.0050","-1.0000","0.0000","0.0000","0.0000","0.0000","0.0000"
"1238.0","15:13:11.173","2224068.0000","1.6451","60578.0000","-0.0500","-0.0050","-1.0000","0.0000","0.0000","0.0000","0.0000","0.0000"
"1239.0","15:13:11.174","2223398.0000","1.5721","60578.0000","-0.0500","-0.0050","-1.0000","0.0000","0.0000","0.0000","0.0000","0.0000"
"1240.0","15:13:11.175","2223666.0000","1.6013","60578.0000","-0.0500","-0.0050","-1.0000","0.0000","0.0000","0.0000","0.0000","0.0000"
"1241.0","15:13:11.176","2223277.0000","1.5589","60578.0000","-0.0500","-0.0050","-1.0000","0.0000","0.0000","0.0000","0.0000","0.0000"
"1242.0","15:13:11.177","2223375.0000","1.5696","60578.0000","-0.0500","-0.0050","-1.0000","0.0000","0.0000","0.0000","0.0000","0.0000"
"1243.0","15:13:11.178","2223092.0000","1.5387","60578.0000","-0.0500","-0.0050","-1.0000","0.0000","0.0000","0.0000","0.0000","0.0000"
"1244.0","15:13:11.179","2222934.0000","1.5215","60578.0000","-0.0500","-0.0050","-1.0000","0.0000","0.0000","0.0000","0.0000","0.0000"
"1245.0","15:13:11.180","2222671.0000","1.4928","60578.0000","-0.0500","-0.0050","-1.0000","0.0000","0.0000","0.0000","0.0000","0.0000"
"1246.0","15:13:11.181","2222216.0000","1.4432","60578.0000","-0.0500","-0.0050","-1.0000","0.0000","0.0000","0.0000","0.0000","0.0000"
"1247.0","15:13:11.182","2222074.0000","1.4277","60578.0000","-0.0500","-0.0050","-1.0000","0.0000","0.0000","0.0000","0.0000","0.0000"
"1248.0","15:13:11.183","2222885.0000","1.5162","60578.0000","-0.0500","-0.0050","-1.0000","0.0000","0.0000","0.0000","0.0000","0.0000"
"1249.0","15:13:11.184","2222605.0000","1.4856","60578.0000","-0.0500","-0.0050","-1.0000","0.0000","0.0000","0.0000","0.0000","0.0000"
"1250.0","15:13:11.185","2222299.0000","1.4523","60578.0000","-0.0500","-0.0050","-1.0000","0.0000","0.0000","0.0000","0.0000","0.0000"
"1251.0","15:13:11.186","2222406.0000","1.4639","60578.0000","-0.0500","-0.0050","-1.0000","0.0000","0.0000","0.0000","0.0000","0.0000"
"1252.0","15:13:11.187","2222312.0000","1.4537","60578.0000","-0.0500","-0.0050","-1.0000","0.0000","0.0000","0.0000","0.0000","0.0000"
"1253.0","15:13:11.188","2224140.0000","1.6530","60578.0000","-0.0500","-0.0050","-1.0000","0.0000","0.0000","0.0000","0.0000","0.0000"
"1254.0","15:13:11.189","2226066.0000","1.8629","60578.0000","-0.0500","-0.0050","-1.0000","0.0000","0.0000","0.0000","0.0000","0.0000"
"1255.0","15:13:11.190","2226961.0000","1.9605","60578.0000","-0.0500","-0.0050","-1.0000","0.0000","0.0000","0.0000","0.0000","0.0000"
"1256.0","15:13:11.191","2228327.0000","2.1094","60578.0000","-0.0500","-0.0050","-1.0000","0.0000","0.0000","0.0000","0.0000","0.0000"
"1257.0","15:13:11.192","2229868.0000","2.2774","60578.0000","-0.0500","-0.0050","-1.0000","0.0000","0.0000","0.0000","0.0000","0.0000"
"1258.0","15:13:11.193","2230344.0000","2.3293","60578.0000","-0.0500","-0.0050","-1.0000","0.0000","0.0000","0.0000","0.0000","0.0000"
"1259.0","15:13:11.194","2231129.0000","2.4149","60578.0000","-0.0500","-0.0050","-1.0000","0.0000","0.0000","0.0000","0.0000","0.0000"
"1260.0","15:13:11.195","2230627.0000","2.3602","60578.0000","-0.0500","-0.0050","-1.0000","0.0000","0.0000","0.0000","0.0000","0.0000"
"1261.0","15:13:11.196","2231006.0000","2.4015","60578.0000","-0.0500","-0.0050","-1.0000","0.0000","0.0000","0.0000","0.0000","0.0000"
"1262.0","15:13:11.197","2229759.0000","2.2655","60578.0000","-0.0500","-0.0050","-1.0000","0.0000","0.0000","0.0000","0.0000","0.0000"
"1263.0","15:13:11.198","2228506.0000","2.1290","60578.0000","-0.0500","-0.0050","-1.0000","0.0000","0.0000","0.0000","0.0000","0.0000"
"1264.0","15:13:11.199","2226527.0000","1.9132","60578.0000","-0.0500","-0.0050","-1.0000","0.0000","0.0000","0.0000","0.0000","0.0000"
"1265.0","15:13:11.200","2223891.0000","1.6258","60578.0000","-0.0500","-0.0050","-1.0000","0.0000","0.0000","0.0000","0.0000","0.0000"
"1266.0","15:13:11.201","2221570.0000","1.3728","60578.0000","-0.0500","-0.0050","-1.0000","0.0000","0.0000","0.0000","0.0000","0.0000"
"1267.0","15:13:11.202","2220872.0000","1.2967","60578.0000","-0.0500","-0.0050","-1.0000","0.0000","0.0000","0.0000","0.0000","0.0000"
"1268.0","15:13:11.203","2218762.0000","1.0667","60578.0000","-0.0500","-0.0050","-1.0000","0.0000","0.0000","0.0000","0.0000","0.0000"
"1269.0","15:13:11.204","2216072.0000","0.7734","60578.0000","-0.0500","-0.0050","-1.0000","0.0000","0.0000","0.0000","0.0000","0.0000"
"1270.0","15:13:11.205","2214065.0000","0.5546","60578.0000","-0.0500","-0.0050","-1.0000","0.0000","0.0000","0.0000","0.0000","0.0000"
"1271.0","15:13:11.206","2211883.0000","0.3167","60578.0000","-0.0500","-0.0050","-1.0000","0.0000","0.0000","0.0000","0.0000","0.0000"
"1272.0","15:13:11.207","2209496.0000","0.0565","60578.0000","-0.0500","-0.0050","-1.0000","0.0000","0.0000","0.0000","0.0000","0.0000"
"1273.0","15:13:11.208","2205875.0000","-0.3279","60578.0000","-0.0500","-0.0050","-1.0000","0.0000","0.0000","0.0000","0.0000","0.0000"
"1274.0","15:13:11.209","2202759.0000","-0.6540","60578.0000","-0.0500","-0.0050","-1.0000","0.0000","0.0000","0.0000","0.0000","0.0000"
"1275.0","15:13:11.210","2200296.0000","-0.9118","60578.0000","-0.0500","-0.0050","-1.0000","0.0000","0.0000","0.0000","0.0000","0.0000"
"1276.0","15:13:11.211","2197680.0000","-1.1855","60578.0000","-0.0500","-0.0050","-1.0000","0.0000","0.0000","0.0000","0.0000","0.0000"
"1277.0","15:13:11.212","2196030.0000","-1.3582","60578.0000","-0.0500","-0.0050","-1.0000","0.0000","0.0000","0.0000","0.0000","0.0000"
"1278.0","15:13:11.213","2195847.0000","-1.3774","60578.0000","-0.0500","-0.0050","-1.0000","0.0000","0.0000","0.0000","0.0000","0.0000"
"1279.0","15:13:11.214","2195430.0000","-1.4210","60578.0000","-0.0500","-0.0050","-1.0000","0.0000","0.0000","0.0000","0.0000","0.0000"
"1280.0","15:13:11.215","2197085.0000","-1.2478","60578.0000","-0.0500","-0.0050","-1.0000","0.0000","0.0000","0.0000","0.0000","0.0000"
"1281.0","15:13:11.216","2198439.0000","-1.1061","60593.0000","-0.0500","-0.0050","-1.0000","0.0000","0.0000","0.0000","0.0000","0.0000"
"1282.0","15:13:11.217","2200950.0000","-0.8433","60593.0000","-0.0500","-0.0050","-1.0000","0.0000","0.0000","0.0000","0.0000","0.0000"
"1283.0","15:13:11.218","2200950.0000","-0.8433","60593.0000","-0.0500","-0.0050","-1.0000","0.0000","0.0000","0.0000","0.0000","0.0000"
"1284.0","15:13:11.219","2202556.0000","-0.6752","60593.0000","-0.0500","-0.0050","-1.0000","0.0000","0.0000","0.0000","0.0000","0.0000"
"1285.0","15:13:11.220","2206874.0000","-0.2234","60593.0000","-0.0500","-0.0050","-1.0000","0.0000","0.0000","0.0000","0.0000","0.0000"
"1286.0","15:13:11.221","2211510.0000","0.2761","60593.0000","-0.0500","-0.0050","-1.0000","0.0000","0.0000","0.0000","0.0000","0.0000"
"1287.0","15:13:11.222","2215585.0000","0.7203","60593.0000","-0.0500","-0.0050","-1.0000","0.0000","0.0000","0.0000","0.0000","0.0000"
"1288.0","15:13:11.223","2220331.0000","1.2377","60593.0000","-0.0500","-0.0050","-1.0000","0.0000","0.0000","0.0000","0.0000","0.0000"
"1289.0","15:13:11.224","2224826.0000","1.7277","60593.0000","-0.0500","-0.0050","-1.0000","0.0000","0.0000","0.0000","0.0000","0.0000"
"1290.0","15:13:11.225","2228163.0000","2.0915","60593.0000","-0.0500","-0.0050","-1.0000","0.0000","0.0000","0.0000","0.0000","0.0000"
"1291.0","15:13:11.226","2229896.0000","2.2805","60593.0000","-0.0500","-0.0050","-1.0000","0.0000","0.0000","0.0000","0.0000","0.0000"
"1292.0","15:13:11.227","2233146.0000","2.6348","60593.0000","-0.0500","-0.0050","-1.0000","0.0000","0.0000","0.0000","0.0000","0.0000"
"1293.0","15:13:11.228","2233693.0000","2.6944","60593.0000","-0.0500","-0.0050","-1.0000","0.0000","0.0000","0.0000","0.0000","0.0000"
"1294.0","15:13:11.229","2234556.0000","2.7885","60593.0000","-0.0500","-0.0050","-1.0000","0.0000","0.0000","0.0000","0.0000","0.0000"
"1295.0","15:13:11.230","2235385.0000","2.8789","60593.0000","-0.0500","-0.0050","-1.0000","0.0000","0.0000","0.0000","0.0000","0.0000"
"1296.0","15:13:11.231","2234576.0000","2.7907","60593.0000","-0.0500","-0.0050","-1.0000","0.0000","0.0000","0.0000","0.0000","0.0000"
"1297.0","15:13:11.232","2233767.0000","2.7025","60593.0000","-0.0500","-0.0050","-1.0000","0.0000","0.0000","0.0000","0.0000","0.0000"
"1298.0","15:13:11.233","2234432.0000","2.7750","60593.0000","-0.0500","-0.0050","-1.0000","0.0000","0.0000","0.0000","0.0000","0.0000"
"1299.0","15:13:11.234","2235158.0000","2.8541","60593.0000","-0.0500","-0.0050","-1.0000","0.0000","0.0000","0.0000","0.0000","0.0000"
"1300.0","15:13:11.235","2235793.0000","2.9233","60593.0000","-0.0500","-0.0050","-1.0000","0.0000","0.0000","0.0000","0.0000","0.0000"
"1301.0","15:13:11.236","2235498.0000","2.8912","60593.0000","-0.0500","-0.0050","-1.0000","0.0000","0.0000","0.0000","0.0000","0.0000"
"1302.0","15:13:11.237","2235058.0000","2.8432","60593.0000","-0.0500","-0.0050","-1.0000","0.0000","0.0000","0.0000","0.0000","0.0000"
"1303.0","15:13:11.238","2233456.0000","2.6686","60593.0000","-0.0500","-0.0050","-1.0000","0.0000","0.0000","0.0000","0.0000","0.0000"
"1304.0","15:13:11.239","2232903.0000","2.6083","60593.0000","-0.0500","-0.0050","-1.0000","0.0000","0.0000","0.0000","0.0000","0.0000"
"1305.0","15:13:11.240","2231237.0000","2.4267","60593.0000","-0.0500","-0.0050","-1.0000","0.0000","0.0000","0.0000","0.0000","0.0000"
"1306.0","15:13:11.241","2229776.0000","2.2674","60593.0000","-0.0500","-0.0050","-1.0000","0.0000","0.0000","0.0000","0.0000","0.0000"
"1307.0","15:13:11.242","2229745.0000","2.2640","60593.0000","-0.0500","-0.0050","-1.0000","0.0000","0.0000","0.0000","0.0000","0.0000"
"1308.0","15:13:11.243","2227912.0000","2.0642","60593.0000","-0.0500","-0.0050","-1.0000","0.0000","0.0000","0.0000","0.0000","0.0000"
"1309.0","15:13:11.244","2226441.0000","1.9038","60593.0000","-0.0500","-0.0050","-1.0000","0.0000","0.0000","0.0000","0.0000","0.0000"
"1310.0","15:13:11.245","2226052.0000","1.8614","60593.0000","-0.0500","-0.0050","-1.0000","0.0000","0.0000","0.0000","0.0000","0.0000"
"1311.0","15:13:11.246","2225759.0000","1.8295","60593.0000","-0.0500","-0.0050","-1.0000","0.0000","0.0000","0.0000","0.0000","0.0000"
"1312.0","15:13:11.247","2224999.0000","1.7466","60593.0000","-0.0500","-0.0050","-1.0000","0.0000","0.0000","0.0000","0.0000","0.0000"
"1313.0","15:13:11.248","2223753.0000","1.6108","60593.0000","-0.0500","-0.0050","-1.0000","0.0000","0.0000","0.0000","0.0000","0.0000"
"1314.0","15:13:11.249","2223478.0000","1.5808","60593.0000","-0.0500","-0.0050","-1.0000","0.0000","0.0000","0.0000","0.0000","0.0000"
"1315.0","15:13:11.250","2225149.0000","1.7630","60593.0000","-0.0500","-0.0050","-1.0000","0.0000","0.0000","0.0000","0.0000","0.0000"
"1316.0","15:13:11.251","2223678.0000","1.6026","60593.0000","-0.0500","-0.0050","-1.0000","0.0000","0.0000","0.0000","0.0000","0.0000"
"1317.0","15:13:11.252","2223206.0000","1.5512","60593.0000","-0.0500","-0.0050","-1.0000","0.0000","0.0000","0.0000","0.0000","0.0000"
"1318.0","15:13:11.253","2222718.0000","1.4980","60593.0000","-0.0500","-0.0050","-1.0000","0.0000","0.0000","0.0000","0.0000","0.0000"
"1319.0","15:13:11.254","2222288.0000","1.4511","60593.0000","-0.0500","-0.0050","-1.0000","0.0000","0.0000","0.0000","0.0000","0.0000"
"1320.0","15:13:11.255","2222500.0000","1.4742","60593.0000","-0.0500","-0.0050","-1.0000","0.0000","0.0000","0.0000","0.0000","0.0000"
"1321.0","15:13:11.256","2222193.0000","1.4407","60593.0000","-0.0500","-0.0050","-1.0000","0.0000","0.0000","0.0000","0.0000","0.0000"
"1322.0","15:13:11.257","2222315.0000","1.4540","60593.0000","-0.0500","-0.0050","-1.0000","0.0000","0.0000","0.0000","0.0000","0.0000"
"1323.0","15:13:11.258","2222052.0000","1.4253","60593.0000","-0.0500","-0.0050","-1.0000","0.0000","0.0000","0.0000","0.0000","0.0000"
"1324.0","15:13:11.259","2222621.0000","1.4874","60593.0000","-0.0500","-0.0050","-1.0000","0.0000","0.0000","0.0000","0.0000","0.0000"
"1325.0","15:13:11.260","2222570.0000","1.4818","60593.0000","-0.0500","-0.0050","-1.0000","0.0000","0.0000","0.0000","0.0000","0.0000"
"1326.0","15:13:11.261","2222369.0000","1.4599","60593.0000","-0.0500","-0.0050","-1.0000","0.0000","0.0000","0.0000","0.0000","0.0000"
"1327.0","15:13:11.262","2223484.0000","1.5815","60593.0000","-0.0500","-0.0050","-1.0000","0.0000","0.0000","0.0000","0.0000","0.0000"
"1328.0","15:13:11.263","2223390.0000","1.5712","60593.0000","-0.0500","-0.0050","-1.0000","0.0000","0.0000","0.0000","0.0000","0.0000"
"1329.0","15:13:11.264","2223390.0000","1.5712","60593.0000","-0.0500","-0.0050","-1.0000","0.0000","0.0000","0.0000","0.0000","0.0000"
"1330.0","15:13:11.265","2223437.0000","1.5763","60593.0000","-0.0500","-0.0050","-1.0000","0.0000","0.0000","0.0000","0.0000","0.0000"
"1331.0","15:13:11.266","2223903.0000","1.6271","60593.0000","-0.0500","-0.0050","-1.0000","0.0000","0.0000","0.0000","0.0000","0.0000"
"1332.0","15:13:11.267","2225124.0000","1.7602","60593.0000","-0.0500","-0.0050","-1.0000","0.0000","0.0000","0.0000","0.0000","0.0000"
"1333.0","15:13:11.268","2225632.0000","1.8156","60593.0000","-0.0500","-0.0050","-1.0000","0.0000","0.0000","0.0000","0.0000","0.0000"
"1334.0","15:13:11.269","2225604.0000","1.8126","60593.0000","-0.0500","-0.0050","-1.0000","0.0000","0.0000","0.0000","0.0000","0.0000"
"1335.0","15:13:11.270","2225515.0000","1.8029","60593.0000","-0.0500","-0.0050","-1.0000","0.0000","0.0000","0.0000","0.0000","0.0000"
"1336.0","15:13:11.271","2225489.0000","1.8000","60593.0000","-0.0500","-0.0050","-1.0000","0.0000","0.0000","0.0000","0.0000","0.0000"
"1337.0","15:13:11.272","2226720.0000","1.9342","60593.0000","-0.0500","-0.0050","-1.0000","0.0000","0.0000","0.0000","0.0000","0.0000"
"1338.0","15:13:11.273","2227459.0000","2.0148","60593.0000","-0.0500","-0.0050","-1.0000","0.0000","0.0000","0.0000","0.0000","0.0000"
"1339.0","15:13:11.274","2227502.0000","2.0195","60593.0000","-0.0500","-0.0050","-1.0000","0.0000","0.0000","0.0000","0.0000","0.0000"
"1340.0","15:13:11.275","2227580.0000","2.0280","60593.0000","-0.0500","-0.0050","-1.0000","0.0000","0.0000","0.0000","0.0000","0.0000"
"1341.0","15:13:11.276","2228080.0000","2.0825","60584.0000","-0.0500","-0.0050","-1.0000","0.0000","0.0000","0.0000","0.0000","0.0000"
"1342.0","15:13:11.277","2227832.0000","2.0555","60584.0000","-0.0500","-0.0050","-1.0000","0.0000","0.0000","0.0000","0.0000","0.0000"
"1343.0","15:13:11.278","2226955.0000","1.9598","60584.0000","-0.0500","-0.0050","-1.0000","0.0000","0.0000","0.0000","0.0000","0.0000"
"1344.0","15:13:11.279","2226930.0000","1.9571","60584.0000","-0.0500","-0.0050","-1.0000","0.0000","0.0000","0.0000","0.0000","0.0000"
"1345.0","15:13:11.280","2227576.0000","2.0276","60584.0000","-0.0500","-0.0050","-1.0000","0.0000","0.0000","0.0000","0.0000","0.0000"
"1346.0","15:13:11.281","2227536.0000","2.0232","60584.0000","-0.0500","-0.0050","-1.0000","0.0000","0.0000","0.0000","0.0000","0.0000"
"1347.0","15:13:11.282","2227130.0000","1.9789","60584.0000","-0.0500","-0.0050","-1.0000","0.0000","0.0000","0.0000","0.0000","0.0000"
"1348.0","15:13:11.283","2227029.0000","1.9679","60584.0000","-0.0500","-0.0050","-1.0000","0.0000","0.0000","0.0000","0.0000","0.0000"
"1349.0","15:13:11.284","2227018.0000","1.9667","60584.0000","-0.0500","-0.0050","-1.0000","0.0000","0.0000","0.0000","0.0000","0.0000"
"1350.0","15:13:11.285","2227444.0000","2.0132","60584.0000","-0.0500","-0.0050","-1.0000","0.0000","0.0000","0.0000","0.0000","0.0000"
"1351.0","15:13:11.286","2227237.0000","1.9906","60584.0000","-0.0500","-0.0050","-1.0000","0.0000","0.0000","0.0000","0.0000","0.0000"
"1352.0","15:13:11.287","2228165.0000","2.0918","60584.0000","-0.0500","-0.0050","-1.0000","0.0000","0.0000","0.0000","0.0000","0.0000"
"1353.0","15:13:11.288","2228691.0000","2.1491","60584.0000","-0.0500","-0.0050","-1.0000","0.0000","0.0000","0.0000","0.0000","0.0000"
"1354.0","15:13:11.289","2228340.0000","2.1109","60584.0000","-0.0500","-0.0050","-1.0000","0.0000","0.0000","0.0000","0.0000","0.0000"
"1355.0","15:13:11.290","2228880.0000","2.1697","60584.0000","-0.0500","-0.0050","-1.0000","0.0000","0.0000","0.0000","0.0000","0.0000"
"1356.0","15:13:11.291","2227797.0000","2.0517","60584.0000","-0.0500","-0.0050","-1.0000","0.0000","0.0000","0.0000","0.0000","0.0000"
"1357.0","15:13:11.292","2227376.0000","2.0058","60584.0000","-0.0500","-0.0050","-1.0000","0.0000","0.0000","0.0000","0.0000","0.0000"
"1358.0","15:13:11.293","2227760.0000","2.0476","60584.0000","-0.0500","-0.0050","-1.0000","0.0000","0.0000","0.0000","0.0000","0.0000"
"1359.0","15:13:11.294","2228094.0000","2.0840","60584.0000","-0.0500","-0.0050","-1.0000","0.0000","0.0000","0.0000","0.0000","0.0000"
"1360.0","15:13:11.295","2228378.0000","2.1150","60584.0000","-0.0500","-0.0050","-1.0000","0.0000","0.0000","0.0000","0.0000","0.0000"
"1361.0","15:13:11.296","2228294.0000","2.1058","60584.0000","-0.0500","-0.0050","-1.0000","0.0000","0.0000","0.0000","0.0000","0.0000"
"1362.0","15:13:11.297","2227696.0000","2.0406","60584.0000","-0.0500","-0.0050","-1.0000","0.0000","0.0000","0.0000","0.0000","0.0000"
"1363.0","15:13:11.298","2227326.0000","2.0003","60584.0000","-0.0500","-0.0050","-1.0000","0.0000","0.0000","0.0000","0.0000","0.0000"
"1364.0","15:13:11.299","2227094.0000","1.9750","60584.0000","-0.0500","-0.0050","-1.0000","0.0000","0.0000","0.0000","0.0000","0.0000"
"1365.0","15:13:11.300","2226168.0000","1.8741","60584.0000","-0.0500","-0.0050","-1.0000","0.0000","0.0000","0.0000","0.0000","0.0000"
"1366.0","15:13:11.301","2226972.0000","1.9617","60584.0000","-0.0500","-0.0050","-1.0000","0.0000","0.0000","0.0000","0.0000","0.0000"
"1367.0","15:13:11.302","2226644.0000","1.9260","60584.0000","-0.0500","-0.0050","-1.0000","0.0000","0.0000","0.0000","0.0000","0.0000"
"1368.0","15:13:11.303","2227131.0000","1.9790","60584.0000","-0.0500","-0.0050","-1.0000","0.0000","0.0000","0.0000","0.0000","0.0000"
"1369.0","15:13:11.304","2227207.0000","1.9873","60584.0000","-0.0500","-0.0050","-1.0000","0.0000","0.0000","0.0000","0.0000","0.0000"
"1370.0","15:13:11.305","2226114.0000","1.8682","60584.0000","-0.0500","-0.0050","-1.0000","0.0000","0.0000","0.0000","0.0000","0.0000"
"1371.0","15:13:11.306","2226763.0000","1.9389","60584.0000","-0.0500","-0.0050","-1.0000","0.0000","0.0000","0.0000","0.0000","0.0000"
"1372.0","15:13:11.307","2225992.0000","1.8549","60584.0000","-0.0500","-0.0050","-1.0000","0.0000","0.0000","0.0000","0.0000","0.0000"
"1373.0","15:13:11.308","2225647.0000","1.8172","60584.0000","-0.0500","-0.0050","-1.0000","0.0000","0.0000","0.0000","0.0000","0.0000"
"1374.0","15:13:11.309","2225118.0000","1.7596","60584.0000","-0.0500","-0.0050","-1.0000","0.0000","0.0000","0.0000","0.0000","0.0000"
"1375.0","15:13:11.310","2225090.0000","1.7565","60584.0000","-0.0500","-0.0050","-1.0000","0.0000","0.0000","0.0000","0.0000","0.0000"
"1376.0","15:13:11.311","2225090.0000","1.7565","60584.0000","-0.0500","-0.0050","-1.0000","0.0000","0.0000","0.0000","0.0000","0.0000"
"1377.0","15:13:11.312","2224943.0000","1.7405","60584.0000","-0.0500","-0.0050","-1.0000","0.0000","0.0000","0.0000","0.0000","0.0000"
"1378.0","15:13:11.313","2224596.0000","1.7027","60584.0000","-0.0500","-0.0050","-1.0000","0.0000","0.0000","0.0000","0.0000","0.0000"
"1379.0","15:13:11.314","2223760.0000","1.6116","60584.0000","-0.0500","-0.0050","-1.0000","0.0000","0.0000","0.0000","0.0000","0.0000"
"1380.0","15:13:11.315","2224625.0000","1.7058","60584.0000","-0.0500","-0.0050","-1.0000","0.0000","0.0000","0.0000","0.0000","0.0000"
"1381.0","15:13:11.316","2224638.0000","1.7073","60584.0000","-0.0500","-0.0050","-1.0000","0.0000","0.0000","0.0000","0.0000","0.0000"
"1382.0","15:13:11.317","2224557.0000","1.6984","60584.0000","-0.0500","-0.0050","-1.0000","0.0000","0.0000","0.0000","0.0000","0.0000"
"1383.0","15:13:11.318","2223003.0000","1.5290","60584.0000","-0.0500","-0.0050","-1.0000","0.0000","0.0000","0.0000","0.0000","0.0000"
"1384.0","15:13:11.319","2222556.0000","1.4803","60584.0000","-0.0500","-0.0050","-1.0000","0.0000","0.0000","0.0000","0.0000","0.0000"
"1385.0","15:13:11.320","2223658.0000","1.6004","60584.0000","-0.0500","-0.0050","-1.0000","0.0000","0.0000","0.0000","0.0000","0.0000"
"1386.0","15:13:11.321","2222146.0000","1.4356","60584.0000","-0.0500","-0.0050","-1.0000","0.0000","0.0000","0.0000","0.0000","0.0000"
"1387.0","15:13:11.322","2223131.0000","1.5430","60584.0000","-0.0500","-0.0050","-1.0000","0.0000","0.0000","0.0000","0.0000","0.0000"
"1388.0","15:13:11.323","2221408.0000","1.3551","60584.0000","-0.0500","-0.0050","-1.0000","0.0000","0.0000","0.0000","0.0000","0.0000"
"1389.0","15:13:11.324","2221628.0000","1.3791","60584.0000","-0.0500","-0.0050","-1.0000","0.0000","0.0000","0.0000","0.0000","0.0000"
"1390.0","15:13:11.325","2221707.0000","1.3877","60584.0000","-0.0500","-0.0050","-1.0000","0.0000","0.0000","0.0000","0.0000","0.0000"
"1391.0","15:13:11.326","2221048.0000","1.3159","60584.0000","-0.0500","-0.0050","-1.0000","0.0000","0.0000","0.0000","0.0000","0.0000"
"1392.0","15:13:11.327","2222189.0000","1.4403","60584.0000","-0.0500","-0.0050","-1.0000","0.0000","0.0000","0.0000","0.0000","0.0000"
"1393.0","15:13:11.328","2222103.0000","1.4309","60584.0000","-0.0500","-0.0050","-1.0000","0.0000","0.0000","0.0000","0.0000","0.0000"
"1394.0","15:13:11.329","2221510.0000","1.3663","60584.0000","-0.0500","-0.0050","-1.0000","0.0000","0.0000","0.0000","0.0000","0.0000"
"1395.0","15:13:11.330","2221136.0000","1.3255","60584.0000","-0.0500","-0.0050","-1.0000","0.0000","0.0000","0.0000","0.0000","0.0000"
"1396.0","15:13:11.331","2220914.0000","1.3013","60584.0000","-0.0500","-0.0050","-1.0000","0.0000","0.0000","0.0000","0.0000","0.0000"
"1397.0","15:13:11.332","2221161.0000","1.3282","60584.0000","-0.0500","-0.0050","-1.0000","0.0000","0.0000","0.0000","0.0000","0.0000"
"1398.0","15:13:11.333","2221100.0000","1.3216","60584.0000","-0.0500","-0.0050","-1.0000","0.0000","0.0000","0.0000","0.0000","0.0000"
"1399.0","15:13:11.334","2220253.0000","1.2292","60584.0000","-0.0500","-0.0050","-1.0000","0.0000","0.0000","0.0000","0.0000","0.0000"
"1400.0","15:13:11.335","2220344.0000","1.2391","60584.0000","-0.0500","-0.0050","-1.0000","0.0000","0.0000","0.0000","0.0000","0.0000"
"1401.0","15:13:11.336","2220185.0000","1.2218","60576.0000","-0.0500","-0.0050","-1.0000","0.0000","0.0000","0.0000","0.0000","0.0000"
"1402.0","15:13:11.337","2219864.0000","1.1868","60576.0000","-0.0500","-0.0050","-1.0000","0.0000","0.0000","0.0000","0.0000","0.0000"
"1403.0","15:13:11.338","2219411.0000","1.1374","60576.0000","-0.0500","-0.0050","-1.0000","0.0000","0.0000","0.0000","0.0000","0.0000"
"1404.0","15:13:11.339","2218659.0000","1.0554","60576.0000","-0.0500","-0.0050","-1.0000","0.0000","0.0000","0.0000","0.0000","0.0000"
"1405.0","15:13:11.340","2218608.0000","1.0499","60576.0000","-0.0500","-0.0050","-1.0000","0.0000","0.0000","0.0000","0.0000","0.0000"
"1406.0","15:13:11.341","2217905.0000","0.9732","60576.0000","-0.0500","-0.0050","-1.0000","0.0000","0.0000","0.0000","0.0000","0.0000"
"1407.0","15:13:11.342","2217637.0000","0.9440","60576.0000","-0.0500","-0.0050","-1.0000","0.0000","0.0000","0.0000","0.0000","0.0000"
"1408.0","15:13:11.343","2217320.0000","0.9095","60576.0000","-0.0500","-0.0050","-1.0000","0.0000","0.0000","0.0000","0.0000","0.0000"
"1409.0","15:13:11.344","2216957.0000","0.8699","60576.0000","-0.0500","-0.0050","-1.0000","0.0000","0.0000","0.0000","0.0000","0.0000"
"1410.0","15:13:11.345","2217314.0000","0.9088","60576.0000","-0.0500","-0.0050","-1.0000","0.0000","0.0000","0.0000","0.0000","0.0000"
"1411.0","15:13:11.346","2217109.0000","0.8865","60576.0000","-0.0500","-0.0050","-1.0000","0.0000","0.0000","0.0000","0.0000","0.0000"
"1412.0","15:13:11.347","2216211.0000","0.7886","60576.0000","-0.0500","-0.0050","-1.0000","0.0000","0.0000","0.0000","0.0000","0.0000"
"1413.0","15:13:11.348","2216850.0000","0.8582","60576.0000","-0.0500","-0.0050","-1.0000","0.0000","0.0000","0.0000","0.0000","0.0000"
"1414.0","15:13:11.349","2217074.0000","0.8827","60576.0000","-0.0500","-0.0050","-1.0000","0.0000","0.0000","0.0000","0.0000","0.0000"
"1415.0","15:13:11.350","2217039.0000","0.8788","60576.0000","-0.0500","-0.0050","-1.0000","0.0000","0.0000","0.0000","0.0000","0.0000"
"1416.0","15:13:11.351","2216899.0000","0.8636","60576.0000","-0.0500","-0.0050","-1.0000","0.0000","0.0000","0.0000","0.0000","0.0000"
"1417.0","15:13:11.352","2216891.0000","0.8627","60576.0000","-0.0500","-0.0050","-1.0000","0.0000","0.0000","0.0000","0.0000","0.0000"
"1418.0","15:13:11.353","2218420.0000","1.0294","60576.0000","-0.0500","-0.0050","-1.0000","0.0000","0.0000","0.0000","0.0000","0.0000"
"1419.0","15:13:11.354","2218470.0000","1.0348","60576.0000","-0.0500","-0.0050","-1.0000","0.0000","0.0000","0.0000","0.0000","0.0000"
"1420.0","15:13:11.355","2218679.0000","1.0576","60576.0000","-0.0500","-0.0050","-1.0000","0.0000","0.0000","0.0000","0.0000","0.0000"
"1421.0","15:13:11.356","2219131.0000","1.1069","60576.0000","-0.0500","-0.0050","-1.0000","0.0000","0.0000","0.0000","0.0000","0.0000"
"1422.0","15:13:11.357","2219577.0000","1.1555","60576.0000","-0.0500","-0.0050","-1.0000","0.0000","0.0000","0.0000","0.0000","0.0000"
"1423.0","15:13:11.358","2219577.0000","1.1555","60576.0000","-0.0500","-0.0050","-1.0000","0.0000","0.0000","0.0000","0.0000","0.0000"
"1424.0","15:13:11.359","2220081.0000","1.2105","60576.0000","-0.0500","-0.0050","-1.0000","0.0000","0.0000","0.0000","0.0000","0.0000"
"1425.0","15:13:11.360","2220692.0000","1.2771","60576.0000","-0.0500","-0.0050","-1.0000","0.0000","0.0000","0.0000","0.0000","0.0000"
"1426.0","15:13:11.361","2221225.0000","1.3352","60576.0000","-0.0500","-0.0050","-1.0000","0.0000","0.0000","0.0000","0.0000","0.0000"
"1427.0","15:13:11.362","2221556.0000","1.3713","60576.0000","-0.0500","-0.0050","-1.0000","0.0000","0.0000","0.0000","0.0000","0.0000"
"1428.0","15:13:11.363","2222017.0000","1.4215","60576.0000","-0.0500","-0.0050","-1.0000","0.0000","0.0000","0.0000","0.0000","0.0000"
"1429.0","15:13:11.364","2221851.0000","1.4034","60576.0000","-0.0500","-0.0050","-1.0000","0.0000","0.0000","0.0000","0.0000","0.0000"
"1430.0","15:13:11.365","2222764.0000","1.5030","60576.0000","-0.0500","-0.0050","-1.0000","0.0000","0.0000","0.0000","0.0000","0.0000"
"1431.0","15:13:11.366","2224115.0000","1.6502","60576.0000","-0.0500","-0.0050","-1.0000","0.0000","0.0000","0.0000","0.0000","0.0000"
"1432.0","15:13:11.367","2224334.0000","1.6741","60576.0000","-0.0500","-0.0050","-1.0000","0.0000","0.0000","0.0000","0.0000","0.0000"
"1433.0","15:13:11.368","2225088.0000","1.7563","60576.0000","-0.0500","-0.0050","-1.0000","0.0000","0.0000","0.0000","0.0000","0.0000"
"1434.0","15:13:11.369","2225068.0000","1.7541","60576.0000","-0.0500","-0.0050","-1.0000","0.0000","0.0000","0.0000","0.0000","0.0000"
"1435.0","15:13:11.370","2225766.0000","1.8303","60576.0000","-0.0500","-0.0050","-1.0000","0.0000","0.0000","0.0000","0.0000","0.0000"
"1436.0","15:13:11.371","2226356.0000","1.8945","60576.0000","-0.0500","-0.0050","-1.0000","0.0000","0.0000","0.0000","0.0000","0.0000"
"1437.0","15:13:11.372","2226974.0000","1.9619","60576.0000","-0.0500","-0.0050","-1.0000","0.0000","0.0000","0.0000","0.0000","0.0000"
"1438.0","15:13:11.373","2226782.0000","1.9410","60576.0000","-0.0500","-0.0050","-1.0000","0.0000","0.0000","0.0000","0.0000","0.0000"
"1439.0","15:13:11.374","2227078.0000","1.9733","60576.0000","-0.0500","-0.0050","-1.0000","0.0000","0.0000","0.0000","0.0000","0.0000"
"1440.0","15:13:11.375","2226538.0000","1.9144","60576.0000","-0.0500","-0.0050","-1.0000","0.0000","0.0000","0.0000","0.0000","0.0000"
"1441.0","15:13:11.376","2226680.0000","1.9299","60576.0000","-0.0500","-0.0050","-1.0000","0.0000","0.0000","0.0000","0.0000","0.0000"
"1442.0","15:13:11.377","2227062.0000","1.9715","60576.0000","-0.0500","-0.0050","-1.0000","0.0000","0.0000","0.0000","0.0000","0.0000"
"1443.0","15:13:11.378","2227728.0000","2.0441","60576.0000","-0.0500","-0.0050","-1.0000","0.0000","0.0000","0.0000","0.0000","0.0000"
"1444.0","15:13:11.379","2227108.0000","1.9765","60576.0000","-0.0500","-0.0050","-1.0000","0.0000","0.0000","0.0000","0.0000","0.0000"
"1445.0","15:13:11.380","2226634.0000","1.9248","60576.0000","-0.0500","-0.0050","-1.0000","0.0000","0.0000","0.0000","0.0000","0.0000"
"1446.0","15:13:11.381","2226479.0000","1.9079","60576.0000","-0.0500","-0.0050","-1.0000","0.0000","0.0000","0.0000","0.0000","0.0000"
"1447.0","15:13:11.382","2226488.0000","1.9089","60576.0000","-0.0500","-0.0050","-1.0000","0.0000","0.0000","0.0000","0.0000","0.0000"
"1448.0","15:13:11.383","2226277.0000","1.8860","60576.0000","-0.0500","-0.0050","-1.0000","0.0000","0.0000","0.0000","0.0000","0.0000"
"1449.0","15:13:11.384","2225768.0000","1.8305","60576.0000","-0.0500","-0.0050","-1.0000","0.0000","0.0000","0.0000","0.0000","0.0000"
"1450.0","15:13:11.385","2225724.0000","1.8256","60576.0000","-0.0500","-0.0050","-1.0000","0.0000","0.0000","0.0000","0.0000","0.0000"
"1451.0","15:13:11.386","2225274.0000","1.7766","60576.0000","-0.0500","-0.0050","-1.0000","0.0000","0.0000","0.0000","0.0000","0.0000"
"1452.0","15:13:11.387","2224185.0000","1.6579","60576.0000","-0.0500","-0.0050","-1.0000","0.0000","0.0000","0.0000","0.0000","0.0000"
"1453.0","15:13:11.388","2224034.0000","1.6414","60576.0000","-0.0500","-0.0050","-1.0000","0.0000","0.0000","0.0000","0.0000","0.0000"
"1454.0","15:13:11.389","2223799.0000","1.6158","60576.0000","-0.0500","-0.0050","-1.0000","0.0000","0.0000","0.0000","0.0000","0.0000"
"1455.0","15:13:11.390","2224314.0000","1.6720","60576.0000","-0.0500","-0.0050","-1.0000","0.0000","0.0000","0.0000","0.0000","0.0000"
"1456.0","15:13:11.391","2224246.0000","1.6645","60576.0000","-0.0500","-0.0050","-1.0000","0.0000","0.0000","0.0000","0.0000","0.0000"
"1457.0","15:13:11.392","2223599.0000","1.5940","60576.0000","-0.0500","-0.0050","-1.0000","0.0000","0.0000","0.0000","0.0000","0.0000"
"1458.0","15:13:11.393","2223830.0000","1.6192","60576.0000","-0.0500","-0.0050","-1.0000","0.0000","0.0000","0.0000","0.0000","0.0000"
"1459.0","15:13:11.394","2224586.0000","1.7016","60576.0000","-0.0500","-0.0050","-1.0000","0.0000","0.0000","0.0000","0.0000","0.0000"
"1460.0","15:13:11.395","2223694.0000","1.6044","60576.0000","-0.0500","-0.0050","-1.0000","0.0000","0.0000","0.0000","0.0000","0.0000"
"1461.0","15:13:11.396","2223300.0000","1.5614","60576.0000","-0.0500","-0.0050","-1.0000","0.0000","0.0000","0.0000","0.0000","0.0000"
"1462.0","15:13:11.397","2223243.0000","1.5552","60576.0000","-0.0500","-0.0050","-1.0000","0.0000","0.0000","0.0000","0.0000","0.0000"
"1463.0","15:13:11.398","2223331.0000","1.5648","60576.0000","-0.0500","-0.0050","-1.0000","0.0000","0.0000","0.0000","0.0000","0.0000"
"1464.0","15:13:11.399","2223113.0000","1.5410","60576.0000","-0.0500","-0.0050","-1.0000","0.0000","0.0000","0.0000","0.0000","0.0000"
"1465.0","15:13:11.400","2222424.0000","1.4659","60576.0000","-0.0500","-0.0050","-1.0000","0.0000","0.0000","0.0000","0.0000","0.0000"
"1466.0","15:13:11.401","2223542.0000","1.5878","60576.0000","-0.0500","-0.0050","-1.0000","0.0000","0.0000","0.0000","0.0000","0.0000"
"1467.0","15:13:11.402","2222978.0000","1.5263","60576.0000","-0.0500","-0.0050","-1.0000","0.0000","0.0000","0.0000","0.0000","0.0000"
"1468.0","15:13:11.403","2223090.0000","1.5385","60576.0000","-0.0500","-0.0050","-1.0000","0.0000","0.0000","0.0000","0.0000","0.0000"
"1469.0","15:13:11.404","2223090.0000","1.5385","60576.0000","-0.0500","-0.0050","-1.0000","0.0000","0.0000","0.0000","0.0000","0.0000"
"1470.0","15:13:11.405","2223051.0000","1.5343","60576.0000","-0.0500","-0.0050","-1.0000","0.0000","0.0000","0.0000","0.0000","0.0000"
"1471.0","15:13:11.406","2223466.0000","1.5795","60576.0000","-0.0500","-0.0050","-1.0000","0.0000","0.0000","0.0000","0.0000","0.0000"
"1472.0","15:13:11.407","2223125.0000","1.5423","60576.0000","-0.0500","-0.0050","-1.0000","0.0000","0.0000","0.0000","0.0000","0.0000"
"1473.0","15:13:11.408","2224184.0000","1.6578","60576.0000","-0.0500","-0.0050","-1.0000","0.0000","0.0000","0.0000","0.0000","0.0000"
"1474.0","15:13:11.409","2224571.0000","1.6999","60576.0000","-0.0500","-0.0050","-1.0000","0.0000","0.0000","0.0000","0.0000","0.0000"
"1475.0","15:13:11.410","2225538.0000","1.8054","60576.0000","-0.0500","-0.0050","-1.0000","0.0000","0.0000","0.0000","0.0000","0.0000"
"1476.0","15:13:11.411","2225836.0000","1.8378","60576.0000","-0.0500","-0.0050","-1.0000","0.0000","0.0000","0.0000","0.0000","0.0000"
"1477.0","15:13:11.412","2226154.0000","1.8725","60576.0000","-0.0500","-0.0050","-1.0000","0.0000","0.0000","0.0000","0.0000","0.0000"
"1478.0","15:13:11.413","2226020.0000","1.8579","60576.0000","-0.0500","-0.0050","-1.0000","0.0000","0.0000","0.0000","0.0000","0.0000"
"1479.0","15:13:11.414","2226168.0000","1.8741","60576.0000","-0.0500","-0.0050","-1.0000","0.0000","0.0000","0.0000","0.0000","0.0000"
"1480.0","15:13:11.415","2226122.0000","1.8691","60576.0000","-0.0500","-0.0050","-1.0000","0.0000","0.0000","0.0000","0.0000","0.0000"
"1481.0","15:13:11.416","2226881.0000","1.9518","60576.0000","-0.0500","-0.0050","-1.0000","0.0000","0.0000","0.0000","0.0000","0.0000"
"1482.0","15:13:11.417","2227408.0000","2.0092","60576.0000","-0.0500","-0.0050","-1.0000","0.0000","0.0000","0.0000","0.0000","0.0000"
"1483.0","15:13:11.418","2227232.0000","1.9901","60576.0000","-0.0500","-0.0050","-1.0000","0.0000","0.0000","0.0000","0.0000","0.0000"
"1484.0","15:13:11.419","2228000.0000","2.0738","60576.0000","-0.0500","-0.0050","-1.0000","0.0000","0.0000","0.0000","0.0000","0.0000"
"1485.0","15:13:11.420","2228531.0000","2.1317","60576.0000","-0.0500","-0.0050","-1.0000","0.0000","0.0000","0.0000","0.0000","0.0000"
"1486.0","15:13:11.421","2228966.0000","2.1791","60576.0000","-0.0500","-0.0050","-1.0000","0.0000","0.0000","0.0000","0.0000","0.0000"
"1487.0","15:13:11.422","2229921.0000","2.2832","60576.0000","-0.0500","-0.0050","-1.0000","0.0000","0.0000","0.0000","0.0000","0.0000"
"1488.0","15:13:11.423","2230964.0000","2.3969","60576.0000","-0.0500","-0.0050","-1.0000","0.0000","0.0000","0.0000","0.0000","0.0000"
"1489.0","15:13:11.424","2230509.0000","2.3473","60576.0000","-0.0500","-0.0050","-1.0000","0.0000","0.0000","0.0000","0.0000","0.0000"
"1490.0","15:13:11.425","2230496.0000","2.3459","60576.0000","-0.0500","-0.0050","-1.0000","0.0000","0.0000","0.0000","0.0000","0.0000"
"1491.0","15:13:11.426","2231456.0000","2.4506","60576.0000","-0.0500","-0.0050","-1.0000","0.0000","0.0000","0.0000","0.0000","0.0000"
"1492.0","15:13:11.427","2231794.0000","2.4874","60576.0000","-0.0500","-0.0050","-1.0000","0.0000","0.0000","0.0000","0.0000","0.0000"
"1493.0","15:13:11.428","2230891.0000","2.3890","60576.0000","-0.0500","-0.0050","-1.0000","0.0000","0.0000","0.0000","0.0000","0.0000"
"1494.0","15:13:11.429","2231378.0000","2.4421","60576.0000","-0.0500","-0.0050","-1.0000","0.0000","0.0000","0.0000","0.0000","0.0000"
"1495.0","15:13:11.430","2233296.0000","2.6511","60576.0000","-0.0500","-0.0050","-1.0000","0.0000","0.0000","0.0000","0.0000","0.0000"
"1496.0","15:13:11.431","2235014.0000","2.8384","60576.0000","-0.0500","-0.0050","-1.0000","0.0000","0.0000","0.0000","0.0000","0.0000"
"1497.0","15:13:11.432","2237244.0000","3.0815","60576.0000","-0.0500","-0.0050","-1.0000","0.0000","0.0000","0.0000","0.0000","0.0000"
"1498.0","15:13:11.433","2237660.0000","3.1269","60576.0000","-0.0500","-0.0050","-1.0000","0.0000","0.0000","0.0000","0.0000","0.0000"
"1499.0","15:13:11.434","2236966.0000","3.0512","60576.0000","-0.0500","-0.0050","-1.0000","0.0000","0.0000","0.0000","0.0000","0.0000"
"1500.0","15:13:11.435","2237738.0000","3.1354","60576.0000","-0.0500","-0.0050","-1.0000","0.0000","0.0000","0.0000","0.0000","0.0000"
"1501.0","15:13:11.436","2236790.0000","3.0321","60576.0000","-0.0500","-0.0050","-1.0000","0.0000","0.0000","0.0000","0.0000","0.0000"
"1502.0","15:13:11.437","2234312.0000","2.7619","60576.0000","-0.0500","-0.0050","-1.0000","0.0000","0.0000","0.0000","0.0000","0.0000"
"1503.0","15:13:11.438","2231007.0000","2.4016","60576.0000","-0.0500","-0.0050","-1.0000","0.0000","0.0000","0.0000","0.0000","0.0000"
"1504.0","15:13:11.439","2227037.0000","1.9688","60576.0000","-0.0500","-0.0050","-1.0000","0.0000","0.0000","0.0000","0.0000","0.0000"
"1505.0","15:13:11.440","2222793.0000","1.5061","60576.0000","-0.0500","-0.0050","-1.0000","0.0000","0.0000","0.0000","0.0000","0.0000"
"1506.0","15:13:11.441","2217470.0000","0.9258","60576.0000","-0.0500","-0.0050","-1.0000","0.0000","0.0000","0.0000","0.0000","0.0000"
"1507.0","15:13:11.442","2212733.0000","0.4094","60576.0000","-0.0500","-0.0050","-1.0000","0.0000","0.0000","0.0000","0.0000","0.0000"
"1508.0","15:13:11.443","2209720.0000","0.0810","60576.0000","-0.0500","-0.0050","-1.0000","0.0000","0.0000","0.0000","0.0000","0.0000"
"1509.0","15:13:11.444","2207334.0000","-0.1752","60576.0000","-0.0500","-0.0050","-1.0000","0.0000","0.0000","0.0000","0.0000","0.0000"
"1510.0","15:13:11.445","2206858.0000","-0.2251","60576.0000","-0.0500","-0.0050","-1.0000","0.0000","0.0000","0.0000","0.0000","0.0000"
"1511.0","15:13:11.446","2208470.0000","-0.0553","60576.0000","-0.0500","-0.0050","-1.0000","0.0000","0.0000","0.0000","0.0000","0.0000"
"1512.0","15:13:11.447","2208824.0000","-0.0168","60576.0000","-0.0500","-0.0050","-1.0000","0.0000","0.0000","0.0000","0.0000","0.0000"
"1513.0","15:13:11.448","2209890.0000","0.0995","60576.0000","-0.0500","-0.0050","-1.0000","0.0000","0.0000","0.0000","0.0000","0.0000"
"1514.0","15:13:11.449","2209874.0000","0.0977","60576.0000","-0.0500","-0.0050","-1.0000","0.0000","0.0000","0.0000","0.0000","0.0000"
"1515.0","15:13:11.450","2209514.0000","0.0585","60576.0000","-0.0500","-0.0050","-1.0000","0.0000","0.0000","0.0000","0.0000","0.0000"
"1516.0","15:13:11.451","2209514.0000","0.0585","60576.0000","-0.0500","-0.0050","-1.0000","0.0000","0.0000","0.0000","0.0000","0.0000"
"1517.0","15:13:11.452","2208575.0000","-0.0439","60576.0000","-0.0500","-0.0050","-1.0000","0.0000","0.0000","0.0000","0.0000","0.0000"
"1518.0","15:13:11.453","2206202.0000","-0.2937","60576.0000","-0.0500","-0.0050","-1.0000","0.0000","0.0000","0.0000","0.0000","0.0000"
"1519.0","15:13:11.454","2204846.0000","-0.4356","60576.0000","-0.0500","-0.0050","-1.0000","0.0000","0.0000","0.0000","0.0000","0.0000"
"1520.0","15:13:11.455","2202848.0000","-0.6447","60576.0000","-0.0500","-0.0050","-1.0000","0.0000","0.0000","0.0000","0.0000","0.0000"
"1521.0","15:13:11.456","2201460.0000","-0.7900","60576.0000","-0.0500","-0.0050","-1.0000","0.0000","0.0000","0.0000","0.0000","0.0000"
"1522.0","15:13:11.457","2200287.0000","-0.9127","60570.0000","-0.0500","-0.0050","-1.0000","0.0000","0.0000","0.0000","0.0000","0.0000"
"1523.0","15:13:11.458","2197826.0000","-1.1702","60570.0000","-0.0500","-0.0050","-1.0000","0.0000","0.0000","0.0000","0.0000","0.0000"
"1524.0","15:13:11.459","2196308.0000","-1.3291","60570.0000","-0.0500","-0.0050","-1.0000","0.0000","0.0000","0.0000","0.0000","0.0000"
"1525.0","15:13:11.460","2195701.0000","-1.3926","60570.0000","-0.0500","-0.0050","-1.0000","0.0000","0.0000","0.0000","0.0000","0.0000"
"1526.0","15:13:11.461","2195817.0000","-1.3805","60570.0000","-0.0500","-0.0050","-1.0000","0.0000","0.0000","0.0000","0.0000","0.0000"
"1527.0","15:13:11.462","2196017.0000","-1.3596","60570.0000","-0.0500","-0.0050","-1.0000","0.0000","0.0000","0.0000","0.0000","0.0000"
"1528.0","15:13:11.463","2197016.0000","-1.2550","60570.0000","-0.0500","-0.0050","-1.0000","0.0000","0.0000","0.0000","0.0000","0.0000"
"1529.0","15:13:11.464","2197868.0000","-1.1659","60570.0000","-0.0500","-0.0050","-1.0000","0.0000","0.0000","0.0000","0.0000","0.0000"
"1530.0","15:13:11.465","2201107.0000","-0.8269","60570.0000","-0.0500","-0.0050","-1.0000","0.0000","0.0000","0.0000","0.0000","0.0000"
"1531.0","15:13:11.466","2205668.0000","-0.3496","60570.0000","-0.0500","-0.0050","-1.0000","0.0000","0.0000","0.0000","0.0000","0.0000"
"1532.0","15:13:11.467","2210858.0000","0.2050","60570.0000","-0.0500","-0.0050","-1.0000","0.0000","0.0000","0.0000","0.0000","0.0000"
"1533.0","15:13:11.468","2216580.0000","0.8288","60570.0000","-0.0500","-0.0050","-1.0000","0.0000","0.0000","0.0000","0.0000","0.0000"
"1534.0","15:13:11.469","2223132.0000","1.5431","60570.0000","-0.0500","-0.0050","-1.0000","0.0000","0.0000","0.0000","0.0000","0.0000"
"1535.0","15:13:11.470","2229504.0000","2.2377","60570.0000","-0.0500","-0.0050","-1.0000","0.0000","0.0000","0.0000","0.0000","0.0000"
"1536.0","15:13:11.471","2235170.0000","2.8554","60570.0000","-0.0500","-0.0050","-1.0000","0.0000","0.0000","0.0000","0.0000","0.0000"
"1537.0","15:13:11.472","2241205.0000","3.5134","60570.0000","-0.0500","-0.0050","-1.0000","0.0000","0.0000","0.0000","0.0000","0.0000"
"1538.0","15:13:11.473","2244701.0000","3.8945","60570.0000","-0.0500","-0.0050","-1.0000","0.0000","0.0000","0.0000","0.0000","0.0000"
"1539.0","15:13:11.474","2248526.0000","4.3115","60570.0000","-0.0500","-0.0050","-1.0000","0.0000","0.0000","0.0000","0.0000","0.0000"
"1540.0","15:13:11.475","2250197.0000","4.4936","60570.0000","-0.0500","-0.0050","-1.0000","0.0000","0.0000","0.0000","0.0000","0.0000"
"1541.0","15:13:11.476","2251201.0000","4.6031","60570.0000","-0.0500","-0.0050","-1.0000","0.0000","0.0000","0.0000","0.0000","0.0000"
"1542.0","15:13:11.477","2251775.0000","4.6657","60570.0000","-0.0500","-0.0050","-1.0000","0.0000","0.0000","0.0000","0.0000","0.0000"
"1543.0","15:13:11.478","2250953.0000","4.5761","60570.0000","-0.0500","-0.0050","-1.0000","0.0000","0.0000","0.0000","0.0000","0.0000"
"1544.0","15:13:11.479","2249946.0000","4.4663","60570.0000","-0.0500","-0.0050","-1.0000","0.0000","0.0000","0.0000","0.0000","0.0000"
"1545.0","15:13:11.480","2248706.0000","4.3311","60570.0000","-0.0500","-0.0050","-1.0000","0.0000","0.0000","0.0000","0.0000","0.0000"
"1546.0","15:13:11.481","2248206.0000","4.2766","60570.0000","-0.0500","-0.0050","-1.0000","0.0000","0.0000","0.0000","0.0000","0.0000"
"1547.0","15:13:11.482","2247222.0000","4.1693","60570.0000","-0.0500","-0.0050","-1.0000","0.0000","0.0000","0.0000","0.0000","0.0000"
"1548.0","15:13:11.483","2244559.0000","3.8790","60570.0000","-0.0500","-0.0050","-1.0000","0.0000","0.0000","0.0000","0.0000","0.0000"
"1549.0","15:13:11.484","2241414.0000","3.5361","60570.0000","-0.0500","-0.0050","-1.0000","0.0000","0.0000","0.0000","0.0000","0.0000"
"1550.0","15:13:11.485","2239113.0000","3.2853","60570.0000","-0.0500","-0.0050","-1.0000","0.0000","0.0000","0.0000","0.0000","0.0000"
"1551.0","15:13:11.486","2235995.0000","2.9454","60570.0000","-0.0500","-0.0050","-1.0000","0.0000","0.0000","0.0000","0.0000","0.0000"
"1552.0","15:13:11.487","2233952.0000","2.7227","60570.0000","-0.0500","-0.0050","-1.0000","0.0000","0.0000","0.0000","0.0000","0.0000"
"1553.0","15:13:11.488","2231872.0000","2.4959","60570.0000","-0.0500","-0.0050","-1.0000","0.0000","0.0000","0.0000","0.0000","0.0000"
"1554.0","15:13:11.489","2229601.0000","2.2483","60570.0000","-0.0500","-0.0050","-1.0000","0.0000","0.0000","0.0000","0.0000","0.0000"
"1555.0","15:13:11.490","2226834.0000","1.9467","60570.0000","-0.0500","-0.0050","-1.0000","0.0000","0.0000","0.0000","0.0000","0.0000"
"1556.0","15:13:11.491","2224829.0000","1.7281","60570.0000","-0.0500","-0.0050","-1.0000","0.0000","0.0000","0.0000","0.0000","0.0000"
"1557.0","15:13:11.492","2222563.0000","1.4811","60570.0000","-0.0500","-0.0050","-1.0000","0.0000","0.0000","0.0000","0.0000","0.0000"
"1558.0","15:13:11.493","2219860.0000","1.1864","60570.0000","-0.0500","-0.0050","-1.0000","0.0000","0.0000","0.0000","0.0000","0.0000"
"1559.0","15:13:11.494","2217872.0000","0.9697","60570.0000","-0.0500","-0.0050","-1.0000","0.0000","0.0000","0.0000","0.0000","0.0000"
"1560.0","15:13:11.495","2215976.0000","0.7630","60570.0000","-0.0500","-0.0050","-1.0000","0.0000","0.0000","0.0000","0.0000","0.0000"
"1561.0","15:13:11.496","2217354.0000","0.9132","60570.0000","-0.0500","-0.0050","-1.0000","0.0000","0.0000","0.0000","0.0000","0.0000"
"1562.0","15:13:11.497","2218236.0000","1.0093","60570.0000","-0.0500","-0.0050","-1.0000","0.0000","0.0000","0.0000","0.0000","0.0000"
"1563.0","15:13:11.498","2218236.0000","1.0093","60570.0000","-0.0500","-0.0050","-1.0000","0.0000","0.0000","0.0000","0.0000","0.0000"
"1564.0","15:13:11.499","2221141.0000","1.3260","60570.0000","-0.0500","-0.0050","-1.0000","0.0000","0.0000","0.0000","0.0000","0.0000"
"1565.0","15:13:11.500","2228651.0000","2.1447","60570.0000","-0.0500","-0.0050","-1.0000","0.0000","0.0000","0.0000","0.0000","0.0000"
"1566.0","15:13:11.501","2229378.0000","2.2240","60570.0000","-0.0500","-0.0050","-1.0000","0.0000","0.0000","0.0000","0.0000","0.0000"
"1567.0","15:13:11.502","2228035.0000","2.0776","60570.0000","-0.0500","-0.0050","-1.0000","0.0000","0.0000","0.0000","0.0000","0.0000"
"1568.0","15:13:11.503","2232645.0000","2.5802","60570.0000","-0.0500","-0.0050","-1.0000","0.0000","0.0000","0.0000","0.0000","0.0000"
"1569.0","15:13:11.504","2230535.0000","2.3502","60570.0000","-0.0500","-0.0050","-1.0000","0.0000","0.0000","0.0000","0.0000","0.0000"
"1570.0","15:13:11.505","2228088.0000","2.0834","60570.0000","-0.0500","-0.0050","-1.0000","0.0000","0.0000","0.0000","0.0000","0.0000"
"1571.0","15:13:11.506","2229248.0000","2.2098","60570.0000","-0.0500","-0.0050","-1.0000","0.0000","0.0000","0.0000","0.0000","0.0000"
"1572.0","15:13:11.507","2224411.0000","1.6825","60570.0000","-0.0500","-0.0050","-1.0000","0.0000","0.0000","0.0000","0.0000","0.0000"
"1573.0","15:13:11.508","2219059.0000","1.0990","60570.0000","-0.0500","-0.0050","-1.0000","0.0000","0.0000","0.0000","0.0000","0.0000"
"1574.0","15:13:11.509","2219936.0000","1.1947","60570.0000","-0.0500","-0.0050","-1.0000","0.0000","0.0000","0.0000","0.0000","0.0000"
"1575.0","15:13:11.510","2215056.0000","0.6626","60570.0000","-0.0500","-0.0050","-1.0000","0.0000","0.0000","0.0000","0.0000","0.0000"
"1576.0","15:13:11.511","2212695.0000","0.4053","60570.0000","-0.0500","-0.0050","-1.0000","0.0000","0.0000","0.0000","0.0000","0.0000"
"1577.0","15:13:11.512","2215168.0000","0.6748","60570.0000","-0.0500","-0.0050","-1.0000","0.0000","0.0000","0.0000","0.0000","0.0000"
"1578.0","15:13:11.513","2211884.0000","0.3169","60570.0000","-0.0500","-0.0050","-1.0000","0.0000","0.0000","0.0000","0.0000","0.0000"
"1579.0","15:13:11.514","2211630.0000","0.2891","60570.0000","-0.0500","-0.0050","-1.0000","0.0000","0.0000","0.0000","0.0000","0.0000"
"1580.0","15:13:11.515","2215905.0000","0.7552","60570.0000","-0.0500","-0.0050","-1.0000","0.0000","0.0000","0.0000","0.0000","0.0000"
"1581.0","15:13:11.516","2212712.0000","0.4071","60570.0000","-0.0500","-0.0050","-1.0000","0.0000","0.0000","0.0000","0.0000","0.0000"
"1582.0","15:13:11.517","2213073.0000","0.4465","60570.0000","-0.0500","-0.0050","-1.0000","0.0000","0.0000","0.0000","0.0000","0.0000"
"1583.0","15:13:11.518","2214921.0000","0.6479","60567.0000","-0.0500","-0.0050","-1.0000","0.0000","0.0000","0.0000","0.0000","0.0000"
"1584.0","15:13:11.519","2212165.0000","0.3475","60567.0000","-0.0500","-0.0050","-1.0000","0.0000","0.0000","0.0000","0.0000","0.0000"
"1585.0","15:13:11.520","2212234.0000","0.3550","60567.0000","-0.0500","-0.0050","-1.0000","0.0000","0.0000","0.0000","0.0000","0.0000"
"1586.0","15:13:11.521","2213816.0000","0.5275","60567.0000","-0.0500","-0.0050","-1.0000","0.0000","0.0000","0.0000","0.0000","0.0000"
"1587.0","15:13:11.522","2211160.0000","0.2379","60567.0000","-0.0500","-0.0050","-1.0000","0.0000","0.0000","0.0000","0.0000","0.0000"
"1588.0","15:13:11.523","2212492.0000","0.3832","60567.0000","-0.0500","-0.0050","-1.0000","0.0000","0.0000","0.0000","0.0000","0.0000"
"1589.0","15:13:11.524","2213792.0000","0.5249","60567.0000","-0.0500","-0.0050","-1.0000","0.0000","0.0000","0.0000","0.0000","0.0000"
"1590.0","15:13:11.525","2210576.0000","0.1743","60567.0000","-0.0500","-0.0050","-1.0000","0.0000","0.0000","0.0000","0.0000","0.0000"
"1591.0","15:13:11.526","2213172.0000","0.4573","60567.0000","-0.0500","-0.0050","-1.0000","0.0000","0.0000","0.0000","0.0000","0.0000"
"1592.0","15:13:11.527","2215638.0000","0.7261","60567.0000","-0.0500","-0.0050","-1.0000","0.0000","0.0000","0.0000","0.0000","0.0000"
"1593.0","15:13:11.528","2214320.0000","0.5824","60567.0000","-0.0500","-0.0050","-1.0000","0.0000","0.0000","0.0000","0.0000","0.0000"
"1594.0","15:13:11.529","2216862.0000","0.8596","60567.0000","-0.0500","-0.0050","-1.0000","0.0000","0.0000","0.0000","0.0000","0.0000"
"1595.0","15:13:11.530","2218317.0000","1.0182","60567.0000","-0.0500","-0.0050","-1.0000","0.0000","0.0000","0.0000","0.0000","0.0000"
"1596.0","15:13:11.531","2217476.0000","0.9265","60567.0000","-0.0500","-0.0050","-1.0000","0.0000","0.0000","0.0000","0.0000","0.0000"
"1597.0","15:13:11.532","2219992.0000","1.2008","60567.0000","-0.0500","-0.0050","-1.0000","0.0000","0.0000","0.0000","0.0000","0.0000"
"1598.0","15:13:11.533","2220242.0000","1.2280","60567.0000","-0.0500","-0.0050","-1.0000","0.0000","0.0000","0.0000","0.0000","0.0000"
"1599.0","15:13:11.534","2220208.0000","1.2243","60567.0000","-0.0500","-0.0050","-1.0000","0.0000","0.0000","0.0000","0.0000","0.0000"
"1600.0","15:13:11.535","2221921.0000","1.4111","60567.0000","-0.0500","-0.0050","-1.0000","0.0000","0.0000","0.0000","0.0000","0.0000"
"1601.0","15:13:11.536","2222400.0000","1.4633","60567.0000","-0.0500","-0.0050","-1.0000","0.0000","0.0000","0.0000","0.0000","0.0000"
"1602.0","15:13:11.537","2221092.0000","1.3207","60567.0000","-0.0500","-0.0050","-1.0000","0.0000","0.0000","0.0000","0.0000","0.0000"
"1603.0","15:13:11.538","2224305.0000","1.6710","60567.0000","-0.0500","-0.0050","-1.0000","0.0000","0.0000","0.0000","0.0000","0.0000"
"1604.0","15:13:11.539","2224206.0000","1.6602","60567.0000","-0.0500","-0.0050","-1.0000","0.0000","0.0000","0.0000","0.0000","0.0000"
"1605.0","15:13:11.540","2223371.0000","1.5691","60567.0000","-0.0500","-0.0050","-1.0000","0.0000","0.0000","0.0000","0.0000","0.0000"
"1606.0","15:13:11.541","2225676.0000","1.8204","60567.0000","-0.0500","-0.0050","-1.0000","0.0000","0.0000","0.0000","0.0000","0.0000"
"1607.0","15:13:11.542","2225542.0000","1.8058","60567.0000","-0.0500","-0.0050","-1.0000","0.0000","0.0000","0.0000","0.0000","0.0000"
"1608.0","15:13:11.543","2225664.0000","1.8191","60567.0000","-0.0500","-0.0050","-1.0000","0.0000","0.0000","0.0000","0.0000","0.0000"
"1609.0","15:13:11.544","2227450.0000","2.0138","60567.0000","-0.0500","-0.0050","-1.0000","0.0000","0.0000","0.0000","0.0000","0.0000"
"1610.0","15:13:11.545","2227450.0000","2.0138","60567.0000","-0.0500","-0.0050","-1.0000","0.0000","0.0000","0.0000","0.0000","0.0000"
"1611.0","15:13:11.546","2226856.0000","1.9491","60567.0000","-0.0500","-0.0050","-1.0000","0.0000","0.0000","0.0000","0.0000","0.0000"
"1612.0","15:13:11.547","2227322.0000","1.9999","60567.0000","-0.0500","-0.0050","-1.0000","0.0000","0.0000","0.0000","0.0000","0.0000"
"1613.0","15:13:11.548","2228382.0000","2.1154","60567.0000","-0.0500","-0.0050","-1.0000","0.0000","0.0000","0.0000","0.0000","0.0000"
"1614.0","15:13:11.549","2227732.0000","2.0446","60567.0000","-0.0500","-0.0050","-1.0000","0.0000","0.0000","0.0000","0.0000","0.0000"
"1615.0","15:13:11.550","2227618.0000","2.0321","60567.0000","-0.0500","-0.0050","-1.0000","0.0000","0.0000","0.0000","0.0000","0.0000"
"1616.0","15:13:11.551","2228178.0000","2.0932","60567.0000","-0.0500","-0.0050","-1.0000","0.0000","0.0000","0.0000","0.0000","0.0000"
"1617.0","15:13:11.552","2227547.0000","2.0244","60567.0000","-0.0500","-0.0050","-1.0000","0.0000","0.0000","0.0000","0.0000","0.0000"
"1618.0","15:13:11.553","2227830.0000","2.0552","60567.0000","-0.0500","-0.0050","-1.0000","0.0000","0.0000","0.0000","0.0000","0.0000"
"1619.0","15:13:11.554","2227868.0000","2.0594","60567.0000","-0.0500","-0.0050","-1.0000","0.0000","0.0000","0.0000","0.0000","0.0000"
"1620.0","15:13:11.555","2226722.0000","1.9345","60567.0000","-0.0500","-0.0050","-1.0000","0.0000","0.0000","0.0000","0.0000","0.0000"
"1621.0","15:13:11.556","2226513.0000","1.9117","60567.0000","-0.0500","-0.0050","-1.0000","0.0000","0.0000","0.0000","0.0000","0.0000"
"1622.0","15:13:11.557","2227118.0000","1.9776","60567.0000","-0.0500","-0.0050","-1.0000","0.0000","0.0000","0.0000","0.0000","0.0000"
"1623.0","15:13:11.558","2225300.0000","1.7794","60567.0000","-0.0500","-0.0050","-1.0000","0.0000","0.0000","0.0000","0.0000","0.0000"
"1624.0","15:13:11.559","2226281.0000","1.8864","60567.0000","-0.0500","-0.0050","-1.0000","0.0000","0.0000","0.0000","0.0000","0.0000"
"1625.0","15:13:11.560","2226296.0000","1.8880","60567.0000","-0.0500","-0.0050","-1.0000","0.0000","0.0000","0.0000","0.0000","0.0000"
"1626.0","15:13:11.561","2224705.0000","1.7146","60567.0000","-0.0500","-0.0050","-1.0000","0.0000","0.0000","0.0000","0.0000","0.0000"
"1627.0","15:13:11.562","2225903.0000","1.8452","60567.0000","-0.0500","-0.0050","-1.0000","0.0000","0.0000","0.0000","0.0000","0.0000"
"1628.0","15:13:11.563","2225522.0000","1.8037","60567.0000","-0.0500","-0.0050","-1.0000","0.0000","0.0000","0.0000","0.0000","0.0000"
"1629.0","15:13:11.564","2224218.0000","1.6615","60567.0000","-0.0500","-0.0050","-1.0000","0.0000","0.0000","0.0000","0.0000","0.0000"
"1630.0","15:13:11.565","2227110.0000","1.9767","60567.0000","-0.0500","-0.0050","-1.0000","0.0000","0.0000","0.0000","0.0000","0.0000"
"1631.0","15:13:11.566","2226038.0000","1.8599","60567.0000","-0.0500","-0.0050","-1.0000","0.0000","0.0000","0.0000","0.0000","0.0000"
"1632.0","15:13:11.567","2224877.0000","1.7333","60567.0000","-0.0500","-0.0050","-1.0000","0.0000","0.0000","0.0000","0.0000","0.0000"
"1633.0","15:13:11.568","2225722.0000","1.8254","60567.0000","-0.0500","-0.0050","-1.0000","0.0000","0.0000","0.0000","0.0000","0.0000"
"1634.0","15:13:11.569","2224868.0000","1.7323","60567.0000","-0.0500","-0.0050","-1.0000","0.0000","0.0000","0.0000","0.0000","0.0000"
"1635.0","15:13:11.570","2225331.0000","1.7828","60567.0000","-0.0500","-0.0050","-1.0000","0.0000","0.0000","0.0000","0.0000","0.0000"
"1636.0","15:13:11.571","2225854.0000","1.8398","60567.0000","-0.0500","-0.0050","-1.0000","0.0000","0.0000","0.0000","0.0000","0.0000"
"1637.0","15:13:11.572","2224965.0000","1.7429","60567.0000","-0.0500","-0.0050","-1.0000","0.0000","0.0000","0.0000","0.0000","0.0000"
"1638.0","15:13:11.573","2224251.0000","1.6651","60567.0000","-0.0500","-0.0050","-1.0000","0.0000","0.0000","0.0000","0.0000","0.0000"
"1639.0","15:13:11.574","2223919.0000","1.6289","60567.0000","-0.0500","-0.0050","-1.0000","0.0000","0.0000","0.0000","0.0000","0.0000"
"1640.0","15:13:11.575","2223948.0000","1.6320","60567.0000","-0.0500","-0.0050","-1.0000","0.0000","0.0000","0.0000","0.0000","0.0000"
"1641.0","15:13:11.576","2223445.0000","1.5772","60567.0000","-0.0500","-0.0050","-1.0000","0.0000","0.0000","0.0000","0.0000","0.0000"
"1642.0","15:13:11.577","2223809.0000","1.6169","60567.0000","-0.0500","-0.0050","-1.0000","0.0000","0.0000","0.0000","0.0000","0.0000"
"1643.0","15:13:11.578","2222663.0000","1.4919","60566.0000","-0.0500","-0.0050","-1.0000","0.0000","0.0000","0.0000","0.0000","0.0000"
"1644.0","15:13:11.579","2222749.0000","1.5013","60566.0000","-0.0500","-0.0050","-1.0000","0.0000","0.0000","0.0000","0.0000","0.0000"
"1645.0","15:13:11.580","2223397.0000","1.5720","60566.0000","-0.0500","-0.0050","-1.0000","0.0000","0.0000","0.0000","0.0000","0.0000"
"1646.0","15:13:11.581","2222035.0000","1.4235","60566.0000","-0.0500","-0.0050","-1.0000","0.0000","0.0000","0.0000","0.0000","0.0000"
"1647.0","15:13:11.582","2221253.0000","1.3382","60566.0000","-0.0500","-0.0050","-1.0000","0.0000","0.0000","0.0000","0.0000","0.0000"
"1648.0","15:13:11.583","2221700.0000","1.3870","60566.0000","-0.0500","-0.0050","-1.0000","0.0000","0.0000","0.0000","0.0000","0.0000"
"1649.0","15:13:11.584","2220439.0000","1.2495","60566.0000","-0.0500","-0.0050","-1.0000","0.0000","0.0000","0.0000","0.0000","0.0000"
"1650.0","15:13:11.585","2221071.0000","1.3184","60566.0000","-0.0500","-0.0050","-1.0000","0.0000","0.0000","0.0000","0.0000","0.0000"
"1651.0","15:13:11.586","2221670.0000","1.3837","60566.0000","-0.0500","-0.0050","-1.0000","0.0000","0.0000","0.0000","0.0000","0.0000"
"1652.0","15:13:11.587","2220317.0000","1.2362","60566.0000","-0.0500","-0.0050","-1.0000","0.0000","0.0000","0.0000","0.0000","0.0000"
"1653.0","15:13:11.588","2221105.0000","1.3221","60566.0000","-0.0500","-0.0050","-1.0000","0.0000","0.0000","0.0000","0.0000","0.0000"
"1654.0","15:13:11.589","2221790.0000","1.3968","60566.0000","-0.0500","-0.0050","-1.0000","0.0000","0.0000","0.0000","0.0000","0.0000"
"1655.0","15:13:11.590","2221390.0000","1.3532","60566.0000","-0.0500","-0.0050","-1.0000","0.0000","0.0000","0.0000","0.0000","0.0000"
"1656.0","15:13:11.591","2221390.0000","1.3532","60566.0000","-0.0500","-0.0050","-1.0000","0.0000","0.0000","0.0000","0.0000","0.0000"
"1657.0","15:13:11.592","2222599.0000","1.4850","60566.0000","-0.0500","-0.0050","-1.0000","0.0000","0.0000","0.0000","0.0000","0.0000"
"1658.0","15:13:11.593","2222543.0000","1.4789","60566.0000","-0.0500","-0.0050","-1.0000","0.0000","0.0000","0.0000","0.0000","0.0000"
"1659.0","15:13:11.594","2221339.0000","1.3476","60566.0000","-0.0500","-0.0050","-1.0000","0.0000","0.0000","0.0000","0.0000","0.0000"
"1660.0","15:13:11.595","2222617.0000","1.4869","60566.0000","-0.0500","-0.0050","-1.0000","0.0000","0.0000","0.0000","0.0000","0.0000"
"1661.0","15:13:11.596","2222155.0000","1.4366","60566.0000","-0.0500","-0.0050","-1.0000","0.0000","0.0000","0.0000","0.0000","0.0000"
"1662.0","15:13:11.597","2222123.0000","1.4331","60566.0000","-0.0500","-0.0050","-1.0000","0.0000","0.0000","0.0000","0.0000","0.0000"
"1663.0","15:13:11.598","2223890.0000","1.6257","60566.0000","-0.0500","-0.0050","-1.0000","0.0000","0.0000","0.0000","0.0000","0.0000"
"1664.0","15:13:11.599","2223934.0000","1.6305","60566.0000","-0.0500","-0.0050","-1.0000","0.0000","0.0000","0.0000","0.0000","0.0000"
"1665.0","15:13:11.600","2223606.0000","1.5948","60566.0000","-0.0500","-0.0050","-1.0000","0.0000","0.0000","0.0000","0.0000","0.0000"
"1666.0","15:13:11.601","2225213.0000","1.7699","60566.0000","-0.0500","-0.0050","-1.0000","0.0000","0.0000","0.0000","0.0000","0.0000"
"1667.0","15:13:11.602","2224491.0000","1.6912","60566.0000","-0.0500","-0.0050","-1.0000","0.0000","0.0000","0.0000","0.0000","0.0000"
"1668.0","15:13:11.603","2224644.0000","1.7079","60566.0000","-0.0500","-0.0050","-1.0000","0.0000","0.0000","0.0000","0.0000","0.0000"
"1669.0","15:13:11.604","2224551.0000","1.6978","60566.0000","-0.0500","-0.0050","-1.0000","0.0000","0.0000","0.0000","0.0000","0.0000"
"1670.0","15:13:11.605","2225206.0000","1.7692","60566.0000","-0.0500","-0.0050","-1.0000","0.0000","0.0000","0.0000","0.0000","0.0000"
"1671.0","15:13:11.606","2225356.0000","1.7855","60566.0000","-0.0500","-0.0050","-1.0000","0.0000","0.0000","0.0000","0.0000","0.0000"
"1672.0","15:13:11.607","2225394.0000","1.7897","60566.0000","-0.0500","-0.0050","-1.0000","0.0000","0.0000","0.0000","0.0000","0.0000"
"1673.0","15:13:11.608","2224358.0000","1.6767","60566.0000","-0.0500","-0.0050","-1.0000","0.0000","0.0000","0.0000","0.0000","0.0000"
"1674.0","15:13:11.609","2224688.0000","1.7127","60566.0000","-0.0500","-0.0050","-1.0000","0.0000","0.0000","0.0000","0.0000","0.0000"
"1675.0","15:13:11.610","2226576.0000","1.9185","60566.0000","-0.0500","-0.0050","-1.0000","0.0000","0.0000","0.0000","0.0000","0.0000"
"1676.0","15:13:11.611","2224399.0000","1.6812","60566.0000","-0.0500","-0.0050","-1.0000","0.0000","0.0000","0.0000","0.0000","0.0000"
"1677.0","15:13:11.612","2224574.0000","1.7003","60566.0000","-0.0500","-0.0050","-1.0000","0.0000","0.0000","0.0000","0.0000","0.0000"
"1678.0","15:13:11.613","2225196.0000","1.7681","60566.0000","-0.0500","-0.0050","-1.0000","0.0000","0.0000","0.0000","0.0000","0.0000"
"1679.0","15:13:11.614","2224411.0000","1.6825","60566.0000","-0.0500","-0.0050","-1.0000","0.0000","0.0000","0.0000","0.0000","0.0000"
"1680.0","15:13:11.615","2225462.0000","1.7971","60566.0000","-0.0500","-0.0050","-1.0000","0.0000","0.0000","0.0000","0.0000","0.0000"
"1681.0","15:13:11.616","2224615.0000","1.7048","60566.0000","-0.0500","-0.0050","-1.0000","0.0000","0.0000","0.0000","0.0000","0.0000"
"1682.0","15:13:11.617","2224342.0000","1.6750","60566.0000","-0.0500","-0.0050","-1.0000","0.0000","0.0000","0.0000","0.0000","0.0000"
"1683.0","15:13:11.618","2224000.0000","1.6377","60566.0000","-0.0500","-0.0050","-1.0000","0.0000","0.0000","0.0000","0.0000","0.0000"
"1684.0","15:13:11.619","2225264.0000","1.7755","60566.0000","-0.0500","-0.0050","-1.0000","0.0000","0.0000","0.0000","0.0000","0.0000"
"1685.0","15:13:11.620","2226095.0000","1.8661","60566.0000","-0.0500","-0.0050","-1.0000","0.0000","0.0000","0.0000","0.0000","0.0000"
"1686.0","15:13:11.621","2227847.0000","2.0571","60566.0000","-0.0500","-0.0050","-1.0000","0.0000","0.0000","0.0000","0.0000","0.0000"
"1687.0","15:13:11.622","2228740.0000","2.1544","60566.0000","-0.0500","-0.0050","-1.0000","0.0000","0.0000","0.0000","0.0000","0.0000"
"1688.0","15:13:11.623","2230175.0000","2.3109","60566.0000","-0.0500","-0.0050","-1.0000","0.0000","0.0000","0.0000","0.0000","0.0000"
"1689.0","15:13:11.624","2232293.0000","2.5418","60566.0000","-0.0500","-0.0050","-1.0000","0.0000","0.0000","0.0000","0.0000","0.0000"
"1690.0","15:13:11.625","2232309.0000","2.5435","60566.0000","-0.0500","-0.0050","-1.0000","0.0000","0.0000","0.0000","0.0000","0.0000"
"1691.0","15:13:11.626","2233214.0000","2.6422","60566.0000","-0.0500","-0.0050","-1.0000","0.0000","0.0000","0.0000","0.0000","0.0000"
"1692.0","15:13:11.627","2232931.0000","2.6114","60566.0000","-0.0500","-0.0050","-1.0000","0.0000","0.0000","0.0000","0.0000","0.0000"
"1693.0","15:13:11.628","2231990.0000","2.5088","60566.0000","-0.0500","-0.0050","-1.0000","0.0000","0.0000","0.0000","0.0000","0.0000"
"1694.0","15:13:11.629","2231012.0000","2.4021","60566.0000","-0.0500","-0.0050","-1.0000","0.0000","0.0000","0.0000","0.0000","0.0000"
"1695.0","15:13:11.630","2229710.0000","2.2602","60566.0000","-0.0500","-0.0050","-1.0000","0.0000","0.0000","0.0000","0.0000","0.0000"
"1696.0","15:13:11.631","2228168.0000","2.0921","60566.0000","-0.0500","-0.0050","-1.0000","0.0000","0.0000","0.0000","0.0000","0.0000"
"1697.0","15:13:11.632","2226969.0000","1.9614","60566.0000","-0.0500","-0.0050","-1.0000","0.0000","0.0000","0.0000","0.0000","0.0000"
"1698.0","15:13:11.633","2225711.0000","1.8243","60566.0000","-0.0500","-0.0050","-1.0000","0.0000","0.0000","0.0000","0.0000","0.0000"
"1699.0","15:13:11.634","2224258.0000","1.6658","60566.0000","-0.0500","-0.0050","-1.0000","0.0000","0.0000","0.0000","0.0000","0.0000"
"1700.0","15:13:11.635","2223538.0000","1.5873","60566.0000","-0.0500","-0.0050","-1.0000","0.0000","0.0000","0.0000","0.0000","0.0000"
"1701.0","15:13:11.636","2222854.0000","1.5128","60566.0000","-0.0500","-0.0050","-1.0000","0.0000","0.0000","0.0000","0.0000","0.0000"
"1702.0","15:13:11.637","2222641.0000","1.4896","60566.0000","-0.0500","-0.0050","-1.0000","0.0000","0.0000","0.0000","0.0000","0.0000"
"1703.0","15:13:11.638","2222641.0000","1.4896","60566.0000","-0.0500","-0.0050","-1.0000","0.0000","0.0000","0.0000","0.0000","0.0000"
"1704.0","15:13:11.639","2221288.0000","1.3420","60570.0000","-0.0500","-0.0050","-1.0000","0.0000","0.0000","0.0000","0.0000","0.0000"
"1705.0","15:13:11.640","2219812.0000","1.1812","60570.0000","-0.0500","-0.0050","-1.0000","0.0000","0.0000","0.0000","0.0000","0.0000"
"1706.0","15:13:11.641","2217496.0000","0.9287","60570.0000","-0.0500","-0.0050","-1.0000","0.0000","0.0000","0.0000","0.0000","0.0000"
"1707.0","15:13:11.642","2214148.0000","0.5637","60570.0000","-0.0500","-0.0050","-1.0000","0.0000","0.0000","0.0000","0.0000","0.0000"
"1708.0","15:13:11.643","2210054.0000","0.1173","60570.0000","-0.0500","-0.0050","-1.0000","0.0000","0.0000","0.0000","0.0000","0.0000"
"1709.0","15:13:11.644","2206064.0000","-0.3081","60570.0000","-0.0500","-0.0050","-1.0000","0.0000","0.0000","0.0000","0.0000","0.0000"
"1710.0","15:13:11.645","2201326.0000","-0.8040","60570.0000","-0.0500","-0.0050","-1.0000","0.0000","0.0000","0.0000","0.0000","0.0000"
"1711.0","15:13:11.646","2197284.0000","-1.2270","60570.0000","-0.0500","-0.0050","-1.0000","0.0000","0.0000","0.0000","0.0000","0.0000"
"1712.0","15:13:11.647","2194994.0000","-1.4666","60570.0000","-0.0500","-0.0050","-1.0000","0.0000","0.0000","0.0000","0.0000","0.0000"
"1713.0","15:13:11.648","2192838.0000","-1.6923","60570.0000","-0.0500","-0.0050","-1.0000","0.0000","0.0000","0.0000","0.0000","0.0000"
"1714.0","15:13:11.649","2192794.0000","-1.6969","60570.0000","-0.0500","-0.0050","-1.0000","0.0000","0.0000","0.0000","0.0000","0.0000"
"1715.0","15:13:11.650","2192416.0000","-1.7364","60570.0000","-0.0500","-0.0050","-1.0000","0.0000","0.0000","0.0000","0.0000","0.0000"
"1716.0","15:13:11.651","2192493.0000","-1.7283","60570.0000","-0.0500","-0.0050","-1.0000","0.0000","0.0000","0.0000","0.0000","0.0000"
"1717.0","15:13:11.652","2196646.0000","-1.2937","60570.0000","-0.0500","-0.0050","-1.0000","0.0000","0.0000","0.0000","0.0000","0.0000"
"1718.0","15:13:11.653","2200979.0000","-0.8403","60570.0000","-0.0500","-0.0050","-1.0000","0.0000","0.0000","0.0000","0.0000","0.0000"
"1719.0","15:13:11.654","2203778.0000","-0.5474","60570.0000","-0.0500","-0.0050","-1.0000","0.0000","0.0000","0.0000","0.0000","0.0000"
"1720.0","15:13:11.655","2207416.0000","-0.1667","60570.0000","-0.0500","-0.0050","-1.0000","0.0000","0.0000","0.0000","0.0000","0.0000"
"1721.0","15:13:11.656","2212385.0000","0.3715","60570.0000","-0.0500","-0.0050","-1.0000","0.0000","0.0000","0.0000","0.0000","0.0000"
"1722.0","15:13:11.657","2215126.0000","0.6703","60570.0000","-0.0500","-0.0050","-1.0000","0.0000","0.0000","0.0000","0.0000","0.0000"
"1723.0","15:13:11.658","2219020.0000","1.0948","60570.0000","-0.0500","-0.0050","-1.0000","0.0000","0.0000","0.0000","0.0000","0.0000"
"1724.0","15:13:11.659","2222156.0000","1.4367","60570.0000","-0.0500","-0.0050","-1.0000","0.0000","0.0000","0.0000","0.0000","0.0000"
"1725.0","15:13:11.660","2223860.0000","1.6225","60570.0000","-0.0500","-0.0050","-1.0000","0.0000","0.0000","0.0000","0.0000","0.0000"
"1726.0","15:13:11.661","2227272.0000","1.9944","60570.0000","-0.0500","-0.0050","-1.0000","0.0000","0.0000","0.0000","0.0000","0.0000"
"1727.0","15:13:11.662","2228821.0000","2.1633","60570.0000","-0.0500","-0.0050","-1.0000","0.0000","0.0000","0.0000","0.0000","0.0000"
"1728.0","15:13:11.663","2229618.0000","2.2501","60570.0000","-0.0500","-0.0050","-1.0000","0.0000","0.0000","0.0000","0.0000","0.0000"
"1729.0","15:13:11.664","2230647.0000","2.3624","60570.0000","-0.0500","-0.0050","-1.0000","0.0000","0.0000","0.0000","0.0000","0.0000"
"1730.0","15:13:11.665","2232188.0000","2.5304","60570.0000","-0.0500","-0.0050","-1.0000","0.0000","0.0000","0.0000","0.0000","0.0000"
"1731.0","15:13:11.666","2232418.0000","2.5554","60570.0000","-0.0500","-0.0050","-1.0000","0.0000","0.0000","0.0000","0.0000","0.0000"
"1732.0","15:13:11.667","2233555.0000","2.6794","60570.0000","-0.0500","-0.0050","-1.0000","0.0000","0.0000","0.0000","0.0000","0.0000"
"1733.0","15:13:11.668","2234505.0000","2.7829","60570.0000","-0.0500","-0.0050","-1.0000","0.0000","0.0000","0.0000","0.0000","0.0000"
"1734.0","15:13:11.669","2234344.0000","2.7654","60570.0000","-0.0500","-0.0050","-1.0000","0.0000","0.0000","0.0000","0.0000","0.0000"
"1735.0","15:13:11.670","2234469.0000","2.7790","60570.0000","-0.0500","-0.0050","-1.0000","0.0000","0.0000","0.0000","0.0000","0.0000"
"1736.0","15:13:11.671","2233306.0000","2.6522","60570.0000","-0.0500","-0.0050","-1.0000","0.0000","0.0000","0.0000","0.0000","0.0000"
"1737.0","15:13:11.672","2232741.0000","2.5907","60570.0000","-0.0500","-0.0050","-1.0000","0.0000","0.0000","0.0000","0.0000","0.0000"
"1738.0","15:13:11.673","2232684.0000","2.5844","60570.0000","-0.0500","-0.0050","-1.0000","0.0000","0.0000","0.0000","0.0000","0.0000"
"1739.0","15:13:11.674","2232422.0000","2.5559","60570.0000","-0.0500","-0.0050","-1.0000","0.0000","0.0000","0.0000","0.0000","0.0000"
"1740.0","15:13:11.675","2230112.0000","2.3040","60570.0000","-0.0500","-0.0050","-1.0000","0.0000","0.0000","0.0000","0.0000","0.0000"
"1741.0","15:13:11.676","2231199.0000","2.4225","60570.0000","-0.0500","-0.0050","-1.0000","0.0000","0.0000","0.0000","0.0000","0.0000"
"1742.0","15:13:11.677","2231142.0000","2.4163","60570.0000","-0.0500","-0.0050","-1.0000","0.0000","0.0000","0.0000","0.0000","0.0000"
"1743.0","15:13:11.678","2230058.0000","2.2982","60570.0000","-0.0500","-0.0050","-1.0000","0.0000","0.0000","0.0000","0.0000","0.0000"
"1744.0","15:13:11.679","2230216.0000","2.3154","60570.0000","-0.0500","-0.0050","-1.0000","0.0000","0.0000","0.0000","0.0000","0.0000"
"1745.0","15:13:11.680","2229849.0000","2.2754","60570.0000","-0.0500","-0.0050","-1.0000","0.0000","0.0000","0.0000","0.0000","0.0000"
"1746.0","15:13:11.681","2230000.0000","2.2918","60570.0000","-0.0500","-0.0050","-1.0000","0.0000","0.0000","0.0000","0.0000","0.0000"
"1747.0","15:13:11.682","2229035.0000","2.1866","60570.0000","-0.0500","-0.0050","-1.0000","0.0000","0.0000","0.0000","0.0000","0.0000"
"1748.0","15:13:11.683","2227105.0000","1.9762","60570.0000","-0.0500","-0.0050","-1.0000","0.0000","0.0000","0.0000","0.0000","0.0000"
"1749.0","15:13:11.684","2227105.0000","1.9762","60570.0000","-0.0500","-0.0050","-1.0000","0.0000","0.0000","0.0000","0.0000","0.0000"
"1750.0","15:13:11.685","2228000.0000","2.0738","60570.0000","-0.0500","-0.0050","-1.0000","0.0000","0.0000","0.0000","0.0000","0.0000"
"1751.0","15:13:11.686","2227142.0000","1.9802","60570.0000","-0.0500","-0.0050","-1.0000","0.0000","0.0000","0.0000","0.0000","0.0000"
"1752.0","15:13:11.687","2225973.0000","1.8528","60570.0000","-0.0500","-0.0050","-1.0000","0.0000","0.0000","0.0000","0.0000","0.0000"
"1753.0","15:13:11.688","2225836.0000","1.8378","60570.0000","-0.0500","-0.0050","-1.0000","0.0000","0.0000","0.0000","0.0000","0.0000"
"1754.0","15:13:11.689","2224747.0000","1.7192","60570.0000","-0.0500","-0.0050","-1.0000","0.0000","0.0000","0.0000","0.0000","0.0000"
"1755.0","15:13:11.690","2224768.0000","1.7214","60570.0000","-0.0500","-0.0050","-1.0000","0.0000","0.0000","0.0000","0.0000","0.0000"
"1756.0","15:13:11.691","2224932.0000","1.7393","60570.0000","-0.0500","-0.0050","-1.0000","0.0000","0.0000","0.0000","0.0000","0.0000"
"1757.0","15:13:11.692","2224876.0000","1.7332","60570.0000","-0.0500","-0.0050","-1.0000","0.0000","0.0000","0.0000","0.0000","0.0000"
"1758.0","15:13:11.693","2224087.0000","1.6472","60570.0000","-0.0500","-0.0050","-1.0000","0.0000","0.0000","0.0000","0.0000","0.0000"
"1759.0","15:13:11.694","2223118.0000","1.5416","60570.0000","-0.0500","-0.0050","-1.0000","0.0000","0.0000","0.0000","0.0000","0.0000"
"1760.0","15:13:11.695","2223279.0000","1.5591","60570.0000","-0.0500","-0.0050","-1.0000","0.0000","0.0000","0.0000","0.0000","0.0000"
"1761.0","15:13:11.696","2222614.0000","1.4866","60570.0000","-0.0500","-0.0050","-1.0000","0.0000","0.0000","0.0000","0.0000","0.0000"
"1762.0","15:13:11.697","2223040.0000","1.5331","60570.0000","-0.0500","-0.0050","-1.0000","0.0000","0.0000","0.0000","0.0000","0.0000"
"1763.0","15:13:11.698","2223172.0000","1.5475","60570.0000","-0.0500","-0.0050","-1.0000","0.0000","0.0000","0.0000","0.0000","0.0000"
"1764.0","15:13:11.699","2223206.0000","1.5512","60567.0000","-0.0500","-0.0050","-1.0000","0.0000","0.0000","0.0000","0.0000","0.0000"
"1765.0","15:13:11.700","2224664.0000","1.7101","60567.0000","-0.0500","-0.0050","-1.0000","0.0000","0.0000","0.0000","0.0000","0.0000"
"1766.0","15:13:11.701","2224269.0000","1.6670","60567.0000","-0.0500","-0.0050","-1.0000","0.0000","0.0000","0.0000","0.0000","0.0000"
"1767.0","15:13:11.702","2223117.0000","1.5415","60567.0000","-0.0500","-0.0050","-1.0000","0.0000","0.0000","0.0000","0.0000","0.0000"
"1768.0","15:13:11.703","2223542.0000","1.5878","60567.0000","-0.0500","-0.0050","-1.0000","0.0000","0.0000","0.0000","0.0000","0.0000"
"1769.0","15:13:11.704","2223189.0000","1.5493","60567.0000","-0.0500","-0.0050","-1.0000","0.0000","0.0000","0.0000","0.0000","0.0000"
"1770.0","15:13:11.705","2223236.0000","1.5544","60567.0000","-0.0500","-0.0050","-1.0000","0.0000","0.0000","0.0000","0.0000","0.0000"
"1771.0","15:13:11.706","2223032.0000","1.5322","60567.0000","-0.0500","-0.0050","-1.0000","0.0000","0.0000","0.0000","0.0000","0.0000"
"1772.0","15:13:11.707","2221725.0000","1.3897","60567.0000","-0.0500","-0.0050","-1.0000","0.0000","0.0000","0.0000","0.0000","0.0000"
"1773.0","15:13:11.708","2222231.0000","1.4449","60567.0000","-0.0500","-0.0050","-1.0000","0.0000","0.0000","0.0000","0.0000","0.0000"
"1774.0","15:13:11.709","2223010.0000","1.5298","60567.0000","-0.0500","-0.0050","-1.0000","0.0000","0.0000","0.0000","0.0000","0.0000"
"1775.0","15:13:11.710","2222764.0000","1.5030","60567.0000","-0.0500","-0.0050","-1.0000","0.0000","0.0000","0.0000","0.0000","0.0000"
"1776.0","15:13:11.711","2223572.0000","1.5910","60567.0000","-0.0500","-0.0050","-1.0000","0.0000","0.0000","0.0000","0.0000","0.0000"
"1777.0","15:13:11.712","2223266.0000","1.5577","60567.0000","-0.0500","-0.0050","-1.0000","0.0000","0.0000","0.0000","0.0000","0.0000"
"1778.0","15:13:11.713","2223515.0000","1.5848","60567.0000","-0.0500","-0.0050","-1.0000","0.0000","0.0000","0.0000","0.0000","0.0000"
"1779.0","15:13:11.714","2223746.0000","1.6100","60567.0000","-0.0500","-0.0050","-1.0000","0.0000","0.0000","0.0000","0.0000","0.0000"
"1780.0","15:13:11.715","2224110.0000","1.6497","60567.0000","-0.0500","-0.0050","-1.0000","0.0000","0.0000","0.0000","0.0000","0.0000"
"1781.0","15:13:11.716","2224323.0000","1.6729","60567.0000","-0.0500","-0.0050","-1.0000","0.0000","0.0000","0.0000","0.0000","0.0000"
"1782.0","15:13:11.717","2224520.0000","1.6944","60567.0000","-0.0500","-0.0050","-1.0000","0.0000","0.0000","0.0000","0.0000","0.0000"
"1783.0","15:13:11.718","2225590.0000","1.8110","60567.0000","-0.0500","-0.0050","-1.0000","0.0000","0.0000","0.0000","0.0000","0.0000"
"1784.0","15:13:11.719","2224424.0000","1.6839","60567.0000","-0.0500","-0.0050","-1.0000","0.0000","0.0000","0.0000","0.0000","0.0000"
"1785.0","15:13:11.720","2225007.0000","1.7475","60567.0000","-0.0500","-0.0050","-1.0000","0.0000","0.0000","0.0000","0.0000","0.0000"
"1786.0","15:13:11.721","2225645.0000","1.8171","60567.0000","-0.0500","-0.0050","-1.0000","0.0000","0.0000","0.0000","0.0000","0.0000"
"1787.0","15:13:11.722","2224847.0000","1.7301","60567.0000","-0.0500","-0.0050","-1.0000","0.0000","0.0000","0.0000","0.0000","0.0000"
"1788.0","15:13:11.723","2225510.0000","1.8023","60567.0000","-0.0500","-0.0050","-1.0000","0.0000","0.0000","0.0000","0.0000","0.0000"
"1789.0","15:13:11.724","2225504.0000","1.8017","60567.0000","-0.0500","-0.0050","-1.0000","0.0000","0.0000","0.0000","0.0000","0.0000"
"1790.0","15:13:11.725","2224513.0000","1.6936","60567.0000","-0.0500","-0.0050","-1.0000","0.0000","0.0000","0.0000","0.0000","0.0000"
"1791.0","15:13:11.726","2225462.0000","1.7971","60567.0000","-0.0500","-0.0050","-1.0000","0.0000","0.0000","0.0000","0.0000","0.0000"
"1792.0","15:13:11.727","2225919.0000","1.8469","60567.0000","-0.0500","-0.0050","-1.0000","0.0000","0.0000","0.0000","0.0000","0.0000"
"1793.0","15:13:11.728","2225792.0000","1.8331","60567.0000","-0.0500","-0.0050","-1.0000","0.0000","0.0000","0.0000","0.0000","0.0000"
"1794.0","15:13:11.729","2225871.0000","1.8417","60567.0000","-0.0500","-0.0050","-1.0000","0.0000","0.0000","0.0000","0.0000","0.0000"
"1795.0","15:13:11.730","2225900.0000","1.8448","60567.0000","-0.0500","-0.0050","-1.0000","0.0000","0.0000","0.0000","0.0000","0.0000"
"1796.0","15:13:11.731","2225900.0000","1.8448","60567.0000","-0.0500","-0.0050","-1.0000","0.0000","0.0000","0.0000","0.0000","0.0000"
"1797.0","15:13:11.732","2225599.0000","1.8120","60567.0000","-0.0500","-0.0050","-1.0000","0.0000","0.0000","0.0000","0.0000","0.0000"
"1798.0","15:13:11.733","2225855.0000","1.8400","60567.0000","-0.0500","-0.0050","-1.0000","0.0000","0.0000","0.0000","0.0000","0.0000"
"1799.0","15:13:11.734","2225720.0000","1.8252","60567.0000","-0.0500","-0.0050","-1.0000","0.0000","0.0000","0.0000","0.0000","0.0000"
"1800.0","15:13:11.735","2226684.0000","1.9303","60567.0000","-0.0500","-0.0050","-1.0000","0.0000","0.0000","0.0000","0.0000","0.0000"
"1801.0","15:13:11.736","2225644.0000","1.8169","60567.0000","-0.0500","-0.0050","-1.0000","0.0000","0.0000","0.0000","0.0000","0.0000"
"1802.0","15:13:11.737","2226230.0000","1.8808","60567.0000","-0.0500","-0.0050","-1.0000","0.0000","0.0000","0.0000","0.0000","0.0000"
"1803.0","15:13:11.738","2226612.0000","1.9225","60567.0000","-0.0500","-0.0050","-1.0000","0.0000","0.0000","0.0000","0.0000","0.0000"
"1804.0","15:13:11.739","2226940.0000","1.9582","60567.0000","-0.0500","-0.0050","-1.0000","0.0000","0.0000","0.0000","0.0000","0.0000"
"1805.0","15:13:11.740","2227111.0000","1.9769","60567.0000","-0.0500","-0.0050","-1.0000","0.0000","0.0000","0.0000","0.0000","0.0000"
"1806.0","15:13:11.741","2226722.0000","1.9345","60567.0000","-0.0500","-0.0050","-1.0000","0.0000","0.0000","0.0000","0.0000","0.0000"
"1807.0","15:13:11.742","2227185.0000","1.9849","60567.0000","-0.0500","-0.0050","-1.0000","0.0000","0.0000","0.0000","0.0000","0.0000"
"1808.0","15:13:11.743","2228352.0000","2.1122","60567.0000","-0.0500","-0.0050","-1.0000","0.0000","0.0000","0.0000","0.0000","0.0000"
"1809.0","15:13:11.744","2228334.0000","2.1102","60567.0000","-0.0500","-0.0050","-1.0000","0.0000","0.0000","0.0000","0.0000","0.0000"
"1810.0","15:13:11.745","2229497.0000","2.2370","60567.0000","-0.0500","-0.0050","-1.0000","0.0000","0.0000","0.0000","0.0000","0.0000"
"1811.0","15:13:11.746","2228722.0000","2.1525","60567.0000","-0.0500","-0.0050","-1.0000","0.0000","0.0000","0.0000","0.0000","0.0000"
"1812.0","15:13:11.747","2229493.0000","2.2366","60567.0000","-0.0500","-0.0050","-1.0000","0.0000","0.0000","0.0000","0.0000","0.0000"
"1813.0","15:13:11.748","2230840.0000","2.3834","60567.0000","-0.0500","-0.0050","-1.0000","0.0000","0.0000","0.0000","0.0000","0.0000"
"1814.0","15:13:11.749","2232153.0000","2.5266","60567.0000","-0.0500","-0.0050","-1.0000","0.0000","0.0000","0.0000","0.0000","0.0000"
"1815.0","15:13:11.750","2233195.0000","2.6401","60567.0000","-0.0500","-0.0050","-1.0000","0.0000","0.0000","0.0000","0.0000","0.0000"
"1816.0","15:13:11.751","2234503.0000","2.7827","60567.0000","-0.0500","-0.0050","-1.0000","0.0000","0.0000","0.0000","0.0000","0.0000"
"1817.0","15:13:11.752","2236087.0000","2.9554","60567.0000","-0.0500","-0.0050","-1.0000","0.0000","0.0000","0.0000","0.0000","0.0000"
"1818.0","15:13:11.753","2237309.0000","3.0886","60567.0000","-0.0500","-0.0050","-1.0000","0.0000","0.0000","0.0000","0.0000","0.0000"
"1819.0","15:13:11.754","2237350.0000","3.0931","60567.0000","-0.0500","-0.0050","-1.0000","0.0000","0.0000","0.0000","0.0000","0.0000"
"1820.0","15:13:11.755","2237145.0000","3.0707","60567.0000","-0.0500","-0.0050","-1.0000","0.0000","0.0000","0.0000","0.0000","0.0000"
"1821.0","15:13:11.756","2236808.0000","3.0340","60567.0000","-0.0500","-0.0050","-1.0000","0.0000","0.0000","0.0000","0.0000","0.0000"
"1822.0","15:13:11.757","2235493.0000","2.8907","60567.0000","-0.0500","-0.0050","-1.0000","0.0000","0.0000","0.0000","0.0000","0.0000"
"1823.0","15:13:11.758","2234686.0000","2.8027","60567.0000","-0.0500","-0.0050","-1.0000","0.0000","0.0000","0.0000","0.0000","0.0000"
"1824.0","15:13:11.759","2230441.0000","2.3399","60567.0000","-0.0500","-0.0050","-1.0000","0.0000","0.0000","0.0000","0.0000","0.0000"
"1825.0","15:13:11.760","2228076.0000","2.0821","60564.0000","-0.0500","-0.0050","-1.0000","0.0000","0.0000","0.0000","0.0000","0.0000"
"1826.0","15:13:11.761","2225416.0000","1.7921","60564.0000","-0.0500","-0.0050","-1.0000","0.0000","0.0000","0.0000","0.0000","0.0000"
"1827.0","15:13:11.762","2223160.0000","1.5461","60564.0000","-0.0500","-0.0050","-1.0000","0.0000","0.0000","0.0000","0.0000","0.0000"
"1828.0","15:13:11.763","2221674.0000","1.3842","60564.0000","-0.0500","-0.0050","-1.0000","0.0000","0.0000","0.0000","0.0000","0.0000"
"1829.0","15:13:11.764","2220383.0000","1.2434","60564.0000","-0.0500","-0.0050","-1.0000","0.0000","0.0000","0.0000","0.0000","0.0000"
"1830.0","15:13:11.765","2218509.0000","1.0391","60564.0000","-0.0500","-0.0050","-1.0000","0.0000","0.0000","0.0000","0.0000","0.0000"
"1831.0","15:13:11.766","2217721.0000","0.9532","60564.0000","-0.0500","-0.0050","-1.0000","0.0000","0.0000","0.0000","0.0000","0.0000"
"1832.0","15:13:11.767","2215314.0000","0.6908","60564.0000","-0.0500","-0.0050","-1.0000","0.0000","0.0000","0.0000","0.0000","0.0000"
"1833.0","15:13:11.768","2214673.0000","0.6209","60564.0000","-0.0500","-0.0050","-1.0000","0.0000","0.0000","0.0000","0.0000","0.0000"
"1834.0","15:13:11.769","2213421.0000","0.4844","60564.0000","-0.0500","-0.0050","-1.0000","0.0000","0.0000","0.0000","0.0000","0.0000"
"1835.0","15:13:11.770","2211361.0000","0.2598","60564.0000","-0.0500","-0.0050","-1.0000","0.0000","0.0000","0.0000","0.0000","0.0000"
"1836.0","15:13:11.771","2208832.0000","-0.0159","60564.0000","-0.0500","-0.0050","-1.0000","0.0000","0.0000","0.0000","0.0000","0.0000"
"1837.0","15:13:11.772","2206668.0000","-0.2449","60564.0000","-0.0500","-0.0050","-1.0000","0.0000","0.0000","0.0000","0.0000","0.0000"
"1838.0","15:13:11.773","2203623.0000","-0.5636","60564.0000","-0.0500","-0.0050","-1.0000","0.0000","0.0000","0.0000","0.0000","0.0000"
"1839.0","15:13:11.774","2200742.0000","-0.8651","60564.0000","-0.0500","-0.0050","-1.0000","0.0000","0.0000","0.0000","0.0000","0.0000"
"1840.0","15:13:11.775","2200248.0000","-0.9168","60564.0000","-0.0500","-0.0050","-1.0000","0.0000","0.0000","0.0000","0.0000","0.0000"
"1841.0","15:13:11.776","2199057.0000","-1.0414","60564.0000","-0.0500","-0.0050","-1.0000","0.0000","0.0000","0.0000","0.0000","0.0000"
"1842.0","15:13:11.777","2199084.0000","-1.0386","60564.0000","-0.0500","-0.0050","-1.0000","0.0000","0.0000","0.0000","0.0000","0.0000"
"1843.0","15:13:11.778","2199084.0000","-1.0386","60564.0000","-0.0500","-0.0050","-1.0000","0.0000","0.0000","0.0000","0.0000","0.0000"
"1844.0","15:13:11.779","2198609.0000","-1.0883","60564.0000","-0.0500","-0.0050","-1.0000","0.0000","0.0000","0.0000","0.0000","0.0000"
"1845.0","15:13:11.780","2200753.0000","-0.8639","60564.0000","-0.0500","-0.0050","-1.0000","0.0000","0.0000","0.0000","0.0000","0.0000"
"1846.0","15:13:11.781","2201564.0000","-0.7790","60564.0000","-0.0500","-0.0050","-1.0000","0.0000","0.0000","0.0000","0.0000","0.0000"
"1847.0","15:13:11.782","2204344.0000","-0.4882","60564.0000","-0.0500","-0.0050","-1.0000","0.0000","0.0000","0.0000","0.0000","0.0000"
"1848.0","15:13:11.783","2207216.0000","-0.1876","60564.0000","-0.0500","-0.0050","-1.0000","0.0000","0.0000","0.0000","0.0000","0.0000"
"1849.0","15:13:11.784","2210096.0000","0.1219","60564.0000","-0.0500","-0.0050","-1.0000","0.0000","0.0000","0.0000","0.0000","0.0000"
"1850.0","15:13:11.785","2212753.0000","0.4116","60564.0000","-0.0500","-0.0050","-1.0000","0.0000","0.0000","0.0000","0.0000","0.0000"
"1851.0","15:13:11.786","2215528.0000","0.7141","60564.0000","-0.0500","-0.0050","-1.0000","0.0000","0.0000","0.0000","0.0000","0.0000"
"1852.0","15:13:11.787","2219505.0000","1.1477","60564.0000","-0.0500","-0.0050","-1.0000","0.0000","0.0000","0.0000","0.0000","0.0000"
"1853.0","15:13:11.788","2223212.0000","1.5518","60564.0000","-0.0500","-0.0050","-1.0000","0.0000","0.0000","0.0000","0.0000","0.0000"
"1854.0","15:13:11.789","2226670.0000","1.9288","60564.0000","-0.0500","-0.0050","-1.0000","0.0000","0.0000","0.0000","0.0000","0.0000"
"1855.0","15:13:11.790","2230288.0000","2.3232","60564.0000","-0.0500","-0.0050","-1.0000","0.0000","0.0000","0.0000","0.0000","0.0000"
"1856.0","15:13:11.791","2234161.0000","2.7454","60564.0000","-0.0500","-0.0050","-1.0000","0.0000","0.0000","0.0000","0.0000","0.0000"
"1857.0","15:13:11.792","2236076.0000","2.9542","60564.0000","-0.0500","-0.0050","-1.0000","0.0000","0.0000","0.0000","0.0000","0.0000"
"1858.0","15:13:11.793","2236964.0000","3.0510","60564.0000","-0.0500","-0.0050","-1.0000","0.0000","0.0000","0.0000","0.0000","0.0000"
"1859.0","15:13:11.794","2237834.0000","3.1459","60564.0000","-0.0500","-0.0050","-1.0000","0.0000","0.0000","0.0000","0.0000","0.0000"
"1860.0","15:13:11.795","2239714.0000","3.3508","60564.0000","-0.0500","-0.0050","-1.0000","0.0000","0.0000","0.0000","0.0000","0.0000"
"1861.0","15:13:11.796","2238036.0000","3.1679","60564.0000","-0.0500","-0.0050","-1.0000","0.0000","0.0000","0.0000","0.0000","0.0000"
"1862.0","15:13:11.797","2237434.0000","3.1022","60564.0000","-0.0500","-0.0050","-1.0000","0.0000","0.0000","0.0000","0.0000","0.0000"
"1863.0","15:13:11.798","2237502.0000","3.1097","60564.0000","-0.0500","-0.0050","-1.0000","0.0000","0.0000","0.0000","0.0000","0.0000"
"1864.0","15:13:11.799","2235360.0000","2.8761","60564.0000","-0.0500","-0.0050","-1.0000","0.0000","0.0000","0.0000","0.0000","0.0000"
"1865.0","15:13:11.800","2233826.0000","2.7089","60564.0000","-0.0500","-0.0050","-1.0000","0.0000","0.0000","0.0000","0.0000","0.0000"
"1866.0","15:13:11.801","2234070.0000","2.7355","60564.0000","-0.0500","-0.0050","-1.0000","0.0000","0.0000","0.0000","0.0000","0.0000"
"1867.0","15:13:11.802","2233264.0000","2.6477","60564.0000","-0.0500","-0.0050","-1.0000","0.0000","0.0000","0.0000","0.0000","0.0000"
"1868.0","15:13:11.803","2233002.0000","2.6191","60564.0000","-0.0500","-0.0050","-1.0000","0.0000","0.0000","0.0000","0.0000","0.0000"
"1869.0","15:13:11.804","2232670.0000","2.5829","60564.0000","-0.0500","-0.0050","-1.0000","0.0000","0.0000","0.0000","0.0000","0.0000"
"1870.0","15:13:11.805","2231854.0000","2.4939","60564.0000","-0.0500","-0.0050","-1.0000","0.0000","0.0000","0.0000","0.0000","0.0000"
"1871.0","15:13:11.806","2229793.0000","2.2692","60564.0000","-0.0500","-0.0050","-1.0000","0.0000","0.0000","0.0000","0.0000","0.0000"
"1872.0","15:13:11.807","2228700.0000","2.1501","60564.0000","-0.0500","-0.0050","-1.0000","0.0000","0.0000","0.0000","0.0000","0.0000"
"1873.0","15:13:11.808","2226652.0000","1.9268","60564.0000","-0.0500","-0.0050","-1.0000","0.0000","0.0000","0.0000","0.0000","0.0000"
"1874.0","15:13:11.809","2226416.0000","1.9011","60564.0000","-0.0500","-0.0050","-1.0000","0.0000","0.0000","0.0000","0.0000","0.0000"
"1875.0","15:13:11.810","2226308.0000","1.8893","60564.0000","-0.0500","-0.0050","-1.0000","0.0000","0.0000","0.0000","0.0000","0.0000"
"1876.0","15:13:11.811","2225454.0000","1.7962","60564.0000","-0.0500","-0.0050","-1.0000","0.0000","0.0000","0.0000","0.0000","0.0000"
"1877.0","15:13:11.812","2225120.0000","1.7598","60564.0000","-0.0500","-0.0050","-1.0000","0.0000","0.0000","0.0000","0.0000","0.0000"
"1878.0","15:13:11.813","2223333.0000","1.5650","60564.0000","-0.0500","-0.0050","-1.0000","0.0000","0.0000","0.0000","0.0000","0.0000"
"1879.0","15:13:11.814","2222757.0000","1.5022","60564.0000","-0.0500","-0.0050","-1.0000","0.0000","0.0000","0.0000","0.0000","0.0000"
"1880.0","15:13:11.815","2222202.0000","1.4417","60564.0000","-0.0500","-0.0050","-1.0000","0.0000","0.0000","0.0000","0.0000","0.0000"
"1881.0","15:13:11.816","2221127.0000","1.3245","60564.0000","-0.0500","-0.0050","-1.0000","0.0000","0.0000","0.0000","0.0000","0.0000"
"1882.0","15:13:11.817","2220550.0000","1.2616","60564.0000","-0.0500","-0.0050","-1.0000","0.0000","0.0000","0.0000","0.0000","0.0000"
"1883.0","15:13:11.818","2222092.0000","1.4297","60564.0000","-0.0500","-0.0050","-1.0000","0.0000","0.0000","0.0000","0.0000","0.0000"
"1884.0","15:13:11.819","2221790.0000","1.3968","60564.0000","-0.0500","-0.0050","-1.0000","0.0000","0.0000","0.0000","0.0000","0.0000"
"1885.0","15:13:11.820","2220954.0000","1.3057","60558.0000","-0.0500","-0.0050","-1.0000","0.0000","0.0000","0.0000","0.0000","0.0000"
"1886.0","15:13:11.821","2220556.0000","1.2622","60558.0000","-0.0500","-0.0050","-1.0000","0.0000","0.0000","0.0000","0.0000","0.0000"
"1887.0","15:13:11.822","2219620.0000","1.1602","60558.0000","-0.0500","-0.0050","-1.0000","0.0000","0.0000","0.0000","0.0000","0.0000"
"1888.0","15:13:11.823","2219095.0000","1.1030","60558.0000","-0.0500","-0.0050","-1.0000","0.0000","0.0000","0.0000","0.0000","0.0000"
"1889.0","15:13:11.824","2219095.0000","1.1030","60558.0000","-0.0500","-0.0050","-1.0000","0.0000","0.0000","0.0000","0.0000","0.0000"
"1890.0","15:13:11.825","2219702.0000","1.1691","60558.0000","-0.0500","-0.0050","-1.0000","0.0000","0.0000","0.0000","0.0000","0.0000"
"1891.0","15:13:11.826","2220323.0000","1.2369","60558.0000","-0.0500","-0.0050","-1.0000","0.0000","0.0000","0.0000","0.0000","0.0000"
"1892.0","15:13:11.827","2220325.0000","1.2371","60558.0000","-0.0500","-0.0050","-1.0000","0.0000","0.0000","0.0000","0.0000","0.0000"
"1893.0","15:13:11.828","2219203.0000","1.1148","60558.0000","-0.0500","-0.0050","-1.0000","0.0000","0.0000","0.0000","0.0000","0.0000"
"1894.0","15:13:11.829","2218916.0000","1.0835","60558.0000","-0.0500","-0.0050","-1.0000","0.0000","0.0000","0.0000","0.0000","0.0000"
"1895.0","15:13:11.830","2218692.0000","1.0590","60558.0000","-0.0500","-0.0050","-1.0000","0.0000","0.0000","0.0000","0.0000","0.0000"
"1896.0","15:13:11.831","2218656.0000","1.0551","60558.0000","-0.0500","-0.0050","-1.0000","0.0000","0.0000","0.0000","0.0000","0.0000"
"1897.0","15:13:11.832","2219144.0000","1.1083","60558.0000","-0.0500","-0.0050","-1.0000","0.0000","0.0000","0.0000","0.0000","0.0000"
"1898.0","15:13:11.833","2219836.0000","1.1837","60558.0000","-0.0500","-0.0050","-1.0000","0.0000","0.0000","0.0000","0.0000","0.0000"
"1899.0","15:13:11.834","2220784.0000","1.2871","60558.0000","-0.0500","-0.0050","-1.0000","0.0000","0.0000","0.0000","0.0000","0.0000"
"1900.0","15:13:11.835","2220447.0000","1.2504","60558.0000","-0.0500","-0.0050","-1.0000","0.0000","0.0000","0.0000","0.0000","0.0000"
"1901.0","15:13:11.836","2221016.0000","1.3124","60558.0000","-0.0500","-0.0050","-1.0000","0.0000","0.0000","0.0000","0.0000","0.0000"
"1902.0","15:13:11.837","2221398.0000","1.3540","60558.0000","-0.0500","-0.0050","-1.0000","0.0000","0.0000","0.0000","0.0000","0.0000"
"1903.0","15:13:11.838","2220853.0000","1.2946","60558.0000","-0.0500","-0.0050","-1.0000","0.0000","0.0000","0.0000","0.0000","0.0000"
"1904.0","15:13:11.839","2221573.0000","1.3731","60558.0000","-0.0500","-0.0050","-1.0000","0.0000","0.0000","0.0000","0.0000","0.0000"
"1905.0","15:13:11.840","2221882.0000","1.4068","60558.0000","-0.0500","-0.0050","-1.0000","0.0000","0.0000","0.0000","0.0000","0.0000"
"1906.0","15:13:11.841","2222086.0000","1.4290","60558.0000","-0.0500","-0.0050","-1.0000","0.0000","0.0000","0.0000","0.0000","0.0000"
"1907.0","15:13:11.842","2222965.0000","1.5249","60558.0000","-0.0500","-0.0050","-1.0000","0.0000","0.0000","0.0000","0.0000","0.0000"
"1908.0","15:13:11.843","2223488.0000","1.5819","60558.0000","-0.0500","-0.0050","-1.0000","0.0000","0.0000","0.0000","0.0000","0.0000"
"1909.0","15:13:11.844","2223060.0000","1.5353","60558.0000","-0.0500","-0.0050","-1.0000","0.0000","0.0000","0.0000","0.0000","0.0000"
"1910.0","15:13:11.845","2222159.0000","1.4370","60558.0000","-0.0500","-0.0050","-1.0000","0.0000","0.0000","0.0000","0.0000","0.0000"
"1911.0","15:13:11.846","2223405.0000","1.5728","60558.0000","-0.0500","-0.0050","-1.0000","0.0000","0.0000","0.0000","0.0000","0.0000"
"1912.0","15:13:11.847","2222846.0000","1.5119","60558.0000","-0.0500","-0.0050","-1.0000","0.0000","0.0000","0.0000","0.0000","0.0000"
"1913.0","15:13:11.848","2223329.0000","1.5646","60558.0000","-0.0500","-0.0050","-1.0000","0.0000","0.0000","0.0000","0.0000","0.0000"
"1914.0","15:13:11.849","2224546.0000","1.6972","60558.0000","-0.0500","-0.0050","-1.0000","0.0000","0.0000","0.0000","0.0000","0.0000"
"1915.0","15:13:11.850","2224224.0000","1.6621","60558.0000","-0.0500","-0.0050","-1.0000","0.0000","0.0000","0.0000","0.0000","0.0000"
"1916.0","15:13:11.851","2224869.0000","1.7324","60558.0000","-0.0500","-0.0050","-1.0000","0.0000","0.0000","0.0000","0.0000","0.0000"
"1917.0","15:13:11.852","2223765.0000","1.6121","60558.0000","-0.0500","-0.0050","-1.0000","0.0000","0.0000","0.0000","0.0000","0.0000"
"1918.0","15:13:11.853","2224913.0000","1.7372","60558.0000","-0.0500","-0.0050","-1.0000","0.0000","0.0000","0.0000","0.0000","0.0000"
"1919.0","15:13:11.854","2225194.0000","1.7679","60558.0000","-0.0500","-0.0050","-1.0000","0.0000","0.0000","0.0000","0.0000","0.0000"
"1920.0","15:13:11.855","2225744.0000","1.8278","60558.0000","-0.0500","-0.0050","-1.0000","0.0000","0.0000","0.0000","0.0000","0.0000"
"1921.0","15:13:11.856","2224875.0000","1.7331","60558.0000","-0.0500","-0.0050","-1.0000","0.0000","0.0000","0.0000","0.0000","0.0000"
"1922.0","15:13:11.857","2225974.0000","1.8529","60558.0000","-0.0500","-0.0050","-1.0000","0.0000","0.0000","0.0000","0.0000","0.0000"
"1923.0","15:13:11.858","2226639.0000","1.9254","60558.0000","-0.0500","-0.0050","-1.0000","0.0000","0.0000","0.0000","0.0000","0.0000"
"1924.0","15:13:11.859","2226511.0000","1.9114","60558.0000","-0.0500","-0.0050","-1.0000","0.0000","0.0000","0.0000","0.0000","0.0000"
"1925.0","15:13:11.860","2226622.0000","1.9235","60558.0000","-0.0500","-0.0050","-1.0000","0.0000","0.0000","0.0000","0.0000","0.0000"
"1926.0","15:13:11.861","2226409.0000","1.9003","60558.0000","-0.0500","-0.0050","-1.0000","0.0000","0.0000","0.0000","0.0000","0.0000"
"1927.0","15:13:11.862","2227253.0000","1.9923","60558.0000","-0.0500","-0.0050","-1.0000","0.0000","0.0000","0.0000","0.0000","0.0000"
"1928.0","15:13:11.863","2227402.0000","2.0086","60558.0000","-0.0500","-0.0050","-1.0000","0.0000","0.0000","0.0000","0.0000","0.0000"
"1929.0","15:13:11.864","2228061.0000","2.0804","60558.0000","-0.0500","-0.0050","-1.0000","0.0000","0.0000","0.0000","0.0000","0.0000"
"1930.0","15:13:11.865","2228360.0000","2.1130","60558.0000","-0.0500","-0.0050","-1.0000","0.0000","0.0000","0.0000","0.0000","0.0000"
"1931.0","15:13:11.866","2229157.0000","2.1999","60558.0000","-0.0500","-0.0050","-1.0000","0.0000","0.0000","0.0000","0.0000","0.0000"
"1932.0","15:13:11.867","2228430.0000","2.1206","60558.0000","-0.0500","-0.0050","-1.0000","0.0000","0.0000","0.0000","0.0000","0.0000"
"1933.0","15:13:11.868","2228992.0000","2.1819","60558.0000","-0.0500","-0.0050","-1.0000","0.0000","0.0000","0.0000","0.0000","0.0000"
"1934.0","15:13:11.869","2229139.0000","2.1979","60558.0000","-0.0500","-0.0050","-1.0000","0.0000","0.0000","0.0000","0.0000","0.0000"
"1935.0","15:13:11.870","2228690.0000","2.1490","60558.0000","-0.0500","-0.0050","-1.0000","0.0000","0.0000","0.0000","0.0000","0.0000"
"1936.0","15:13:11.871","2228690.0000","2.1490","60558.0000","-0.0500","-0.0050","-1.0000","0.0000","0.0000","0.0000","0.0000","0.0000"
"1937.0","15:13:11.872","2229268.0000","2.2120","60558.0000","-0.0500","-0.0050","-1.0000","0.0000","0.0000","0.0000","0.0000","0.0000"
"1938.0","15:13:11.873","2229837.0000","2.2741","60558.0000","-0.0500","-0.0050","-1.0000","0.0000","0.0000","0.0000","0.0000","0.0000"
"1939.0","15:13:11.874","2228977.0000","2.1803","60558.0000","-0.0500","-0.0050","-1.0000","0.0000","0.0000","0.0000","0.0000","0.0000"
"1940.0","15:13:11.875","2229006.0000","2.1835","60558.0000","-0.0500","-0.0050","-1.0000","0.0000","0.0000","0.0000","0.0000","0.0000"
"1941.0","15:13:11.876","2228967.0000","2.1792","60558.0000","-0.0500","-0.0050","-1.0000","0.0000","0.0000","0.0000","0.0000","0.0000"
"1942.0","15:13:11.877","2228460.0000","2.1239","60558.0000","-0.0500","-0.0050","-1.0000","0.0000","0.0000","0.0000","0.0000","0.0000"
"1943.0","15:13:11.878","2228928.0000","2.1750","60558.0000","-0.0500","-0.0050","-1.0000","0.0000","0.0000","0.0000","0.0000","0.0000"
"1944.0","15:13:11.879","2227922.0000","2.0653","60558.0000","-0.0500","-0.0050","-1.0000","0.0000","0.0000","0.0000","0.0000","0.0000"
"1945.0","15:13:11.880","2228248.0000","2.1008","60556.0000","-0.0500","-0.0050","-1.0000","0.0000","0.0000","0.0000","0.0000","0.0000"
"1946.0","15:13:11.881","2228498.0000","2.1281","60556.0000","-0.0500","-0.0050","-1.0000","0.0000","0.0000","0.0000","0.0000","0.0000"
"1947.0","15:13:11.882","2228275.0000","2.1037","60556.0000","-0.0500","-0.0050","-1.0000","0.0000","0.0000","0.0000","0.0000","0.0000"
"1948.0","15:13:11.883","2226473.0000","1.9073","60556.0000","-0.0500","-0.0050","-1.0000","0.0000","0.0000","0.0000","0.0000","0.0000"
"1949.0","15:13:11.884","2226832.0000","1.9464","60556.0000","-0.0500","-0.0050","-1.0000","0.0000","0.0000","0.0000","0.0000","0.0000"
"1950.0","15:13:11.885","2227904.0000","2.0633","60556.0000","-0.0500","-0.0050","-1.0000","0.0000","0.0000","0.0000","0.0000","0.0000"
"1951.0","15:13:11.886","2227000.0000","1.9648","60556.0000","-0.0500","-0.0050","-1.0000","0.0000","0.0000","0.0000","0.0000","0.0000"
"1952.0","15:13:11.887","2227685.0000","2.0395","60556.0000","-0.0500","-0.0050","-1.0000","0.0000","0.0000","0.0000","0.0000","0.0000"
"1953.0","15:13:11.888","2227826.0000","2.0548","60556.0000","-0.0500","-0.0050","-1.0000","0.0000","0.0000","0.0000","0.0000","0.0000"
"1954.0","15:13:11.889","2226773.0000","1.9400","60556.0000","-0.0500","-0.0050","-1.0000","0.0000","0.0000","0.0000","0.0000","0.0000"
"1955.0","15:13:11.890","2227374.0000","2.0055","60556.0000","-0.0500","-0.0050","-1.0000","0.0000","0.0000","0.0000","0.0000","0.0000"
"1956.0","15:13:11.891","2226274.0000","1.8856","60556.0000","-0.0500","-0.0050","-1.0000","0.0000","0.0000","0.0000","0.0000","0.0000"
"1957.0","15:13:11.892","2226267.0000","1.8848","60556.0000","-0.0500","-0.0050","-1.0000","0.0000","0.0000","0.0000","0.0000","0.0000"
"1958.0","15:13:11.893","2225866.0000","1.8412","60556.0000","-0.0500","-0.0050","-1.0000","0.0000","0.0000","0.0000","0.0000","0.0000"
"1959.0","15:13:11.894","2225238.0000","1.7727","60556.0000","-0.0500","-0.0050","-1.0000","0.0000","0.0000","0.0000","0.0000","0.0000"
"1960.0","15:13:11.895","2225773.0000","1.8310","60556.0000","-0.0500","-0.0050","-1.0000","0.0000","0.0000","0.0000","0.0000","0.0000"
"1961.0","15:13:11.896","2226308.0000","1.8893","60556.0000","-0.0500","-0.0050","-1.0000","0.0000","0.0000","0.0000","0.0000","0.0000"
"1962.0","15:13:11.897","2226272.0000","1.8854","60556.0000","-0.0500","-0.0050","-1.0000","0.0000","0.0000","0.0000","0.0000","0.0000"
"1963.0","15:13:11.898","2224814.0000","1.7264","60556.0000","-0.0500","-0.0050","-1.0000","0.0000","0.0000","0.0000","0.0000","0.0000"
"1964.0","15:13:11.899","2224769.0000","1.7215","60556.0000","-0.0500","-0.0050","-1.0000","0.0000","0.0000","0.0000","0.0000","0.0000"
"1965.0","15:13:11.900","2224743.0000","1.7187","60556.0000","-0.0500","-0.0050","-1.0000","0.0000","0.0000","0.0000","0.0000","0.0000"
"1966.0","15:13:11.901","2224553.0000","1.6980","60556.0000","-0.0500","-0.0050","-1.0000","0.0000","0.0000","0.0000","0.0000","0.0000"
"1967.0","15:13:11.902","2224834.0000","1.7286","60556.0000","-0.0500","-0.0050","-1.0000","0.0000","0.0000","0.0000","0.0000","0.0000"
"1968.0","15:13:11.903","2224095.0000","1.6481","60556.0000","-0.0500","-0.0050","-1.0000","0.0000","0.0000","0.0000","0.0000","0.0000"
"1969.0","15:13:11.904","2224181.0000","1.6574","60556.0000","-0.0500","-0.0050","-1.0000","0.0000","0.0000","0.0000","0.0000","0.0000"
"1970.0","15:13:11.905","2222924.0000","1.5204","60556.0000","-0.0500","-0.0050","-1.0000","0.0000","0.0000","0.0000","0.0000","0.0000"
"1971.0","15:13:11.906","2222163.0000","1.4374","60556.0000","-0.0500","-0.0050","-1.0000","0.0000","0.0000","0.0000","0.0000","0.0000"
"1972.0","15:13:11.907","2222336.0000","1.4563","60556.0000","-0.0500","-0.0050","-1.0000","0.0000","0.0000","0.0000","0.0000","0.0000"
"1973.0","15:13:11.908","2221234.0000","1.3362","60556.0000","-0.0500","-0.0050","-1.0000","0.0000","0.0000","0.0000","0.0000","0.0000"
"1974.0","15:13:11.909","2221070.0000","1.3183","60556.0000","-0.0500","-0.0050","-1.0000","0.0000","0.0000","0.0000","0.0000","0.0000"
"1975.0","15:13:11.910","2221220.0000","1.3346","60556.0000","-0.0500","-0.0050","-1.0000","0.0000","0.0000","0.0000","0.0000","0.0000"
"1976.0","15:13:11.911","2220088.0000","1.2112","60556.0000","-0.0500","-0.0050","-1.0000","0.0000","0.0000","0.0000","0.0000","0.0000"
"1977.0","15:13:11.912","2219993.0000","1.2009","60556.0000","-0.0500","-0.0050","-1.0000","0.0000","0.0000","0.0000","0.0000","0.0000"
"1978.0","15:13:11.913","2218912.0000","1.0830","60556.0000","-0.0500","-0.0050","-1.0000","0.0000","0.0000","0.0000","0.0000","0.0000"
"1979.0","15:13:11.914","2218871.0000","1.0786","60556.0000","-0.0500","-0.0050","-1.0000","0.0000","0.0000","0.0000","0.0000","0.0000"
"1980.0","15:13:11.915","2218386.0000","1.0257","60556.0000","-0.0500","-0.0050","-1.0000","0.0000","0.0000","0.0000","0.0000","0.0000"
"1981.0","15:13:11.916","2218052.0000","0.9893","60556.0000","-0.0500","-0.0050","-1.0000","0.0000","0.0000","0.0000","0.0000","0.0000"
"1982.0","15:13:11.917","2218052.0000","0.9893","60556.0000","-0.0500","-0.0050","-1.0000","0.0000","0.0000","0.0000","0.0000","0.0000"
"1983.0","15:13:11.918","2217590.0000","0.9389","60556.0000","-0.0500","-0.0050","-1.0000","0.0000","0.0000","0.0000","0.0000","0.0000"
"1984.0","15:13:11.919","2216992.0000","0.8737","60556.0000","-0.0500","-0.0050","-1.0000","0.0000","0.0000","0.0000","0.0000","0.0000"
"1985.0","15:13:11.920","2216707.0000","0.8427","60556.0000","-0.0500","-0.0050","-1.0000","0.0000","0.0000","0.0000","0.0000","0.0000"
"1986.0","15:13:11.921","2217015.0000","0.8762","60556.0000","-0.0500","-0.0050","-1.0000","0.0000","0.0000","0.0000","0.0000","0.0000"
"1987.0","15:13:11.922","2216833.0000","0.8564","60556.0000","-0.0500","-0.0050","-1.0000","0.0000","0.0000","0.0000","0.0000","0.0000"
"1988.0","15:13:11.923","2217086.0000","0.8840","60556.0000","-0.0500","-0.0050","-1.0000","0.0000","0.0000","0.0000","0.0000","0.0000"
"1989.0","15:13:11.924","2217079.0000","0.8832","60556.0000","-0.0500","-0.0050","-1.0000","0.0000","0.0000","0.0000","0.0000","0.0000"
"1990.0","15:13:11.925","2217666.0000","0.9472","60556.0000","-0.0500","-0.0050","-1.0000","0.0000","0.0000","0.0000","0.0000","0.0000"
"1991.0","15:13:11.926","2217414.0000","0.9197","60556.0000","-0.0500","-0.0050","-1.0000","0.0000","0.0000","0.0000","0.0000","0.0000"
"1992.0","15:13:11.927","2217720.0000","0.9531","60556.0000","-0.0500","-0.0050","-1.0000","0.0000","0.0000","0.0000","0.0000","0.0000"
"1993.0","15:13:11.928","2218981.0000","1.0905","60556.0000","-0.0500","-0.0050","-1.0000","0.0000","0.0000","0.0000","0.0000","0.0000"
"1994.0","15:13:11.929","2218324.0000","1.0189","60556.0000","-0.0500","-0.0050","-1.0000","0.0000","0.0000","0.0000","0.0000","0.0000"
"1995.0","15:13:11.930","2218831.0000","1.0742","60556.0000","-0.0500","-0.0050","-1.0000","0.0000","0.0000","0.0000","0.0000","0.0000"
"1996.0","15:13:11.931","2219208.0000","1.1153","60556.0000","-0.0500","-0.0050","-1.0000","0.0000","0.0000","0.0000","0.0000","0.0000"
"1997.0","15:13:11.932","2220741.0000","1.2824","60556.0000","-0.0500","-0.0050","-1.0000","0.0000","0.0000","0.0000","0.0000","0.0000"
"1998.0","15:13:11.933","2221457.0000","1.3605","60556.0000","-0.0500","-0.0050","-1.0000","0.0000","0.0000","0.0000","0.0000","0.0000"
"1999.0","15:13:11.934","2221544.0000","1.3700","60556.0000","-0.0500","-0.0050","-1.0000","0.0000","0.0000","0.0000","0.0000","0.0000"
"2000.0","15:13:11.935","2223386.0000","1.5708","60556.0000","-0.0500","-0.0050","-1.0000","0.0000","0.0000","0.0000","0.0000","0.0000"
"2001.0","15:13:11.936","2223589.0000","1.5929","60556.0000","-0.0500","-0.0050","-1.0000","0.0000","0.0000","0.0000","0.0000","0.0000"
"2002.0","15:13:11.937","2222764.0000","1.5030","60556.0000","-0.0500","-0.0050","-1.0000","0.0000","0.0000","0.0000","0.0000","0.0000"
"2003.0","15:13:11.938","2224685.0000","1.7124","60556.0000","-0.0500","-0.0050","-1.0000","0.0000","0.0000","0.0000","0.0000","0.0000"
"2004.0","15:13:11.939","2225298.0000","1.7792","60556.0000","-0.0500","-0.0050","-1.0000","0.0000","0.0000","0.0000","0.0000","0.0000"
"2005.0","15:13:11.940","2225772.0000","1.8309","60556.0000","-0.0500","-0.0050","-1.0000","0.0000","0.0000","0.0000","0.0000","0.0000"
"2006.0","15:13:11.941","2226366.0000","1.8957","60560.0000","-0.0500","-0.0050","-1.0000","0.0000","0.0000","0.0000","0.0000","0.0000"
"2007.0","15:13:11.942","2225903.0000","1.8452","60560.0000","-0.0500","-0.0050","-1.0000","0.0000","0.0000","0.0000","0.0000","0.0000"
"2008.0","15:13:11.943","2227348.0000","2.0027","60560.0000","-0.0500","-0.0050","-1.0000","0.0000","0.0000","0.0000","0.0000","0.0000"
"2009.0","15:13:11.944","2227193.0000","1.9858","60560.0000","-0.0500","-0.0050","-1.0000","0.0000","0.0000","0.0000","0.0000","0.0000"
"2010.0","15:13:11.945","2226624.0000","1.9238","60560.0000","-0.0500","-0.0050","-1.0000","0.0000","0.0000","0.0000","0.0000","0.0000"
"2011.0","15:13:11.946","2226204.0000","1.8780","60560.0000","-0.0500","-0.0050","-1.0000","0.0000","0.0000","0.0000","0.0000","0.0000"
"2012.0","15:13:11.947","2225299.0000","1.7793","60560.0000","-0.0500","-0.0050","-1.0000","0.0000","0.0000","0.0000","0.0000","0.0000"
"2013.0","15:13:11.948","2225245.0000","1.7734","60560.0000","-0.0500","-0.0050","-1.0000","0.0000","0.0000","0.0000","0.0000","0.0000"
"2014.0","15:13:11.949","2224763.0000","1.7209","60560.0000","-0.0500","-0.0050","-1.0000","0.0000","0.0000","0.0000","0.0000","0.0000"
"2015.0","15:13:11.950","2223794.0000","1.6153","60560.0000","-0.0500","-0.0050","-1.0000","0.0000","0.0000","0.0000","0.0000","0.0000"
"2016.0","15:13:11.951","2224226.0000","1.6623","60560.0000","-0.0500","-0.0050","-1.0000","0.0000","0.0000","0.0000","0.0000","0.0000"
"2017.0","15:13:11.952","2224466.0000","1.6885","60560.0000","-0.0500","-0.0050","-1.0000","0.0000","0.0000","0.0000","0.0000","0.0000"
"2018.0","15:13:11.953","2223226.0000","1.5533","60560.0000","-0.0500","-0.0050","-1.0000","0.0000","0.0000","0.0000","0.0000","0.0000"
"2019.0","15:13:11.954","2223922.0000","1.6292","60560.0000","-0.0500","-0.0050","-1.0000","0.0000","0.0000","0.0000","0.0000","0.0000"
"2020.0","15:13:11.955","2223226.0000","1.5533","60560.0000","-0.0500","-0.0050","-1.0000","0.0000","0.0000","0.0000","0.0000","0.0000"
"2021.0","15:13:11.956","2223009.0000","1.5297","60560.0000","-0.0500","-0.0050","-1.0000","0.0000","0.0000","0.0000","0.0000","0.0000"
"2022.0","15:13:11.957","2223206.0000","1.5512","60560.0000","-0.0500","-0.0050","-1.0000","0.0000","0.0000","0.0000","0.0000","0.0000"
"2023.0","15:13:11.958","2222841.0000","1.5114","60560.0000","-0.0500","-0.0050","-1.0000","0.0000","0.0000","0.0000","0.0000","0.0000"
"2024.0","15:13:11.959","2221448.0000","1.3595","60560.0000","-0.0500","-0.0050","-1.0000","0.0000","0.0000","0.0000","0.0000","0.0000"
"2025.0","15:13:11.960","2221091.0000","1.3206","60560.0000","-0.0500","-0.0050","-1.0000","0.0000","0.0000","0.0000","0.0000","0.0000"
"2026.0","15:13:11.961","2222224.0000","1.4441","60560.0000","-0.0500","-0.0050","-1.0000","0.0000","0.0000","0.0000","0.0000","0.0000"
"2027.0","15:13:11.962","2221609.0000","1.3770","60560.0000","-0.0500","-0.0050","-1.0000","0.0000","0.0000","0.0000","0.0000","0.0000"
"2028.0","15:13:11.963","2221500.0000","1.3652","60560.0000","-0.0500","-0.0050","-1.0000","0.0000","0.0000","0.0000","0.0000","0.0000"
"2029.0","15:13:11.964","2221500.0000","1.3652","60560.0000","-0.0500","-0.0050","-1.0000","0.0000","0.0000","0.0000","0.0000","0.0000"
"2030.0","15:13:11.965","2220990.0000","1.3096","60560.0000","-0.0500","-0.0050","-1.0000","0.0000","0.0000","0.0000","0.0000","0.0000"
"2031.0","15:13:11.966","2221637.0000","1.3801","60560.0000","-0.0500","-0.0050","-1.0000","0.0000","0.0000","0.0000","0.0000","0.0000"
"2032.0","15:13:11.967","2220530.0000","1.2594","60560.0000","-0.0500","-0.0050","-1.0000","0.0000","0.0000","0.0000","0.0000","0.0000"
"2033.0","15:13:11.968","2220281.0000","1.2323","60560.0000","-0.0500","-0.0050","-1.0000","0.0000","0.0000","0.0000","0.0000","0.0000"
"2034.0","15:13:11.969","2220212.0000","1.2247","60560.0000","-0.0500","-0.0050","-1.0000","0.0000","0.0000","0.0000","0.0000","0.0000"
"2035.0","15:13:11.970","2221063.0000","1.3175","60560.0000","-0.0500","-0.0050","-1.0000","0.0000","0.0000","0.0000","0.0000","0.0000"
"2036.0","15:13:11.971","2221050.0000","1.3161","60560.0000","-0.0500","-0.0050","-1.0000","0.0000","0.0000","0.0000","0.0000","0.0000"
"2037.0","15:13:11.972","2219690.0000","1.1678","60560.0000","-0.0500","-0.0050","-1.0000","0.0000","0.0000","0.0000","0.0000","0.0000"
"2038.0","15:13:11.973","2219703.0000","1.1693","60560.0000","-0.0500","-0.0050","-1.0000","0.0000","0.0000","0.0000","0.0000","0.0000"
"2039.0","15:13:11.974","2218646.0000","1.0540","60560.0000","-0.0500","-0.0050","-1.0000","0.0000","0.0000","0.0000","0.0000","0.0000"
"2040.0","15:13:11.975","2218560.0000","1.0447","60560.0000","-0.0500","-0.0050","-1.0000","0.0000","0.0000","0.0000","0.0000","0.0000"
"2041.0","15:13:11.976","2218347.0000","1.0214","60560.0000","-0.0500","-0.0050","-1.0000","0.0000","0.0000","0.0000","0.0000","0.0000"
"2042.0","15:13:11.977","2216727.0000","0.8448","60560.0000","-0.0500","-0.0050","-1.0000","0.0000","0.0000","0.0000","0.0000","0.0000"
"2043.0","15:13:11.978","2217250.0000","0.9018","60560.0000","-0.0500","-0.0050","-1.0000","0.0000","0.0000","0.0000","0.0000","0.0000"
"2044.0","15:13:11.979","2217124.0000","0.8881","60560.0000","-0.0500","-0.0050","-1.0000","0.0000","0.0000","0.0000","0.0000","0.0000"
"2045.0","15:13:11.980","2216667.0000","0.8383","60560.0000","-0.0500","-0.0050","-1.0000","0.0000","0.0000","0.0000","0.0000","0.0000"
"2046.0","15:13:11.981","2216598.0000","0.8308","60560.0000","-0.0500","-0.0050","-1.0000","0.0000","0.0000","0.0000","0.0000","0.0000"
"2047.0","15:13:11.982","2216370.0000","0.8059","60560.0000","-0.0500","-0.0050","-1.0000","0.0000","0.0000","0.0000","0.0000","0.0000"
"2048.0","15:13:11.983","2217118.0000","0.8875","60560.0000","-0.0500","-0.0050","-1.0000","0.0000","0.0000","0.0000","0.0000","0.0000"
"2049.0","15:13:11.984","2216657.0000","0.8372","60560.0000","-0.0500","-0.0050","-1.0000","0.0000","0.0000","0.0000","0.0000","0.0000"
"2050.0","15:13:11.985","2216954.0000","0.8696","60560.0000","-0.0500","-0.0050","-1.0000","0.0000","0.0000","0.0000","0.0000","0.0000"
"2051.0","15:13:11.986","2217894.0000","0.9720","60560.0000","-0.0500","-0.0050","-1.0000","0.0000","0.0000","0.0000","0.0000","0.0000"
"2052.0","15:13:11.987","2219132.0000","1.1070","60560.0000","-0.0500","-0.0050","-1.0000","0.0000","0.0000","0.0000","0.0000","0.0000"
"2053.0","15:13:11.988","2220142.0000","1.2171","60560.0000","-0.0500","-0.0050","-1.0000","0.0000","0.0000","0.0000","0.0000","0.0000"
"2054.0","15:13:11.989","2220573.0000","1.2641","60560.0000","-0.0500","-0.0050","-1.0000","0.0000","0.0000","0.0000","0.0000","0.0000"
"2055.0","15:13:11.990","2222380.0000","1.4611","60560.0000","-0.0500","-0.0050","-1.0000","0.0000","0.0000","0.0000","0.0000","0.0000"
"2056.0","15:13:11.991","2224933.0000","1.7394","60560.0000","-0.0500","-0.0050","-1.0000","0.0000","0.0000","0.0000","0.0000","0.0000"
"2057.0","15:13:11.992","2225736.0000","1.8270","60560.0000","-0.0500","-0.0050","-1.0000","0.0000","0.0000","0.0000","0.0000","0.0000"
"2058.0","15:13:11.993","2228364.0000","2.1134","60560.0000","-0.0500","-0.0050","-1.0000","0.0000","0.0000","0.0000","0.0000","0.0000"
"2059.0","15:13:11.994","2228427.0000","2.1203","60560.0000","-0.0500","-0.0050","-1.0000","0.0000","0.0000","0.0000","0.0000","0.0000"
"2060.0","15:13:11.995","2229342.0000","2.2201","60560.0000","-0.0500","-0.0050","-1.0000","0.0000","0.0000","0.0000","0.0000","0.0000"
"2061.0","15:13:11.996","2231673.0000","2.4742","60560.0000","-0.0500","-0.0050","-1.0000","0.0000","0.0000","0.0000","0.0000","0.0000"
"2062.0","15:13:11.997","2233070.0000","2.6265","60560.0000","-0.0500","-0.0050","-1.0000","0.0000","0.0000","0.0000","0.0000","0.0000"
"2063.0","15:13:11.998","2234160.0000","2.7453","60560.0000","-0.0500","-0.0050","-1.0000","0.0000","0.0000","0.0000","0.0000","0.0000"
"2064.0","15:13:11.999","2234547.0000","2.7875","60560.0000","-0.0500","-0.0050","-1.0000","0.0000","0.0000","0.0000","0.0000","0.0000"
"2065.0","15:13:12.0","2236146.0000","2.9618","60560.0000","-0.0500","-0.0050","-1.0000","0.0000","0.0000","0.0000","0.0000","0.0000"
"2066.0","15:13:12.1","2236585.0000","3.0097","60567.0000","-0.0500","-0.0050","-1.0000","0.0000","0.0000","0.0000","0.0000","0.0000"
"2067.0","15:13:12.2","2237738.0000","3.1354","60567.0000","-0.0500","-0.0050","-1.0000","0.0000","0.0000","0.0000","0.0000","0.0000"
"2068.0","15:13:12.3","2237271.0000","3.0845","60567.0000","-0.0500","-0.0050","-1.0000","0.0000","0.0000","0.0000","0.0000","0.0000"
"2069.0","15:13:12.4","2237232.0000","3.0802","60567.0000","-0.0500","-0.0050","-1.0000","0.0000","0.0000","0.0000","0.0000","0.0000"
"2070.0","15:13:12.5","2237966.0000","3.1603","60567.0000","-0.0500","-0.0050","-1.0000","0.0000","0.0000","0.0000","0.0000","0.0000"
"2071.0","15:13:12.6","2235820.0000","2.9263","60567.0000","-0.0500","-0.0050","-1.0000","0.0000","0.0000","0.0000","0.0000","0.0000"
"2072.0","15:13:12.7","2236128.0000","2.9599","60567.0000","-0.0500","-0.0050","-1.0000","0.0000","0.0000","0.0000","0.0000","0.0000"
"2073.0","15:13:12.8","2235643.0000","2.9070","60567.0000","-0.0500","-0.0050","-1.0000","0.0000","0.0000","0.0000","0.0000","0.0000"
"2074.0","15:13:12.9","2235062.0000","2.8437","60567.0000","-0.0500","-0.0050","-1.0000","0.0000","0.0000","0.0000","0.0000","0.0000"
"2075.0","15:13:12.10","2235062.0000","2.8437","60567.0000","-0.0500","-0.0050","-1.0000","0.0000","0.0000","0.0000","0.0000","0.0000"
"2076.0","15:13:12.11","2233501.0000","2.6735","60567.0000","-0.0500","-0.0050","-1.0000","0.0000","0.0000","0.0000","0.0000","0.0000"
"2077.0","15:13:12.12","2232354.0000","2.5485","60567.0000","-0.0500","-0.0050","-1.0000","0.0000","0.0000","0.0000","0.0000","0.0000"
"2078.0","15:13:12.13","2233187.0000","2.6392","60567.0000","-0.0500","-0.0050","-1.0000","0.0000","0.0000","0.0000","0.0000","0.0000"
"2079.0","15:13:12.14","2233435.0000","2.6663","60567.0000","-0.0500","-0.0050","-1.0000","0.0000","0.0000","0.0000","0.0000","0.0000"
"2080.0","15:13:12.15","2233012.0000","2.6202","60567.0000","-0.0500","-0.0050","-1.0000","0.0000","0.0000","0.0000","0.0000","0.0000"
"2081.0","15:13:12.16","2231770.0000","2.4848","60567.0000","-0.0500","-0.0050","-1.0000","0.0000","0.0000","0.0000","0.0000","0.0000"
"2082.0","15:13:12.17","2230627.0000","2.3602","60567.0000","-0.0500","-0.0050","-1.0000","0.0000","0.0000","0.0000","0.0000","0.0000"
"2083.0","15:13:12.18","2229786.0000","2.2685","60567.0000","-0.0500","-0.0050","-1.0000","0.0000","0.0000","0.0000","0.0000","0.0000"
"2084.0","15:13:12.19","2229051.0000","2.1884","60567.0000","-0.0500","-0.0050","-1.0000","0.0000","0.0000","0.0000","0.0000","0.0000"
"2085.0","15:13:12.20","2226740.0000","1.9364","60567.0000","-0.0500","-0.0050","-1.0000","0.0000","0.0000","0.0000","0.0000","0.0000"
"2086.0","15:13:12.21","2225610.0000","1.8132","60567.0000","-0.0500","-0.0050","-1.0000","0.0000","0.0000","0.0000","0.0000","0.0000"
"2087.0","15:13:12.22","2223490.0000","1.5821","60567.0000","-0.0500","-0.0050","-1.0000","0.0000","0.0000","0.0000","0.0000","0.0000"
"2088.0","15:13:12.23","2222541.0000","1.4787","60567.0000","-0.0500","-0.0050","-1.0000","0.0000","0.0000","0.0000","0.0000","0.0000"
"2089.0","15:13:12.24","2219556.0000","1.1532","60567.0000","-0.0500","-0.0050","-1.0000","0.0000","0.0000","0.0000","0.0000","0.0000"
"2090.0","15:13:12.25","2216686.0000","0.8403","60567.0000","-0.0500","-0.0050","-1.0000","0.0000","0.0000","0.0000","0.0000","0.0000"
"2091.0","15:13:12.26","2213840.0000","0.5301","60567.0000","-0.0500","-0.0050","-1.0000","0.0000","0.0000","0.0000","0.0000","0.0000"
"2092.0","15:13:12.27","2211439.0000","0.2684","60567.0000","-0.0500","-0.0050","-1.0000","0.0000","0.0000","0.0000","0.0000","0.0000"
"2093.0","15:13:12.28","2210286.0000","0.1426","60567.0000","-0.0500","-0.0050","-1.0000","0.0000","0.0000","0.0000","0.0000","0.0000"
"2094.0","15:13:12.29","2209690.0000","0.0776","60567.0000","-0.0500","-0.0050","-1.0000","0.0000","0.0000","0.0000","0.0000","0.0000"
"2095.0","15:13:12.30","2209576.0000","0.0652","60567.0000","-0.0500","-0.0050","-1.0000","0.0000","0.0000","0.0000","0.0000","0.0000"
"2096.0","15:13:12.31","2210364.0000","0.1511","60567.0000","-0.0500","-0.0050","-1.0000","0.0000","0.0000","0.0000","0.0000","0.0000"
"2097.0","15:13:12.32","2210607.0000","0.1777","60567.0000","-0.0500","-0.0050","-1.0000","0.0000","0.0000","0.0000","0.0000","0.0000"
"2098.0","15:13:12.33","2211804.0000","0.3081","60567.0000","-0.0500","-0.0050","-1.0000","0.0000","0.0000","0.0000","0.0000","0.0000"
"2099.0","15:13:12.34","2213052.0000","0.4442","60567.0000","-0.0500","-0.0050","-1.0000","0.0000","0.0000","0.0000","0.0000","0.0000"
"2100.0","15:13:12.35","2213773.0000","0.5228","60567.0000","-0.0500","-0.0050","-1.0000","0.0000","0.0000","0.0000","0.0000","0.0000"
"2101.0","15:13:12.36","2214662.0000","0.6197","60567.0000","-0.0500","-0.0050","-1.0000","0.0000","0.0000","0.0000","0.0000","0.0000"
"2102.0","15:13:12.37","2216198.0000","0.7871","60567.0000","-0.0500","-0.0050","-1.0000","0.0000","0.0000","0.0000","0.0000","0.0000"
"2103.0","15:13:12.38","2215812.0000","0.7451","60567.0000","-0.0500","-0.0050","-1.0000","0.0000","0.0000","0.0000","0.0000","0.0000"
"2104.0","15:13:12.39","2215919.0000","0.7567","60567.0000","-0.0500","-0.0050","-1.0000","0.0000","0.0000","0.0000","0.0000","0.0000"
"2105.0","15:13:12.40","2215774.0000","0.7409","60567.0000","-0.0500","-0.0050","-1.0000","0.0000","0.0000","0.0000","0.0000","0.0000"
"2106.0","15:13:12.41","2215566.0000","0.7183","60567.0000","-0.0500","-0.0050","-1.0000","0.0000","0.0000","0.0000","0.0000","0.0000"
"2107.0","15:13:12.42","2214693.0000","0.6231","60567.0000","-0.0500","-0.0050","-1.0000","0.0000","0.0000","0.0000","0.0000","0.0000"
"2108.0","15:13:12.43","2213918.0000","0.5386","60567.0000","-0.0500","-0.0050","-1.0000","0.0000","0.0000","0.0000","0.0000","0.0000"
"2109.0","15:13:12.44","2213541.0000","0.4975","60567.0000","-0.0500","-0.0050","-1.0000","0.0000","0.0000","0.0000","0.0000","0.0000"
"2110.0","15:13:12.45","2214317.0000","0.5821","60567.0000","-0.0500","-0.0050","-1.0000","0.0000","0.0000","0.0000","0.0000","0.0000"
"2111.0","15:13:12.46","2214466.0000","0.5984","60567.0000","-0.0500","-0.0050","-1.0000","0.0000","0.0000","0.0000","0.0000","0.0000"
"2112.0","15:13:12.47","2215216.0000","0.6801","60567.0000","-0.0500","-0.0050","-1.0000","0.0000","0.0000","0.0000","0.0000","0.0000"
"2113.0","15:13:12.48","2216214.0000","0.7889","60567.0000","-0.0500","-0.0050","-1.0000","0.0000","0.0000","0.0000","0.0000","0.0000"
"2114.0","15:13:12.49","2216533.0000","0.8237","60567.0000","-0.0500","-0.0050","-1.0000","0.0000","0.0000","0.0000","0.0000","0.0000"
"2115.0","15:13:12.50","2217170.0000","0.8931","60567.0000","-0.0500","-0.0050","-1.0000","0.0000","0.0000","0.0000","0.0000","0.0000"
"2116.0","15:13:12.51","2217849.0000","0.9672","60567.0000","-0.0500","-0.0050","-1.0000","0.0000","0.0000","0.0000","0.0000","0.0000"
"2117.0","15:13:12.52","2219409.0000","1.1372","60567.0000","-0.0500","-0.0050","-1.0000","0.0000","0.0000","0.0000","0.0000","0.0000"
"2118.0","15:13:12.53","2220901.0000","1.2998","60567.0000","-0.0500","-0.0050","-1.0000","0.0000","0.0000","0.0000","0.0000","0.0000"
"2119.0","15:13:12.54","2223315.0000","1.5630","60567.0000","-0.0500","-0.0050","-1.0000","0.0000","0.0000","0.0000","0.0000","0.0000"
"2120.0","15:13:12.55","2224092.0000","1.6477","60567.0000","-0.0500","-0.0050","-1.0000","0.0000","0.0000","0.0000","0.0000","0.0000"
"2121.0","15:13:12.56","2224683.0000","1.7122","60567.0000","-0.0500","-0.0050","-1.0000","0.0000","0.0000","0.0000","0.0000","0.0000"
"2122.0","15:13:12.57","2224683.0000","1.7122","60567.0000","-0.0500","-0.0050","-1.0000","0.0000","0.0000","0.0000","0.0000","0.0000"
"2123.0","15:13:12.58","2225940.0000","1.8492","60567.0000","-0.0500","-0.0050","-1.0000","0.0000","0.0000","0.0000","0.0000","0.0000"
"2124.0","15:13:12.59","2227020.0000","1.9670","60567.0000","-0.0500","-0.0050","-1.0000","0.0000","0.0000","0.0000","0.0000","0.0000"
"2125.0","15:13:12.60","2227466.0000","2.0155","60567.0000","-0.0500","-0.0050","-1.0000","0.0000","0.0000","0.0000","0.0000","0.0000"
"2126.0","15:13:12.61","2227621.0000","2.0324","60567.0000","-0.0500","-0.0050","-1.0000","0.0000","0.0000","0.0000","0.0000","0.0000"
"2127.0","15:13:12.62","2228054.0000","2.0797","60562.0000","-0.0500","-0.0050","-1.0000","0.0000","0.0000","0.0000","0.0000","0.0000"
"2128.0","15:13:12.63","2229423.0000","2.2289","60562.0000","-0.0500","-0.0050","-1.0000","0.0000","0.0000","0.0000","0.0000","0.0000"
"2129.0","15:13:12.64","2229275.0000","2.2128","60562.0000","-0.0500","-0.0050","-1.0000","0.0000","0.0000","0.0000","0.0000","0.0000"
"2130.0","15:13:12.65","2229098.0000","2.1935","60562.0000","-0.0500","-0.0050","-1.0000","0.0000","0.0000","0.0000","0.0000","0.0000"
"2131.0","15:13:12.66","2230071.0000","2.2995","60562.0000","-0.0500","-0.0050","-1.0000","0.0000","0.0000","0.0000","0.0000","0.0000"
"2132.0","15:13:12.67","2229721.0000","2.2614","60562.0000","-0.0500","-0.0050","-1.0000","0.0000","0.0000","0.0000","0.0000","0.0000"
"2133.0","15:13:12.68","2229780.0000","2.2679","60562.0000","-0.0500","-0.0050","-1.0000","0.0000","0.0000","0.0000","0.0000","0.0000"
"2134.0","15:13:12.69","2229121.0000","2.1960","60562.0000","-0.0500","-0.0050","-1.0000","0.0000","0.0000","0.0000","0.0000","0.0000"
"2135.0","15:13:12.70","2229357.0000","2.2217","60562.0000","-0.0500","-0.0050","-1.0000","0.0000","0.0000","0.0000","0.0000","0.0000"
"2136.0","15:13:12.71","2230230.0000","2.3169","60562.0000","-0.0500","-0.0050","-1.0000","0.0000","0.0000","0.0000","0.0000","0.0000"
"2137.0","15:13:12.72","2230374.0000","2.3326","60562.0000","-0.0500","-0.0050","-1.0000","0.0000","0.0000","0.0000","0.0000","0.0000"
"2138.0","15:13:12.73","2230970.0000","2.3976","60562.0000","-0.0500","-0.0050","-1.0000","0.0000","0.0000","0.0000","0.0000","0.0000"
"2139.0","15:13:12.74","2231906.0000","2.4996","60562.0000","-0.0500","-0.0050","-1.0000","0.0000","0.0000","0.0000","0.0000","0.0000"
"2140.0","15:13:12.75","2234896.0000","2.8256","60562.0000","-0.0500","-0.0050","-1.0000","0.0000","0.0000","0.0000","0.0000","0.0000"
"2141.0","15:13:12.76","2239239.0000","3.2990","60562.0000","-0.0500","-0.0050","-1.0000","0.0000","0.0000","0.0000","0.0000","0.0000"
"2142.0","15:13:12.77","2239475.0000","3.3248","60562.0000","-0.0500","-0.0050","-1.0000","0.0000","0.0000","0.0000","0.0000","0.0000"
"2143.0","15:13:12.78","2240388.0000","3.4243","60562.0000","-0.0500","-0.0050","-1.0000","0.0000","0.0000","0.0000","0.0000","0.0000"
"2144.0","15:13:12.79","2242804.0000","3.6877","60562.0000","-0.0500","-0.0050","-1.0000","0.0000","0.0000","0.0000","0.0000","0.0000"
"2145.0","15:13:12.80","2239584.0000","3.3366","60562.0000","-0.0500","-0.0050","-1.0000","0.0000","0.0000","0.0000","0.0000","0.0000"
"2146.0","15:13:12.81","2236687.0000","3.0208","60562.0000","-0.0500","-0.0050","-1.0000","0.0000","0.0000","0.0000","0.0000","0.0000"
"2147.0","15:13:12.82","2236772.0000","3.0301","60562.0000","-0.0500","-0.0050","-1.0000","0.0000","0.0000","0.0000","0.0000","0.0000"
"2148.0","15:13:12.83","2229658.0000","2.2545","60562.0000","-0.0500","-0.0050","-1.0000","0.0000","0.0000","0.0000","0.0000","0.0000"
"2149.0","15:13:12.84","2225414.0000","1.7918","60562.0000","-0.0500","-0.0050","-1.0000","0.0000","0.0000","0.0000","0.0000","0.0000"
"2150.0","15:13:12.85","2222561.0000","1.4808","60562.0000","-0.0500","-0.0050","-1.0000","0.0000","0.0000","0.0000","0.0000","0.0000"
"2151.0","15:13:12.86","2216127.0000","0.7794","60562.0000","-0.0500","-0.0050","-1.0000","0.0000","0.0000","0.0000","0.0000","0.0000"
"2152.0","15:13:12.87","2214137.0000","0.5625","60562.0000","-0.0500","-0.0050","-1.0000","0.0000","0.0000","0.0000","0.0000","0.0000"
"2153.0","15:13:12.88","2211808.0000","0.3085","60562.0000","-0.0500","-0.0050","-1.0000","0.0000","0.0000","0.0000","0.0000","0.0000"
"2154.0","15:13:12.89","2208936.0000","-0.0046","60562.0000","-0.0500","-0.0050","-1.0000","0.0000","0.0000","0.0000","0.0000","0.0000"
"2155.0","15:13:12.90","2210264.0000","0.1402","60562.0000","-0.0500","-0.0050","-1.0000","0.0000","0.0000","0.0000","0.0000","0.0000"
"2156.0","15:13:12.91","2211621.0000","0.2882","60562.0000","-0.0500","-0.0050","-1.0000","0.0000","0.0000","0.0000","0.0000","0.0000"
"2157.0","15:13:12.92","2210014.0000","0.1130","60562.0000","-0.0500","-0.0050","-1.0000","0.0000","0.0000","0.0000","0.0000","0.0000"
"2158.0","15:13:12.93","2212366.0000","0.3694","60562.0000","-0.0500","-0.0050","-1.0000","0.0000","0.0000","0.0000","0.0000","0.0000"
"2159.0","15:13:12.94","2212839.0000","0.4210","60562.0000","-0.0500","-0.0050","-1.0000","0.0000","0.0000","0.0000","0.0000","0.0000"
"2160.0","15:13:12.95","2211417.0000","0.2659","60562.0000","-0.0500","-0.0050","-1.0000","0.0000","0.0000","0.0000","0.0000","0.0000"
"2161.0","15:13:12.96","2212460.0000","0.3797","60562.0000","-0.0500","-0.0050","-1.0000","0.0000","0.0000","0.0000","0.0000","0.0000"
"2162.0","15:13:12.97","2211901.0000","0.3187","60562.0000","-0.0500","-0.0050","-1.0000","0.0000","0.0000","0.0000","0.0000","0.0000"
"2163.0","15:13:12.98","2209284.0000","0.0334","60562.0000","-0.0500","-0.0050","-1.0000","0.0000","0.0000","0.0000","0.0000","0.0000"
"2164.0","15:13:12.99","2210358.0000","0.1505","60562.0000","-0.0500","-0.0050","-1.0000","0.0000","0.0000","0.0000","0.0000","0.0000"
"2165.0","15:13:12.100","2210163.0000","0.1292","60562.0000","-0.0500","-0.0050","-1.0000","0.0000","0.0000","0.0000","0.0000","0.0000"
"2166.0","15:13:12.101","2207598.0000","-0.1476","60562.0000","-0.0500","-0.0050","-1.0000","0.0000","0.0000","0.0000","0.0000","0.0000"
"2167.0","15:13:12.102","2210335.0000","0.1480","60562.0000","-0.0500","-0.0050","-1.0000","0.0000","0.0000","0.0000","0.0000","0.0000"
"2168.0","15:13:12.103","2210058.0000","0.1178","60562.0000","-0.0500","-0.0050","-1.0000","0.0000","0.0000","0.0000","0.0000","0.0000"
"2169.0","15:13:12.104","2210058.0000","0.1178","60562.0000","-0.0500","-0.0050","-1.0000","0.0000","0.0000","0.0000","0.0000","0.0000"
"2170.0","15:13:12.105","2208909.0000","-0.0075","60562.0000","-0.0500","-0.0050","-1.0000","0.0000","0.0000","0.0000","0.0000","0.0000"
"2171.0","15:13:12.106","2212724.0000","0.4084","60562.0000","-0.0500","-0.0050","-1.0000","0.0000","0.0000","0.0000","0.0000","0.0000"
"2172.0","15:13:12.107","2212918.0000","0.4296","60562.0000","-0.0500","-0.0050","-1.0000","0.0000","0.0000","0.0000","0.0000","0.0000"
"2173.0","15:13:12.108","2213911.0000","0.5378","60562.0000","-0.0500","-0.0050","-1.0000","0.0000","0.0000","0.0000","0.0000","0.0000"
"2174.0","15:13:12.109","2216912.0000","0.8650","60562.0000","-0.0500","-0.0050","-1.0000","0.0000","0.0000","0.0000","0.0000","0.0000"
"2175.0","15:13:12.110","2216714.0000","0.8434","60562.0000","-0.0500","-0.0050","-1.0000","0.0000","0.0000","0.0000","0.0000","0.0000"
"2176.0","15:13:12.111","2217294.0000","0.9066","60562.0000","-0.0500","-0.0050","-1.0000","0.0000","0.0000","0.0000","0.0000","0.0000"
"2177.0","15:13:12.112","2219451.0000","1.1418","60562.0000","-0.0500","-0.0050","-1.0000","0.0000","0.0000","0.0000","0.0000","0.0000"
"2178.0","15:13:12.113","2219047.0000","1.0977","60562.0000","-0.0500","-0.0050","-1.0000","0.0000","0.0000","0.0000","0.0000","0.0000"
"2179.0","15:13:12.114","2218564.0000","1.0451","60562.0000","-0.0500","-0.0050","-1.0000","0.0000","0.0000","0.0000","0.0000","0.0000"
"2180.0","15:13:12.115","2221648.0000","1.3813","60562.0000","-0.0500","-0.0050","-1.0000","0.0000","0.0000","0.0000","0.0000","0.0000"
"2181.0","15:13:12.116","2220142.0000","1.2171","60562.0000","-0.0500","-0.0050","-1.0000","0.0000","0.0000","0.0000","0.0000","0.0000"
"2182.0","15:13:12.117","2220687.0000","1.2766","60562.0000","-0.0500","-0.0050","-1.0000","0.0000","0.0000","0.0000","0.0000","0.0000"
"2183.0","15:13:12.118","2222802.0000","1.5071","60562.0000","-0.0500","-0.0050","-1.0000","0.0000","0.0000","0.0000","0.0000","0.0000"
"2184.0","15:13:12.119","2222232.0000","1.4450","60562.0000","-0.0500","-0.0050","-1.0000","0.0000","0.0000","0.0000","0.0000","0.0000"
"2185.0","15:13:12.120","2223904.0000","1.6273","60562.0000","-0.0500","-0.0050","-1.0000","0.0000","0.0000","0.0000","0.0000","0.0000"
"2186.0","15:13:12.121","2225600.0000","1.8121","60562.0000","-0.0500","-0.0050","-1.0000","0.0000","0.0000","0.0000","0.0000","0.0000"
"2187.0","15:13:12.122","2224490.0000","1.6911","60562.0000","-0.0500","-0.0050","-1.0000","0.0000","0.0000","0.0000","0.0000","0.0000"
"2188.0","15:13:12.123","2226770.0000","1.9397","60562.0000","-0.0500","-0.0050","-1.0000","0.0000","0.0000","0.0000","0.0000","0.0000"
"2189.0","15:13:12.124","2228254.0000","2.1015","60562.0000","-0.0500","-0.0050","-1.0000","0.0000","0.0000","0.0000","0.0000","0.0000"
"2190.0","15:13:12.125","2225908.0000","1.8457","60562.0000","-0.0500","-0.0050","-1.0000","0.0000","0.0000","0.0000","0.0000","0.0000"
"2191.0","15:13:12.126","2227512.0000","2.0206","60562.0000","-0.0500","-0.0050","-1.0000","0.0000","0.0000","0.0000","0.0000","0.0000"
"2192.0","15:13:12.127","2227999.0000","2.0737","60562.0000","-0.0500","-0.0050","-1.0000","0.0000","0.0000","0.0000","0.0000","0.0000"
"2193.0","15:13:12.128","2227010.0000","1.9658","60562.0000","-0.0500","-0.0050","-1.0000","0.0000","0.0000","0.0000","0.0000","0.0000"
"2194.0","15:13:12.129","2228086.0000","2.0831","60562.0000","-0.0500","-0.0050","-1.0000","0.0000","0.0000","0.0000","0.0000","0.0000"
"2195.0","15:13:12.130","2228386.0000","2.1159","60562.0000","-0.0500","-0.0050","-1.0000","0.0000","0.0000","0.0000","0.0000","0.0000"
"2196.0","15:13:12.131","2227471.0000","2.0161","60562.0000","-0.0500","-0.0050","-1.0000","0.0000","0.0000","0.0000","0.0000","0.0000"
"2197.0","15:13:12.132","2228636.0000","2.1431","60562.0000","-0.0500","-0.0050","-1.0000","0.0000","0.0000","0.0000","0.0000","0.0000"
"2198.0","15:13:12.133","2229028.0000","2.1859","60562.0000","-0.0500","-0.0050","-1.0000","0.0000","0.0000","0.0000","0.0000","0.0000"
"2199.0","15:13:12.134","2227579.0000","2.0279","60562.0000","-0.0500","-0.0050","-1.0000","0.0000","0.0000","0.0000","0.0000","0.0000"
"2200.0","15:13:12.135","2229259.0000","2.2110","60562.0000","-0.0500","-0.0050","-1.0000","0.0000","0.0000","0.0000","0.0000","0.0000"
"2201.0","15:13:12.136","2228107.0000","2.0855","60562.0000","-0.0500","-0.0050","-1.0000","0.0000","0.0000","0.0000","0.0000","0.0000"
"2202.0","15:13:12.137","2227548.0000","2.0245","60562.0000","-0.0500","-0.0050","-1.0000","0.0000","0.0000","0.0000","0.0000","0.0000"
"2203.0","15:13:12.138","2227981.0000","2.0717","60562.0000","-0.0500","-0.0050","-1.0000","0.0000","0.0000","0.0000","0.0000","0.0000"
"2204.0","15:13:12.139","2226892.0000","1.9530","60562.0000","-0.0500","-0.0050","-1.0000","0.0000","0.0000","0.0000","0.0000","0.0000"
"2205.0","15:13:12.140","2226974.0000","1.9619","60562.0000","-0.0500","-0.0050","-1.0000","0.0000","0.0000","0.0000","0.0000","0.0000"
"2206.0","15:13:12.141","2226980.0000","1.9626","60562.0000","-0.0500","-0.0050","-1.0000","0.0000","0.0000","0.0000","0.0000","0.0000"
"2207.0","15:13:12.142","2225137.0000","1.7617","60562.0000","-0.0500","-0.0050","-1.0000","0.0000","0.0000","0.0000","0.0000","0.0000"
"2208.0","15:13:12.143","2224841.0000","1.7294","60562.0000","-0.0500","-0.0050","-1.0000","0.0000","0.0000","0.0000","0.0000","0.0000"
"2209.0","15:13:12.144","2225324.0000","1.7821","60562.0000","-0.0500","-0.0050","-1.0000","0.0000","0.0000","0.0000","0.0000","0.0000"
"2210.0","15:13:12.145","2223964.0000","1.6338","60562.0000","-0.0500","-0.0050","-1.0000","0.0000","0.0000","0.0000","0.0000","0.0000"
"2211.0","15:13:12.146","2224648.0000","1.7083","60562.0000","-0.0500","-0.0050","-1.0000","0.0000","0.0000","0.0000","0.0000","0.0000"
"2212.0","15:13:12.147","2225759.0000","1.8295","60562.0000","-0.0500","-0.0050","-1.0000","0.0000","0.0000","0.0000","0.0000","0.0000"
"2213.0","15:13:12.148","2224218.0000","1.6615","60562.0000","-0.0500","-0.0050","-1.0000","0.0000","0.0000","0.0000","0.0000","0.0000"
"2214.0","15:13:12.149","2223402.0000","1.5725","60562.0000","-0.0500","-0.0050","-1.0000","0.0000","0.0000","0.0000","0.0000","0.0000"
"2215.0","15:13:12.150","2223402.0000","1.5725","60562.0000","-0.0500","-0.0050","-1.0000","0.0000","0.0000","0.0000","0.0000","0.0000"
"2216.0","15:13:12.151","2224534.0000","1.6959","60562.0000","-0.0500","-0.0050","-1.0000","0.0000","0.0000","0.0000","0.0000","0.0000"
"2217.0","15:13:12.152","2222546.0000","1.4792","60562.0000","-0.0500","-0.0050","-1.0000","0.0000","0.0000","0.0000","0.0000","0.0000"
"2218.0","15:13:12.153","2222836.0000","1.5108","60562.0000","-0.0500","-0.0050","-1.0000","0.0000","0.0000","0.0000","0.0000","0.0000"
"2219.0","15:13:12.154","2223688.0000","1.6037","60562.0000","-0.0500","-0.0050","-1.0000","0.0000","0.0000","0.0000","0.0000","0.0000"
"2220.0","15:13:12.155","2222288.0000","1.4511","60562.0000","-0.0500","-0.0050","-1.0000","0.0000","0.0000","0.0000","0.0000","0.0000"
"2221.0","15:13:12.156","2222700.0000","1.4960","60562.0000","-0.0500","-0.0050","-1.0000","0.0000","0.0000","0.0000","0.0000","0.0000"
"2222.0","15:13:12.157","2222973.0000","1.5257","60562.0000","-0.0500","-0.0050","-1.0000","0.0000","0.0000","0.0000","0.0000","0.0000"
"2223.0","15:13:12.158","2221575.0000","1.3733","60562.0000","-0.0500","-0.0050","-1.0000","0.0000","0.0000","0.0000","0.0000","0.0000"
"2224.0","15:13:12.159","2222234.0000","1.4452","60562.0000","-0.0500","-0.0050","-1.0000","0.0000","0.0000","0.0000","0.0000","0.0000"
"2225.0","15:13:12.160","2221841.0000","1.4023","60562.0000","-0.0500","-0.0050","-1.0000","0.0000","0.0000","0.0000","0.0000","0.0000"
"2226.0","15:13:12.161","2220775.0000","1.2861","60562.0000","-0.0500","-0.0050","-1.0000","0.0000","0.0000","0.0000","0.0000","0.0000"
"2227.0","15:13:12.162","2223071.0000","1.5364","60562.0000","-0.0500","-0.0050","-1.0000","0.0000","0.0000","0.0000","0.0000","0.0000"
"2228.0","15:13:12.163","2222695.0000","1.4954","60562.0000","-0.0500","-0.0050","-1.0000","0.0000","0.0000","0.0000","0.0000","0.0000"
"2229.0","15:13:12.164","2222282.0000","1.4504","60562.0000","-0.0500","-0.0050","-1.0000","0.0000","0.0000","0.0000","0.0000","0.0000"
"2230.0","15:13:12.165","2223047.0000","1.5338","60562.0000","-0.0500","-0.0050","-1.0000","0.0000","0.0000","0.0000","0.0000","0.0000"
"2231.0","15:13:12.166","2222629.0000","1.4883","60562.0000","-0.0500","-0.0050","-1.0000","0.0000","0.0000","0.0000","0.0000","0.0000"
"2232.0","15:13:12.167","2222395.0000","1.4627","60562.0000","-0.0500","-0.0050","-1.0000","0.0000","0.0000","0.0000","0.0000","0.0000"
"2233.0","15:13:12.168","2223966.0000","1.6340","60562.0000","-0.0500","-0.0050","-1.0000","0.0000","0.0000","0.0000","0.0000","0.0000"
"2234.0","15:13:12.169","2224054.0000","1.6436","60562.0000","-0.0500","-0.0050","-1.0000","0.0000","0.0000","0.0000","0.0000","0.0000"
"2235.0","15:13:12.170","2223909.0000","1.6278","60562.0000","-0.0500","-0.0050","-1.0000","0.0000","0.0000","0.0000","0.0000","0.0000"
"2236.0","15:13:12.171","2224128.0000","1.6517","60562.0000","-0.0500","-0.0050","-1.0000","0.0000","0.0000","0.0000","0.0000","0.0000"
"2237.0","15:13:12.172","2223344.0000","1.5662","60562.0000","-0.0500","-0.0050","-1.0000","0.0000","0.0000","0.0000","0.0000","0.0000"
"2238.0","15:13:12.173","2222834.0000","1.5106","60562.0000","-0.0500","-0.0050","-1.0000","0.0000","0.0000","0.0000","0.0000","0.0000"
"2239.0","15:13:12.174","2224760.0000","1.7205","60562.0000","-0.0500","-0.0050","-1.0000","0.0000","0.0000","0.0000","0.0000","0.0000"
"2240.0","15:13:12.175","2223325.0000","1.5641","60562.0000","-0.0500","-0.0050","-1.0000","0.0000","0.0000","0.0000","0.0000","0.0000"
"2241.0","15:13:12.176","2223339.0000","1.5657","60562.0000","-0.0500","-0.0050","-1.0000","0.0000","0.0000","0.0000","0.0000","0.0000"
"2242.0","15:13:12.177","2223823.0000","1.6184","60562.0000","-0.0500","-0.0050","-1.0000","0.0000","0.0000","0.0000","0.0000","0.0000"
"2243.0","15:13:12.178","2222044.0000","1.4245","60562.0000","-0.0500","-0.0050","-1.0000","0.0000","0.0000","0.0000","0.0000","0.0000"
"2244.0","15:13:12.179","2222672.0000","1.4929","60562.0000","-0.0500","-0.0050","-1.0000","0.0000","0.0000","0.0000","0.0000","0.0000"
"2245.0","15:13:12.180","2223336.0000","1.5653","60562.0000","-0.0500","-0.0050","-1.0000","0.0000","0.0000","0.0000","0.0000","0.0000"
"2246.0","15:13:12.181","2222344.0000","1.4572","60562.0000","-0.0500","-0.0050","-1.0000","0.0000","0.0000","0.0000","0.0000","0.0000"
"2247.0","15:13:12.182","2223213.0000","1.5519","60562.0000","-0.0500","-0.0050","-1.0000","0.0000","0.0000","0.0000","0.0000","0.0000"
"2248.0","15:13:12.183","2223873.0000","1.6239","60564.0000","-0.0500","-0.0050","-1.0000","0.0000","0.0000","0.0000","0.0000","0.0000"
"2249.0","15:13:12.184","2222689.0000","1.4948","60564.0000","-0.0500","-0.0050","-1.0000","0.0000","0.0000","0.0000","0.0000","0.0000"
"2250.0","15:13:12.185","2222595.0000","1.4846","60564.0000","-0.0500","-0.0050","-1.0000","0.0000","0.0000","0.0000","0.0000","0.0000"
"2251.0","15:13:12.186","2223537.0000","1.5872","60564.0000","-0.0500","-0.0050","-1.0000","0.0000","0.0000","0.0000","0.0000","0.0000"
"2252.0","15:13:12.187","2223331.0000","1.5648","60564.0000","-0.0500","-0.0050","-1.0000","0.0000","0.0000","0.0000","0.0000","0.0000"
"2253.0","15:13:12.188","2222790.0000","1.5058","60564.0000","-0.0500","-0.0050","-1.0000","0.0000","0.0000","0.0000","0.0000","0.0000"
"2254.0","15:13:12.189","2222975.0000","1.5260","60564.0000","-0.0500","-0.0050","-1.0000","0.0000","0.0000","0.0000","0.0000","0.0000"
"2255.0","15:13:12.190","2222792.0000","1.5060","60564.0000","-0.0500","-0.0050","-1.0000","0.0000","0.0000","0.0000","0.0000","0.0000"
"2256.0","15:13:12.191","2222484.0000","1.4724","60564.0000","-0.0500","-0.0050","-1.0000","0.0000","0.0000","0.0000","0.0000","0.0000"
"2257.0","15:13:12.192","2222306.0000","1.4530","60564.0000","-0.0500","-0.0050","-1.0000","0.0000","0.0000","0.0000","0.0000","0.0000"
"2258.0","15:13:12.193","2222005.0000","1.4202","60564.0000","-0.0500","-0.0050","-1.0000","0.0000","0.0000","0.0000","0.0000","0.0000"
"2259.0","15:13:12.194","2222717.0000","1.4978","60564.0000","-0.0500","-0.0050","-1.0000","0.0000","0.0000","0.0000","0.0000","0.0000"
"2260.0","15:13:12.195","2223428.0000","1.5754","60564.0000","-0.0500","-0.0050","-1.0000","0.0000","0.0000","0.0000","0.0000","0.0000"
"2261.0","15:13:12.196","2223033.0000","1.5323","60564.0000","-0.0500","-0.0050","-1.0000","0.0000","0.0000","0.0000","0.0000","0.0000"
"2262.0","15:13:12.197","2223033.0000","1.5323","60564.0000","-0.0500","-0.0050","-1.0000","0.0000","0.0000","0.0000","0.0000","0.0000"
"2263.0","15:13:12.198","2224040.0000","1.6421","60564.0000","-0.0500","-0.0050","-1.0000","0.0000","0.0000","0.0000","0.0000","0.0000"
"2264.0","15:13:12.199","2223091.0000","1.5386","60564.0000","-0.0500","-0.0050","-1.0000","0.0000","0.0000","0.0000","0.0000","0.0000"
"2265.0","15:13:12.200","2223612.0000","1.5954","60564.0000","-0.0500","-0.0050","-1.0000","0.0000","0.0000","0.0000","0.0000","0.0000"
"2266.0","15:13:12.201","2224442.0000","1.6859","60564.0000","-0.0500","-0.0050","-1.0000","0.0000","0.0000","0.0000","0.0000","0.0000"
"2267.0","15:13:12.202","2223693.0000","1.6042","60564.0000","-0.0500","-0.0050","-1.0000","0.0000","0.0000","0.0000","0.0000","0.0000"
"2268.0","15:13:12.203","2224276.0000","1.6678","60564.0000","-0.0500","-0.0050","-1.0000","0.0000","0.0000","0.0000","0.0000","0.0000"
"2269.0","15:13:12.204","2225692.0000","1.8222","60564.0000","-0.0500","-0.0050","-1.0000","0.0000","0.0000","0.0000","0.0000","0.0000"
"2270.0","15:13:12.205","2225155.0000","1.7636","60564.0000","-0.0500","-0.0050","-1.0000","0.0000","0.0000","0.0000","0.0000","0.0000"
"2271.0","15:13:12.206","2225720.0000","1.8252","60564.0000","-0.0500","-0.0050","-1.0000","0.0000","0.0000","0.0000","0.0000","0.0000"
"2272.0","15:13:12.207","2226092.0000","1.8658","60564.0000","-0.0500","-0.0050","-1.0000","0.0000","0.0000","0.0000","0.0000","0.0000"
"2273.0","15:13:12.208","2225354.0000","1.7853","60564.0000","-0.0500","-0.0050","-1.0000","0.0000","0.0000","0.0000","0.0000","0.0000"
"2274.0","15:13:12.209","2225474.0000","1.7984","60564.0000","-0.0500","-0.0050","-1.0000","0.0000","0.0000","0.0000","0.0000","0.0000"
"2275.0","15:13:12.210","2225763.0000","1.8299","60564.0000","-0.0500","-0.0050","-1.0000","0.0000","0.0000","0.0000","0.0000","0.0000"
"2276.0","15:13:12.211","2225233.0000","1.7721","60564.0000","-0.0500","-0.0050","-1.0000","0.0000","0.0000","0.0000","0.0000","0.0000"
"2277.0","15:13:12.212","2225887.0000","1.8434","60564.0000","-0.0500","-0.0050","-1.0000","0.0000","0.0000","0.0000","0.0000","0.0000"
"2278.0","15:13:12.213","2225299.0000","1.7793","60564.0000","-0.0500","-0.0050","-1.0000","0.0000","0.0000","0.0000","0.0000","0.0000"
"2279.0","15:13:12.214","2225065.0000","1.7538","60564.0000","-0.0500","-0.0050","-1.0000","0.0000","0.0000","0.0000","0.0000","0.0000"
"2280.0","15:13:12.215","2225206.0000","1.7692","60564.0000","-0.0500","-0.0050","-1.0000","0.0000","0.0000","0.0000","0.0000","0.0000"
"2281.0","15:13:12.216","2225637.0000","1.8162","60564.0000","-0.0500","-0.0050","-1.0000","0.0000","0.0000","0.0000","0.0000","0.0000"
"2282.0","15:13:12.217","2225713.0000","1.8244","60564.0000","-0.0500","-0.0050","-1.0000","0.0000","0.0000","0.0000","0.0000","0.0000"
"2283.0","15:13:12.218","2224619.0000","1.7052","60564.0000","-0.0500","-0.0050","-1.0000","0.0000","0.0000","0.0000","0.0000","0.0000"
"2284.0","15:13:12.219","2224865.0000","1.7320","60564.0000","-0.0500","-0.0050","-1.0000","0.0000","0.0000","0.0000","0.0000","0.0000"
"2285.0","15:13:12.220","2223394.0000","1.5716","60564.0000","-0.0500","-0.0050","-1.0000","0.0000","0.0000","0.0000","0.0000","0.0000"
"2286.0","15:13:12.221","2223586.0000","1.5926","60564.0000","-0.0500","-0.0050","-1.0000","0.0000","0.0000","0.0000","0.0000","0.0000"
"2287.0","15:13:12.222","2222462.0000","1.4700","60564.0000","-0.0500","-0.0050","-1.0000","0.0000","0.0000","0.0000","0.0000","0.0000"
"2288.0","15:13:12.223","2222150.0000","1.4360","60564.0000","-0.0500","-0.0050","-1.0000","0.0000","0.0000","0.0000","0.0000","0.0000"
"2289.0","15:13:12.224","2222099.0000","1.4305","60564.0000","-0.0500","-0.0050","-1.0000","0.0000","0.0000","0.0000","0.0000","0.0000"
"2290.0","15:13:12.225","2221202.0000","1.3327","60564.0000","-0.0500","-0.0050","-1.0000","0.0000","0.0000","0.0000","0.0000","0.0000"
"2291.0","15:13:12.226","2221719.0000","1.3890","60564.0000","-0.0500","-0.0050","-1.0000","0.0000","0.0000","0.0000","0.0000","0.0000"
"2292.0","15:13:12.227","2220892.0000","1.2989","60564.0000","-0.0500","-0.0050","-1.0000","0.0000","0.0000","0.0000","0.0000","0.0000"
"2293.0","15:13:12.228","2220358.0000","1.2407","60564.0000","-0.0500","-0.0050","-1.0000","0.0000","0.0000","0.0000","0.0000","0.0000"
"2294.0","15:13:12.229","2220795.0000","1.2883","60564.0000","-0.0500","-0.0050","-1.0000","0.0000","0.0000","0.0000","0.0000","0.0000"
"2295.0","15:13:12.230","2220695.0000","1.2774","60564.0000","-0.0500","-0.0050","-1.0000","0.0000","0.0000","0.0000","0.0000","0.0000"
"2296.0","15:13:12.231","2220544.0000","1.2610","60564.0000","-0.0500","-0.0050","-1.0000","0.0000","0.0000","0.0000","0.0000","0.0000"
"2297.0","15:13:12.232","2221483.0000","1.3633","60564.0000","-0.0500","-0.0050","-1.0000","0.0000","0.0000","0.0000","0.0000","0.0000"
"2298.0","15:13:12.233","2221530.0000","1.3684","60564.0000","-0.0500","-0.0050","-1.0000","0.0000","0.0000","0.0000","0.0000","0.0000"
"2299.0","15:13:12.234","2221132.0000","1.3251","60564.0000","-0.0500","-0.0050","-1.0000","0.0000","0.0000","0.0000","0.0000","0.0000"
"2300.0","15:13:12.235","2220599.0000","1.2669","60564.0000","-0.0500","-0.0050","-1.0000","0.0000","0.0000","0.0000","0.0000","0.0000"
"2301.0","15:13:12.236","2221485.0000","1.3635","60564.0000","-0.0500","-0.0050","-1.0000","0.0000","0.0000","0.0000","0.0000","0.0000"
"2302.0","15:13:12.237","2221428.0000","1.3573","60564.0000","-0.0500","-0.0050","-1.0000","0.0000","0.0000","0.0000","0.0000","0.0000"
"2303.0","15:13:12.238","2221022.0000","1.3131","60564.0000","-0.0500","-0.0050","-1.0000","0.0000","0.0000","0.0000","0.0000","0.0000"
"2304.0","15:13:12.239","2221433.0000","1.3579","60564.0000","-0.0500","-0.0050","-1.0000","0.0000","0.0000","0.0000","0.0000","0.0000"
"2305.0","15:13:12.240","2221857.0000","1.4041","60564.0000","-0.0500","-0.0050","-1.0000","0.0000","0.0000","0.0000","0.0000","0.0000"
"2306.0","15:13:12.241","2222320.0000","1.4546","60564.0000","-0.0500","-0.0050","-1.0000","0.0000","0.0000","0.0000","0.0000","0.0000"
"2307.0","15:13:12.242","2221837.0000","1.4019","60564.0000","-0.0500","-0.0050","-1.0000","0.0000","0.0000","0.0000","0.0000","0.0000"
"2308.0","15:13:12.243","2221866.0000","1.4051","60569.0000","-0.0500","-0.0050","-1.0000","0.0000","0.0000","0.0000","0.0000","0.0000"
"2309.0","15:13:12.244","2221866.0000","1.4051","60569.0000","-0.0500","-0.0050","-1.0000","0.0000","0.0000","0.0000","0.0000","0.0000"
"2310.0","15:13:12.245","2222093.0000","1.4298","60569.0000","-0.0500","-0.0050","-1.0000","0.0000","0.0000","0.0000","0.0000","0.0000"
"2311.0","15:13:12.246","2223090.0000","1.5385","60569.0000","-0.0500","-0.0050","-1.0000","0.0000","0.0000","0.0000","0.0000","0.0000"
"2312.0","15:13:12.247","2222649.0000","1.4904","60569.0000","-0.0500","-0.0050","-1.0000","0.0000","0.0000","0.0000","0.0000","0.0000"
"2313.0","15:13:12.248","2223547.0000","1.5883","60569.0000","-0.0500","-0.0050","-1.0000","0.0000","0.0000","0.0000","0.0000","0.0000"
"2314.0","15:13:12.249","2223410.0000","1.5734","60569.0000","-0.0500","-0.0050","-1.0000","0.0000","0.0000","0.0000","0.0000","0.0000"
"2315.0","15:13:12.250","2222935.0000","1.5216","60569.0000","-0.0500","-0.0050","-1.0000","0.0000","0.0000","0.0000","0.0000","0.0000"
"2316.0","15:13:12.251","2223276.0000","1.5588","60569.0000","-0.0500","-0.0050","-1.0000","0.0000","0.0000","0.0000","0.0000","0.0000"
"2317.0","15:13:12.252","2222681.0000","1.4939","60569.0000","-0.0500","-0.0050","-1.0000","0.0000","0.0000","0.0000","0.0000","0.0000"
"2318.0","15:13:12.253","2223093.0000","1.5388","60569.0000","-0.0500","-0.0050","-1.0000","0.0000","0.0000","0.0000","0.0000","0.0000"
"2319.0","15:13:12.254","2223840.0000","1.6203","60569.0000","-0.0500","-0.0050","-1.0000","0.0000","0.0000","0.0000","0.0000","0.0000"
"2320.0","15:13:12.255","2224055.0000","1.6437","60569.0000","-0.0500","-0.0050","-1.0000","0.0000","0.0000","0.0000","0.0000","0.0000"
"2321.0","15:13:12.256","2223613.0000","1.5955","60569.0000","-0.0500","-0.0050","-1.0000","0.0000","0.0000","0.0000","0.0000","0.0000"
"2322.0","15:13:12.257","2224422.0000","1.6837","60569.0000","-0.0500","-0.0050","-1.0000","0.0000","0.0000","0.0000","0.0000","0.0000"
"2323.0","15:13:12.258","2223579.0000","1.5918","60569.0000","-0.0500","-0.0050","-1.0000","0.0000","0.0000","0.0000","0.0000","0.0000"
"2324.0","15:13:12.259","2223909.0000","1.6278","60569.0000","-0.0500","-0.0050","-1.0000","0.0000","0.0000","0.0000","0.0000","0.0000"
"2325.0","15:13:12.260","2224093.0000","1.6479","60569.0000","-0.0500","-0.0050","-1.0000","0.0000","0.0000","0.0000","0.0000","0.0000"
"2326.0","15:13:12.261","2224260.0000","1.6661","60569.0000","-0.0500","-0.0050","-1.0000","0.0000","0.0000","0.0000","0.0000","0.0000"
"2327.0","15:13:12.262","2224101.0000","1.6487","60569.0000","-0.0500","-0.0050","-1.0000","0.0000","0.0000","0.0000","0.0000","0.0000"
"2328.0","15:13:12.263","2223501.0000","1.5833","60569.0000","-0.0500","-0.0050","-1.0000","0.0000","0.0000","0.0000","0.0000","0.0000"
"2329.0","15:13:12.264","2223795.0000","1.6154","60569.0000","-0.0500","-0.0050","-1.0000","0.0000","0.0000","0.0000","0.0000","0.0000"
"2330.0","15:13:12.265","2223433.0000","1.5759","60569.0000","-0.0500","-0.0050","-1.0000","0.0000","0.0000","0.0000","0.0000","0.0000"
"2331.0","15:13:12.266","2223756.0000","1.6111","60569.0000","-0.0500","-0.0050","-1.0000","0.0000","0.0000","0.0000","0.0000","0.0000"
"2332.0","15:13:12.267","2224250.0000","1.6650","60569.0000","-0.0500","-0.0050","-1.0000","0.0000","0.0000","0.0000","0.0000","0.0000"
"2333.0","15:13:12.268","2224292.0000","1.6695","60569.0000","-0.0500","-0.0050","-1.0000","0.0000","0.0000","0.0000","0.0000","0.0000"
"2334.0","15:13:12.269","2223343.0000","1.5661","60569.0000","-0.0500","-0.0050","-1.0000","0.0000","0.0000","0.0000","0.0000","0.0000"
"2335.0","15:13:12.270","2223728.0000","1.6081","60569.0000","-0.0500","-0.0050","-1.0000","0.0000","0.0000","0.0000","0.0000","0.0000"
"2336.0","15:13:12.271","2223973.0000","1.6348","60569.0000","-0.0500","-0.0050","-1.0000","0.0000","0.0000","0.0000","0.0000","0.0000"
"2337.0","15:13:12.272","2223824.0000","1.6185","60569.0000","-0.0500","-0.0050","-1.0000","0.0000","0.0000","0.0000","0.0000","0.0000"
"2338.0","15:13:12.273","2223332.0000","1.5649","60569.0000","-0.0500","-0.0050","-1.0000","0.0000","0.0000","0.0000","0.0000","0.0000"
"2339.0","15:13:12.274","2223156.0000","1.5457","60569.0000","-0.0500","-0.0050","-1.0000","0.0000","0.0000","0.0000","0.0000","0.0000"
"2340.0","15:13:12.275","2223118.0000","1.5416","60569.0000","-0.0500","-0.0050","-1.0000","0.0000","0.0000","0.0000","0.0000","0.0000"
"2341.0","15:13:12.276","2222587.0000","1.4837","60569.0000","-0.0500","-0.0050","-1.0000","0.0000","0.0000","0.0000","0.0000","0.0000"
"2342.0","15:13:12.277","2222751.0000","1.5015","60569.0000","-0.0500","-0.0050","-1.0000","0.0000","0.0000","0.0000","0.0000","0.0000"
"2343.0","15:13:12.278","2222520.0000","1.4764","60569.0000","-0.0500","-0.0050","-1.0000","0.0000","0.0000","0.0000","0.0000","0.0000"
"2344.0","15:13:12.279","2222728.0000","1.4990","60569.0000","-0.0500","-0.0050","-1.0000","0.0000","0.0000","0.0000","0.0000","0.0000"
"2345.0","15:13:12.280","2222688.0000","1.4947","60569.0000","-0.0500","-0.0050","-1.0000","0.0000","0.0000","0.0000","0.0000","0.0000"
"2346.0","15:13:12.281","2222902.0000","1.5180","60569.0000","-0.0500","-0.0050","-1.0000","0.0000","0.0000","0.0000","0.0000","0.0000"
"2347.0","15:13:12.282","2222901.0000","1.5179","60569.0000","-0.0500","-0.0050","-1.0000","0.0000","0.0000","0.0000","0.0000","0.0000"
"2348.0","15:13:12.283","2222276.0000","1.4498","60569.0000","-0.0500","-0.0050","-1.0000","0.0000","0.0000","0.0000","0.0000","0.0000"
"2349.0","15:13:12.284","2222530.0000","1.4775","60569.0000","-0.0500","-0.0050","-1.0000","0.0000","0.0000","0.0000","0.0000","0.0000"
"2350.0","15:13:12.285","2222225.0000","1.4442","60569.0000","-0.0500","-0.0050","-1.0000","0.0000","0.0000","0.0000","0.0000","0.0000"
"2351.0","15:13:12.286","2223276.0000","1.5588","60569.0000","-0.0500","-0.0050","-1.0000","0.0000","0.0000","0.0000","0.0000","0.0000"
"2352.0","15:13:12.287","2222942.0000","1.5224","60569.0000","-0.0500","-0.0050","-1.0000","0.0000","0.0000","0.0000","0.0000","0.0000"
"2353.0","15:13:12.288","2222475.0000","1.4715","60569.0000","-0.0500","-0.0050","-1.0000","0.0000","0.0000","0.0000","0.0000","0.0000"
"2354.0","15:13:12.289","2221967.0000","1.4161","60569.0000","-0.0500","-0.0050","-1.0000","0.0000","0.0000","0.0000","0.0000","0.0000"
"2355.0","15:13:12.290","2222780.0000","1.5047","60569.0000","-0.0500","-0.0050","-1.0000","0.0000","0.0000","0.0000","0.0000","0.0000"
"2356.0","15:13:12.291","2222780.0000","1.5047","60569.0000","-0.0500","-0.0050","-1.0000","0.0000","0.0000","0.0000","0.0000","0.0000"
"2357.0","15:13:12.292","2222959.0000","1.5242","60569.0000","-0.0500","-0.0050","-1.0000","0.0000","0.0000","0.0000","0.0000","0.0000"
"2358.0","15:13:12.293","2223451.0000","1.5779","60569.0000","-0.0500","-0.0050","-1.0000","0.0000","0.0000","0.0000","0.0000","0.0000"
"2359.0","15:13:12.294","2223005.0000","1.5292","60569.0000","-0.0500","-0.0050","-1.0000","0.0000","0.0000","0.0000","0.0000","0.0000"
"2360.0","15:13:12.295","2223447.0000","1.5774","60569.0000","-0.0500","-0.0050","-1.0000","0.0000","0.0000","0.0000","0.0000","0.0000"
"2361.0","15:13:12.296","2223599.0000","1.5940","60569.0000","-0.0500","-0.0050","-1.0000","0.0000","0.0000","0.0000","0.0000","0.0000"
"2362.0","15:13:12.297","2223496.0000","1.5828","60569.0000","-0.0500","-0.0050","-1.0000","0.0000","0.0000","0.0000","0.0000","0.0000"
"2363.0","15:13:12.298","2223324.0000","1.5640","60569.0000","-0.0500","-0.0050","-1.0000","0.0000","0.0000","0.0000","0.0000","0.0000"
"2364.0","15:13:12.299","2223361.0000","1.5681","60569.0000","-0.0500","-0.0050","-1.0000","0.0000","0.0000","0.0000","0.0000","0.0000"
"2365.0","15:13:12.300","2223878.0000","1.6244","60569.0000","-0.0500","-0.0050","-1.0000","0.0000","0.0000","0.0000","0.0000","0.0000"
"2366.0","15:13:12.301","2223646.0000","1.5991","60569.0000","-0.0500","-0.0050","-1.0000","0.0000","0.0000","0.0000","0.0000","0.0000"
"2367.0","15:13:12.302","2224243.0000","1.6642","60569.0000","-0.0500","-0.0050","-1.0000","0.0000","0.0000","0.0000","0.0000","0.0000"
"2368.0","15:13:12.303","2224221.0000","1.6618","60569.0000","-0.0500","-0.0050","-1.0000","0.0000","0.0000","0.0000","0.0000","0.0000"
"2369.0","15:13:12.304","2224732.0000","1.7175","60571.0000","-0.0500","-0.0050","-1.0000","0.0000","0.0000","0.0000","0.0000","0.0000"
"2370.0","15:13:12.305","2225244.0000","1.7733","60571.0000","-0.0500","-0.0050","-1.0000","0.0000","0.0000","0.0000","0.0000","0.0000"
"2371.0","15:13:12.306","2224686.0000","1.7125","60571.0000","-0.0500","-0.0050","-1.0000","0.0000","0.0000","0.0000","0.0000","0.0000"
"2372.0","15:13:12.307","2224952.0000","1.7415","60571.0000","-0.0500","-0.0050","-1.0000","0.0000","0.0000","0.0000","0.0000","0.0000"
"2373.0","15:13:12.308","2224429.0000","1.6845","60571.0000","-0.0500","-0.0050","-1.0000","0.0000","0.0000","0.0000","0.0000","0.0000"
"2374.0","15:13:12.309","2224824.0000","1.7275","60571.0000","-0.0500","-0.0050","-1.0000","0.0000","0.0000","0.0000","0.0000","0.0000"
"2375.0","15:13:12.310","2224519.0000","1.6943","60571.0000","-0.0500","-0.0050","-1.0000","0.0000","0.0000","0.0000","0.0000","0.0000"
"2376.0","15:13:12.311","2223880.0000","1.6246","60571.0000","-0.0500","-0.0050","-1.0000","0.0000","0.0000","0.0000","0.0000","0.0000"
"2377.0","15:13:12.312","2224336.0000","1.6743","60571.0000","-0.0500","-0.0050","-1.0000","0.0000","0.0000","0.0000","0.0000","0.0000"
"2378.0","15:13:12.313","2224837.0000","1.7290","60571.0000","-0.0500","-0.0050","-1.0000","0.0000","0.0000","0.0000","0.0000","0.0000"
"2379.0","15:13:12.314","2224670.0000","1.7108","60571.0000","-0.0500","-0.0050","-1.0000","0.0000","0.0000","0.0000","0.0000","0.0000"
"2380.0","15:13:12.315","2224352.0000","1.6761","60571.0000","-0.0500","-0.0050","-1.0000","0.0000","0.0000","0.0000","0.0000","0.0000"
"2381.0","15:13:12.316","2224695.0000","1.7135","60571.0000","-0.0500","-0.0050","-1.0000","0.0000","0.0000","0.0000","0.0000","0.0000"
"2382.0","15:13:12.317","2224356.0000","1.6765","60571.0000","-0.0500","-0.0050","-1.0000","0.0000","0.0000","0.0000","0.0000","0.0000"
"2383.0","15:13:12.318","2223227.0000","1.5534","60571.0000","-0.0500","-0.0050","-1.0000","0.0000","0.0000","0.0000","0.0000","0.0000"
"2384.0","15:13:12.319","2223900.0000","1.6268","60571.0000","-0.0500","-0.0050","-1.0000","0.0000","0.0000","0.0000","0.0000","0.0000"
"2385.0","15:13:12.320","2224179.0000","1.6572","60571.0000","-0.0500","-0.0050","-1.0000","0.0000","0.0000","0.0000","0.0000","0.0000"
"2386.0","15:13:12.321","2223786.0000","1.6144","60571.0000","-0.0500","-0.0050","-1.0000","0.0000","0.0000","0.0000","0.0000","0.0000"
"2387.0","15:13:12.322","2223768.0000","1.6124","60571.0000","-0.0500","-0.0050","-1.0000","0.0000","0.0000","0.0000","0.0000","0.0000"
"2388.0","15:13:12.323","2224360.0000","1.6770","60571.0000","-0.0500","-0.0050","-1.0000","0.0000","0.0000","0.0000","0.0000","0.0000"
"2389.0","15:13:12.324","2224514.0000","1.6937","60571.0000","-0.0500","-0.0050","-1.0000","0.0000","0.0000","0.0000","0.0000","0.0000"
"2390.0","15:13:12.325","2225045.0000","1.7516","60571.0000","-0.0500","-0.0050","-1.0000","0.0000","0.0000","0.0000","0.0000","0.0000"
"2391.0","15:13:12.326","2224571.0000","1.6999","60571.0000","-0.0500","-0.0050","-1.0000","0.0000","0.0000","0.0000","0.0000","0.0000"
"2392.0","15:13:12.327","2224612.0000","1.7044","60571.0000","-0.0500","-0.0050","-1.0000","0.0000","0.0000","0.0000","0.0000","0.0000"
"2393.0","15:13:12.328","2225034.0000","1.7505","60571.0000","-0.0500","-0.0050","-1.0000","0.0000","0.0000","0.0000","0.0000","0.0000"
"2394.0","15:13:12.329","2224090.0000","1.6475","60571.0000","-0.0500","-0.0050","-1.0000","0.0000","0.0000","0.0000","0.0000","0.0000"
"2395.0","15:13:12.330","2223589.0000","1.5929","60571.0000","-0.0500","-0.0050","-1.0000","0.0000","0.0000","0.0000","0.0000","0.0000"
"2396.0","15:13:12.331","2224203.0000","1.6598","60571.0000","-0.0500","-0.0050","-1.0000","0.0000","0.0000","0.0000","0.0000","0.0000"
"2397.0","15:13:12.332","2223611.0000","1.5953","60571.0000","-0.0500","-0.0050","-1.0000","0.0000","0.0000","0.0000","0.0000","0.0000"
"2398.0","15:13:12.333","2222919.0000","1.5199","60571.0000","-0.0500","-0.0050","-1.0000","0.0000","0.0000","0.0000","0.0000","0.0000"
"2399.0","15:13:12.334","2223113.0000","1.5410","60571.0000","-0.0500","-0.0050","-1.0000","0.0000","0.0000","0.0000","0.0000","0.0000"
"2400.0","15:13:12.335","2222931.0000","1.5212","60571.0000","-0.0500","-0.0050","-1.0000","0.0000","0.0000","0.0000","0.0000","0.0000"
"2401.0","15:13:12.336","2223739.0000","1.6092","60571.0000","-0.0500","-0.0050","-1.0000","0.0000","0.0000","0.0000","0.0000","0.0000"
"2402.0","15:13:12.337","2223739.0000","1.6092","60571.0000","-0.0500","-0.0050","-1.0000","0.0000","0.0000","0.0000","0.0000","0.0000"
"2403.0","15:13:12.338","2223810.0000","1.6170","60571.0000","-0.0500","-0.0050","-1.0000","0.0000","0.0000","0.0000","0.0000","0.0000"
"2404.0","15:13:12.339","2223491.0000","1.5822","60571.0000","-0.0500","-0.0050","-1.0000","0.0000","0.0000","0.0000","0.0000","0.0000"
"2405.0","15:13:12.340","2223034.0000","1.5324","60571.0000","-0.0500","-0.0050","-1.0000","0.0000","0.0000","0.0000","0.0000","0.0000"
"2406.0","15:13:12.341","2223088.0000","1.5383","60571.0000","-0.0500","-0.0050","-1.0000","0.0000","0.0000","0.0000","0.0000","0.0000"
"2407.0","15:13:12.342","2221905.0000","1.4093","60571.0000","-0.0500","-0.0050","-1.0000","0.0000","0.0000","0.0000","0.0000","0.0000"
"2408.0","15:13:12.343","2222287.0000","1.4509","60571.0000","-0.0500","-0.0050","-1.0000","0.0000","0.0000","0.0000","0.0000","0.0000"
"2409.0","15:13:12.344","2221420.0000","1.3564","60571.0000","-0.0500","-0.0050","-1.0000","0.0000","0.0000","0.0000","0.0000","0.0000"
"2410.0","15:13:12.345","2221615.0000","1.3777","60571.0000","-0.0500","-0.0050","-1.0000","0.0000","0.0000","0.0000","0.0000","0.0000"
"2411.0","15:13:12.346","2222101.0000","1.4307","60571.0000","-0.0500","-0.0050","-1.0000","0.0000","0.0000","0.0000","0.0000","0.0000"
"2412.0","15:13:12.347","2221548.0000","1.3704","60571.0000","-0.0500","-0.0050","-1.0000","0.0000","0.0000","0.0000","0.0000","0.0000"
"2413.0","15:13:12.348","2221461.0000","1.3609","60571.0000","-0.0500","-0.0050","-1.0000","0.0000","0.0000","0.0000","0.0000","0.0000"
"2414.0","15:13:12.349","2220588.0000","1.2657","60571.0000","-0.0500","-0.0050","-1.0000","0.0000","0.0000","0.0000","0.0000","0.0000"
"2415.0","15:13:12.350","2220611.0000","1.2682","60571.0000","-0.0500","-0.0050","-1.0000","0.0000","0.0000","0.0000","0.0000","0.0000"
"2416.0","15:13:12.351","2221406.0000","1.3549","60571.0000","-0.0500","-0.0050","-1.0000","0.0000","0.0000","0.0000","0.0000","0.0000"
"2417.0","15:13:12.352","2221215.0000","1.3341","60571.0000","-0.0500","-0.0050","-1.0000","0.0000","0.0000","0.0000","0.0000","0.0000"
"2418.0","15:13:12.353","2221286.0000","1.3418","60571.0000","-0.0500","-0.0050","-1.0000","0.0000","0.0000","0.0000","0.0000","0.0000"
"2419.0","15:13:12.354","2221696.0000","1.3865","60571.0000","-0.0500","-0.0050","-1.0000","0.0000","0.0000","0.0000","0.0000","0.0000"
"2420.0","15:13:12.355","2222154.0000","1.4365","60571.0000","-0.0500","-0.0050","-1.0000","0.0000","0.0000","0.0000","0.0000","0.0000"
"2421.0","15:13:12.356","2222274.0000","1.4496","60571.0000","-0.0500","-0.0050","-1.0000","0.0000","0.0000","0.0000","0.0000","0.0000"
"2422.0","15:13:12.357","2221640.0000","1.3804","60571.0000","-0.0500","-0.0050","-1.0000","0.0000","0.0000","0.0000","0.0000","0.0000"
"2423.0","15:13:12.358","2223440.0000","1.5766","60571.0000","-0.0500","-0.0050","-1.0000","0.0000","0.0000","0.0000","0.0000","0.0000"
"2424.0","15:13:12.359","2223175.0000","1.5478","60571.0000","-0.0500","-0.0050","-1.0000","0.0000","0.0000","0.0000","0.0000","0.0000"
"2425.0","15:13:12.360","2222937.0000","1.5218","60571.0000","-0.0500","-0.0050","-1.0000","0.0000","0.0000","0.0000","0.0000","0.0000"
"2426.0","15:13:12.361","2223896.0000","1.6264","60571.0000","-0.0500","-0.0050","-1.0000","0.0000","0.0000","0.0000","0.0000","0.0000"
"2427.0","15:13:12.362","2224194.0000","1.6589","60571.0000","-0.0500","-0.0050","-1.0000","0.0000","0.0000","0.0000","0.0000","0.0000"
"2428.0","15:13:12.363","2224187.0000","1.6581","60571.0000","-0.0500","-0.0050","-1.0000","0.0000","0.0000","0.0000","0.0000","0.0000"
"2429.0","15:13:12.364","2223879.0000","1.6245","60571.0000","-0.0500","-0.0050","-1.0000","0.0000","0.0000","0.0000","0.0000","0.0000"
"2430.0","15:13:12.365","2224168.0000","1.6560","60571.0000","-0.0500","-0.0050","-1.0000","0.0000","0.0000","0.0000","0.0000","0.0000"
"2431.0","15:13:12.366","2224259.0000","1.6660","60571.0000","-0.0500","-0.0050","-1.0000","0.0000","0.0000","0.0000","0.0000","0.0000"
"2432.0","15:13:12.367","2225140.0000","1.7620","60571.0000","-0.0500","-0.0050","-1.0000","0.0000","0.0000","0.0000","0.0000","0.0000"
"2433.0","15:13:12.368","2224478.0000","1.6898","60571.0000","-0.0500","-0.0050","-1.0000","0.0000","0.0000","0.0000","0.0000","0.0000"
"2434.0","15:13:12.369","2224102.0000","1.6488","60571.0000","-0.0500","-0.0050","-1.0000","0.0000","0.0000","0.0000","0.0000","0.0000"
"2435.0","15:13:12.370","2224577.0000","1.7006","60571.0000","-0.0500","-0.0050","-1.0000","0.0000","0.0000","0.0000","0.0000","0.0000"
"2436.0","15:13:12.371","2225511.0000","1.8024","60571.0000","-0.0500","-0.0050","-1.0000","0.0000","0.0000","0.0000","0.0000","0.0000"
"2437.0","15:13:12.372","2225238.0000","1.7727","60571.0000","-0.0500","-0.0050","-1.0000","0.0000","0.0000","0.0000","0.0000","0.0000"
"2438.0","15:13:12.373","2224596.0000","1.7027","60571.0000","-0.0500","-0.0050","-1.0000","0.0000","0.0000","0.0000","0.0000","0.0000"
"2439.0","15:13:12.374","2225327.0000","1.7824","60571.0000","-0.0500","-0.0050","-1.0000","0.0000","0.0000","0.0000","0.0000","0.0000"
"2440.0","15:13:12.375","2223770.0000","1.6126","60571.0000","-0.0500","-0.0050","-1.0000","0.0000","0.0000","0.0000","0.0000","0.0000"
"2441.0","15:13:12.376","2223718.0000","1.6070","60571.0000","-0.0500","-0.0050","-1.0000","0.0000","0.0000","0.0000","0.0000","0.0000"
"2442.0","15:13:12.377","2224013.0000","1.6391","60571.0000","-0.0500","-0.0050","-1.0000","0.0000","0.0000","0.0000","0.0000","0.0000"
"2443.0","15:13:12.378","2223177.0000","1.5480","60571.0000","-0.0500","-0.0050","-1.0000","0.0000","0.0000","0.0000","0.0000","0.0000"
"2444.0","15:13:12.379","2223466.0000","1.5795","60571.0000","-0.0500","-0.0050","-1.0000","0.0000","0.0000","0.0000","0.0000","0.0000"
"2445.0","15:13:12.380","2223754.0000","1.6109","60571.0000","-0.0500","-0.0050","-1.0000","0.0000","0.0000","0.0000","0.0000","0.0000"
"2446.0","15:13:12.381","2223610.0000","1.5952","60571.0000","-0.0500","-0.0050","-1.0000","0.0000","0.0000","0.0000","0.0000","0.0000"
"2447.0","15:13:12.382","2222692.0000","1.4951","60571.0000","-0.0500","-0.0050","-1.0000","0.0000","0.0000","0.0000","0.0000","0.0000"
"2448.0","15:13:12.383","2223074.0000","1.5368","60571.0000","-0.0500","-0.0050","-1.0000","0.0000","0.0000","0.0000","0.0000","0.0000"
"2449.0","15:13:12.384","2223074.0000","1.5368","60571.0000","-0.0500","-0.0050","-1.0000","0.0000","0.0000","0.0000","0.0000","0.0000"
"2450.0","15:13:12.385","2223106.0000","1.5403","60571.0000","-0.0500","-0.0050","-1.0000","0.0000","0.0000","0.0000","0.0000","0.0000"
"2451.0","15:13:12.386","2223837.0000","1.6199","60571.0000","-0.0500","-0.0050","-1.0000","0.0000","0.0000","0.0000","0.0000","0.0000"
"2452.0","15:13:12.387","2222374.0000","1.4605","60571.0000","-0.0500","-0.0050","-1.0000","0.0000","0.0000","0.0000","0.0000","0.0000"
"2453.0","15:13:12.388","2223533.0000","1.5868","60571.0000","-0.0500","-0.0050","-1.0000","0.0000","0.0000","0.0000","0.0000","0.0000"
"2454.0","15:13:12.389","2222796.0000","1.5065","60571.0000","-0.0500","-0.0050","-1.0000","0.0000","0.0000","0.0000","0.0000","0.0000"
"2455.0","15:13:12.390","2223584.0000","1.5923","60571.0000","-0.0500","-0.0050","-1.0000","0.0000","0.0000","0.0000","0.0000","0.0000"
"2456.0","15:13:12.391","2223089.0000","1.5384","60571.0000","-0.0500","-0.0050","-1.0000","0.0000","0.0000","0.0000","0.0000","0.0000"
"2457.0","15:13:12.392","2222437.0000","1.4673","60571.0000","-0.0500","-0.0050","-1.0000","0.0000","0.0000","0.0000","0.0000","0.0000"
"2458.0","15:13:12.393","2222165.0000","1.4377","60571.0000","-0.0500","-0.0050","-1.0000","0.0000","0.0000","0.0000","0.0000","0.0000"
"2459.0","15:13:12.394","2222936.0000","1.5217","60571.0000","-0.0500","-0.0050","-1.0000","0.0000","0.0000","0.0000","0.0000","0.0000"
"2460.0","15:13:12.395","2223037.0000","1.5327","60571.0000","-0.0500","-0.0050","-1.0000","0.0000","0.0000","0.0000","0.0000","0.0000"
"2461.0","15:13:12.396","2223217.0000","1.5523","60571.0000","-0.0500","-0.0050","-1.0000","0.0000","0.0000","0.0000","0.0000","0.0000"
"2462.0","15:13:12.397","2222533.0000","1.4778","60571.0000","-0.0500","-0.0050","-1.0000","0.0000","0.0000","0.0000","0.0000","0.0000"
"2463.0","15:13:12.398","2222117.0000","1.4324","60571.0000","-0.0500","-0.0050","-1.0000","0.0000","0.0000","0.0000","0.0000","0.0000"
"2464.0","15:13:12.399","2222999.0000","1.5286","60571.0000","-0.0500","-0.0050","-1.0000","0.0000","0.0000","0.0000","0.0000","0.0000"
"2465.0","15:13:12.400","2222208.0000","1.4424","60571.0000","-0.0500","-0.0050","-1.0000","0.0000","0.0000","0.0000","0.0000","0.0000"
"2466.0","15:13:12.401","2222941.0000","1.5222","60571.0000","-0.0500","-0.0050","-1.0000","0.0000","0.0000","0.0000","0.0000","0.0000"
"2467.0","15:13:12.402","2223790.0000","1.6148","60571.0000","-0.0500","-0.0050","-1.0000","0.0000","0.0000","0.0000","0.0000","0.0000"
"2468.0","15:13:12.403","2223188.0000","1.5492","60571.0000","-0.0500","-0.0050","-1.0000","0.0000","0.0000","0.0000","0.0000","0.0000"
"2469.0","15:13:12.404","2222296.0000","1.4519","60571.0000","-0.0500","-0.0050","-1.0000","0.0000","0.0000","0.0000","0.0000","0.0000"
"2470.0","15:13:12.405","2222745.0000","1.5009","60571.0000","-0.0500","-0.0050","-1.0000","0.0000","0.0000","0.0000","0.0000","0.0000"
"2471.0","15:13:12.406","2223182.0000","1.5485","60571.0000","-0.0500","-0.0050","-1.0000","0.0000","0.0000","0.0000","0.0000","0.0000"
"2472.0","15:13:12.407","2222460.0000","1.4698","60571.0000","-0.0500","-0.0050","-1.0000","0.0000","0.0000","0.0000","0.0000","0.0000"
"2473.0","15:13:12.408","2223377.0000","1.5698","60571.0000","-0.0500","-0.0050","-1.0000","0.0000","0.0000","0.0000","0.0000","0.0000"
"2474.0","15:13:12.409","2222833.0000","1.5105","60571.0000","-0.0500","-0.0050","-1.0000","0.0000","0.0000","0.0000","0.0000","0.0000"
"2475.0","15:13:12.410","2222896.0000","1.5174","60571.0000","-0.0500","-0.0050","-1.0000","0.0000","0.0000","0.0000","0.0000","0.0000"
"2476.0","15:13:12.411","2223098.0000","1.5394","60571.0000","-0.0500","-0.0050","-1.0000","0.0000","0.0000","0.0000","0.0000","0.0000"
"2477.0","15:13:12.412","2223189.0000","1.5493","60571.0000","-0.0500","-0.0050","-1.0000","0.0000","0.0000","0.0000","0.0000","0.0000"
"2478.0","15:13:12.413","2222640.0000","1.4894","60571.0000","-0.0500","-0.0050","-1.0000","0.0000","0.0000","0.0000","0.0000","0.0000"
"2479.0","15:13:12.414","2223000.0000","1.5287","60571.0000","-0.0500","-0.0050","-1.0000","0.0000","0.0000","0.0000","0.0000","0.0000"
"2480.0","15:13:12.415","2223136.0000","1.5435","60571.0000","-0.0500","-0.0050","-1.0000","0.0000","0.0000","0.0000","0.0000","0.0000"
"2481.0","15:13:12.416","2223357.0000","1.5676","60571.0000","-0.0500","-0.0050","-1.0000","0.0000","0.0000","0.0000","0.0000","0.0000"
"2482.0","15:13:12.417","2223690.0000","1.6039","60571.0000","-0.0500","-0.0050","-1.0000","0.0000","0.0000","0.0000","0.0000","0.0000"
"2483.0","15:13:12.418","2223866.0000","1.6231","60571.0000","-0.0500","-0.0050","-1.0000","0.0000","0.0000","0.0000","0.0000","0.0000"
"2484.0","15:13:12.419","2223333.0000","1.5650","60571.0000","-0.0500","-0.0050","-1.0000","0.0000","0.0000","0.0000","0.0000","0.0000"
"2485.0","15:13:12.420","2224606.0000","1.7038","60571.0000","-0.0500","-0.0050","-1.0000","0.0000","0.0000","0.0000","0.0000","0.0000"
"2486.0","15:13:12.421","2224514.0000","1.6937","60571.0000","-0.0500","-0.0050","-1.0000","0.0000","0.0000","0.0000","0.0000","0.0000"
"2487.0","15:13:12.422","2224220.0000","1.6617","60571.0000","-0.0500","-0.0050","-1.0000","0.0000","0.0000","0.0000","0.0000","0.0000"
"2488.0","15:13:12.423","2223603.0000","1.5944","60571.0000","-0.0500","-0.0050","-1.0000","0.0000","0.0000","0.0000","0.0000","0.0000"
"2489.0","15:13:12.424","2223855.0000","1.6219","60571.0000","-0.0500","-0.0050","-1.0000","0.0000","0.0000","0.0000","0.0000","0.0000"
"2490.0","15:13:12.425","2223832.0000","1.6194","60554.0000","-0.0500","-0.0050","-1.0000","0.0000","0.0000","0.0000","0.0000","0.0000"
"2491.0","15:13:12.426","2223616.0000","1.5958","60554.0000","-0.0500","-0.0050","-1.0000","0.0000","0.0000","0.0000","0.0000","0.0000"
"2492.0","15:13:12.427","2223917.0000","1.6287","60554.0000","-0.0500","-0.0050","-1.0000","0.0000","0.0000","0.0000","0.0000","0.0000"
"2493.0","15:13:12.428","2223548.0000","1.5884","60554.0000","-0.0500","-0.0050","-1.0000","0.0000","0.0000","0.0000","0.0000","0.0000"
"2494.0","15:13:12.429","2223988.0000","1.6364","60554.0000","-0.0500","-0.0050","-1.0000","0.0000","0.0000","0.0000","0.0000","0.0000"
"2495.0","15:13:12.430","2224219.0000","1.6616","60554.0000","-0.0500","-0.0050","-1.0000","0.0000","0.0000","0.0000","0.0000","0.0000"
"2496.0","15:13:12.431","2224219.0000","1.6616","60554.0000","-0.0500","-0.0050","-1.0000","0.0000","0.0000","0.0000","0.0000","0.0000"
"2497.0","15:13:12.432","2224376.0000","1.6787","60554.0000","-0.0500","-0.0050","-1.0000","0.0000","0.0000","0.0000","0.0000","0.0000"
"2498.0","15:13:12.433","2225147.0000","1.7627","60554.0000","-0.0500","-0.0050","-1.0000","0.0000","0.0000","0.0000","0.0000","0.0000"
"2499.0","15:13:12.434","2224072.0000","1.6456","60554.0000","-0.0500","-0.0050","-1.0000","0.0000","0.0000","0.0000","0.0000","0.0000"
"2500.0","15:13:12.435","2224128.0000","1.6517","60554.0000","-0.0500","-0.0050","-1.0000","0.0000","0.0000","0.0000","0.0000","0.0000"
"2501.0","15:13:12.436","2224033.0000","1.6413","60554.0000","-0.0500","-0.0050","-1.0000","0.0000","0.0000","0.0000","0.0000","0.0000"
"2502.0","15:13:12.437","2224978.0000","1.7443","60554.0000","-0.0500","-0.0050","-1.0000","0.0000","0.0000","0.0000","0.0000","0.0000"
"2503.0","15:13:12.438","2225014.0000","1.7483","60554.0000","-0.0500","-0.0050","-1.0000","0.0000","0.0000","0.0000","0.0000","0.0000"
"2504.0","15:13:12.439","2225800.0000","1.8340","60554.0000","-0.0500","-0.0050","-1.0000","0.0000","0.0000","0.0000","0.0000","0.0000"
"2505.0","15:13:12.440","2224820.0000","1.7271","60554.0000","-0.0500","-0.0050","-1.0000","0.0000","0.0000","0.0000","0.0000","0.0000"
"2506.0","15:13:12.441","2225074.0000","1.7548","60554.0000","-0.0500","-0.0050","-1.0000","0.0000","0.0000","0.0000","0.0000","0.0000"
"2507.0","15:13:12.442","2225391.0000","1.7893","60554.0000","-0.0500","-0.0050","-1.0000","0.0000","0.0000","0.0000","0.0000","0.0000"
"2508.0","15:13:12.443","2225273.0000","1.7765","60554.0000","-0.0500","-0.0050","-1.0000","0.0000","0.0000","0.0000","0.0000","0.0000"
"2509.0","15:13:12.444","2223931.0000","1.6302","60554.0000","-0.0500","-0.0050","-1.0000","0.0000","0.0000","0.0000","0.0000","0.0000"
"2510.0","15:13:12.445","2224770.0000","1.7217","60554.0000","-0.0500","-0.0050","-1.0000","0.0000","0.0000","0.0000","0.0000","0.0000"
"2511.0","15:13:12.446","2225155.0000","1.7636","60554.0000","-0.0500","-0.0050","-1.0000","0.0000","0.0000","0.0000","0.0000","0.0000"
"2512.0","15:13:12.447","2225125.0000","1.7603","60554.0000","-0.0500","-0.0050","-1.0000","0.0000","0.0000","0.0000","0.0000","0.0000"
"2513.0","15:13:12.448","2224950.0000","1.7413","60554.0000","-0.0500","-0.0050","-1.0000","0.0000","0.0000","0.0000","0.0000","0.0000"
"2514.0","15:13:12.449","2224830.0000","1.7282","60554.0000","-0.0500","-0.0050","-1.0000","0.0000","0.0000","0.0000","0.0000","0.0000"
"2515.0","15:13:12.450","2224734.0000","1.7177","60554.0000","-0.0500","-0.0050","-1.0000","0.0000","0.0000","0.0000","0.0000","0.0000"
"2516.0","15:13:12.451","2224369.0000","1.6779","60554.0000","-0.0500","-0.0050","-1.0000","0.0000","0.0000","0.0000","0.0000","0.0000"
"2517.0","15:13:12.452","2223901.0000","1.6269","60554.0000","-0.0500","-0.0050","-1.0000","0.0000","0.0000","0.0000","0.0000","0.0000"
"2518.0","15:13:12.453","2224395.0000","1.6808","60554.0000","-0.0500","-0.0050","-1.0000","0.0000","0.0000","0.0000","0.0000","0.0000"
"2519.0","15:13:12.454","2224561.0000","1.6989","60554.0000","-0.0500","-0.0050","-1.0000","0.0000","0.0000","0.0000","0.0000","0.0000"
"2520.0","15:13:12.455","2224209.0000","1.6605","60554.0000","-0.0500","-0.0050","-1.0000","0.0000","0.0000","0.0000","0.0000","0.0000"
"2521.0","15:13:12.456","2223960.0000","1.6333","60554.0000","-0.0500","-0.0050","-1.0000","0.0000","0.0000","0.0000","0.0000","0.0000"
"2522.0","15:13:12.457","2222928.0000","1.5209","60554.0000","-0.0500","-0.0050","-1.0000","0.0000","0.0000","0.0000","0.0000","0.0000"
"2523.0","15:13:12.458","2223499.0000","1.5831","60554.0000","-0.0500","-0.0050","-1.0000","0.0000","0.0000","0.0000","0.0000","0.0000"
"2524.0","15:13:12.459","2222920.0000","1.5200","60554.0000","-0.0500","-0.0050","-1.0000","0.0000","0.0000","0.0000","0.0000","0.0000"
"2525.0","15:13:12.460","2222406.0000","1.4639","60554.0000","-0.0500","-0.0050","-1.0000","0.0000","0.0000","0.0000","0.0000","0.0000"
"2526.0","15:13:12.461","2222485.0000","1.4725","60554.0000","-0.0500","-0.0050","-1.0000","0.0000","0.0000","0.0000","0.0000","0.0000"
"2527.0","15:13:12.462","2223367.0000","1.5687","60554.0000","-0.0500","-0.0050","-1.0000","0.0000","0.0000","0.0000","0.0000","0.0000"
"2528.0","15:13:12.463","2223352.0000","1.5671","60554.0000","-0.0500","-0.0050","-1.0000","0.0000","0.0000","0.0000","0.0000","0.0000"
"2529.0","15:13:12.464","2223126.0000","1.5424","60554.0000","-0.0500","-0.0050","-1.0000","0.0000","0.0000","0.0000","0.0000","0.0000"
"2530.0","15:13:12.465","2223566.0000","1.5904","60554.0000","-0.0500","-0.0050","-1.0000","0.0000","0.0000","0.0000","0.0000","0.0000"
"2531.0","15:13:12.466","2223173.0000","1.5475","60554.0000","-0.0500","-0.0050","-1.0000","0.0000","0.0000","0.0000","0.0000","0.0000"
"2532.0","15:13:12.467","2222750.0000","1.5015","60554.0000","-0.0500","-0.0050","-1.0000","0.0000","0.0000","0.0000","0.0000","0.0000"
"2533.0","15:13:12.468","2223252.0000","1.5562","60554.0000","-0.0500","-0.0050","-1.0000","0.0000","0.0000","0.0000","0.0000","0.0000"
"2534.0","15:13:12.469","2222775.0000","1.5042","60554.0000","-0.0500","-0.0050","-1.0000","0.0000","0.0000","0.0000","0.0000","0.0000"
"2535.0","15:13:12.470","2223005.0000","1.5292","60554.0000","-0.0500","-0.0050","-1.0000","0.0000","0.0000","0.0000","0.0000","0.0000"
"2536.0","15:13:12.471","2222208.0000","1.4424","60554.0000","-0.0500","-0.0050","-1.0000","0.0000","0.0000","0.0000","0.0000","0.0000"
"2537.0","15:13:12.472","2222856.0000","1.5130","60554.0000","-0.0500","-0.0050","-1.0000","0.0000","0.0000","0.0000","0.0000","0.0000"
"2538.0","15:13:12.473","2223326.0000","1.5642","60554.0000","-0.0500","-0.0050","-1.0000","0.0000","0.0000","0.0000","0.0000","0.0000"
"2539.0","15:13:12.474","2222610.0000","1.4862","60554.0000","-0.0500","-0.0050","-1.0000","0.0000","0.0000","0.0000","0.0000","0.0000"
"2540.0","15:13:12.475","2222818.0000","1.5088","60554.0000","-0.0500","-0.0050","-1.0000","0.0000","0.0000","0.0000","0.0000","0.0000"
"2541.0","15:13:12.476","2222562.0000","1.4809","60554.0000","-0.0500","-0.0050","-1.0000","0.0000","0.0000","0.0000","0.0000","0.0000"
"2542.0","15:13:12.477","2222978.0000","1.5263","60554.0000","-0.0500","-0.0050","-1.0000","0.0000","0.0000","0.0000","0.0000","0.0000"
"2543.0","15:13:12.478","2222978.0000","1.5263","60554.0000","-0.0500","-0.0050","-1.0000","0.0000","0.0000","0.0000","0.0000","0.0000"
"2544.0","15:13:12.479","2223523.0000","1.5857","60554.0000","-0.0500","-0.0050","-1.0000","0.0000","0.0000","0.0000","0.0000","0.0000"
"2545.0","15:13:12.480","2224021.0000","1.6400","60554.0000","-0.0500","-0.0050","-1.0000","0.0000","0.0000","0.0000","0.0000","0.0000"
"2546.0","15:13:12.481","2223647.0000","1.5992","60554.0000","-0.0500","-0.0050","-1.0000","0.0000","0.0000","0.0000","0.0000","0.0000"
"2547.0","15:13:12.482","2223928.0000","1.6298","60554.0000","-0.0500","-0.0050","-1.0000","0.0000","0.0000","0.0000","0.0000","0.0000"
"2548.0","15:13:12.483","2223697.0000","1.6047","60554.0000","-0.0500","-0.0050","-1.0000","0.0000","0.0000","0.0000","0.0000","0.0000"
"2549.0","15:13:12.484","2224379.0000","1.6790","60554.0000","-0.0500","-0.0050","-1.0000","0.0000","0.0000","0.0000","0.0000","0.0000"
"2550.0","15:13:12.485","2223760.0000","1.6116","60557.0000","-0.0500","-0.0050","-1.0000","0.0000","0.0000","0.0000","0.0000","0.0000"
"2551.0","15:13:12.486","2223557.0000","1.5894","60557.0000","-0.0500","-0.0050","-1.0000","0.0000","0.0000","0.0000","0.0000","0.0000"
"2552.0","15:13:12.487","2224432.0000","1.6848","60557.0000","-0.0500","-0.0050","-1.0000","0.0000","0.0000","0.0000","0.0000","0.0000"
"2553.0","15:13:12.488","2224168.0000","1.6560","60557.0000","-0.0500","-0.0050","-1.0000","0.0000","0.0000","0.0000","0.0000","0.0000"
"2554.0","15:13:12.489","2224156.0000","1.6547","60557.0000","-0.0500","-0.0050","-1.0000","0.0000","0.0000","0.0000","0.0000","0.0000"
"2555.0","15:13:12.490","2224678.0000","1.7116","60557.0000","-0.0500","-0.0050","-1.0000","0.0000","0.0000","0.0000","0.0000","0.0000"
"2556.0","15:13:12.491","2224634.0000","1.7068","60557.0000","-0.0500","-0.0050","-1.0000","0.0000","0.0000","0.0000","0.0000","0.0000"
"2557.0","15:13:12.492","2224384.0000","1.6796","60557.0000","-0.0500","-0.0050","-1.0000","0.0000","0.0000","0.0000","0.0000","0.0000"
"2558.0","15:13:12.493","2224012.0000","1.6390","60557.0000","-0.0500","-0.0050","-1.0000","0.0000","0.0000","0.0000","0.0000","0.0000"
"2559.0","15:13:12.494","2223437.0000","1.5763","60557.0000","-0.0500","-0.0050","-1.0000","0.0000","0.0000","0.0000","0.0000","0.0000"
"2560.0","15:13:12.495","2223861.0000","1.6226","60557.0000","-0.0500","-0.0050","-1.0000","0.0000","0.0000","0.0000","0.0000","0.0000"
"2561.0","15:13:12.496","2224829.0000","1.7281","60557.0000","-0.0500","-0.0050","-1.0000","0.0000","0.0000","0.0000","0.0000","0.0000"
"2562.0","15:13:12.497","2224552.0000","1.6979","60557.0000","-0.0500","-0.0050","-1.0000","0.0000","0.0000","0.0000","0.0000","0.0000"
"2563.0","15:13:12.498","2224503.0000","1.6926","60557.0000","-0.0500","-0.0050","-1.0000","0.0000","0.0000","0.0000","0.0000","0.0000"
"2564.0","15:13:12.499","2224011.0000","1.6389","60557.0000","-0.0500","-0.0050","-1.0000","0.0000","0.0000","0.0000","0.0000","0.0000"
"2565.0","15:13:12.500","2223342.0000","1.5660","60557.0000","-0.0500","-0.0050","-1.0000","0.0000","0.0000","0.0000","0.0000","0.0000"
"2566.0","15:13:12.501","2223416.0000","1.5741","60557.0000","-0.0500","-0.0050","-1.0000","0.0000","0.0000","0.0000","0.0000","0.0000"
"2567.0","15:13:12.502","2223258.0000","1.5568","60557.0000","-0.0500","-0.0050","-1.0000","0.0000","0.0000","0.0000","0.0000","0.0000"
"2568.0","15:13:12.503","2223586.0000","1.5926","60557.0000","-0.0500","-0.0050","-1.0000","0.0000","0.0000","0.0000","0.0000","0.0000"
"2569.0","15:13:12.504","2222687.0000","1.4946","60557.0000","-0.0500","-0.0050","-1.0000","0.0000","0.0000","0.0000","0.0000","0.0000"
"2570.0","15:13:12.505","2222092.0000","1.4297","60557.0000","-0.0500","-0.0050","-1.0000","0.0000","0.0000","0.0000","0.0000","0.0000"
"2571.0","15:13:12.506","2221651.0000","1.3816","60557.0000","-0.0500","-0.0050","-1.0000","0.0000","0.0000","0.0000","0.0000","0.0000"
"2572.0","15:13:12.507","2222546.0000","1.4792","60557.0000","-0.0500","-0.0050","-1.0000","0.0000","0.0000","0.0000","0.0000","0.0000"
"2573.0","15:13:12.508","2221442.0000","1.3589","60557.0000","-0.0500","-0.0050","-1.0000","0.0000","0.0000","0.0000","0.0000","0.0000"
"2574.0","15:13:12.509","2221358.0000","1.3497","60557.0000","-0.0500","-0.0050","-1.0000","0.0000","0.0000","0.0000","0.0000","0.0000"
"2575.0","15:13:12.510","2221388.0000","1.3530","60557.0000","-0.0500","-0.0050","-1.0000","0.0000","0.0000","0.0000","0.0000","0.0000"
"2576.0","15:13:12.511","2221996.0000","1.4192","60557.0000","-0.0500","-0.0050","-1.0000","0.0000","0.0000","0.0000","0.0000","0.0000"
"2577.0","15:13:12.512","2221957.0000","1.4150","60557.0000","-0.0500","-0.0050","-1.0000","0.0000","0.0000","0.0000","0.0000","0.0000"
"2578.0","15:13:12.513","2222001.0000","1.4198","60557.0000","-0.0500","-0.0050","-1.0000","0.0000","0.0000","0.0000","0.0000","0.0000"
"2579.0","15:13:12.514","2221724.0000","1.3896","60557.0000","-0.0500","-0.0050","-1.0000","0.0000","0.0000","0.0000","0.0000","0.0000"
"2580.0","15:13:12.515","2221426.0000","1.3571","60557.0000","-0.0500","-0.0050","-1.0000","0.0000","0.0000","0.0000","0.0000","0.0000"
"2581.0","15:13:12.516","2222406.0000","1.4639","60557.0000","-0.0500","-0.0050","-1.0000","0.0000","0.0000","0.0000","0.0000","0.0000"
"2582.0","15:13:12.517","2222454.0000","1.4692","60557.0000","-0.0500","-0.0050","-1.0000","0.0000","0.0000","0.0000","0.0000","0.0000"
"2583.0","15:13:12.518","2222202.0000","1.4417","60557.0000","-0.0500","-0.0050","-1.0000","0.0000","0.0000","0.0000","0.0000","0.0000"
"2584.0","15:13:12.519","2222001.0000","1.4198","60557.0000","-0.0500","-0.0050","-1.0000","0.0000","0.0000","0.0000","0.0000","0.0000"
"2585.0","15:13:12.520","2222126.0000","1.4334","60557.0000","-0.0500","-0.0050","-1.0000","0.0000","0.0000","0.0000","0.0000","0.0000"
"2586.0","15:13:12.521","2221628.0000","1.3791","60557.0000","-0.0500","-0.0050","-1.0000","0.0000","0.0000","0.0000","0.0000","0.0000"
"2587.0","15:13:12.522","2221995.0000","1.4191","60557.0000","-0.0500","-0.0050","-1.0000","0.0000","0.0000","0.0000","0.0000","0.0000"
"2588.0","15:13:12.523","2222304.0000","1.4528","60557.0000","-0.0500","-0.0050","-1.0000","0.0000","0.0000","0.0000","0.0000","0.0000"
"2589.0","15:13:12.524","2222304.0000","1.4528","60557.0000","-0.0500","-0.0050","-1.0000","0.0000","0.0000","0.0000","0.0000","0.0000"
"2590.0","15:13:12.525","2222730.0000","1.4993","60557.0000","-0.0500","-0.0050","-1.0000","0.0000","0.0000","0.0000","0.0000","0.0000"
"2591.0","15:13:12.526","2222649.0000","1.4904","60557.0000","-0.0500","-0.0050","-1.0000","0.0000","0.0000","0.0000","0.0000","0.0000"
"2592.0","15:13:12.527","2223236.0000","1.5544","60557.0000","-0.0500","-0.0050","-1.0000","0.0000","0.0000","0.0000","0.0000","0.0000"
"2593.0","15:13:12.528","2223407.0000","1.5731","60557.0000","-0.0500","-0.0050","-1.0000","0.0000","0.0000","0.0000","0.0000","0.0000"
"2594.0","15:13:12.529","2223303.0000","1.5617","60557.0000","-0.0500","-0.0050","-1.0000","0.0000","0.0000","0.0000","0.0000","0.0000"
"2595.0","15:13:12.530","2223854.0000","1.6218","60557.0000","-0.0500","-0.0050","-1.0000","0.0000","0.0000","0.0000","0.0000","0.0000"
"2596.0","15:13:12.531","2223911.0000","1.6280","60557.0000","-0.0500","-0.0050","-1.0000","0.0000","0.0000","0.0000","0.0000","0.0000"
"2597.0","15:13:12.532","2224063.0000","1.6446","60557.0000","-0.0500","-0.0050","-1.0000","0.0000","0.0000","0.0000","0.0000","0.0000"
"2598.0","15:13:12.533","2224019.0000","1.6398","60557.0000","-0.0500","-0.0050","-1.0000","0.0000","0.0000","0.0000","0.0000","0.0000"
"2599.0","15:13:12.534","2223848.0000","1.6211","60557.0000","-0.0500","-0.0050","-1.0000","0.0000","0.0000","0.0000","0.0000","0.0000"
"2600.0","15:13:12.535","2223695.0000","1.6045","60557.0000","-0.0500","-0.0050","-1.0000","0.0000","0.0000","0.0000","0.0000","0.0000"
"2601.0","15:13:12.536","2224234.0000","1.6632","60557.0000","-0.0500","-0.0050","-1.0000","0.0000","0.0000","0.0000","0.0000","0.0000"
"2602.0","15:13:12.537","2224335.0000","1.6742","60557.0000","-0.0500","-0.0050","-1.0000","0.0000","0.0000","0.0000","0.0000","0.0000"
"2603.0","15:13:12.538","2223964.0000","1.6338","60557.0000","-0.0500","-0.0050","-1.0000","0.0000","0.0000","0.0000","0.0000","0.0000"
"2604.0","15:13:12.539","2223346.0000","1.5664","60557.0000","-0.0500","-0.0050","-1.0000","0.0000","0.0000","0.0000","0.0000","0.0000"
"2605.0","15:13:12.540","2223584.0000","1.5923","60557.0000","-0.0500","-0.0050","-1.0000","0.0000","0.0000","0.0000","0.0000","0.0000"
"2606.0","15:13:12.541","2223403.0000","1.5726","60557.0000","-0.0500","-0.0050","-1.0000","0.0000","0.0000","0.0000","0.0000","0.0000"
"2607.0","15:13:12.542","2223790.0000","1.6148","60557.0000","-0.0500","-0.0050","-1.0000","0.0000","0.0000","0.0000","0.0000","0.0000"
"2608.0","15:13:12.543","2223914.0000","1.6283","60557.0000","-0.0500","-0.0050","-1.0000","0.0000","0.0000","0.0000","0.0000","0.0000"
"2609.0","15:13:12.544","2222806.0000","1.5075","60557.0000","-0.0500","-0.0050","-1.0000","0.0000","0.0000","0.0000","0.0000","0.0000"
"2610.0","15:13:12.545","2223428.0000","1.5754","60564.0000","-0.0500","-0.0050","-1.0000","0.0000","0.0000","0.0000","0.0000","0.0000"
"2611.0","15:13:12.546","2223439.0000","1.5766","60564.0000","-0.0500","-0.0050","-1.0000","0.0000","0.0000","0.0000","0.0000","0.0000"
"2612.0","15:13:12.547","2223466.0000","1.5795","60564.0000","-0.0500","-0.0050","-1.0000","0.0000","0.0000","0.0000","0.0000","0.0000"
"2613.0","15:13:12.548","2222732.0000","1.4995","60564.0000","-0.0500","-0.0050","-1.0000","0.0000","0.0000","0.0000","0.0000","0.0000"
"2614.0","15:13:12.549","2222946.0000","1.5228","60564.0000","-0.0500","-0.0050","-1.0000","0.0000","0.0000","0.0000","0.0000","0.0000"
"2615.0","15:13:12.550","2223658.0000","1.6004","60564.0000","-0.0500","-0.0050","-1.0000","0.0000","0.0000","0.0000","0.0000","0.0000"
"2616.0","15:13:12.551","2223674.0000","1.6022","60564.0000","-0.0500","-0.0050","-1.0000","0.0000","0.0000","0.0000","0.0000","0.0000"
"2617.0","15:13:12.552","2224136.0000","1.6526","60564.0000","-0.0500","-0.0050","-1.0000","0.0000","0.0000","0.0000","0.0000","0.0000"
"2618.0","15:13:12.553","2224266.0000","1.6667","60564.0000","-0.0500","-0.0050","-1.0000","0.0000","0.0000","0.0000","0.0000","0.0000"
"2619.0","15:13:12.554","2223258.0000","1.5568","60564.0000","-0.0500","-0.0050","-1.0000","0.0000","0.0000","0.0000","0.0000","0.0000"
"2620.0","15:13:12.555","2223997.0000","1.6374","60564.0000","-0.0500","-0.0050","-1.0000","0.0000","0.0000","0.0000","0.0000","0.0000"
"2621.0","15:13:12.556","2224328.0000","1.6735","60564.0000","-0.0500","-0.0050","-1.0000","0.0000","0.0000","0.0000","0.0000","0.0000"
"2622.0","15:13:12.557","2224841.0000","1.7294","60564.0000","-0.0500","-0.0050","-1.0000","0.0000","0.0000","0.0000","0.0000","0.0000"
"2623.0","15:13:12.558","2224552.0000","1.6979","60564.0000","-0.0500","-0.0050","-1.0000","0.0000","0.0000","0.0000","0.0000","0.0000"
"2624.0","15:13:12.559","2225206.0000","1.7692","60564.0000","-0.0500","-0.0050","-1.0000","0.0000","0.0000","0.0000","0.0000","0.0000"
"2625.0","15:13:12.560","2224824.0000","1.7275","60564.0000","-0.0500","-0.0050","-1.0000","0.0000","0.0000","0.0000","0.0000","0.0000"
"2626.0","15:13:12.561","2225348.0000","1.7847","60564.0000","-0.0500","-0.0050","-1.0000","0.0000","0.0000","0.0000","0.0000","0.0000"
"2627.0","15:13:12.562","2226052.0000","1.8614","60564.0000","-0.0500","-0.0050","-1.0000","0.0000","0.0000","0.0000","0.0000","0.0000"
"2628.0","15:13:12.563","2224631.0000","1.7065","60564.0000","-0.0500","-0.0050","-1.0000","0.0000","0.0000","0.0000","0.0000","0.0000"
"2629.0","15:13:12.564","2224328.0000","1.6735","60564.0000","-0.0500","-0.0050","-1.0000","0.0000","0.0000","0.0000","0.0000","0.0000"
"2630.0","15:13:12.565","2224105.0000","1.6492","60564.0000","-0.0500","-0.0050","-1.0000","0.0000","0.0000","0.0000","0.0000","0.0000"
"2631.0","15:13:12.566","2224482.0000","1.6902","60564.0000","-0.0500","-0.0050","-1.0000","0.0000","0.0000","0.0000","0.0000","0.0000"
"2632.0","15:13:12.567","2224258.0000","1.6658","60564.0000","-0.0500","-0.0050","-1.0000","0.0000","0.0000","0.0000","0.0000","0.0000"
"2633.0","15:13:12.568","2224926.0000","1.7387","60564.0000","-0.0500","-0.0050","-1.0000","0.0000","0.0000","0.0000","0.0000","0.0000"
"2634.0","15:13:12.569","2225050.0000","1.7522","60564.0000","-0.0500","-0.0050","-1.0000","0.0000","0.0000","0.0000","0.0000","0.0000"
"2635.0","15:13:12.570","2224969.0000","1.7433","60564.0000","-0.0500","-0.0050","-1.0000","0.0000","0.0000","0.0000","0.0000","0.0000"
"2636.0","15:13:12.571","2224969.0000","1.7433","60564.0000","-0.0500","-0.0050","-1.0000","0.0000","0.0000","0.0000","0.0000","0.0000"
"2637.0","15:13:12.572","2225288.0000","1.7781","60564.0000","-0.0500","-0.0050","-1.0000","0.0000","0.0000","0.0000","0.0000","0.0000"
"2638.0","15:13:12.573","2225148.0000","1.7629","60564.0000","-0.0500","-0.0050","-1.0000","0.0000","0.0000","0.0000","0.0000","0.0000"
"2639.0","15:13:12.574","2224752.0000","1.7197","60564.0000","-0.0500","-0.0050","-1.0000","0.0000","0.0000","0.0000","0.0000","0.0000"
"2640.0","15:13:12.575","2224181.0000","1.6574","60564.0000","-0.0500","-0.0050","-1.0000","0.0000","0.0000","0.0000","0.0000","0.0000"
"2641.0","15:13:12.576","2224222.0000","1.6619","60564.0000","-0.0500","-0.0050","-1.0000","0.0000","0.0000","0.0000","0.0000","0.0000"
"2642.0","15:13:12.577","2223900.0000","1.6268","60564.0000","-0.0500","-0.0050","-1.0000","0.0000","0.0000","0.0000","0.0000","0.0000"
"2643.0","15:13:12.578","2224071.0000","1.6454","60564.0000","-0.0500","-0.0050","-1.0000","0.0000","0.0000","0.0000","0.0000","0.0000"
"2644.0","15:13:12.579","2224243.0000","1.6642","60564.0000","-0.0500","-0.0050","-1.0000","0.0000","0.0000","0.0000","0.0000","0.0000"
"2645.0","15:13:12.580","2224178.0000","1.6571","60564.0000","-0.0500","-0.0050","-1.0000","0.0000","0.0000","0.0000","0.0000","0.0000"
"2646.0","15:13:12.581","2223166.0000","1.5468","60564.0000","-0.0500","-0.0050","-1.0000","0.0000","0.0000","0.0000","0.0000","0.0000"
"2647.0","15:13:12.582","2222968.0000","1.5252","60564.0000","-0.0500","-0.0050","-1.0000","0.0000","0.0000","0.0000","0.0000","0.0000"
"2648.0","15:13:12.583","2223529.0000","1.5863","60564.0000","-0.0500","-0.0050","-1.0000","0.0000","0.0000","0.0000","0.0000","0.0000"
"2649.0","15:13:12.584","2223499.0000","1.5831","60564.0000","-0.0500","-0.0050","-1.0000","0.0000","0.0000","0.0000","0.0000","0.0000"
"2650.0","15:13:12.585","2223972.0000","1.6347","60564.0000","-0.0500","-0.0050","-1.0000","0.0000","0.0000","0.0000","0.0000","0.0000"
"2651.0","15:13:12.586","2223682.0000","1.6030","60564.0000","-0.0500","-0.0050","-1.0000","0.0000","0.0000","0.0000","0.0000","0.0000"
"2652.0","15:13:12.587","2223177.0000","1.5480","60564.0000","-0.0500","-0.0050","-1.0000","0.0000","0.0000","0.0000","0.0000","0.0000"
"2653.0","15:13:12.588","2223973.0000","1.6348","60564.0000","-0.0500","-0.0050","-1.0000","0.0000","0.0000","0.0000","0.0000","0.0000"
"2654.0","15:13:12.589","2223810.0000","1.6170","60564.0000","-0.0500","-0.0050","-1.0000","0.0000","0.0000","0.0000","0.0000","0.0000"
"2655.0","15:13:12.590","2223705.0000","1.6056","60564.0000","-0.0500","-0.0050","-1.0000","0.0000","0.0000","0.0000","0.0000","0.0000"
"2656.0","15:13:12.591","2223397.0000","1.5720","60564.0000","-0.0500","-0.0050","-1.0000","0.0000","0.0000","0.0000","0.0000","0.0000"
"2657.0","15:13:12.592","2222868.0000","1.5143","60564.0000","-0.0500","-0.0050","-1.0000","0.0000","0.0000","0.0000","0.0000","0.0000"
"2658.0","15:13:12.593","2222733.0000","1.4996","60564.0000","-0.0500","-0.0050","-1.0000","0.0000","0.0000","0.0000","0.0000","0.0000"
"2659.0","15:13:12.594","2222549.0000","1.4795","60564.0000","-0.0500","-0.0050","-1.0000","0.0000","0.0000","0.0000","0.0000","0.0000"
"2660.0","15:13:12.595","2221996.0000","1.4192","60564.0000","-0.0500","-0.0050","-1.0000","0.0000","0.0000","0.0000","0.0000","0.0000"
"2661.0","15:13:12.596","2222773.0000","1.5040","60564.0000","-0.0500","-0.0050","-1.0000","0.0000","0.0000","0.0000","0.0000","0.0000"
"2662.0","15:13:12.597","2222906.0000","1.5184","60564.0000","-0.0500","-0.0050","-1.0000","0.0000","0.0000","0.0000","0.0000","0.0000"
"2663.0","15:13:12.598","2222829.0000","1.5100","60564.0000","-0.0500","-0.0050","-1.0000","0.0000","0.0000","0.0000","0.0000","0.0000"
"2664.0","15:13:12.599","2222408.0000","1.4642","60564.0000","-0.0500","-0.0050","-1.0000","0.0000","0.0000","0.0000","0.0000","0.0000"
"2665.0","15:13:12.600","2223389.0000","1.5711","60564.0000","-0.0500","-0.0050","-1.0000","0.0000","0.0000","0.0000","0.0000","0.0000"
"2666.0","15:13:12.601","2222650.0000","1.4905","60564.0000","-0.0500","-0.0050","-1.0000","0.0000","0.0000","0.0000","0.0000","0.0000"
"2667.0","15:13:12.602","2222644.0000","1.4899","60564.0000","-0.0500","-0.0050","-1.0000","0.0000","0.0000","0.0000","0.0000","0.0000"
"2668.0","15:13:12.603","2223216.0000","1.5522","60564.0000","-0.0500","-0.0050","-1.0000","0.0000","0.0000","0.0000","0.0000","0.0000"
"2669.0","15:13:12.604","2223490.0000","1.5821","60564.0000","-0.0500","-0.0050","-1.0000","0.0000","0.0000","0.0000","0.0000","0.0000"
"2670.0","15:13:12.605","2223873.0000","1.6239","60564.0000","-0.0500","-0.0050","-1.0000","0.0000","0.0000","0.0000","0.0000","0.0000"
"2671.0","15:13:12.606","2223483.0000","1.5813","60565.0000","-0.0500","-0.0050","-1.0000","0.0000","0.0000","0.0000","0.0000","0.0000"
"2672.0","15:13:12.607","2222974.0000","1.5259","60565.0000","-0.0500","-0.0050","-1.0000","0.0000","0.0000","0.0000","0.0000","0.0000"
"2673.0","15:13:12.608","2223728.0000","1.6081","60565.0000","-0.0500","-0.0050","-1.0000","0.0000","0.0000","0.0000","0.0000","0.0000"
"2674.0","15:13:12.609","2222377.0000","1.4608","60565.0000","-0.0500","-0.0050","-1.0000","0.0000","0.0000","0.0000","0.0000","0.0000"
"2675.0","15:13:12.610","2222640.0000","1.4894","60565.0000","-0.0500","-0.0050","-1.0000","0.0000","0.0000","0.0000","0.0000","0.0000"
"2676.0","15:13:12.611","2223571.0000","1.5910","60565.0000","-0.0500","-0.0050","-1.0000","0.0000","0.0000","0.0000","0.0000","0.0000"
"2677.0","15:13:12.612","2222864.0000","1.5139","60565.0000","-0.0500","-0.0050","-1.0000","0.0000","0.0000","0.0000","0.0000","0.0000"
"2678.0","15:13:12.613","2222999.0000","1.5286","60565.0000","-0.0500","-0.0050","-1.0000","0.0000","0.0000","0.0000","0.0000","0.0000"
"2679.0","15:13:12.614","2224137.0000","1.6526","60565.0000","-0.0500","-0.0050","-1.0000","0.0000","0.0000","0.0000","0.0000","0.0000"
"2680.0","15:13:12.615","2222549.0000","1.4795","60565.0000","-0.0500","-0.0050","-1.0000","0.0000","0.0000","0.0000","0.0000","0.0000"
"2681.0","15:13:12.616","2223744.0000","1.6098","60565.0000","-0.0500","-0.0050","-1.0000","0.0000","0.0000","0.0000","0.0000","0.0000"
"2682.0","15:13:12.617","2223032.0000","1.5322","60565.0000","-0.0500","-0.0050","-1.0000","0.0000","0.0000","0.0000","0.0000","0.0000"
"2683.0","15:13:12.618","2223032.0000","1.5322","60565.0000","-0.0500","-0.0050","-1.0000","0.0000","0.0000","0.0000","0.0000","0.0000"
"2684.0","15:13:12.619","2222897.0000","1.5175","60565.0000","-0.0500","-0.0050","-1.0000","0.0000","0.0000","0.0000","0.0000","0.0000"
"2685.0","15:13:12.620","2222666.0000","1.4923","60565.0000","-0.0500","-0.0050","-1.0000","0.0000","0.0000","0.0000","0.0000","0.0000"
"2686.0","15:13:12.621","2222075.0000","1.4278","60565.0000","-0.0500","-0.0050","-1.0000","0.0000","0.0000","0.0000","0.0000","0.0000"
"2687.0","15:13:12.622","2223102.0000","1.5398","60565.0000","-0.0500","-0.0050","-1.0000","0.0000","0.0000","0.0000","0.0000","0.0000"
"2688.0","15:13:12.623","2222503.0000","1.4745","60565.0000","-0.0500","-0.0050","-1.0000","0.0000","0.0000","0.0000","0.0000","0.0000"
"2689.0","15:13:12.624","2222091.0000","1.4296","60565.0000","-0.0500","-0.0050","-1.0000","0.0000","0.0000","0.0000","0.0000","0.0000"
"2690.0","15:13:12.625","2223097.0000","1.5393","60565.0000","-0.0500","-0.0050","-1.0000","0.0000","0.0000","0.0000","0.0000","0.0000"
"2691.0","15:13:12.626","2222615.0000","1.4867","60565.0000","-0.0500","-0.0050","-1.0000","0.0000","0.0000","0.0000","0.0000","0.0000"
"2692.0","15:13:12.627","2222419.0000","1.4653","60565.0000","-0.0500","-0.0050","-1.0000","0.0000","0.0000","0.0000","0.0000","0.0000"
"2693.0","15:13:12.628","2221277.0000","1.3408","60565.0000","-0.0500","-0.0050","-1.0000","0.0000","0.0000","0.0000","0.0000","0.0000"
"2694.0","15:13:12.629","2222480.0000","1.4720","60565.0000","-0.0500","-0.0050","-1.0000","0.0000","0.0000","0.0000","0.0000","0.0000"
"2695.0","15:13:12.630","2221678.0000","1.3846","60565.0000","-0.0500","-0.0050","-1.0000","0.0000","0.0000","0.0000","0.0000","0.0000"
"2696.0","15:13:12.631","2221364.0000","1.3504","60565.0000","-0.0500","-0.0050","-1.0000","0.0000","0.0000","0.0000","0.0000","0.0000"
"2697.0","15:13:12.632","2222150.0000","1.4360","60565.0000","-0.0500","-0.0050","-1.0000","0.0000","0.0000","0.0000","0.0000","0.0000"
"2698.0","15:13:12.633","2222663.0000","1.4919","60565.0000","-0.0500","-0.0050","-1.0000","0.0000","0.0000","0.0000","0.0000","0.0000"
"2699.0","15:13:12.634","2223026.0000","1.5315","60565.0000","-0.0500","-0.0050","-1.0000","0.0000","0.0000","0.0000","0.0000","0.0000"
"2700.0","15:13:12.635","2223372.0000","1.5692","60565.0000","-0.0500","-0.0050","-1.0000","0.0000","0.0000","0.0000","0.0000","0.0000"
"2701.0","15:13:12.636","2223288.0000","1.5601","60565.0000","-0.0500","-0.0050","-1.0000","0.0000","0.0000","0.0000","0.0000","0.0000"
"2702.0","15:13:12.637","2223224.0000","1.5531","60565.0000","-0.0500","-0.0050","-1.0000","0.0000","0.0000","0.0000","0.0000","0.0000"
"2703.0","15:13:12.638","2222822.0000","1.5093","60565.0000","-0.0500","-0.0050","-1.0000","0.0000","0.0000","0.0000","0.0000","0.0000"
"2704.0","15:13:12.639","2223390.0000","1.5712","60565.0000","-0.0500","-0.0050","-1.0000","0.0000","0.0000","0.0000","0.0000","0.0000"
"2705.0","15:13:12.640","2223608.0000","1.5950","60565.0000","-0.0500","-0.0050","-1.0000","0.0000","0.0000","0.0000","0.0000","0.0000"
"2706.0","15:13:12.641","2222895.0000","1.5172","60565.0000","-0.0500","-0.0050","-1.0000","0.0000","0.0000","0.0000","0.0000","0.0000"
"2707.0","15:13:12.642","2223074.0000","1.5368","60565.0000","-0.0500","-0.0050","-1.0000","0.0000","0.0000","0.0000","0.0000","0.0000"
"2708.0","15:13:12.643","2223289.0000","1.5602","60565.0000","-0.0500","-0.0050","-1.0000","0.0000","0.0000","0.0000","0.0000","0.0000"
"2709.0","15:13:12.644","2222982.0000","1.5267","60565.0000","-0.0500","-0.0050","-1.0000","0.0000","0.0000","0.0000","0.0000","0.0000"
"2710.0","15:13:12.645","2223290.0000","1.5603","60565.0000","-0.0500","-0.0050","-1.0000","0.0000","0.0000","0.0000","0.0000","0.0000"
"2711.0","15:13:12.646","2223340.0000","1.5657","60565.0000","-0.0500","-0.0050","-1.0000","0.0000","0.0000","0.0000","0.0000","0.0000"
"2712.0","15:13:12.647","2222575.0000","1.4824","60565.0000","-0.0500","-0.0050","-1.0000","0.0000","0.0000","0.0000","0.0000","0.0000"
"2713.0","15:13:12.648","2222884.0000","1.5160","60565.0000","-0.0500","-0.0050","-1.0000","0.0000","0.0000","0.0000","0.0000","0.0000"
"2714.0","15:13:12.649","2223022.0000","1.5311","60565.0000","-0.0500","-0.0050","-1.0000","0.0000","0.0000","0.0000","0.0000","0.0000"
"2715.0","15:13:12.650","2222907.0000","1.5185","60565.0000","-0.0500","-0.0050","-1.0000","0.0000","0.0000","0.0000","0.0000","0.0000"
"2716.0","15:13:12.651","2222754.0000","1.5019","60565.0000","-0.0500","-0.0050","-1.0000","0.0000","0.0000","0.0000","0.0000","0.0000"
"2717.0","15:13:12.652","2223428.0000","1.5754","60565.0000","-0.0500","-0.0050","-1.0000","0.0000","0.0000","0.0000","0.0000","0.0000"
"2718.0","15:13:12.653","2223111.0000","1.5408","60565.0000","-0.0500","-0.0050","-1.0000","0.0000","0.0000","0.0000","0.0000","0.0000"
"2719.0","15:13:12.654","2224002.0000","1.6379","60565.0000","-0.0500","-0.0050","-1.0000","0.0000","0.0000","0.0000","0.0000","0.0000"
"2720.0","15:13:12.655","2223879.0000","1.6245","60565.0000","-0.0500","-0.0050","-1.0000","0.0000","0.0000","0.0000","0.0000","0.0000"
"2721.0","15:13:12.656","2223876.0000","1.6242","60565.0000","-0.0500","-0.0050","-1.0000","0.0000","0.0000","0.0000","0.0000","0.0000"
"2722.0","15:13:12.657","2223866.0000","1.6231","60565.0000","-0.0500","-0.0050","-1.0000","0.0000","0.0000","0.0000","0.0000","0.0000"
"2723.0","15:13:12.658","2223714.0000","1.6065","60565.0000","-0.0500","-0.0050","-1.0000","0.0000","0.0000","0.0000","0.0000","0.0000"
"2724.0","15:13:12.659","2222630.0000","1.4884","60565.0000","-0.0500","-0.0050","-1.0000","0.0000","0.0000","0.0000","0.0000","0.0000"
"2725.0","15:13:12.660","2222762.0000","1.5028","60565.0000","-0.0500","-0.0050","-1.0000","0.0000","0.0000","0.0000","0.0000","0.0000"
"2726.0","15:13:12.661","2223300.0000","1.5614","60565.0000","-0.0500","-0.0050","-1.0000","0.0000","0.0000","0.0000","0.0000","0.0000"
"2727.0","15:13:12.662","2223714.0000","1.6065","60565.0000","-0.0500","-0.0050","-1.0000","0.0000","0.0000","0.0000","0.0000","0.0000"
"2728.0","15:13:12.663","2223282.0000","1.5594","60565.0000","-0.0500","-0.0050","-1.0000","0.0000","0.0000","0.0000","0.0000","0.0000"
"2729.0","15:13:12.664","2223257.0000","1.5567","60565.0000","-0.0500","-0.0050","-1.0000","0.0000","0.0000","0.0000","0.0000","0.0000"
"2730.0","15:13:12.665","2223257.0000","1.5567","60565.0000","-0.0500","-0.0050","-1.0000","0.0000","0.0000","0.0000","0.0000","0.0000"
"2731.0","15:13:12.666","2224137.0000","1.6526","60570.0000","-0.0500","-0.0050","-1.0000","0.0000","0.0000","0.0000","0.0000","0.0000"
"2732.0","15:13:12.667","2223616.0000","1.5958","60570.0000","-0.0500","-0.0050","-1.0000","0.0000","0.0000","0.0000","0.0000","0.0000"
"2733.0","15:13:12.668","2224725.0000","1.7167","60570.0000","-0.0500","-0.0050","-1.0000","0.0000","0.0000","0.0000","0.0000","0.0000"
"2734.0","15:13:12.669","2223479.0000","1.5809","60570.0000","-0.0500","-0.0050","-1.0000","0.0000","0.0000","0.0000","0.0000","0.0000"
"2735.0","15:13:12.670","2223359.0000","1.5678","60570.0000","-0.0500","-0.0050","-1.0000","0.0000","0.0000","0.0000","0.0000","0.0000"
"2736.0","15:13:12.671","2223367.0000","1.5687","60570.0000","-0.0500","-0.0050","-1.0000","0.0000","0.0000","0.0000","0.0000","0.0000"
"2737.0","15:13:12.672","2224284.0000","1.6687","60570.0000","-0.0500","-0.0050","-1.0000","0.0000","0.0000","0.0000","0.0000","0.0000"
"2738.0","15:13:12.673","2224015.0000","1.6394","60570.0000","-0.0500","-0.0050","-1.0000","0.0000","0.0000","0.0000","0.0000","0.0000"
"2739.0","15:13:12.674","2223632.0000","1.5976","60570.0000","-0.0500","-0.0050","-1.0000","0.0000","0.0000","0.0000","0.0000","0.0000"
"2740.0","15:13:12.675","2223933.0000","1.6304","60570.0000","-0.0500","-0.0050","-1.0000","0.0000","0.0000","0.0000","0.0000","0.0000"
"2741.0","15:13:12.676","2223965.0000","1.6339","60570.0000","-0.0500","-0.0050","-1.0000","0.0000","0.0000","0.0000","0.0000","0.0000"
"2742.0","15:13:12.677","2223720.0000","1.6072","60570.0000","-0.0500","-0.0050","-1.0000","0.0000","0.0000","0.0000","0.0000","0.0000"
"2743.0","15:13:12.678","2224364.0000","1.6774","60570.0000","-0.0500","-0.0050","-1.0000","0.0000","0.0000","0.0000","0.0000","0.0000"
"2744.0","15:13:12.679","2223984.0000","1.6360","60570.0000","-0.0500","-0.0050","-1.0000","0.0000","0.0000","0.0000","0.0000","0.0000"
"2745.0","15:13:12.680","2223670.0000","1.6017","60570.0000","-0.0500","-0.0050","-1.0000","0.0000","0.0000","0.0000","0.0000","0.0000"
"2746.0","15:13:12.681","2224502.0000","1.6924","60570.0000","-0.0500","-0.0050","-1.0000","0.0000","0.0000","0.0000","0.0000","0.0000"
"2747.0","15:13:12.682","2224824.0000","1.7275","60570.0000","-0.0500","-0.0050","-1.0000","0.0000","0.0000","0.0000","0.0000","0.0000"
"2748.0","15:13:12.683","2225149.0000","1.7630","60570.0000","-0.0500","-0.0050","-1.0000","0.0000","0.0000","0.0000","0.0000","0.0000"
"2749.0","15:13:12.684","2224733.0000","1.7176","60570.0000","-0.0500","-0.0050","-1.0000","0.0000","0.0000","0.0000","0.0000","0.0000"
"2750.0","15:13:12.685","2223990.0000","1.6366","60570.0000","-0.0500","-0.0050","-1.0000","0.0000","0.0000","0.0000","0.0000","0.0000"
"2751.0","15:13:12.686","2224294.0000","1.6698","60570.0000","-0.0500","-0.0050","-1.0000","0.0000","0.0000","0.0000","0.0000","0.0000"
"2752.0","15:13:12.687","2224886.0000","1.7343","60570.0000","-0.0500","-0.0050","-1.0000","0.0000","0.0000","0.0000","0.0000","0.0000"
"2753.0","15:13:12.688","2223844.0000","1.6207","60570.0000","-0.0500","-0.0050","-1.0000","0.0000","0.0000","0.0000","0.0000","0.0000"
"2754.0","15:13:12.689","2224013.0000","1.6391","60570.0000","-0.0500","-0.0050","-1.0000","0.0000","0.0000","0.0000","0.0000","0.0000"
"2755.0","15:13:12.690","2223705.0000","1.6056","60570.0000","-0.0500","-0.0050","-1.0000","0.0000","0.0000","0.0000","0.0000","0.0000"
"2756.0","15:13:12.691","2223869.0000","1.6234","60570.0000","-0.0500","-0.0050","-1.0000","0.0000","0.0000","0.0000","0.0000","0.0000"
"2757.0","15:13:12.692","2224016.0000","1.6395","60570.0000","-0.0500","-0.0050","-1.0000","0.0000","0.0000","0.0000","0.0000","0.0000"
"2758.0","15:13:12.693","2223171.0000","1.5473","60570.0000","-0.0500","-0.0050","-1.0000","0.0000","0.0000","0.0000","0.0000","0.0000"
"2759.0","15:13:12.694","2223069.0000","1.5362","60570.0000","-0.0500","-0.0050","-1.0000","0.0000","0.0000","0.0000","0.0000","0.0000"
"2760.0","15:13:12.695","2223815.0000","1.6176","60570.0000","-0.0500","-0.0050","-1.0000","0.0000","0.0000","0.0000","0.0000","0.0000"
"2761.0","15:13:12.696","2224214.0000","1.6610","60570.0000","-0.0500","-0.0050","-1.0000","0.0000","0.0000","0.0000","0.0000","0.0000"
"2762.0","15:13:12.697","2224048.0000","1.6429","60570.0000","-0.0500","-0.0050","-1.0000","0.0000","0.0000","0.0000","0.0000","0.0000"
"2763.0","15:13:12.698","2224476.0000","1.6896","60570.0000","-0.0500","-0.0050","-1.0000","0.0000","0.0000","0.0000","0.0000","0.0000"
"2764.0","15:13:12.699","2224817.0000","1.7268","60570.0000","-0.0500","-0.0050","-1.0000","0.0000","0.0000","0.0000","0.0000","0.0000"
"2765.0","15:13:12.700","2225134.0000","1.7613","60570.0000","-0.0500","-0.0050","-1.0000","0.0000","0.0000","0.0000","0.0000","0.0000"
"2766.0","15:13:12.701","2224840.0000","1.7293","60570.0000","-0.0500","-0.0050","-1.0000","0.0000","0.0000","0.0000","0.0000","0.0000"
"2767.0","15:13:12.702","2224726.0000","1.7168","60570.0000","-0.0500","-0.0050","-1.0000","0.0000","0.0000","0.0000","0.0000","0.0000"
"2768.0","15:13:12.703","2225386.0000","1.7888","60570.0000","-0.0500","-0.0050","-1.0000","0.0000","0.0000","0.0000","0.0000","0.0000"
"2769.0","15:13:12.704","2224601.0000","1.7032","60570.0000","-0.0500","-0.0050","-1.0000","0.0000","0.0000","0.0000","0.0000","0.0000"
"2770.0","15:13:12.705","2225229.0000","1.7717","60570.0000","-0.0500","-0.0050","-1.0000","0.0000","0.0000","0.0000","0.0000","0.0000"
"2771.0","15:13:12.706","2223639.0000","1.5984","60570.0000","-0.0500","-0.0050","-1.0000","0.0000","0.0000","0.0000","0.0000","0.0000"
"2772.0","15:13:12.707","2224715.0000","1.7157","60570.0000","-0.0500","-0.0050","-1.0000","0.0000","0.0000","0.0000","0.0000","0.0000"
"2773.0","15:13:12.708","2223901.0000","1.6269","60570.0000","-0.0500","-0.0050","-1.0000","0.0000","0.0000","0.0000","0.0000","0.0000"
"2774.0","15:13:12.709","2223979.0000","1.6354","60570.0000","-0.0500","-0.0050","-1.0000","0.0000","0.0000","0.0000","0.0000","0.0000"
"2775.0","15:13:12.710","2224456.0000","1.6874","60570.0000","-0.0500","-0.0050","-1.0000","0.0000","0.0000","0.0000","0.0000","0.0000"
"2776.0","15:13:12.711","2224456.0000","1.6874","60570.0000","-0.0500","-0.0050","-1.0000","0.0000","0.0000","0.0000","0.0000","0.0000"
"2777.0","15:13:12.712","2223531.0000","1.5866","60570.0000","-0.0500","-0.0050","-1.0000","0.0000","0.0000","0.0000","0.0000","0.0000"
"2778.0","15:13:12.713","2224056.0000","1.6438","60570.0000","-0.0500","-0.0050","-1.0000","0.0000","0.0000","0.0000","0.0000","0.0000"
"2779.0","15:13:12.714","2224262.0000","1.6663","60570.0000","-0.0500","-0.0050","-1.0000","0.0000","0.0000","0.0000","0.0000","0.0000"
"2780.0","15:13:12.715","2225340.0000","1.7838","60570.0000","-0.0500","-0.0050","-1.0000","0.0000","0.0000","0.0000","0.0000","0.0000"
"2781.0","15:13:12.716","2224310.0000","1.6715","60570.0000","-0.0500","-0.0050","-1.0000","0.0000","0.0000","0.0000","0.0000","0.0000"
"2782.0","15:13:12.717","2222827.0000","1.5098","60570.0000","-0.0500","-0.0050","-1.0000","0.0000","0.0000","0.0000","0.0000","0.0000"
"2783.0","15:13:12.718","2223918.0000","1.6288","60570.0000","-0.0500","-0.0050","-1.0000","0.0000","0.0000","0.0000","0.0000","0.0000"
"2784.0","15:13:12.719","2223508.0000","1.5841","60570.0000","-0.0500","-0.0050","-1.0000","0.0000","0.0000","0.0000","0.0000","0.0000"
"2785.0","15:13:12.720","2223072.0000","1.5365","60570.0000","-0.0500","-0.0050","-1.0000","0.0000","0.0000","0.0000","0.0000","0.0000"
"2786.0","15:13:12.721","2223831.0000","1.6193","60570.0000","-0.0500","-0.0050","-1.0000","0.0000","0.0000","0.0000","0.0000","0.0000"
"2787.0","15:13:12.722","2222538.0000","1.4783","60570.0000","-0.0500","-0.0050","-1.0000","0.0000","0.0000","0.0000","0.0000","0.0000"
"2788.0","15:13:12.723","2223871.0000","1.6236","60570.0000","-0.0500","-0.0050","-1.0000","0.0000","0.0000","0.0000","0.0000","0.0000"
"2789.0","15:13:12.724","2223474.0000","1.5804","60570.0000","-0.0500","-0.0050","-1.0000","0.0000","0.0000","0.0000","0.0000","0.0000"
"2790.0","15:13:12.725","2223980.0000","1.6355","60570.0000","-0.0500","-0.0050","-1.0000","0.0000","0.0000","0.0000","0.0000","0.0000"
"2791.0","15:13:12.726","2223876.0000","1.6242","60570.0000","-0.0500","-0.0050","-1.0000","0.0000","0.0000","0.0000","0.0000","0.0000"
"2792.0","15:13:12.727","2224768.0000","1.7214","60563.0000","-0.0500","-0.0050","-1.0000","0.0000","0.0000","0.0000","0.0000","0.0000"
"2793.0","15:13:12.728","2225115.0000","1.7593","60563.0000","-0.0500","-0.0050","-1.0000","0.0000","0.0000","0.0000","0.0000","0.0000"
"2794.0","15:13:12.729","2224301.0000","1.6705","60563.0000","-0.0500","-0.0050","-1.0000","0.0000","0.0000","0.0000","0.0000","0.0000"
"2795.0","15:13:12.730","2225667.0000","1.8194","60563.0000","-0.0500","-0.0050","-1.0000","0.0000","0.0000","0.0000","0.0000","0.0000"
"2796.0","15:13:12.731","2225639.0000","1.8164","60563.0000","-0.0500","-0.0050","-1.0000","0.0000","0.0000","0.0000","0.0000","0.0000"
"2797.0","15:13:12.732","2225333.0000","1.7830","60563.0000","-0.0500","-0.0050","-1.0000","0.0000","0.0000","0.0000","0.0000","0.0000"
"2798.0","15:13:12.733","2225125.0000","1.7603","60563.0000","-0.0500","-0.0050","-1.0000","0.0000","0.0000","0.0000","0.0000","0.0000"
"2799.0","15:13:12.734","2225522.0000","1.8037","60563.0000","-0.0500","-0.0050","-1.0000","0.0000","0.0000","0.0000","0.0000","0.0000"
"2800.0","15:13:12.735","2223453.0000","1.5781","60563.0000","-0.0500","-0.0050","-1.0000","0.0000","0.0000","0.0000","0.0000","0.0000"
"2801.0","15:13:12.736","2224019.0000","1.6398","60563.0000","-0.0500","-0.0050","-1.0000","0.0000","0.0000","0.0000","0.0000","0.0000"
"2802.0","15:13:12.737","2224845.0000","1.7298","60563.0000","-0.0500","-0.0050","-1.0000","0.0000","0.0000","0.0000","0.0000","0.0000"
"2803.0","15:13:12.738","2225027.0000","1.7496","60563.0000","-0.0500","-0.0050","-1.0000","0.0000","0.0000","0.0000","0.0000","0.0000"
"2804.0","15:13:12.739","2225314.0000","1.7809","60563.0000","-0.0500","-0.0050","-1.0000","0.0000","0.0000","0.0000","0.0000","0.0000"
"2805.0","15:13:12.740","2225290.0000","1.7783","60563.0000","-0.0500","-0.0050","-1.0000","0.0000","0.0000","0.0000","0.0000","0.0000"
"2806.0","15:13:12.741","2224812.0000","1.7262","60563.0000","-0.0500","-0.0050","-1.0000","0.0000","0.0000","0.0000","0.0000","0.0000"
"2807.0","15:13:12.742","2224821.0000","1.7272","60563.0000","-0.0500","-0.0050","-1.0000","0.0000","0.0000","0.0000","0.0000","0.0000"
"2808.0","15:13:12.743","2224274.0000","1.6676","60563.0000","-0.0500","-0.0050","-1.0000","0.0000","0.0000","0.0000","0.0000","0.0000"
"2809.0","15:13:12.744","2224828.0000","1.7280","60563.0000","-0.0500","-0.0050","-1.0000","0.0000","0.0000","0.0000","0.0000","0.0000"
"2810.0","15:13:12.745","2224444.0000","1.6861","60563.0000","-0.0500","-0.0050","-1.0000","0.0000","0.0000","0.0000","0.0000","0.0000"
"2811.0","15:13:12.746","2225079.0000","1.7553","60563.0000","-0.0500","-0.0050","-1.0000","0.0000","0.0000","0.0000","0.0000","0.0000"
"2812.0","15:13:12.747","2224346.0000","1.6754","60563.0000","-0.0500","-0.0050","-1.0000","0.0000","0.0000","0.0000","0.0000","0.0000"
"2813.0","15:13:12.748","2224249.0000","1.6648","60563.0000","-0.0500","-0.0050","-1.0000","0.0000","0.0000","0.0000","0.0000","0.0000"
"2814.0","15:13:12.749","2225194.0000","1.7679","60563.0000","-0.0500","-0.0050","-1.0000","0.0000","0.0000","0.0000","0.0000","0.0000"
"2815.0","15:13:12.750","2224773.0000","1.7220","60563.0000","-0.0500","-0.0050","-1.0000","0.0000","0.0000","0.0000","0.0000","0.0000"
"2816.0","15:13:12.751","2224490.0000","1.6911","60563.0000","-0.0500","-0.0050","-1.0000","0.0000","0.0000","0.0000","0.0000","0.0000"
"2817.0","15:13:12.752","2224279.0000","1.6681","60563.0000","-0.0500","-0.0050","-1.0000","0.0000","0.0000","0.0000","0.0000","0.0000"
"2818.0","15:13:12.753","2223854.0000","1.6218","60563.0000","-0.0500","-0.0050","-1.0000","0.0000","0.0000","0.0000","0.0000","0.0000"
"2819.0","15:13:12.754","2223743.0000","1.6097","60563.0000","-0.0500","-0.0050","-1.0000","0.0000","0.0000","0.0000","0.0000","0.0000"
"2820.0","15:13:12.755","2224000.0000","1.6377","60563.0000","-0.0500","-0.0050","-1.0000","0.0000","0.0000","0.0000","0.0000","0.0000"
"2821.0","15:13:12.756","2222985.0000","1.5271","60563.0000","-0.0500","-0.0050","-1.0000","0.0000","0.0000","0.0000","0.0000","0.0000"
"2822.0","15:13:12.757","2223194.0000","1.5498","60563.0000","-0.0500","-0.0050","-1.0000","0.0000","0.0000","0.0000","0.0000","0.0000"
"2823.0","15:13:12.758","2223194.0000","1.5498","60563.0000","-0.0500","-0.0050","-1.0000","0.0000","0.0000","0.0000","0.0000","0.0000"
"2824.0","15:13:12.759","2222125.0000","1.4333","60563.0000","-0.0500","-0.0050","-1.0000","0.0000","0.0000","0.0000","0.0000","0.0000"
"2825.0","15:13:12.760","2222606.0000","1.4857","60563.0000","-0.0500","-0.0050","-1.0000","0.0000","0.0000","0.0000","0.0000","0.0000"
"2826.0","15:13:12.761","2222658.0000","1.4914","60563.0000","-0.0500","-0.0050","-1.0000","0.0000","0.0000","0.0000","0.0000","0.0000"
"2827.0","15:13:12.762","2221679.0000","1.3847","60563.0000","-0.0500","-0.0050","-1.0000","0.0000","0.0000","0.0000","0.0000","0.0000"
"2828.0","15:13:12.763","2221809.0000","1.3989","60563.0000","-0.0500","-0.0050","-1.0000","0.0000","0.0000","0.0000","0.0000","0.0000"
"2829.0","15:13:12.764","2220982.0000","1.3087","60563.0000","-0.0500","-0.0050","-1.0000","0.0000","0.0000","0.0000","0.0000","0.0000"
"2830.0","15:13:12.765","2221293.0000","1.3426","60563.0000","-0.0500","-0.0050","-1.0000","0.0000","0.0000","0.0000","0.0000","0.0000"
"2831.0","15:13:12.766","2221580.0000","1.3739","60563.0000","-0.0500","-0.0050","-1.0000","0.0000","0.0000","0.0000","0.0000","0.0000"
"2832.0","15:13:12.767","2221119.0000","1.3236","60563.0000","-0.0500","-0.0050","-1.0000","0.0000","0.0000","0.0000","0.0000","0.0000"
"2833.0","15:13:12.768","2222136.0000","1.4345","60563.0000","-0.0500","-0.0050","-1.0000","0.0000","0.0000","0.0000","0.0000","0.0000"
"2834.0","15:13:12.769","2224208.0000","1.6604","60563.0000","-0.0500","-0.0050","-1.0000","0.0000","0.0000","0.0000","0.0000","0.0000"
"2835.0","15:13:12.770","2223809.0000","1.6169","60563.0000","-0.0500","-0.0050","-1.0000","0.0000","0.0000","0.0000","0.0000","0.0000"
"2836.0","15:13:12.771","2224815.0000","1.7265","60563.0000","-0.0500","-0.0050","-1.0000","0.0000","0.0000","0.0000","0.0000","0.0000"
"2837.0","15:13:12.772","2226021.0000","1.8581","60563.0000","-0.0500","-0.0050","-1.0000","0.0000","0.0000","0.0000","0.0000","0.0000"
"2838.0","15:13:12.773","2225832.0000","1.8374","60563.0000","-0.0500","-0.0050","-1.0000","0.0000","0.0000","0.0000","0.0000","0.0000"
"2839.0","15:13:12.774","2226230.0000","1.8808","60563.0000","-0.0500","-0.0050","-1.0000","0.0000","0.0000","0.0000","0.0000","0.0000"
"2840.0","15:13:12.775","2225492.0000","1.8003","60563.0000","-0.0500","-0.0050","-1.0000","0.0000","0.0000","0.0000","0.0000","0.0000"
"2841.0","15:13:12.776","2225320.0000","1.7816","60563.0000","-0.0500","-0.0050","-1.0000","0.0000","0.0000","0.0000","0.0000","0.0000"
"2842.0","15:13:12.777","2224863.0000","1.7318","60563.0000","-0.0500","-0.0050","-1.0000","0.0000","0.0000","0.0000","0.0000","0.0000"
"2843.0","15:13:12.778","2223624.0000","1.5967","60563.0000","-0.0500","-0.0050","-1.0000","0.0000","0.0000","0.0000","0.0000","0.0000"
"2844.0","15:13:12.779","2224054.0000","1.6436","60563.0000","-0.0500","-0.0050","-1.0000","0.0000","0.0000","0.0000","0.0000","0.0000"
"2845.0","15:13:12.780","2223673.0000","1.6021","60563.0000","-0.0500","-0.0050","-1.0000","0.0000","0.0000","0.0000","0.0000","0.0000"
"2846.0","15:13:12.781","2223294.0000","1.5607","60563.0000","-0.0500","-0.0050","-1.0000","0.0000","0.0000","0.0000","0.0000","0.0000"
"2847.0","15:13:12.782","2223648.0000","1.5994","60563.0000","-0.0500","-0.0050","-1.0000","0.0000","0.0000","0.0000","0.0000","0.0000"
"2848.0","15:13:12.783","2223684.0000","1.6032","60563.0000","-0.0500","-0.0050","-1.0000","0.0000","0.0000","0.0000","0.0000","0.0000"
"2849.0","15:13:12.784","2222940.0000","1.5222","60563.0000","-0.0500","-0.0050","-1.0000","0.0000","0.0000","0.0000","0.0000","0.0000"
"2850.0","15:13:12.785","2222182.0000","1.4395","60563.0000","-0.0500","-0.0050","-1.0000","0.0000","0.0000","0.0000","0.0000","0.0000"
"2851.0","15:13:12.786","2223222.0000","1.5529","60563.0000","-0.0500","-0.0050","-1.0000","0.0000","0.0000","0.0000","0.0000","0.0000"
"2852.0","15:13:12.787","2223192.0000","1.5496","60555.0000","-0.0500","-0.0050","-1.0000","0.0000","0.0000","0.0000","0.0000","0.0000"
"2853.0","15:13:12.788","2223743.0000","1.6097","60555.0000","-0.0500","-0.0050","-1.0000","0.0000","0.0000","0.0000","0.0000","0.0000"
"2854.0","15:13:12.789","2223256.0000","1.5566","60555.0000","-0.0500","-0.0050","-1.0000","0.0000","0.0000","0.0000","0.0000","0.0000"
"2855.0","15:13:12.790","2223852.0000","1.6216","60555.0000","-0.0500","-0.0050","-1.0000","0.0000","0.0000","0.0000","0.0000","0.0000"
"2856.0","15:13:12.791","2223440.0000","1.5766","60555.0000","-0.0500","-0.0050","-1.0000","0.0000","0.0000","0.0000","0.0000","0.0000"
"2857.0","15:13:12.792","2223991.0000","1.6367","60555.0000","-0.0500","-0.0050","-1.0000","0.0000","0.0000","0.0000","0.0000","0.0000"
"2858.0","15:13:12.793","2222995.0000","1.5281","60555.0000","-0.0500","-0.0050","-1.0000","0.0000","0.0000","0.0000","0.0000","0.0000"
"2859.0","15:13:12.794","2221848.0000","1.4031","60555.0000","-0.0500","-0.0050","-1.0000","0.0000","0.0000","0.0000","0.0000","0.0000"
"2860.0","15:13:12.795","2222354.0000","1.4583","60555.0000","-0.0500","-0.0050","-1.0000","0.0000","0.0000","0.0000","0.0000","0.0000"
"2861.0","15:13:12.796","2222064.0000","1.4267","60555.0000","-0.0500","-0.0050","-1.0000","0.0000","0.0000","0.0000","0.0000","0.0000"
"2862.0","15:13:12.797","2221768.0000","1.3944","60555.0000","-0.0500","-0.0050","-1.0000","0.0000","0.0000","0.0000","0.0000","0.0000"
"2863.0","15:13:12.798","2221990.0000","1.4186","60555.0000","-0.0500","-0.0050","-1.0000","0.0000","0.0000","0.0000","0.0000","0.0000"
"2864.0","15:13:12.799","2223464.0000","1.5793","60555.0000","-0.0500","-0.0050","-1.0000","0.0000","0.0000","0.0000","0.0000","0.0000"
"2865.0","15:13:12.800","2222584.0000","1.4834","60555.0000","-0.0500","-0.0050","-1.0000","0.0000","0.0000","0.0000","0.0000","0.0000"
"2866.0","15:13:12.801","2222243.0000","1.4462","60555.0000","-0.0500","-0.0050","-1.0000","0.0000","0.0000","0.0000","0.0000","0.0000"
"2867.0","15:13:12.802","2222950.0000","1.5232","60555.0000","-0.0500","-0.0050","-1.0000","0.0000","0.0000","0.0000","0.0000","0.0000"
"2868.0","15:13:12.803","2223516.0000","1.5850","60555.0000","-0.0500","-0.0050","-1.0000","0.0000","0.0000","0.0000","0.0000","0.0000"
"2869.0","15:13:12.804","2223516.0000","1.5850","60555.0000","-0.0500","-0.0050","-1.0000","0.0000","0.0000","0.0000","0.0000","0.0000"
"2870.0","15:13:12.805","2223474.0000","1.5804","60555.0000","-0.0500","-0.0050","-1.0000","0.0000","0.0000","0.0000","0.0000","0.0000"
"2871.0","15:13:12.806","2223040.0000","1.5331","60555.0000","-0.0500","-0.0050","-1.0000","0.0000","0.0000","0.0000","0.0000","0.0000"
"2872.0","15:13:12.807","2224016.0000","1.6395","60555.0000","-0.0500","-0.0050","-1.0000","0.0000","0.0000","0.0000","0.0000","0.0000"
"2873.0","15:13:12.808","2223049.0000","1.5340","60555.0000","-0.0500","-0.0050","-1.0000","0.0000","0.0000","0.0000","0.0000","0.0000"
"2874.0","15:13:12.809","2223724.0000","1.6076","60555.0000","-0.0500","-0.0050","-1.0000","0.0000","0.0000","0.0000","0.0000","0.0000"
"2875.0","15:13:12.810","2223792.0000","1.6150","60555.0000","-0.0500","-0.0050","-1.0000","0.0000","0.0000","0.0000","0.0000","0.0000"
"2876.0","15:13:12.811","2223600.0000","1.5941","60555.0000","-0.0500","-0.0050","-1.0000","0.0000","0.0000","0.0000","0.0000","0.0000"
"2877.0","15:13:12.812","2224339.0000","1.6747","60555.0000","-0.0500","-0.0050","-1.0000","0.0000","0.0000","0.0000","0.0000","0.0000"
"2878.0","15:13:12.813","2225155.0000","1.7636","60555.0000","-0.0500","-0.0050","-1.0000","0.0000","0.0000","0.0000","0.0000","0.0000"
"2879.0","15:13:12.814","2226130.0000","1.8699","60555.0000","-0.0500","-0.0050","-1.0000","0.0000","0.0000","0.0000","0.0000","0.0000"
"2880.0","15:13:12.815","2226878.0000","1.9514","60555.0000","-0.0500","-0.0050","-1.0000","0.0000","0.0000","0.0000","0.0000","0.0000"
"2881.0","15:13:12.816","2226813.0000","1.9444","60555.0000","-0.0500","-0.0050","-1.0000","0.0000","0.0000","0.0000","0.0000","0.0000"
"2882.0","15:13:12.817","2226539.0000","1.9145","60555.0000","-0.0500","-0.0050","-1.0000","0.0000","0.0000","0.0000","0.0000","0.0000"
"2883.0","15:13:12.818","2227208.0000","1.9874","60555.0000","-0.0500","-0.0050","-1.0000","0.0000","0.0000","0.0000","0.0000","0.0000"
"2884.0","15:13:12.819","2227062.0000","1.9715","60555.0000","-0.0500","-0.0050","-1.0000","0.0000","0.0000","0.0000","0.0000","0.0000"
"2885.0","15:13:12.820","2226576.0000","1.9185","60555.0000","-0.0500","-0.0050","-1.0000","0.0000","0.0000","0.0000","0.0000","0.0000"
"2886.0","15:13:12.821","2226591.0000","1.9202","60555.0000","-0.0500","-0.0050","-1.0000","0.0000","0.0000","0.0000","0.0000","0.0000"
"2887.0","15:13:12.822","2227000.0000","1.9648","60555.0000","-0.0500","-0.0050","-1.0000","0.0000","0.0000","0.0000","0.0000","0.0000"
"2888.0","15:13:12.823","2226536.0000","1.9142","60555.0000","-0.0500","-0.0050","-1.0000","0.0000","0.0000","0.0000","0.0000","0.0000"
"2889.0","15:13:12.824","2226735.0000","1.9359","60555.0000","-0.0500","-0.0050","-1.0000","0.0000","0.0000","0.0000","0.0000","0.0000"
"2890.0","15:13:12.825","2225613.0000","1.8136","60555.0000","-0.0500","-0.0050","-1.0000","0.0000","0.0000","0.0000","0.0000","0.0000"
"2891.0","15:13:12.826","2224532.0000","1.6957","60555.0000","-0.0500","-0.0050","-1.0000","0.0000","0.0000","0.0000","0.0000","0.0000"
"2892.0","15:13:12.827","2224084.0000","1.6469","60555.0000","-0.0500","-0.0050","-1.0000","0.0000","0.0000","0.0000","0.0000","0.0000"
"2893.0","15:13:12.828","2223997.0000","1.6374","60555.0000","-0.0500","-0.0050","-1.0000","0.0000","0.0000","0.0000","0.0000","0.0000"
"2894.0","15:13:12.829","2223648.0000","1.5994","60555.0000","-0.0500","-0.0050","-1.0000","0.0000","0.0000","0.0000","0.0000","0.0000"
"2895.0","15:13:12.830","2224099.0000","1.6485","60555.0000","-0.0500","-0.0050","-1.0000","0.0000","0.0000","0.0000","0.0000","0.0000"
"2896.0","15:13:12.831","2223803.0000","1.6163","60555.0000","-0.0500","-0.0050","-1.0000","0.0000","0.0000","0.0000","0.0000","0.0000"
"2897.0","15:13:12.832","2223274.0000","1.5585","60555.0000","-0.0500","-0.0050","-1.0000","0.0000","0.0000","0.0000","0.0000","0.0000"
"2898.0","15:13:12.833","2224038.0000","1.6419","60555.0000","-0.0500","-0.0050","-1.0000","0.0000","0.0000","0.0000","0.0000","0.0000"
"2899.0","15:13:12.834","2223079.0000","1.5373","60555.0000","-0.0500","-0.0050","-1.0000","0.0000","0.0000","0.0000","0.0000","0.0000"
"2900.0","15:13:12.835","2223038.0000","1.5328","60555.0000","-0.0500","-0.0050","-1.0000","0.0000","0.0000","0.0000","0.0000","0.0000"
"2901.0","15:13:12.836","2223492.0000","1.5823","60555.0000","-0.0500","-0.0050","-1.0000","0.0000","0.0000","0.0000","0.0000","0.0000"
"2902.0","15:13:12.837","2223326.0000","1.5642","60555.0000","-0.0500","-0.0050","-1.0000","0.0000","0.0000","0.0000","0.0000","0.0000"
"2903.0","15:13:12.838","2222654.0000","1.4910","60555.0000","-0.0500","-0.0050","-1.0000","0.0000","0.0000","0.0000","0.0000","0.0000"
"2904.0","15:13:12.839","2221612.0000","1.3774","60555.0000","-0.0500","-0.0050","-1.0000","0.0000","0.0000","0.0000","0.0000","0.0000"
"2905.0","15:13:12.840","2222681.0000","1.4939","60555.0000","-0.0500","-0.0050","-1.0000","0.0000","0.0000","0.0000","0.0000","0.0000"
"2906.0","15:13:12.841","2222373.0000","1.4603","60555.0000","-0.0500","-0.0050","-1.0000","0.0000","0.0000","0.0000","0.0000","0.0000"
"2907.0","15:13:12.842","2222516.0000","1.4759","60555.0000","-0.0500","-0.0050","-1.0000","0.0000","0.0000","0.0000","0.0000","0.0000"
"2908.0","15:13:12.843","2222776.0000","1.5043","60555.0000","-0.0500","-0.0050","-1.0000","0.0000","0.0000","0.0000","0.0000","0.0000"
"2909.0","15:13:12.844","2222554.0000","1.4801","60555.0000","-0.0500","-0.0050","-1.0000","0.0000","0.0000","0.0000","0.0000","0.0000"
"2910.0","15:13:12.845","2223837.0000","1.6199","60555.0000","-0.0500","-0.0050","-1.0000","0.0000","0.0000","0.0000","0.0000","0.0000"
"2911.0","15:13:12.846","2223697.0000","1.6047","60555.0000","-0.0500","-0.0050","-1.0000","0.0000","0.0000","0.0000","0.0000","0.0000"
"2912.0","15:13:12.847","2224124.0000","1.6512","60555.0000","-0.0500","-0.0050","-1.0000","0.0000","0.0000","0.0000","0.0000","0.0000"
"2913.0","15:13:12.848","2224601.0000","1.7032","60558.0000","-0.0500","-0.0050","-1.0000","0.0000","0.0000","0.0000","0.0000","0.0000"
"2914.0","15:13:12.849","2223703.0000","1.6053","60558.0000","-0.0500","-0.0050","-1.0000","0.0000","0.0000","0.0000","0.0000","0.0000"
"2915.0","15:13:12.850","2223703.0000","1.6053","60558.0000","-0.0500","-0.0050","-1.0000","0.0000","0.0000","0.0000","0.0000","0.0000"
"2916.0","15:13:12.851","2223906.0000","1.6275","60558.0000","-0.0500","-0.0050","-1.0000","0.0000","0.0000","0.0000","0.0000","0.0000"
"2917.0","15:13:12.852","2223085.0000","1.5380","60558.0000","-0.0500","-0.0050","-1.0000","0.0000","0.0000","0.0000","0.0000","0.0000"
"2918.0","15:13:12.853","2223280.0000","1.5592","60558.0000","-0.0500","-0.0050","-1.0000","0.0000","0.0000","0.0000","0.0000","0.0000"
"2919.0","15:13:12.854","2223241.0000","1.5550","60558.0000","-0.0500","-0.0050","-1.0000","0.0000","0.0000","0.0000","0.0000","0.0000"
"2920.0","15:13:12.855","2223426.0000","1.5751","60558.0000","-0.0500","-0.0050","-1.0000","0.0000","0.0000","0.0000","0.0000","0.0000"
"2921.0","15:13:12.856","2223582.0000","1.5922","60558.0000","-0.0500","-0.0050","-1.0000","0.0000","0.0000","0.0000","0.0000","0.0000"
"2922.0","15:13:12.857","2223074.0000","1.5368","60558.0000","-0.0500","-0.0050","-1.0000","0.0000","0.0000","0.0000","0.0000","0.0000"
"2923.0","15:13:12.858","2223985.0000","1.6361","60558.0000","-0.0500","-0.0050","-1.0000","0.0000","0.0000","0.0000","0.0000","0.0000"
"2924.0","15:13:12.859","2224542.0000","1.6968","60558.0000","-0.0500","-0.0050","-1.0000","0.0000","0.0000","0.0000","0.0000","0.0000"
"2925.0","15:13:12.860","2225204.0000","1.7690","60558.0000","-0.0500","-0.0050","-1.0000","0.0000","0.0000","0.0000","0.0000","0.0000"
"2926.0","15:13:12.861","2225686.0000","1.8215","60558.0000","-0.0500","-0.0050","-1.0000","0.0000","0.0000","0.0000","0.0000","0.0000"
"2927.0","15:13:12.862","2226848.0000","1.9482","60558.0000","-0.0500","-0.0050","-1.0000","0.0000","0.0000","0.0000","0.0000","0.0000"
"2928.0","15:13:12.863","2227855.0000","2.0580","60558.0000","-0.0500","-0.0050","-1.0000","0.0000","0.0000","0.0000","0.0000","0.0000"
"2929.0","15:13:12.864","2228766.0000","2.1573","60558.0000","-0.0500","-0.0050","-1.0000","0.0000","0.0000","0.0000","0.0000","0.0000"
"2930.0","15:13:12.865","2229797.0000","2.2697","60558.0000","-0.0500","-0.0050","-1.0000","0.0000","0.0000","0.0000","0.0000","0.0000"
"2931.0","15:13:12.866","2230586.0000","2.3557","60558.0000","-0.0500","-0.0050","-1.0000","0.0000","0.0000","0.0000","0.0000","0.0000"
"2932.0","15:13:12.867","2231992.0000","2.5090","60558.0000","-0.0500","-0.0050","-1.0000","0.0000","0.0000","0.0000","0.0000","0.0000"
"2933.0","15:13:12.868","2233010.0000","2.6200","60558.0000","-0.0500","-0.0050","-1.0000","0.0000","0.0000","0.0000","0.0000","0.0000"
"2934.0","15:13:12.869","2233988.0000","2.7266","60558.0000","-0.0500","-0.0050","-1.0000","0.0000","0.0000","0.0000","0.0000","0.0000"
"2935.0","15:13:12.870","2234275.0000","2.7578","60558.0000","-0.0500","-0.0050","-1.0000","0.0000","0.0000","0.0000","0.0000","0.0000"
"2936.0","15:13:12.871","2236164.0000","2.9638","60558.0000","-0.0500","-0.0050","-1.0000","0.0000","0.0000","0.0000","0.0000","0.0000"
"2937.0","15:13:12.872","2236668.0000","3.0187","60558.0000","-0.0500","-0.0050","-1.0000","0.0000","0.0000","0.0000","0.0000","0.0000"
"2938.0","15:13:12.873","2236792.0000","3.0323","60558.0000","-0.0500","-0.0050","-1.0000","0.0000","0.0000","0.0000","0.0000","0.0000"
"2939.0","15:13:12.874","2238580.0000","3.2272","60558.0000","-0.0500","-0.0050","-1.0000","0.0000","0.0000","0.0000","0.0000","0.0000"
"2940.0","15:13:12.875","2240310.0000","3.4158","60558.0000","-0.0500","-0.0050","-1.0000","0.0000","0.0000","0.0000","0.0000","0.0000"
"2941.0","15:13:12.876","2241733.0000","3.5709","60558.0000","-0.0500","-0.0050","-1.0000","0.0000","0.0000","0.0000","0.0000","0.0000"
"2942.0","15:13:12.877","2244721.0000","3.8967","60558.0000","-0.0500","-0.0050","-1.0000","0.0000","0.0000","0.0000","0.0000","0.0000"
"2943.0","15:13:12.878","2247031.0000","4.1485","60558.0000","-0.0500","-0.0050","-1.0000","0.0000","0.0000","0.0000","0.0000","0.0000"
"2944.0","15:13:12.879","2250398.0000","4.5155","60558.0000","-0.0500","-0.0050","-1.0000","0.0000","0.0000","0.0000","0.0000","0.0000"
"2945.0","15:13:12.880","2253467.0000","4.8501","60558.0000","-0.0500","-0.0050","-1.0000","0.0000","0.0000","0.0000","0.0000","0.0000"
"2946.0","15:13:12.881","2255726.0000","5.0964","60558.0000","-0.0500","-0.0050","-1.0000","0.0000","0.0000","0.0000","0.0000","0.0000"
"2947.0","15:13:12.882","2256980.0000","5.2331","60558.0000","-0.0500","-0.0050","-1.0000","0.0000","0.0000","0.0000","0.0000","0.0000"
"2948.0","15:13:12.883","2258453.0000","5.3937","60558.0000","-0.0500","-0.0050","-1.0000","0.0000","0.0000","0.0000","0.0000","0.0000"
"2949.0","15:13:12.884","2259466.0000","5.5041","60558.0000","-0.0500","-0.0050","-1.0000","0.0000","0.0000","0.0000","0.0000","0.0000"
"2950.0","15:13:12.885","2260259.0000","5.6077","60558.0000","-0.0500","-0.0050","-1.0000","0.0000","0.0000","0.0000","0.0000","0.0000"
"2951.0","15:13:12.886","2260312.0000","5.6150","60558.0000","-0.0500","-0.0050","-1.0000","0.0000","0.0000","0.0000","0.0000","0.0000"
"2952.0","15:13:12.887","2259735.0000","5.5360","60558.0000","-0.0500","-0.0050","-1.0000","0.0000","0.0000","0.0000","0.0000","0.0000"
"2953.0","15:13:12.888","2257643.0000","5.3054","60558.0000","-0.0500","-0.0050","-1.0000","0.0000","0.0000","0.0000","0.0000","0.0000"
"2954.0","15:13:12.889","2256318.0000","5.1609","60558.0000","-0.0500","-0.0050","-1.0000","0.0000","0.0000","0.0000","0.0000","0.0000"
"2955.0","15:13:12.890","2254272.0000","4.9379","60558.0000","-0.0500","-0.0050","-1.0000","0.0000","0.0000","0.0000","0.0000","0.0000"
"2956.0","15:13:12.891","2251841.0000","4.6729","60558.0000","-0.0500","-0.0050","-1.0000","0.0000","0.0000","0.0000","0.0000","0.0000"
"2957.0","15:13:12.892","2250408.0000","4.5167","60558.0000","-0.0500","-0.0050","-1.0000","0.0000","0.0000","0.0000","0.0000","0.0000"
"2958.0","15:13:12.893","2247557.0000","4.2058","60558.0000","-0.0500","-0.0050","-1.0000","0.0000","0.0000","0.0000","0.0000","0.0000"
"2959.0","15:13:12.894","2240703.0000","3.4586","60558.0000","-0.0500","-0.0050","-1.0000","0.0000","0.0000","0.0000","0.0000","0.0000"
"2960.0","15:13:12.895","2228813.0000","2.1624","60558.0000","-0.0500","-0.0050","-1.0000","0.0000","0.0000","0.0000","0.0000","0.0000"
"2961.0","15:13:12.896","2214768.0000","0.6313","60558.0000","-0.0500","-0.0050","-1.0000","0.0000","0.0000","0.0000","0.0000","0.0000"
"2962.0","15:13:12.897","2214768.0000","0.6313","60558.0000","-0.0500","-0.0050","-1.0000","0.0000","0.0000","0.0000","0.0000","0.0000"
"2963.0","15:13:12.898","2197792.0000","-1.1738","60558.0000","-0.0500","-0.0050","-1.0000","0.0000","0.0000","0.0000","0.0000","0.0000"
"2964.0","15:13:12.899","2180758.0000","-2.9564","60558.0000","-0.0500","-0.0050","-1.0000","0.0000","0.0000","0.0000","0.0000","0.0000"
"2965.0","15:13:12.900","2164728.0000","-4.6902","60558.0000","-0.0500","-0.0050","-1.0000","0.0000","0.0000","0.0000","0.0000","0.0000"
"2966.0","15:13:12.901","2148921.0000","-6.6807","60558.0000","-0.0500","-0.0050","-1.0000","0.0000","0.0000","0.0000","0.0000","0.0000"
"2967.0","15:13:12.902","2134352.0000","-8.5153","60558.0000","-0.0500","-0.0050","-1.0000","0.0000","0.0000","0.0000","0.0000","0.0000"
"2968.0","15:13:12.903","2124351.0000","-9.7747","60558.0000","-0.0500","-0.0050","-1.0000","0.0000","0.0000","0.0000","0.0000","0.0000"
"2969.0","15:13:12.904","2119556.0000","-10.3785","60558.0000","-0.0500","-0.0050","-1.0000","0.0000","0.0000","0.0000","0.0000","0.0000"
"2970.0","15:13:12.905","2118621.0000","-10.4963","60558.0000","-0.0500","-0.0050","-1.0000","0.0000","0.0000","0.0000","0.0000","0.0000"
"2971.0","15:13:12.906","2121031.0000","-10.1928","60558.0000","-0.0500","-0.0050","-1.0000","0.0000","0.0000","0.0000","0.0000","0.0000"
"2972.0","15:13:12.907","2125334.0000","-9.6509","60558.0000","-0.0500","-0.0050","-1.0000","0.0000","0.0000","0.0000","0.0000","0.0000"
"2973.0","15:13:12.908","2131696.0000","-8.8498","60569.0000","-0.0500","-0.0050","-1.0000","0.0000","0.0000","0.0000","0.0000","0.0000"
"2974.0","15:13:12.909","2141137.0000","-7.6609","60569.0000","-0.0500","-0.0050","-1.0000","0.0000","0.0000","0.0000","0.0000","0.0000"
"2975.0","15:13:12.910","2150062.0000","-6.5370","60569.0000","-0.0500","-0.0050","-1.0000","0.0000","0.0000","0.0000","0.0000","0.0000"
"2976.0","15:13:12.911","2159751.0000","-5.3169","60569.0000","-0.0500","-0.0050","-1.0000","0.0000","0.0000","0.0000","0.0000","0.0000"
"2977.0","15:13:12.912","2169249.0000","-4.1608","60569.0000","-0.0500","-0.0050","-1.0000","0.0000","0.0000","0.0000","0.0000","0.0000"
"2978.0","15:13:12.913","2177584.0000","-3.2885","60569.0000","-0.0500","-0.0050","-1.0000","0.0000","0.0000","0.0000","0.0000","0.0000"
"2979.0","15:13:12.914","2184060.0000","-2.6108","60569.0000","-0.0500","-0.0050","-1.0000","0.0000","0.0000","0.0000","0.0000","0.0000"
"2980.0","15:13:12.915","2190172.0000","-1.9712","60569.0000","-0.0500","-0.0050","-1.0000","0.0000","0.0000","0.0000","0.0000","0.0000"
"2981.0","15:13:12.916","2195250.0000","-1.4398","60569.0000","-0.0500","-0.0050","-1.0000","0.0000","0.0000","0.0000","0.0000","0.0000"
"2982.0","15:13:12.917","2200256.0000","-0.9159","60569.0000","-0.0500","-0.0050","-1.0000","0.0000","0.0000","0.0000","0.0000","0.0000"
"2983.0","15:13:12.918","2205109.0000","-0.4081","60569.0000","-0.0500","-0.0050","-1.0000","0.0000","0.0000","0.0000","0.0000","0.0000"
"2984.0","15:13:12.919","2209985.0000","0.1098","60569.0000","-0.0500","-0.0050","-1.0000","0.0000","0.0000","0.0000","0.0000","0.0000"
"2985.0","15:13:12.920","2214250.0000","0.5748","60569.0000","-0.0500","-0.0050","-1.0000","0.0000","0.0000","0.0000","0.0000","0.0000"
"2986.0","15:13:12.921","2219898.0000","1.1905","60569.0000","-0.0500","-0.0050","-1.0000","0.0000","0.0000","0.0000","0.0000","0.0000"
"2987.0","15:13:12.922","2223290.0000","1.5603","60569.0000","-0.0500","-0.0050","-1.0000","0.0000","0.0000","0.0000","0.0000","0.0000"
"2988.0","15:13:12.923","2228716.0000","2.1518","60569.0000","-0.0500","-0.0050","-1.0000","0.0000","0.0000","0.0000","0.0000","0.0000"
"2989.0","15:13:12.924","2234397.0000","2.7712","60569.0000","-0.0500","-0.0050","-1.0000","0.0000","0.0000","0.0000","0.0000","0.0000"
"2990.0","15:13:12.925","2238439.0000","3.2118","60569.0000","-0.0500","-0.0050","-1.0000","0.0000","0.0000","0.0000","0.0000","0.0000"
"2991.0","15:13:12.926","2244305.0000","3.8513","60569.0000","-0.0500","-0.0050","-1.0000","0.0000","0.0000","0.0000","0.0000","0.0000"
"2992.0","15:13:12.927","2249265.0000","4.3920","60569.0000","-0.0500","-0.0050","-1.0000","0.0000","0.0000","0.0000","0.0000","0.0000"
"2993.0","15:13:12.928","2253048.0000","4.8045","60569.0000","-0.0500","-0.0050","-1.0000","0.0000","0.0000","0.0000","0.0000","0.0000"
"2994.0","15:13:12.929","2256970.0000","5.2320","60569.0000","-0.0500","-0.0050","-1.0000","0.0000","0.0000","0.0000","0.0000","0.0000"
"2995.0","15:13:12.930","2258999.0000","5.4532","60569.0000","-0.0500","-0.0050","-1.0000","0.0000","0.0000","0.0000","0.0000","0.0000"
"2996.0","15:13:12.931","2261375.0000","5.7605","60569.0000","-0.0500","-0.0050","-1.0000","0.0000","0.0000","0.0000","0.0000","0.0000"
"2997.0","15:13:12.932","2262576.0000","5.9249","60569.0000","-0.0500","-0.0050","-1.0000","0.0000","0.0000","0.0000","0.0000","0.0000"
"2998.0","15:13:12.933","2262259.0000","5.8815","60569.0000","-0.0500","-0.0050","-1.0000","0.0000","0.0000","0.0000","0.0000","0.0000"
"2999.0","15:13:12.934","2261371.0000","5.7600","60569.0000","-0.0500","-0.0050","-1.0000","0.0000","0.0000","0.0000","0.0000","0.0000"
"3000.0","15:13:12.935","2259905.0000","5.5593","60569.0000","-0.0500","-0.0050","-1.0000","0.0000","0.0000","0.0000","0.0000","0.0000"
"3001.0","15:13:12.936","2258684.0000","5.4189","60569.0000","-0.0500","-0.0050","-1.0000","0.0000","0.0000","0.0000","0.0000","0.0000"
"3002.0","15:13:12.937","2256034.0000","5.1300","60569.0000","-0.0500","-0.0050","-1.0000","0.0000","0.0000","0.0000","0.0000","0.0000"
"3003.0","15:13:12.938","2252657.0000","4.7618","60569.0000","-0.0500","-0.0050","-1.0000","0.0000","0.0000","0.0000","0.0000","0.0000"
"3004.0","15:13:12.939","2249811.0000","4.4516","60569.0000","-0.0500","-0.0050","-1.0000","0.0000","0.0000","0.0000","0.0000","0.0000"
"3005.0","15:13:12.940","2247079.0000","4.1537","60569.0000","-0.0500","-0.0050","-1.0000","0.0000","0.0000","0.0000","0.0000","0.0000"
"3006.0","15:13:12.941","2245025.0000","3.9298","60569.0000","-0.0500","-0.0050","-1.0000","0.0000","0.0000","0.0000","0.0000","0.0000"
"3007.0","15:13:12.942","2242736.0000","3.6803","60569.0000","-0.0500","-0.0050","-1.0000","0.0000","0.0000","0.0000","0.0000","0.0000"
"3008.0","15:13:12.943","2240602.0000","3.4476","60569.0000","-0.0500","-0.0050","-1.0000","0.0000","0.0000","0.0000","0.0000","0.0000"
"3009.0","15:13:12.944","2240602.0000","3.4476","60569.0000","-0.0500","-0.0050","-1.0000","0.0000","0.0000","0.0000","0.0000","0.0000"
"3010.0","15:13:12.945","2239742.0000","3.3539","60569.0000","-0.0500","-0.0050","-1.0000","0.0000","0.0000","0.0000","0.0000","0.0000"
"3011.0","15:13:12.946","2238866.0000","3.2583","60569.0000","-0.0500","-0.0050","-1.0000","0.0000","0.0000","0.0000","0.0000","0.0000"
"3012.0","15:13:12.947","2238239.0000","3.1900","60569.0000","-0.0500","-0.0050","-1.0000","0.0000","0.0000","0.0000","0.0000","0.0000"
"3013.0","15:13:12.948","2237792.0000","3.1413","60569.0000","-0.0500","-0.0050","-1.0000","0.0000","0.0000","0.0000","0.0000","0.0000"
"3014.0","15:13:12.949","2236040.0000","2.9503","60569.0000","-0.0500","-0.0050","-1.0000","0.0000","0.0000","0.0000","0.0000","0.0000"
"3015.0","15:13:12.950","2235917.0000","2.9369","60569.0000","-0.0500","-0.0050","-1.0000","0.0000","0.0000","0.0000","0.0000","0.0000"
"3016.0","15:13:12.951","2234664.0000","2.8003","60569.0000","-0.0500","-0.0050","-1.0000","0.0000","0.0000","0.0000","0.0000","0.0000"
"3017.0","15:13:12.952","2234008.0000","2.7287","60569.0000","-0.0500","-0.0050","-1.0000","0.0000","0.0000","0.0000","0.0000","0.0000"
"3018.0","15:13:12.953","2232751.0000","2.5917","60569.0000","-0.0500","-0.0050","-1.0000","0.0000","0.0000","0.0000","0.0000","0.0000"
"3019.0","15:13:12.954","2231466.0000","2.4516","60569.0000","-0.0500","-0.0050","-1.0000","0.0000","0.0000","0.0000","0.0000","0.0000"
"3020.0","15:13:12.955","2229715.0000","2.2607","60569.0000","-0.0500","-0.0050","-1.0000","0.0000","0.0000","0.0000","0.0000","0.0000"
"3021.0","15:13:12.956","2228265.0000","2.1027","60569.0000","-0.0500","-0.0050","-1.0000","0.0000","0.0000","0.0000","0.0000","0.0000"
"3022.0","15:13:12.957","2226143.0000","1.8713","60569.0000","-0.0500","-0.0050","-1.0000","0.0000","0.0000","0.0000","0.0000","0.0000"
"3023.0","15:13:12.958","2224612.0000","1.7044","60569.0000","-0.0500","-0.0050","-1.0000","0.0000","0.0000","0.0000","0.0000","0.0000"
"3024.0","15:13:12.959","2223266.0000","1.5577","60569.0000","-0.0500","-0.0050","-1.0000","0.0000","0.0000","0.0000","0.0000","0.0000"
"3025.0","15:13:12.960","2221908.0000","1.4096","60569.0000","-0.0500","-0.0050","-1.0000","0.0000","0.0000","0.0000","0.0000","0.0000"
"3026.0","15:13:12.961","2220330.0000","1.2376","60569.0000","-0.0500","-0.0050","-1.0000","0.0000","0.0000","0.0000","0.0000","0.0000"
"3027.0","15:13:12.962","2219590.0000","1.1569","60569.0000","-0.0500","-0.0050","-1.0000","0.0000","0.0000","0.0000","0.0000","0.0000"
"3028.0","15:13:12.963","2218558.0000","1.0445","60569.0000","-0.0500","-0.0050","-1.0000","0.0000","0.0000","0.0000","0.0000","0.0000"
"3029.0","15:13:12.964","2218175.0000","1.0027","60569.0000","-0.0500","-0.0050","-1.0000","0.0000","0.0000","0.0000","0.0000","0.0000"
"3030.0","15:13:12.965","2217764.0000","0.9579","60569.0000","-0.0500","-0.0050","-1.0000","0.0000","0.0000","0.0000","0.0000","0.0000"
"3031.0","15:13:12.966","2217406.0000","0.9188","60569.0000","-0.0500","-0.0050","-1.0000","0.0000","0.0000","0.0000","0.0000","0.0000"
"3032.0","15:13:12.967","2218063.0000","0.9905","60569.0000","-0.0500","-0.0050","-1.0000","0.0000","0.0000","0.0000","0.0000","0.0000"
"3033.0","15:13:12.968","2218160.0000","1.0010","60569.0000","-0.0500","-0.0050","-1.0000","0.0000","0.0000","0.0000","0.0000","0.0000"
"3034.0","15:13:12.969","2218112.0000","0.9958","60571.0000","-0.0500","-0.0050","-1.0000","0.0000","0.0000","0.0000","0.0000","0.0000"
"3035.0","15:13:12.970","2218135.0000","0.9983","60571.0000","-0.0500","-0.0050","-1.0000","0.0000","0.0000","0.0000","0.0000","0.0000"
"3036.0","15:13:12.971","2218412.0000","1.0285","60571.0000","-0.0500","-0.0050","-1.0000","0.0000","0.0000","0.0000","0.0000","0.0000"
"3037.0","15:13:12.972","2218565.0000","1.0452","60571.0000","-0.0500","-0.0050","-1.0000","0.0000","0.0000","0.0000","0.0000","0.0000"
"3038.0","15:13:12.973","2219120.0000","1.1057","60571.0000","-0.0500","-0.0050","-1.0000","0.0000","0.0000","0.0000","0.0000","0.0000"
"3039.0","15:13:12.974","2218924.0000","1.0843","60571.0000","-0.0500","-0.0050","-1.0000","0.0000","0.0000","0.0000","0.0000","0.0000"
"3040.0","15:13:12.975","2219133.0000","1.1071","60571.0000","-0.0500","-0.0050","-1.0000","0.0000","0.0000","0.0000","0.0000","0.0000"
"3041.0","15:13:12.976","2220029.0000","1.2048","60571.0000","-0.0500","-0.0050","-1.0000","0.0000","0.0000","0.0000","0.0000","0.0000"
"3042.0","15:13:12.977","2220494.0000","1.2555","60571.0000","-0.0500","-0.0050","-1.0000","0.0000","0.0000","0.0000","0.0000","0.0000"
"3043.0","15:13:12.978","2221456.0000","1.3604","60571.0000","-0.0500","-0.0050","-1.0000","0.0000","0.0000","0.0000","0.0000","0.0000"
"3044.0","15:13:12.979","2221176.0000","1.3298","60571.0000","-0.0500","-0.0050","-1.0000","0.0000","0.0000","0.0000","0.0000","0.0000"
"3045.0","15:13:12.980","2221150.0000","1.3270","60571.0000","-0.0500","-0.0050","-1.0000","0.0000","0.0000","0.0000","0.0000","0.0000"
"3046.0","15:13:12.981","2221279.0000","1.3411","60571.0000","-0.0500","-0.0050","-1.0000","0.0000","0.0000","0.0000","0.0000","0.0000"
"3047.0","15:13:12.982","2221233.0000","1.3361","60571.0000","-0.0500","-0.0050","-1.0000","0.0000","0.0000","0.0000","0.0000","0.0000"
"3048.0","15:13:12.983","2221495.0000","1.3646","60571.0000","-0.0500","-0.0050","-1.0000","0.0000","0.0000","0.0000","0.0000","0.0000"
"3049.0","15:13:12.984","2221650.0000","1.3815","60571.0000","-0.0500","-0.0050","-1.0000","0.0000","0.0000","0.0000","0.0000","0.0000"
"3050.0","15:13:12.985","2221708.0000","1.3878","60571.0000","-0.0500","-0.0050","-1.0000","0.0000","0.0000","0.0000","0.0000","0.0000"
"3051.0","15:13:12.986","2221980.0000","1.4175","60571.0000","-0.0500","-0.0050","-1.0000","0.0000","0.0000","0.0000","0.0000","0.0000"
"3052.0","15:13:12.987","2221909.0000","1.4098","60571.0000","-0.0500","-0.0050","-1.0000","0.0000","0.0000","0.0000","0.0000","0.0000"
"3053.0","15:13:12.988","2222024.0000","1.4223","60571.0000","-0.0500","-0.0050","-1.0000","0.0000","0.0000","0.0000","0.0000","0.0000"
"3054.0","15:13:12.989","2221798.0000","1.3977","60571.0000","-0.0500","-0.0050","-1.0000","0.0000","0.0000","0.0000","0.0000","0.0000"
"3055.0","15:13:12.990","2222303.0000","1.4527","60571.0000","-0.0500","-0.0050","-1.0000","0.0000","0.0000","0.0000","0.0000","0.0000"
"3056.0","15:13:12.991","2222303.0000","1.4527","60571.0000","-0.0500","-0.0050","-1.0000","0.0000","0.0000","0.0000","0.0000","0.0000"
"3057.0","15:13:12.992","2222201.0000","1.4416","60571.0000","-0.0500","-0.0050","-1.0000","0.0000","0.0000","0.0000","0.0000","0.0000"
"3058.0","15:13:12.993","2222218.0000","1.4434","60571.0000","-0.0500","-0.0050","-1.0000","0.0000","0.0000","0.0000","0.0000","0.0000"
"3059.0","15:13:12.994","2222944.0000","1.5226","60571.0000","-0.0500","-0.0050","-1.0000","0.0000","0.0000","0.0000","0.0000","0.0000"
"3060.0","15:13:12.995","2223133.0000","1.5432","60571.0000","-0.0500","-0.0050","-1.0000","0.0000","0.0000","0.0000","0.0000","0.0000"
"3061.0","15:13:12.996","2223502.0000","1.5834","60571.0000","-0.0500","-0.0050","-1.0000","0.0000","0.0000","0.0000","0.0000","0.0000"
"3062.0","15:13:12.997","2225036.0000","1.7506","60571.0000","-0.0500","-0.0050","-1.0000","0.0000","0.0000","0.0000","0.0000","0.0000"
"3063.0","15:13:12.998","2224776.0000","1.7223","60571.0000","-0.0500","-0.0050","-1.0000","0.0000","0.0000","0.0000","0.0000","0.0000"
"3064.0","15:13:12.999","2225288.0000","1.7781","60571.0000","-0.0500","-0.0050","-1.0000","0.0000","0.0000","0.0000","0.0000","0.0000"
"3065.0","15:13:13.0","2225621.0000","1.8144","60571.0000","-0.0500","-0.0050","-1.0000","0.0000","0.0000","0.0000","0.0000","0.0000"
"3066.0","15:13:13.1","2226189.0000","1.8763","60571.0000","-0.0500","-0.0050","-1.0000","0.0000","0.0000","0.0000","0.0000","0.0000"
"3067.0","15:13:13.2","2225878.0000","1.8425","60571.0000","-0.0500","-0.0050","-1.0000","0.0000","0.0000","0.0000","0.0000","0.0000"
"3068.0","15:13:13.3","2226289.0000","1.8872","60571.0000","-0.0500","-0.0050","-1.0000","0.0000","0.0000","0.0000","0.0000","0.0000"
"3069.0","15:13:13.4","2226244.0000","1.8823","60571.0000","-0.0500","-0.0050","-1.0000","0.0000","0.0000","0.0000","0.0000","0.0000"
"3070.0","15:13:13.5","2225194.0000","1.7679","60571.0000","-0.0500","-0.0050","-1.0000","0.0000","0.0000","0.0000","0.0000","0.0000"
"3071.0","15:13:13.6","2225586.0000","1.8106","60571.0000","-0.0500","-0.0050","-1.0000","0.0000","0.0000","0.0000","0.0000","0.0000"
"3072.0","15:13:13.7","2225822.0000","1.8363","60571.0000","-0.0500","-0.0050","-1.0000","0.0000","0.0000","0.0000","0.0000","0.0000"
"3073.0","15:13:13.8","2224334.0000","1.6741","60571.0000","-0.0500","-0.0050","-1.0000","0.0000","0.0000","0.0000","0.0000","0.0000"
"3074.0","15:13:13.9","2224210.0000","1.6606","60571.0000","-0.0500","-0.0050","-1.0000","0.0000","0.0000","0.0000","0.0000","0.0000"
"3075.0","15:13:13.10","2223727.0000","1.6079","60571.0000","-0.0500","-0.0050","-1.0000","0.0000","0.0000","0.0000","0.0000","0.0000"
"3076.0","15:13:13.11","2223144.0000","1.5444","60571.0000","-0.0500","-0.0050","-1.0000","0.0000","0.0000","0.0000","0.0000","0.0000"
"3077.0","15:13:13.12","2222608.0000","1.4859","60571.0000","-0.0500","-0.0050","-1.0000","0.0000","0.0000","0.0000","0.0000","0.0000"
"3078.0","15:13:13.13","2222988.0000","1.5274","60571.0000","-0.0500","-0.0050","-1.0000","0.0000","0.0000","0.0000","0.0000","0.0000"
"3079.0","15:13:13.14","2222516.0000","1.4759","60571.0000","-0.0500","-0.0050","-1.0000","0.0000","0.0000","0.0000","0.0000","0.0000"
"3080.0","15:13:13.15","2222335.0000","1.4562","60571.0000","-0.0500","-0.0050","-1.0000","0.0000","0.0000","0.0000","0.0000","0.0000"
"3081.0","15:13:13.16","2223512.0000","1.5845","60571.0000","-0.0500","-0.0050","-1.0000","0.0000","0.0000","0.0000","0.0000","0.0000"
"3082.0","15:13:13.17","2222372.0000","1.4602","60571.0000","-0.0500","-0.0050","-1.0000","0.0000","0.0000","0.0000","0.0000","0.0000"
"3083.0","15:13:13.18","2222066.0000","1.4269","60571.0000","-0.0500","-0.0050","-1.0000","0.0000","0.0000","0.0000","0.0000","0.0000"
"3084.0","15:13:13.19","2222991.0000","1.5277","60571.0000","-0.0500","-0.0050","-1.0000","0.0000","0.0000","0.0000","0.0000","0.0000"
"3085.0","15:13:13.20","2223072.0000","1.5365","60571.0000","-0.0500","-0.0050","-1.0000","0.0000","0.0000","0.0000","0.0000","0.0000"
"3086.0","15:13:13.21","2223719.0000","1.6071","60571.0000","-0.0500","-0.0050","-1.0000","0.0000","0.0000","0.0000","0.0000","0.0000"
"3087.0","15:13:13.22","2223448.0000","1.5775","60571.0000","-0.0500","-0.0050","-1.0000","0.0000","0.0000","0.0000","0.0000","0.0000"
"3088.0","15:13:13.23","2224245.0000","1.6644","60571.0000","-0.0500","-0.0050","-1.0000","0.0000","0.0000","0.0000","0.0000","0.0000"
"3089.0","15:13:13.24","2224619.0000","1.7052","60571.0000","-0.0500","-0.0050","-1.0000","0.0000","0.0000","0.0000","0.0000","0.0000"
"3090.0","15:13:13.25","2223621.0000","1.5964","60571.0000","-0.0500","-0.0050","-1.0000","0.0000","0.0000","0.0000","0.0000","0.0000"
"3091.0","15:13:13.26","2223633.0000","1.5977","60571.0000","-0.0500","-0.0050","-1.0000","0.0000","0.0000","0.0000","0.0000","0.0000"
"3092.0","15:13:13.27","2224015.0000","1.6394","60571.0000","-0.0500","-0.0050","-1.0000","0.0000","0.0000","0.0000","0.0000","0.0000"
"3093.0","15:13:13.28","2223178.0000","1.5481","60571.0000","-0.0500","-0.0050","-1.0000","0.0000","0.0000","0.0000","0.0000","0.0000"
"3094.0","15:13:13.29","2223017.0000","1.5306","60571.0000","-0.0500","-0.0050","-1.0000","0.0000","0.0000","0.0000","0.0000","0.0000"
"3095.0","15:13:13.30","2222120.0000","1.4327","60571.0000","-0.0500","-0.0050","-1.0000","0.0000","0.0000","0.0000","0.0000","0.0000"
"3096.0","15:13:13.31","2222610.0000","1.4862","60571.0000","-0.0500","-0.0050","-1.0000","0.0000","0.0000","0.0000","0.0000","0.0000"
"3097.0","15:13:13.32","2222445.0000","1.4682","60571.0000","-0.0500","-0.0050","-1.0000","0.0000","0.0000","0.0000","0.0000","0.0000"
"3098.0","15:13:13.33","2222659.0000","1.4915","60571.0000","-0.0500","-0.0050","-1.0000","0.0000","0.0000","0.0000","0.0000","0.0000"
"3099.0","15:13:13.34","2222318.0000","1.4543","60571.0000","-0.0500","-0.0050","-1.0000","0.0000","0.0000","0.0000","0.0000","0.0000"
"3100.0","15:13:13.35","2222515.0000","1.4758","60571.0000","-0.0500","-0.0050","-1.0000","0.0000","0.0000","0.0000","0.0000","0.0000"
"3101.0","15:13:13.36","2221929.0000","1.4119","60571.0000","-0.0500","-0.0050","-1.0000","0.0000","0.0000","0.0000","0.0000","0.0000"
"3102.0","15:13:13.37","2221929.0000","1.4119","60571.0000","-0.0500","-0.0050","-1.0000","0.0000","0.0000","0.0000","0.0000","0.0000"
"3103.0","15:13:13.38","2222162.0000","1.4374","60571.0000","-0.0500","-0.0050","-1.0000","0.0000","0.0000","0.0000","0.0000","0.0000"
"3104.0","15:13:13.39","2222985.0000","1.5271","60571.0000","-0.0500","-0.0050","-1.0000","0.0000","0.0000","0.0000","0.0000","0.0000"
"3105.0","15:13:13.40","2222178.0000","1.4391","60571.0000","-0.0500","-0.0050","-1.0000","0.0000","0.0000","0.0000","0.0000","0.0000"
"3106.0","15:13:13.41","2222828.0000","1.5099","60571.0000","-0.0500","-0.0050","-1.0000","0.0000","0.0000","0.0000","0.0000","0.0000"
"3107.0","15:13:13.42","2222166.0000","1.4378","60571.0000","-0.0500","-0.0050","-1.0000","0.0000","0.0000","0.0000","0.0000","0.0000"
"3108.0","15:13:13.43","2222480.0000","1.4720","60571.0000","-0.0500","-0.0050","-1.0000","0.0000","0.0000","0.0000","0.0000","0.0000"
"3109.0","15:13:13.44","2221686.0000","1.3855","60571.0000","-0.0500","-0.0050","-1.0000","0.0000","0.0000","0.0000","0.0000","0.0000"
"3110.0","15:13:13.45","2223197.0000","1.5502","60571.0000","-0.0500","-0.0050","-1.0000","0.0000","0.0000","0.0000","0.0000","0.0000"
"3111.0","15:13:13.46","2223640.0000","1.5985","60571.0000","-0.0500","-0.0050","-1.0000","0.0000","0.0000","0.0000","0.0000","0.0000"
"3112.0","15:13:13.47","2223768.0000","1.6124","60571.0000","-0.0500","-0.0050","-1.0000","0.0000","0.0000","0.0000","0.0000","0.0000"
"3113.0","15:13:13.48","2224924.0000","1.7384","60571.0000","-0.0500","-0.0050","-1.0000","0.0000","0.0000","0.0000","0.0000","0.0000"
"3114.0","15:13:13.49","2224170.0000","1.6563","60571.0000","-0.0500","-0.0050","-1.0000","0.0000","0.0000","0.0000","0.0000","0.0000"
"3115.0","15:13:13.50","2224152.0000","1.6543","60571.0000","-0.0500","-0.0050","-1.0000","0.0000","0.0000","0.0000","0.0000","0.0000"
"3116.0","15:13:13.51","2225502.0000","1.8015","60571.0000","-0.0500","-0.0050","-1.0000","0.0000","0.0000","0.0000","0.0000","0.0000"
"3117.0","15:13:13.52","2225107.0000","1.7584","60571.0000","-0.0500","-0.0050","-1.0000","0.0000","0.0000","0.0000","0.0000","0.0000"
"3118.0","15:13:13.53","2224902.0000","1.7361","60571.0000","-0.0500","-0.0050","-1.0000","0.0000","0.0000","0.0000","0.0000","0.0000"
"3119.0","15:13:13.54","2225040.0000","1.7511","60571.0000","-0.0500","-0.0050","-1.0000","0.0000","0.0000","0.0000","0.0000","0.0000"
"3120.0","15:13:13.55","2224653.0000","1.7089","60571.0000","-0.0500","-0.0050","-1.0000","0.0000","0.0000","0.0000","0.0000","0.0000"
"3121.0","15:13:13.56","2224563.0000","1.6991","60571.0000","-0.0500","-0.0050","-1.0000","0.0000","0.0000","0.0000","0.0000","0.0000"
"3122.0","15:13:13.57","2224312.0000","1.6717","60571.0000","-0.0500","-0.0050","-1.0000","0.0000","0.0000","0.0000","0.0000","0.0000"
"3123.0","15:13:13.58","2225017.0000","1.7486","60571.0000","-0.0500","-0.0050","-1.0000","0.0000","0.0000","0.0000","0.0000","0.0000"
"3124.0","15:13:13.59","2224483.0000","1.6904","60571.0000","-0.0500","-0.0050","-1.0000","0.0000","0.0000","0.0000","0.0000","0.0000"
"3125.0","15:13:13.60","2223427.0000","1.5753","60571.0000","-0.0500","-0.0050","-1.0000","0.0000","0.0000","0.0000","0.0000","0.0000"
"3126.0","15:13:13.61","2223575.0000","1.5914","60571.0000","-0.0500","-0.0050","-1.0000","0.0000","0.0000","0.0000","0.0000","0.0000"
"3127.0","15:13:13.62","2223638.0000","1.5982","60571.0000","-0.0500","-0.0050","-1.0000","0.0000","0.0000","0.0000","0.0000","0.0000"
"3128.0","15:13:13.63","2223820.0000","1.6181","60571.0000","-0.0500","-0.0050","-1.0000","0.0000","0.0000","0.0000","0.0000","0.0000"
"3129.0","15:13:13.64","2224188.0000","1.6582","60571.0000","-0.0500","-0.0050","-1.0000","0.0000","0.0000","0.0000","0.0000","0.0000"
"3130.0","15:13:13.65","2223998.0000","1.6375","60571.0000","-0.0500","-0.0050","-1.0000","0.0000","0.0000","0.0000","0.0000","0.0000"
"3131.0","15:13:13.66","2224157.0000","1.6548","60571.0000","-0.0500","-0.0050","-1.0000","0.0000","0.0000","0.0000","0.0000","0.0000"
"3132.0","15:13:13.67","2223956.0000","1.6329","60571.0000","-0.0500","-0.0050","-1.0000","0.0000","0.0000","0.0000","0.0000","0.0000"
"3133.0","15:13:13.68","2224597.0000","1.7028","60571.0000","-0.0500","-0.0050","-1.0000","0.0000","0.0000","0.0000","0.0000","0.0000"
"3134.0","15:13:13.69","2224294.0000","1.6698","60571.0000","-0.0500","-0.0050","-1.0000","0.0000","0.0000","0.0000","0.0000","0.0000"
"3135.0","15:13:13.70","2224818.0000","1.7269","60571.0000","-0.0500","-0.0050","-1.0000","0.0000","0.0000","0.0000","0.0000","0.0000"
"3136.0","15:13:13.71","2225008.0000","1.7476","60571.0000","-0.0500","-0.0050","-1.0000","0.0000","0.0000","0.0000","0.0000","0.0000"
"3137.0","15:13:13.72","2225738.0000","1.8272","60571.0000","-0.0500","-0.0050","-1.0000","0.0000","0.0000","0.0000","0.0000","0.0000"
"3138.0","15:13:13.73","2225153.0000","1.7634","60571.0000","-0.0500","-0.0050","-1.0000","0.0000","0.0000","0.0000","0.0000","0.0000"
"3139.0","15:13:13.74","2224805.0000","1.7255","60571.0000","-0.0500","-0.0050","-1.0000","0.0000","0.0000","0.0000","0.0000","0.0000"
"3140.0","15:13:13.75","2225102.0000","1.7578","60571.0000","-0.0500","-0.0050","-1.0000","0.0000","0.0000","0.0000","0.0000","0.0000"
"3141.0","15:13:13.76","2224452.0000","1.6870","60571.0000","-0.0500","-0.0050","-1.0000","0.0000","0.0000","0.0000","0.0000","0.0000"
"3142.0","15:13:13.77","2224088.0000","1.6473","60571.0000","-0.0500","-0.0050","-1.0000","0.0000","0.0000","0.0000","0.0000","0.0000"
"3143.0","15:13:13.78","2223851.0000","1.6215","60571.0000","-0.0500","-0.0050","-1.0000","0.0000","0.0000","0.0000","0.0000","0.0000"
"3144.0","15:13:13.79","2223925.0000","1.6295","60571.0000","-0.0500","-0.0050","-1.0000","0.0000","0.0000","0.0000","0.0000","0.0000"
"3145.0","15:13:13.80","2225101.0000","1.7577","60571.0000","-0.0500","-0.0050","-1.0000","0.0000","0.0000","0.0000","0.0000","0.0000"
"3146.0","15:13:13.81","2224443.0000","1.6860","60571.0000","-0.0500","-0.0050","-1.0000","0.0000","0.0000","0.0000","0.0000","0.0000"
"3147.0","15:13:13.82","2224018.0000","1.6397","60571.0000","-0.0500","-0.0050","-1.0000","0.0000","0.0000","0.0000","0.0000","0.0000"
"3148.0","15:13:13.83","2223221.0000","1.5528","60571.0000","-0.0500","-0.0050","-1.0000","0.0000","0.0000","0.0000","0.0000","0.0000"
"3149.0","15:13:13.84","2223221.0000","1.5528","60571.0000","-0.0500","-0.0050","-1.0000","0.0000","0.0000","0.0000","0.0000","0.0000"
"3150.0","15:13:13.85","2223738.0000","1.6091","60571.0000","-0.0500","-0.0050","-1.0000","0.0000","0.0000","0.0000","0.0000","0.0000"
"3151.0","15:13:13.86","2223716.0000","1.6067","60571.0000","-0.0500","-0.0050","-1.0000","0.0000","0.0000","0.0000","0.0000","0.0000"
"3152.0","15:13:13.87","2223886.0000","1.6253","60571.0000","-0.0500","-0.0050","-1.0000","0.0000","0.0000","0.0000","0.0000","0.0000"
"3153.0","15:13:13.88","2223451.0000","1.5779","60571.0000","-0.0500","-0.0050","-1.0000","0.0000","0.0000","0.0000","0.0000","0.0000"
"3154.0","15:13:13.89","2222905.0000","1.5184","60572.0000","-0.0500","-0.0050","-1.0000","0.0000","0.0000","0.0000","0.0000","0.0000"
"3155.0","15:13:13.90","2223335.0000","1.5652","60572.0000","-0.0500","-0.0050","-1.0000","0.0000","0.0000","0.0000","0.0000","0.0000"
"3156.0","15:13:13.91","2223176.0000","1.5479","60572.0000","-0.0500","-0.0050","-1.0000","0.0000","0.0000","0.0000","0.0000","0.0000"
"3157.0","15:13:13.92","2224057.0000","1.6439","60572.0000","-0.0500","-0.0050","-1.0000","0.0000","0.0000","0.0000","0.0000","0.0000"
"3158.0","15:13:13.93","2222148.0000","1.4358","60572.0000","-0.0500","-0.0050","-1.0000","0.0000","0.0000","0.0000","0.0000","0.0000"
"3159.0","15:13:13.94","2222173.0000","1.4385","60572.0000","-0.0500","-0.0050","-1.0000","0.0000","0.0000","0.0000","0.0000","0.0000"
"3160.0","15:13:13.95","2222583.0000","1.4832","60572.0000","-0.0500","-0.0050","-1.0000","0.0000","0.0000","0.0000","0.0000","0.0000"
"3161.0","15:13:13.96","2222604.0000","1.4855","60572.0000","-0.0500","-0.0050","-1.0000","0.0000","0.0000","0.0000","0.0000","0.0000"
"3162.0","15:13:13.97","2223746.0000","1.6100","60572.0000","-0.0500","-0.0050","-1.0000","0.0000","0.0000","0.0000","0.0000","0.0000"
"3163.0","15:13:13.98","2223178.0000","1.5481","60572.0000","-0.0500","-0.0050","-1.0000","0.0000","0.0000","0.0000","0.0000","0.0000"
"3164.0","15:13:13.99","2222936.0000","1.5217","60572.0000","-0.0500","-0.0050","-1.0000","0.0000","0.0000","0.0000","0.0000","0.0000"
"3165.0","15:13:13.100","2223747.0000","1.6101","60572.0000","-0.0500","-0.0050","-1.0000","0.0000","0.0000","0.0000","0.0000","0.0000"
"3166.0","15:13:13.101","2223754.0000","1.6109","60572.0000","-0.0500","-0.0050","-1.0000","0.0000","0.0000","0.0000","0.0000","0.0000"
"3167.0","15:13:13.102","2223759.0000","1.6114","60572.0000","-0.0500","-0.0050","-1.0000","0.0000","0.0000","0.0000","0.0000","0.0000"
"3168.0","15:13:13.103","2223451.0000","1.5779","60572.0000","-0.0500","-0.0050","-1.0000","0.0000","0.0000","0.0000","0.0000","0.0000"
"3169.0","15:13:13.104","2223820.0000","1.6181","60572.0000","-0.0500","-0.0050","-1.0000","0.0000","0.0000","0.0000","0.0000","0.0000"
"3170.0","15:13:13.105","2223884.0000","1.6251","60572.0000","-0.0500","-0.0050","-1.0000","0.0000","0.0000","0.0000","0.0000","0.0000"
"3171.0","15:13:13.106","2223394.0000","1.5716","60572.0000","-0.0500","-0.0050","-1.0000","0.0000","0.0000","0.0000","0.0000","0.0000"
"3172.0","15:13:13.107","2223114.0000","1.5411","60572.0000","-0.0500","-0.0050","-1.0000","0.0000","0.0000","0.0000","0.0000","0.0000"
"3173.0","15:13:13.108","2222827.0000","1.5098","60572.0000","-0.0500","-0.0050","-1.0000","0.0000","0.0000","0.0000","0.0000","0.0000"
"3174.0","15:13:13.109","2222961.0000","1.5244","60572.0000","-0.0500","-0.0050","-1.0000","0.0000","0.0000","0.0000","0.0000","0.0000"
"3175.0","15:13:13.110","2223818.0000","1.6179","60572.0000","-0.0500","-0.0050","-1.0000","0.0000","0.0000","0.0000","0.0000","0.0000"
"3176.0","15:13:13.111","2222700.0000","1.4960","60572.0000","-0.0500","-0.0050","-1.0000","0.0000","0.0000","0.0000","0.0000","0.0000"
"3177.0","15:13:13.112","2222518.0000","1.4762","60572.0000","-0.0500","-0.0050","-1.0000","0.0000","0.0000","0.0000","0.0000","0.0000"
"3178.0","15:13:13.113","2222626.0000","1.4879","60572.0000","-0.0500","-0.0050","-1.0000","0.0000","0.0000","0.0000","0.0000","0.0000"
"3179.0","15:13:13.114","2223211.0000","1.5517","60572.0000","-0.0500","-0.0050","-1.0000","0.0000","0.0000","0.0000","0.0000","0.0000"
"3180.0","15:13:13.115","2222926.0000","1.5206","60572.0000","-0.0500","-0.0050","-1.0000","0.0000","0.0000","0.0000","0.0000","0.0000"
"3181.0","15:13:13.116","2223396.0000","1.5719","60572.0000","-0.0500","-0.0050","-1.0000","0.0000","0.0000","0.0000","0.0000","0.0000"
"3182.0","15:13:13.117","2223853.0000","1.6217","60572.0000","-0.0500","-0.0050","-1.0000","0.0000","0.0000","0.0000","0.0000","0.0000"
"3183.0","15:13:13.118","2222917.0000","1.5197","60572.0000","-0.0500","-0.0050","-1.0000","0.0000","0.0000","0.0000","0.0000","0.0000"
"3184.0","15:13:13.119","2222376.0000","1.4607","60572.0000","-0.0500","-0.0050","-1.0000","0.0000","0.0000","0.0000","0.0000","0.0000"
"3185.0","15:13:13.120","2223482.0000","1.5813","60572.0000","-0.0500","-0.0050","-1.0000","0.0000","0.0000","0.0000","0.0000","0.0000"
"3186.0","15:13:13.121","2223274.0000","1.5585","60572.0000","-0.0500","-0.0050","-1.0000","0.0000","0.0000","0.0000","0.0000","0.0000"
"3187.0","15:13:13.122","2223344.0000","1.5662","60572.0000","-0.0500","-0.0050","-1.0000","0.0000","0.0000","0.0000","0.0000","0.0000"
"3188.0","15:13:13.123","2223911.0000","1.6280","60572.0000","-0.0500","-0.0050","-1.0000","0.0000","0.0000","0.0000","0.0000","0.0000"
"3189.0","15:13:13.124","2222130.0000","1.4339","60572.0000","-0.0500","-0.0050","-1.0000","0.0000","0.0000","0.0000","0.0000","0.0000"
"3190.0","15:13:13.125","2222680.0000","1.4938","60572.0000","-0.0500","-0.0050","-1.0000","0.0000","0.0000","0.0000","0.0000","0.0000"
"3191.0","15:13:13.126","2222933.0000","1.5214","60572.0000","-0.0500","-0.0050","-1.0000","0.0000","0.0000","0.0000","0.0000","0.0000"
"3192.0","15:13:13.127","2222514.0000","1.4757","60572.0000","-0.0500","-0.0050","-1.0000","0.0000","0.0000","0.0000","0.0000","0.0000"
"3193.0","15:13:13.128","2222142.0000","1.4352","60572.0000","-0.0500","-0.0050","-1.0000","0.0000","0.0000","0.0000","0.0000","0.0000"
"3194.0","15:13:13.129","2222473.0000","1.4712","60572.0000","-0.0500","-0.0050","-1.0000","0.0000","0.0000","0.0000","0.0000","0.0000"
"3195.0","15:13:13.130","2223175.0000","1.5478","60572.0000","-0.0500","-0.0050","-1.0000","0.0000","0.0000","0.0000","0.0000","0.0000"
"3196.0","15:13:13.131","2223175.0000","1.5478","60572.0000","-0.0500","-0.0050","-1.0000","0.0000","0.0000","0.0000","0.0000","0.0000"
"3197.0","15:13:13.132","2222205.0000","1.4420","60572.0000","-0.0500","-0.0050","-1.0000","0.0000","0.0000","0.0000","0.0000","0.0000"
"3198.0","15:13:13.133","2222108.0000","1.4315","60572.0000","-0.0500","-0.0050","-1.0000","0.0000","0.0000","0.0000","0.0000","0.0000"
"3199.0","15:13:13.134","2221851.0000","1.4034","60572.0000","-0.0500","-0.0050","-1.0000","0.0000","0.0000","0.0000","0.0000","0.0000"
"3200.0","15:13:13.135","2222238.0000","1.4456","60572.0000","-0.0500","-0.0050","-1.0000","0.0000","0.0000","0.0000","0.0000","0.0000"
"3201.0","15:13:13.136","2222955.0000","1.5238","60572.0000","-0.0500","-0.0050","-1.0000","0.0000","0.0000","0.0000","0.0000","0.0000"
"3202.0","15:13:13.137","2222586.0000","1.4836","60572.0000","-0.0500","-0.0050","-1.0000","0.0000","0.0000","0.0000","0.0000","0.0000"
"3203.0","15:13:13.138","2223169.0000","1.5471","60572.0000","-0.0500","-0.0050","-1.0000","0.0000","0.0000","0.0000","0.0000","0.0000"
"3204.0","15:13:13.139","2223526.0000","1.5860","60572.0000","-0.0500","-0.0050","-1.0000","0.0000","0.0000","0.0000","0.0000","0.0000"
"3205.0","15:13:13.140","2223477.0000","1.5807","60572.0000","-0.0500","-0.0050","-1.0000","0.0000","0.0000","0.0000","0.0000","0.0000"
"3206.0","15:13:13.141","2223154.0000","1.5455","60572.0000","-0.0500","-0.0050","-1.0000","0.0000","0.0000","0.0000","0.0000","0.0000"
"3207.0","15:13:13.142","2222729.0000","1.4991","60572.0000","-0.0500","-0.0050","-1.0000","0.0000","0.0000","0.0000","0.0000","0.0000"
"3208.0","15:13:13.143","2222467.0000","1.4706","60572.0000","-0.0500","-0.0050","-1.0000","0.0000","0.0000","0.0000","0.0000","0.0000"
"3209.0","15:13:13.144","2222574.0000","1.4822","60572.0000","-0.0500","-0.0050","-1.0000","0.0000","0.0000","0.0000","0.0000","0.0000"
"3210.0","15:13:13.145","2222509.0000","1.4752","60572.0000","-0.0500","-0.0050","-1.0000","0.0000","0.0000","0.0000","0.0000","0.0000"
"3211.0","15:13:13.146","2222304.0000","1.4528","60572.0000","-0.0500","-0.0050","-1.0000","0.0000","0.0000","0.0000","0.0000","0.0000"
"3212.0","15:13:13.147","2222765.0000","1.5031","60572.0000","-0.0500","-0.0050","-1.0000","0.0000","0.0000","0.0000","0.0000","0.0000"
"3213.0","15:13:13.148","2221604.0000","1.3765","60572.0000","-0.0500","-0.0050","-1.0000","0.0000","0.0000","0.0000","0.0000","0.0000"
"3214.0","15:13:13.149","2221418.0000","1.3562","60572.0000","-0.0500","-0.0050","-1.0000","0.0000","0.0000","0.0000","0.0000","0.0000"
"3215.0","15:13:13.150","2221510.0000","1.3663","60587.0000","-0.0500","-0.0050","-1.0000","0.0000","0.0000","0.0000","0.0000","0.0000"
"3216.0","15:13:13.151","2221682.0000","1.3850","60587.0000","-0.0500","-0.0050","-1.0000","0.0000","0.0000","0.0000","0.0000","0.0000"
"3217.0","15:13:13.152","2221001.0000","1.3108","60587.0000","-0.0500","-0.0050","-1.0000","0.0000","0.0000","0.0000","0.0000","0.0000"
"3218.0","15:13:13.153","2221741.0000","1.3914","60587.0000","-0.0500","-0.0050","-1.0000","0.0000","0.0000","0.0000","0.0000","0.0000"
"3219.0","15:13:13.154","2221883.0000","1.4069","60587.0000","-0.0500","-0.0050","-1.0000","0.0000","0.0000","0.0000","0.0000","0.0000"
"3220.0","15:13:13.155","2222818.0000","1.5088","60587.0000","-0.0500","-0.0050","-1.0000","0.0000","0.0000","0.0000","0.0000","0.0000"
"3221.0","15:13:13.156","2222855.0000","1.5129","60587.0000","-0.0500","-0.0050","-1.0000","0.0000","0.0000","0.0000","0.0000","0.0000"
"3222.0","15:13:13.157","2223228.0000","1.5535","60587.0000","-0.0500","-0.0050","-1.0000","0.0000","0.0000","0.0000","0.0000","0.0000"
"3223.0","15:13:13.158","2223516.0000","1.5850","60587.0000","-0.0500","-0.0050","-1.0000","0.0000","0.0000","0.0000","0.0000","0.0000"
"3224.0","15:13:13.159","2223876.0000","1.6242","60587.0000","-0.0500","-0.0050","-1.0000","0.0000","0.0000","0.0000","0.0000","0.0000"
"3225.0","15:13:13.160","2225073.0000","1.7547","60587.0000","-0.0500","-0.0050","-1.0000","0.0000","0.0000","0.0000","0.0000","0.0000"
"3226.0","15:13:13.161","2225005.0000","1.7473","60587.0000","-0.0500","-0.0050","-1.0000","0.0000","0.0000","0.0000","0.0000","0.0000"
"3227.0","15:13:13.162","2225094.0000","1.7570","60587.0000","-0.0500","-0.0050","-1.0000","0.0000","0.0000","0.0000","0.0000","0.0000"
"3228.0","15:13:13.163","2225367.0000","1.7868","60587.0000","-0.0500","-0.0050","-1.0000","0.0000","0.0000","0.0000","0.0000","0.0000"
"3229.0","15:13:13.164","2224468.0000","1.6887","60587.0000","-0.0500","-0.0050","-1.0000","0.0000","0.0000","0.0000","0.0000","0.0000"
"3230.0","15:13:13.165","2224358.0000","1.6767","60587.0000","-0.0500","-0.0050","-1.0000","0.0000","0.0000","0.0000","0.0000","0.0000"
"3231.0","15:13:13.166","2224107.0000","1.6494","60587.0000","-0.0500","-0.0050","-1.0000","0.0000","0.0000","0.0000","0.0000","0.0000"
"3232.0","15:13:13.167","2224591.0000","1.7021","60587.0000","-0.0500","-0.0050","-1.0000","0.0000","0.0000","0.0000","0.0000","0.0000"
"3233.0","15:13:13.168","2225057.0000","1.7530","60587.0000","-0.0500","-0.0050","-1.0000","0.0000","0.0000","0.0000","0.0000","0.0000"
"3234.0","15:13:13.169","2224401.0000","1.6814","60587.0000","-0.0500","-0.0050","-1.0000","0.0000","0.0000","0.0000","0.0000","0.0000"
"3235.0","15:13:13.170","2224255.0000","1.6655","60587.0000","-0.0500","-0.0050","-1.0000","0.0000","0.0000","0.0000","0.0000","0.0000"
"3236.0","15:13:13.171","2224588.0000","1.7018","60587.0000","-0.0500","-0.0050","-1.0000","0.0000","0.0000","0.0000","0.0000","0.0000"
"3237.0","15:13:13.172","2224241.0000","1.6640","60587.0000","-0.0500","-0.0050","-1.0000","0.0000","0.0000","0.0000","0.0000","0.0000"
"3238.0","15:13:13.173","2223476.0000","1.5806","60587.0000","-0.0500","-0.0050","-1.0000","0.0000","0.0000","0.0000","0.0000","0.0000"
"3239.0","15:13:13.174","2223347.0000","1.5665","60587.0000","-0.0500","-0.0050","-1.0000","0.0000","0.0000","0.0000","0.0000","0.0000"
"3240.0","15:13:13.175","2223088.0000","1.5383","60587.0000","-0.0500","-0.0050","-1.0000","0.0000","0.0000","0.0000","0.0000","0.0000"
"3241.0","15:13:13.176","2222744.0000","1.5008","60587.0000","-0.0500","-0.0050","-1.0000","0.0000","0.0000","0.0000","0.0000","0.0000"
"3242.0","15:13:13.177","2223242.0000","1.5551","60587.0000","-0.0500","-0.0050","-1.0000","0.0000","0.0000","0.0000","0.0000","0.0000"
"3243.0","15:13:13.178","2223242.0000","1.5551","60587.0000","-0.0500","-0.0050","-1.0000","0.0000","0.0000","0.0000","0.0000","0.0000"
"3244.0","15:13:13.179","2223397.0000","1.5720","60587.0000","-0.0500","-0.0050","-1.0000","0.0000","0.0000","0.0000","0.0000","0.0000"
"3245.0","15:13:13.180","2222414.0000","1.4648","60587.0000","-0.0500","-0.0050","-1.0000","0.0000","0.0000","0.0000","0.0000","0.0000"
"3246.0","15:13:13.181","2223435.0000","1.5761","60587.0000","-0.0500","-0.0050","-1.0000","0.0000","0.0000","0.0000","0.0000","0.0000"
"3247.0","15:13:13.182","2223178.0000","1.5481","60587.0000","-0.0500","-0.0050","-1.0000","0.0000","0.0000","0.0000","0.0000","0.0000"
"3248.0","15:13:13.183","2223096.0000","1.5391","60587.0000","-0.0500","-0.0050","-1.0000","0.0000","0.0000","0.0000","0.0000","0.0000"
"3249.0","15:13:13.184","2223356.0000","1.5675","60587.0000","-0.0500","-0.0050","-1.0000","0.0000","0.0000","0.0000","0.0000","0.0000"
"3250.0","15:13:13.185","2222852.0000","1.5125","60587.0000","-0.0500","-0.0050","-1.0000","0.0000","0.0000","0.0000","0.0000","0.0000"
"3251.0","15:13:13.186","2222812.0000","1.5082","60587.0000","-0.0500","-0.0050","-1.0000","0.0000","0.0000","0.0000","0.0000","0.0000"
"3252.0","15:13:13.187","2222255.0000","1.4475","60587.0000","-0.0500","-0.0050","-1.0000","0.0000","0.0000","0.0000","0.0000","0.0000"
"3253.0","15:13:13.188","2222326.0000","1.4552","60587.0000","-0.0500","-0.0050","-1.0000","0.0000","0.0000","0.0000","0.0000","0.0000"
"3254.0","15:13:13.189","2221872.0000","1.4057","60587.0000","-0.0500","-0.0050","-1.0000","0.0000","0.0000","0.0000","0.0000","0.0000"
"3255.0","15:13:13.190","2221585.0000","1.3745","60587.0000","-0.0500","-0.0050","-1.0000","0.0000","0.0000","0.0000","0.0000","0.0000"
"3256.0","15:13:13.191","2221961.0000","1.4154","60587.0000","-0.0500","-0.0050","-1.0000","0.0000","0.0000","0.0000","0.0000","0.0000"
"3257.0","15:13:13.192","2221404.0000","1.3547","60587.0000","-0.0500","-0.0050","-1.0000","0.0000","0.0000","0.0000","0.0000","0.0000"
"3258.0","15:13:13.193","2222014.0000","1.4212","60587.0000","-0.0500","-0.0050","-1.0000","0.0000","0.0000","0.0000","0.0000","0.0000"
"3259.0","15:13:13.194","2222275.0000","1.4496","60587.0000","-0.0500","-0.0050","-1.0000","0.0000","0.0000","0.0000","0.0000","0.0000"
"3260.0","15:13:13.195","2222217.0000","1.4433","60587.0000","-0.0500","-0.0050","-1.0000","0.0000","0.0000","0.0000","0.0000","0.0000"
"3261.0","15:13:13.196","2222047.0000","1.4248","60587.0000","-0.0500","-0.0050","-1.0000","0.0000","0.0000","0.0000","0.0000","0.0000"
"3262.0","15:13:13.197","2221769.0000","1.3945","60587.0000","-0.0500","-0.0050","-1.0000","0.0000","0.0000","0.0000","0.0000","0.0000"
"3263.0","15:13:13.198","2222310.0000","1.4535","60587.0000","-0.0500","-0.0050","-1.0000","0.0000","0.0000","0.0000","0.0000","0.0000"
"3264.0","15:13:13.199","2222693.0000","1.4952","60587.0000","-0.0500","-0.0050","-1.0000","0.0000","0.0000","0.0000","0.0000","0.0000"
"3265.0","15:13:13.200","2222683.0000","1.4941","60587.0000","-0.0500","-0.0050","-1.0000","0.0000","0.0000","0.0000","0.0000","0.0000"
"3266.0","15:13:13.201","2222302.0000","1.4526","60587.0000","-0.0500","-0.0050","-1.0000","0.0000","0.0000","0.0000","0.0000","0.0000"
"3267.0","15:13:13.202","2222954.0000","1.5237","60587.0000","-0.0500","-0.0050","-1.0000","0.0000","0.0000","0.0000","0.0000","0.0000"
"3268.0","15:13:13.203","2223990.0000","1.6366","60587.0000","-0.0500","-0.0050","-1.0000","0.0000","0.0000","0.0000","0.0000","0.0000"
"3269.0","15:13:13.204","2223309.0000","1.5624","60587.0000","-0.0500","-0.0050","-1.0000","0.0000","0.0000","0.0000","0.0000","0.0000"
"3270.0","15:13:13.205","2224159.0000","1.6551","60587.0000","-0.0500","-0.0050","-1.0000","0.0000","0.0000","0.0000","0.0000","0.0000"
"3271.0","15:13:13.206","2224130.0000","1.6519","60587.0000","-0.0500","-0.0050","-1.0000","0.0000","0.0000","0.0000","0.0000","0.0000"
"3272.0","15:13:13.207","2223798.0000","1.6157","60587.0000","-0.0500","-0.0050","-1.0000","0.0000","0.0000","0.0000","0.0000","0.0000"
"3273.0","15:13:13.208","2223597.0000","1.5938","60587.0000","-0.0500","-0.0050","-1.0000","0.0000","0.0000","0.0000","0.0000","0.0000"
"3274.0","15:13:13.209","2224037.0000","1.6417","60587.0000","-0.0500","-0.0050","-1.0000","0.0000","0.0000","0.0000","0.0000","0.0000"
"3275.0","15:13:13.210","2224076.0000","1.6460","60567.0000","-0.0500","-0.0050","-1.0000","0.0000","0.0000","0.0000","0.0000","0.0000"
"3276.0","15:13:13.211","2223694.0000","1.6044","60567.0000","-0.0500","-0.0050","-1.0000","0.0000","0.0000","0.0000","0.0000","0.0000"
"3277.0","15:13:13.212","2223132.0000","1.5431","60567.0000","-0.0500","-0.0050","-1.0000","0.0000","0.0000","0.0000","0.0000","0.0000"
"3278.0","15:13:13.213","2223502.0000","1.5834","60567.0000","-0.0500","-0.0050","-1.0000","0.0000","0.0000","0.0000","0.0000","0.0000"
"3279.0","15:13:13.214","2224094.0000","1.6479","60567.0000","-0.0500","-0.0050","-1.0000","0.0000","0.0000","0.0000","0.0000","0.0000"
"3280.0","15:13:13.215","2222501.0000","1.4743","60567.0000","-0.0500","-0.0050","-1.0000","0.0000","0.0000","0.0000","0.0000","0.0000"
"3281.0","15:13:13.216","2223916.0000","1.6285","60567.0000","-0.0500","-0.0050","-1.0000","0.0000","0.0000","0.0000","0.0000","0.0000"
"3282.0","15:13:13.217","2222992.0000","1.5278","60567.0000","-0.0500","-0.0050","-1.0000","0.0000","0.0000","0.0000","0.0000","0.0000"
"3283.0","15:13:13.218","2223822.0000","1.6183","60567.0000","-0.0500","-0.0050","-1.0000","0.0000","0.0000","0.0000","0.0000","0.0000"
"3284.0","15:13:13.219","2223459.0000","1.5787","60567.0000","-0.0500","-0.0050","-1.0000","0.0000","0.0000","0.0000","0.0000","0.0000"
"3285.0","15:13:13.220","2224050.0000","1.6432","60567.0000","-0.0500","-0.0050","-1.0000","0.0000","0.0000","0.0000","0.0000","0.0000"
"3286.0","15:13:13.221","2224357.0000","1.6766","60567.0000","-0.0500","-0.0050","-1.0000","0.0000","0.0000","0.0000","0.0000","0.0000"
"3287.0","15:13:13.222","2224072.0000","1.6456","60567.0000","-0.0500","-0.0050","-1.0000","0.0000","0.0000","0.0000","0.0000","0.0000"
"3288.0","15:13:13.223","2224265.0000","1.6666","60567.0000","-0.0500","-0.0050","-1.0000","0.0000","0.0000","0.0000","0.0000","0.0000"
"3289.0","15:13:13.224","2224004.0000","1.6382","60567.0000","-0.0500","-0.0050","-1.0000","0.0000","0.0000","0.0000","0.0000","0.0000"
"3290.0","15:13:13.225","2224004.0000","1.6382","60567.0000","-0.0500","-0.0050","-1.0000","0.0000","0.0000","0.0000","0.0000","0.0000"
"3291.0","15:13:13.226","2223459.0000","1.5787","60567.0000","-0.0500","-0.0050","-1.0000","0.0000","0.0000","0.0000","0.0000","0.0000"
"3292.0","15:13:13.227","2223991.0000","1.6367","60567.0000","-0.0500","-0.0050","-1.0000","0.0000","0.0000","0.0000","0.0000","0.0000"
"3293.0","15:13:13.228","2224020.0000","1.6399","60567.0000","-0.0500","-0.0050","-1.0000","0.0000","0.0000","0.0000","0.0000","0.0000"
"3294.0","15:13:13.229","2223936.0000","1.6307","60567.0000","-0.0500","-0.0050","-1.0000","0.0000","0.0000","0.0000","0.0000","0.0000"
"3295.0","15:13:13.230","2223337.0000","1.5654","60567.0000","-0.0500","-0.0050","-1.0000","0.0000","0.0000","0.0000","0.0000","0.0000"
"3296.0","15:13:13.231","2222914.0000","1.5193","60567.0000","-0.0500","-0.0050","-1.0000","0.0000","0.0000","0.0000","0.0000","0.0000"
"3297.0","15:13:13.232","2223933.0000","1.6304","60567.0000","-0.0500","-0.0050","-1.0000","0.0000","0.0000","0.0000","0.0000","0.0000"
"3298.0","15:13:13.233","2223297.0000","1.5611","60567.0000","-0.0500","-0.0050","-1.0000","0.0000","0.0000","0.0000","0.0000","0.0000"
"3299.0","15:13:13.234","2223928.0000","1.6298","60567.0000","-0.0500","-0.0050","-1.0000","0.0000","0.0000","0.0000","0.0000","0.0000"
"3300.0","15:13:13.235","2223134.0000","1.5433","60567.0000","-0.0500","-0.0050","-1.0000","0.0000","0.0000","0.0000","0.0000","0.0000"
"3301.0","15:13:13.236","2223161.0000","1.5462","60567.0000","-0.0500","-0.0050","-1.0000","0.0000","0.0000","0.0000","0.0000","0.0000"
"3302.0","15:13:13.237","2223241.0000","1.5550","60567.0000","-0.0500","-0.0050","-1.0000","0.0000","0.0000","0.0000","0.0000","0.0000"
"3303.0","15:13:13.238","2224754.0000","1.7199","60567.0000","-0.0500","-0.0050","-1.0000","0.0000","0.0000","0.0000","0.0000","0.0000"
"3304.0","15:13:13.239","2225000.0000","1.7467","60567.0000","-0.0500","-0.0050","-1.0000","0.0000","0.0000","0.0000","0.0000","0.0000"
"3305.0","15:13:13.240","2225693.0000","1.8223","60567.0000","-0.0500","-0.0050","-1.0000","0.0000","0.0000","0.0000","0.0000","0.0000"
"3306.0","15:13:13.241","2226194.0000","1.8769","60567.0000","-0.0500","-0.0050","-1.0000","0.0000","0.0000","0.0000","0.0000","0.0000"
"3307.0","15:13:13.242","2226131.0000","1.8700","60567.0000","-0.0500","-0.0050","-1.0000","0.0000","0.0000","0.0000","0.0000","0.0000"
"3308.0","15:13:13.243","2226574.0000","1.9183","60567.0000","-0.0500","-0.0050","-1.0000","0.0000","0.0000","0.0000","0.0000","0.0000"
"3309.0","15:13:13.244","2227354.0000","2.0033","60567.0000","-0.0500","-0.0050","-1.0000","0.0000","0.0000","0.0000","0.0000","0.0000"
"3310.0","15:13:13.245","2227903.0000","2.0632","60567.0000","-0.0500","-0.0050","-1.0000","0.0000","0.0000","0.0000","0.0000","0.0000"
"3311.0","15:13:13.246","2226976.0000","1.9621","60567.0000","-0.0500","-0.0050","-1.0000","0.0000","0.0000","0.0000","0.0000","0.0000"
"3312.0","15:13:13.247","2227591.0000","2.0292","60567.0000","-0.0500","-0.0050","-1.0000","0.0000","0.0000","0.0000","0.0000","0.0000"
"3313.0","15:13:13.248","2226919.0000","1.9559","60567.0000","-0.0500","-0.0050","-1.0000","0.0000","0.0000","0.0000","0.0000","0.0000"
"3314.0","15:13:13.249","2225490.0000","1.8002","60567.0000","-0.0500","-0.0050","-1.0000","0.0000","0.0000","0.0000","0.0000","0.0000"
"3315.0","15:13:13.250","2225896.0000","1.8444","60567.0000","-0.0500","-0.0050","-1.0000","0.0000","0.0000","0.0000","0.0000","0.0000"
"3316.0","15:13:13.251","2224991.0000","1.7458","60567.0000","-0.0500","-0.0050","-1.0000","0.0000","0.0000","0.0000","0.0000","0.0000"
"3317.0","15:13:13.252","2225409.0000","1.7913","60567.0000","-0.0500","-0.0050","-1.0000","0.0000","0.0000","0.0000","0.0000","0.0000"
"3318.0","15:13:13.253","2225282.0000","1.7775","60567.0000","-0.0500","-0.0050","-1.0000","0.0000","0.0000","0.0000","0.0000","0.0000"
"3319.0","15:13:13.254","2225280.0000","1.7772","60567.0000","-0.0500","-0.0050","-1.0000","0.0000","0.0000","0.0000","0.0000","0.0000"
"3320.0","15:13:13.255","2224183.0000","1.6576","60567.0000","-0.0500","-0.0050","-1.0000","0.0000","0.0000","0.0000","0.0000","0.0000"
"3321.0","15:13:13.256","2222406.0000","1.4639","60567.0000","-0.0500","-0.0050","-1.0000","0.0000","0.0000","0.0000","0.0000","0.0000"
"3322.0","15:13:13.257","2221854.0000","1.4038","60567.0000","-0.0500","-0.0050","-1.0000","0.0000","0.0000","0.0000","0.0000","0.0000"
"3323.0","15:13:13.258","2222074.0000","1.4277","60567.0000","-0.0500","-0.0050","-1.0000","0.0000","0.0000","0.0000","0.0000","0.0000"
"3324.0","15:13:13.259","2221408.0000","1.3551","60567.0000","-0.0500","-0.0050","-1.0000","0.0000","0.0000","0.0000","0.0000","0.0000"
"3325.0","15:13:13.260","2220776.0000","1.2863","60567.0000","-0.0500","-0.0050","-1.0000","0.0000","0.0000","0.0000","0.0000","0.0000"
"3326.0","15:13:13.261","2220891.0000","1.2988","60567.0000","-0.0500","-0.0050","-1.0000","0.0000","0.0000","0.0000","0.0000","0.0000"
"3327.0","15:13:13.262","2220283.0000","1.2325","60567.0000","-0.0500","-0.0050","-1.0000","0.0000","0.0000","0.0000","0.0000","0.0000"
"3328.0","15:13:13.263","2220932.0000","1.3032","60567.0000","-0.0500","-0.0050","-1.0000","0.0000","0.0000","0.0000","0.0000","0.0000"
"3329.0","15:13:13.264","2221398.0000","1.3540","60567.0000","-0.0500","-0.0050","-1.0000","0.0000","0.0000","0.0000","0.0000","0.0000"
"3330.0","15:13:13.265","2221655.0000","1.3821","60567.0000","-0.0500","-0.0050","-1.0000","0.0000","0.0000","0.0000","0.0000","0.0000"
"3331.0","15:13:13.266","2221667.0000","1.3833","60567.0000","-0.0500","-0.0050","-1.0000","0.0000","0.0000","0.0000","0.0000","0.0000"
"3332.0","15:13:13.267","2223311.0000","1.5626","60567.0000","-0.0500","-0.0050","-1.0000","0.0000","0.0000","0.0000","0.0000","0.0000"
"3333.0","15:13:13.268","2223596.0000","1.5937","60567.0000","-0.0500","-0.0050","-1.0000","0.0000","0.0000","0.0000","0.0000","0.0000"
"3334.0","15:13:13.269","2223319.0000","1.5635","60567.0000","-0.0500","-0.0050","-1.0000","0.0000","0.0000","0.0000","0.0000","0.0000"
"3335.0","15:13:13.270","2224812.0000","1.7262","60567.0000","-0.0500","-0.0050","-1.0000","0.0000","0.0000","0.0000","0.0000","0.0000"
"3336.0","15:13:13.271","2225035.0000","1.7505","60584.0000","-0.0500","-0.0050","-1.0000","0.0000","0.0000","0.0000","0.0000","0.0000"
"3337.0","15:13:13.272","2225035.0000","1.7505","60584.0000","-0.0500","-0.0050","-1.0000","0.0000","0.0000","0.0000","0.0000","0.0000"
"3338.0","15:13:13.273","2225451.0000","1.7959","60584.0000","-0.0500","-0.0050","-1.0000","0.0000","0.0000","0.0000","0.0000","0.0000"
"3339.0","15:13:13.274","2224878.0000","1.7334","60584.0000","-0.0500","-0.0050","-1.0000","0.0000","0.0000","0.0000","0.0000","0.0000"
"3340.0","15:13:13.275","2225535.0000","1.8050","60584.0000","-0.0500","-0.0050","-1.0000","0.0000","0.0000","0.0000","0.0000","0.0000"
"3341.0","15:13:13.276","2225831.0000","1.8373","60584.0000","-0.0500","-0.0050","-1.0000","0.0000","0.0000","0.0000","0.0000","0.0000"
"3342.0","15:13:13.277","2225397.0000","1.7900","60584.0000","-0.0500","-0.0050","-1.0000","0.0000","0.0000","0.0000","0.0000","0.0000"
"3343.0","15:13:13.278","2225004.0000","1.7471","60584.0000","-0.0500","-0.0050","-1.0000","0.0000","0.0000","0.0000","0.0000","0.0000"
"3344.0","15:13:13.279","2224796.0000","1.7245","60584.0000","-0.0500","-0.0050","-1.0000","0.0000","0.0000","0.0000","0.0000","0.0000"
"3345.0","15:13:13.280","2224237.0000","1.6636","60584.0000","-0.0500","-0.0050","-1.0000","0.0000","0.0000","0.0000","0.0000","0.0000"
"3346.0","15:13:13.281","2224148.0000","1.6539","60584.0000","-0.0500","-0.0050","-1.0000","0.0000","0.0000","0.0000","0.0000","0.0000"
"3347.0","15:13:13.282","2223384.0000","1.5706","60584.0000","-0.0500","-0.0050","-1.0000","0.0000","0.0000","0.0000","0.0000","0.0000"
"3348.0","15:13:13.283","2224068.0000","1.6451","60584.0000","-0.0500","-0.0050","-1.0000","0.0000","0.0000","0.0000","0.0000","0.0000"
"3349.0","15:13:13.284","2222701.0000","1.4961","60584.0000","-0.0500","-0.0050","-1.0000","0.0000","0.0000","0.0000","0.0000","0.0000"
"3350.0","15:13:13.285","2222478.0000","1.4718","60584.0000","-0.0500","-0.0050","-1.0000","0.0000","0.0000","0.0000","0.0000","0.0000"
"3351.0","15:13:13.286","2221506.0000","1.3658","60584.0000","-0.0500","-0.0050","-1.0000","0.0000","0.0000","0.0000","0.0000","0.0000"
"3352.0","15:13:13.287","2220416.0000","1.2470","60584.0000","-0.0500","-0.0050","-1.0000","0.0000","0.0000","0.0000","0.0000","0.0000"
"3353.0","15:13:13.288","2220303.0000","1.2347","60584.0000","-0.0500","-0.0050","-1.0000","0.0000","0.0000","0.0000","0.0000","0.0000"
"3354.0","15:13:13.289","2218657.0000","1.0552","60584.0000","-0.0500","-0.0050","-1.0000","0.0000","0.0000","0.0000","0.0000","0.0000"
"3355.0","15:13:13.290","2217843.0000","0.9665","60584.0000","-0.0500","-0.0050","-1.0000","0.0000","0.0000","0.0000","0.0000","0.0000"
"3356.0","15:13:13.291","2216401.0000","0.8093","60584.0000","-0.0500","-0.0050","-1.0000","0.0000","0.0000","0.0000","0.0000","0.0000"
"3357.0","15:13:13.292","2215860.0000","0.7503","60584.0000","-0.0500","-0.0050","-1.0000","0.0000","0.0000","0.0000","0.0000","0.0000"
"3358.0","15:13:13.293","2215080.0000","0.6653","60584.0000","-0.0500","-0.0050","-1.0000","0.0000","0.0000","0.0000","0.0000","0.0000"
"3359.0","15:13:13.294","2215041.0000","0.6610","60584.0000","-0.0500","-0.0050","-1.0000","0.0000","0.0000","0.0000","0.0000","0.0000"
"3360.0","15:13:13.295","2215052.0000","0.6622","60584.0000","-0.0500","-0.0050","-1.0000","0.0000","0.0000","0.0000","0.0000","0.0000"
"3361.0","15:13:13.296","2217389.0000","0.9170","60584.0000","-0.0500","-0.0050","-1.0000","0.0000","0.0000","0.0000","0.0000","0.0000"
"3362.0","15:13:13.297","2217876.0000","0.9701","60584.0000","-0.0500","-0.0050","-1.0000","0.0000","0.0000","0.0000","0.0000","0.0000"
"3363.0","15:13:13.298","2219340.0000","1.1297","60584.0000","-0.0500","-0.0050","-1.0000","0.0000","0.0000","0.0000","0.0000","0.0000"
"3364.0","15:13:13.299","2220781.0000","1.2868","60584.0000","-0.0500","-0.0050","-1.0000","0.0000","0.0000","0.0000","0.0000","0.0000"
"3365.0","15:13:13.300","2222441.0000","1.4677","60584.0000","-0.0500","-0.0050","-1.0000","0.0000","0.0000","0.0000","0.0000","0.0000"
"3366.0","15:13:13.301","2223758.0000","1.6113","60584.0000","-0.0500","-0.0050","-1.0000","0.0000","0.0000","0.0000","0.0000","0.0000"
"3367.0","15:13:13.302","2224602.0000","1.7033","60584.0000","-0.0500","-0.0050","-1.0000","0.0000","0.0000","0.0000","0.0000","0.0000"
"3368.0","15:13:13.303","2225754.0000","1.8289","60584.0000","-0.0500","-0.0050","-1.0000","0.0000","0.0000","0.0000","0.0000","0.0000"
"3369.0","15:13:13.304","2225893.0000","1.8441","60584.0000","-0.0500","-0.0050","-1.0000","0.0000","0.0000","0.0000","0.0000","0.0000"
"3370.0","15:13:13.305","2226440.0000","1.9037","60584.0000","-0.0500","-0.0050","-1.0000","0.0000","0.0000","0.0000","0.0000","0.0000"
"3371.0","15:13:13.306","2226768.0000","1.9395","60584.0000","-0.0500","-0.0050","-1.0000","0.0000","0.0000","0.0000","0.0000","0.0000"
"3372.0","15:13:13.307","2227472.0000","2.0162","60584.0000","-0.0500","-0.0050","-1.0000","0.0000","0.0000","0.0000","0.0000","0.0000"
"3373.0","15:13:13.308","2228638.0000","2.1434","60584.0000","-0.0500","-0.0050","-1.0000","0.0000","0.0000","0.0000","0.0000","0.0000"
"3374.0","15:13:13.309","2228358.0000","2.1128","60584.0000","-0.0500","-0.0050","-1.0000","0.0000","0.0000","0.0000","0.0000","0.0000"
"3375.0","15:13:13.310","2228676.0000","2.1475","60584.0000","-0.0500","-0.0050","-1.0000","0.0000","0.0000","0.0000","0.0000","0.0000"
"3376.0","15:13:13.311","2229296.0000","2.2151","60584.0000","-0.0500","-0.0050","-1.0000","0.0000","0.0000","0.0000","0.0000","0.0000"
"3377.0","15:13:13.312","2228562.0000","2.1350","60584.0000","-0.0500","-0.0050","-1.0000","0.0000","0.0000","0.0000","0.0000","0.0000"
"3378.0","15:13:13.313","2229258.0000","2.2109","60584.0000","-0.0500","-0.0050","-1.0000","0.0000","0.0000","0.0000","0.0000","0.0000"
"3379.0","15:13:13.314","2229174.0000","2.2018","60584.0000","-0.0500","-0.0050","-1.0000","0.0000","0.0000","0.0000","0.0000","0.0000"
"3380.0","15:13:13.315","2227645.0000","2.0351","60584.0000","-0.0500","-0.0050","-1.0000","0.0000","0.0000","0.0000","0.0000","0.0000"
"3381.0","15:13:13.316","2226564.0000","1.9172","60584.0000","-0.0500","-0.0050","-1.0000","0.0000","0.0000","0.0000","0.0000","0.0000"
"3382.0","15:13:13.317","2226739.0000","1.9363","60584.0000","-0.0500","-0.0050","-1.0000","0.0000","0.0000","0.0000","0.0000","0.0000"
"3383.0","15:13:13.318","2226029.0000","1.8589","60584.0000","-0.0500","-0.0050","-1.0000","0.0000","0.0000","0.0000","0.0000","0.0000"
"3384.0","15:13:13.319","2226029.0000","1.8589","60584.0000","-0.0500","-0.0050","-1.0000","0.0000","0.0000","0.0000","0.0000","0.0000"
"3385.0","15:13:13.320","2226298.0000","1.8882","60584.0000","-0.0500","-0.0050","-1.0000","0.0000","0.0000","0.0000","0.0000","0.0000"
"3386.0","15:13:13.321","2225026.0000","1.7496","60584.0000","-0.0500","-0.0050","-1.0000","0.0000","0.0000","0.0000","0.0000","0.0000"
"3387.0","15:13:13.322","2225141.0000","1.7621","60584.0000","-0.0500","-0.0050","-1.0000","0.0000","0.0000","0.0000","0.0000","0.0000"
"3388.0","15:13:13.323","2225536.0000","1.8052","60584.0000","-0.0500","-0.0050","-1.0000","0.0000","0.0000","0.0000","0.0000","0.0000"
"3389.0","15:13:13.324","2225161.0000","1.7643","60584.0000","-0.0500","-0.0050","-1.0000","0.0000","0.0000","0.0000","0.0000","0.0000"
"3390.0","15:13:13.325","2224880.0000","1.7336","60584.0000","-0.0500","-0.0050","-1.0000","0.0000","0.0000","0.0000","0.0000","0.0000"
"3391.0","15:13:13.326","2225158.0000","1.7640","60584.0000","-0.0500","-0.0050","-1.0000","0.0000","0.0000","0.0000","0.0000","0.0000"
"3392.0","15:13:13.327","2223995.0000","1.6372","60584.0000","-0.0500","-0.0050","-1.0000","0.0000","0.0000","0.0000","0.0000","0.0000"
"3393.0","15:13:13.328","2224594.0000","1.7025","60584.0000","-0.0500","-0.0050","-1.0000","0.0000","0.0000","0.0000","0.0000","0.0000"
"3394.0","15:13:13.329","2224410.0000","1.6824","60584.0000","-0.0500","-0.0050","-1.0000","0.0000","0.0000","0.0000","0.0000","0.0000"
"3395.0","15:13:13.330","2224511.0000","1.6934","60584.0000","-0.0500","-0.0050","-1.0000","0.0000","0.0000","0.0000","0.0000","0.0000"
"3396.0","15:13:13.331","2223530.0000","1.5865","60567.0000","-0.0500","-0.0050","-1.0000","0.0000","0.0000","0.0000","0.0000","0.0000"
"3397.0","15:13:13.332","2223648.0000","1.5994","60567.0000","-0.0500","-0.0050","-1.0000","0.0000","0.0000","0.0000","0.0000","0.0000"
"3398.0","15:13:13.333","2224202.0000","1.6598","60567.0000","-0.0500","-0.0050","-1.0000","0.0000","0.0000","0.0000","0.0000","0.0000"
"3399.0","15:13:13.334","2223270.0000","1.5581","60567.0000","-0.0500","-0.0050","-1.0000","0.0000","0.0000","0.0000","0.0000","0.0000"
"3400.0","15:13:13.335","2223305.0000","1.5619","60567.0000","-0.0500","-0.0050","-1.0000","0.0000","0.0000","0.0000","0.0000","0.0000"
"3401.0","15:13:13.336","2222679.0000","1.4937","60567.0000","-0.0500","-0.0050","-1.0000","0.0000","0.0000","0.0000","0.0000","0.0000"
"3402.0","15:13:13.337","2223457.0000","1.5785","60567.0000","-0.0500","-0.0050","-1.0000","0.0000","0.0000","0.0000","0.0000","0.0000"
"3403.0","15:13:13.338","2222010.0000","1.4208","60567.0000","-0.0500","-0.0050","-1.0000","0.0000","0.0000","0.0000","0.0000","0.0000"
"3404.0","15:13:13.339","2221627.0000","1.3790","60567.0000","-0.0500","-0.0050","-1.0000","0.0000","0.0000","0.0000","0.0000","0.0000"
"3405.0","15:13:13.340","2221811.0000","1.3991","60567.0000","-0.0500","-0.0050","-1.0000","0.0000","0.0000","0.0000","0.0000","0.0000"
"3406.0","15:13:13.341","2220838.0000","1.2930","60567.0000","-0.0500","-0.0050","-1.0000","0.0000","0.0000","0.0000","0.0000","0.0000"
"3407.0","15:13:13.342","2222352.0000","1.4580","60567.0000","-0.0500","-0.0050","-1.0000","0.0000","0.0000","0.0000","0.0000","0.0000"
"3408.0","15:13:13.343","2222645.0000","1.4900","60567.0000","-0.0500","-0.0050","-1.0000","0.0000","0.0000","0.0000","0.0000","0.0000"
"3409.0","15:13:13.344","2222488.0000","1.4729","60567.0000","-0.0500","-0.0050","-1.0000","0.0000","0.0000","0.0000","0.0000","0.0000"
"3410.0","15:13:13.345","2223151.0000","1.5452","60567.0000","-0.0500","-0.0050","-1.0000","0.0000","0.0000","0.0000","0.0000","0.0000"
"3411.0","15:13:13.346","2222174.0000","1.4386","60567.0000","-0.0500","-0.0050","-1.0000","0.0000","0.0000","0.0000","0.0000","0.0000"
"3412.0","15:13:13.347","2222327.0000","1.4553","60567.0000","-0.0500","-0.0050","-1.0000","0.0000","0.0000","0.0000","0.0000","0.0000"
"3413.0","15:13:13.348","2222166.0000","1.4378","60567.0000","-0.0500","-0.0050","-1.0000","0.0000","0.0000","0.0000","0.0000","0.0000"
"3414.0","15:13:13.349","2221494.0000","1.3645","60567.0000","-0.0500","-0.0050","-1.0000","0.0000","0.0000","0.0000","0.0000","0.0000"
"3415.0","15:13:13.350","2221301.0000","1.3435","60567.0000","-0.0500","-0.0050","-1.0000","0.0000","0.0000","0.0000","0.0000","0.0000"
"3416.0","15:13:13.351","2221019.0000","1.3127","60567.0000","-0.0500","-0.0050","-1.0000","0.0000","0.0000","0.0000","0.0000","0.0000"
"3417.0","15:13:13.352","2220860.0000","1.2954","60567.0000","-0.0500","-0.0050","-1.0000","0.0000","0.0000","0.0000","0.0000","0.0000"
"3418.0","15:13:13.353","2220653.0000","1.2728","60567.0000","-0.0500","-0.0050","-1.0000","0.0000","0.0000","0.0000","0.0000","0.0000"
"3419.0","15:13:13.354","2220002.0000","1.2019","60567.0000","-0.0500","-0.0050","-1.0000","0.0000","0.0000","0.0000","0.0000","0.0000"
"3420.0","15:13:13.355","2220529.0000","1.2593","60567.0000","-0.0500","-0.0050","-1.0000","0.0000","0.0000","0.0000","0.0000","0.0000"
"3421.0","15:13:13.356","2220902.0000","1.3000","60567.0000","-0.0500","-0.0050","-1.0000","0.0000","0.0000","0.0000","0.0000","0.0000"
"3422.0","15:13:13.357","2220967.0000","1.3070","60567.0000","-0.0500","-0.0050","-1.0000","0.0000","0.0000","0.0000","0.0000","0.0000"
"3423.0","15:13:13.358","2220557.0000","1.2624","60567.0000","-0.0500","-0.0050","-1.0000","0.0000","0.0000","0.0000","0.0000","0.0000"
"3424.0","15:13:13.359","2221428.0000","1.3573","60567.0000","-0.0500","-0.0050","-1.0000","0.0000","0.0000","0.0000","0.0000","0.0000"
"3425.0","15:13:13.360","2219974.0000","1.1988","60567.0000","-0.0500","-0.0050","-1.0000","0.0000","0.0000","0.0000","0.0000","0.0000"
"3426.0","15:13:13.361","2219979.0000","1.1993","60567.0000","-0.0500","-0.0050","-1.0000","0.0000","0.0000","0.0000","0.0000","0.0000"
"3427.0","15:13:13.362","2219714.0000","1.1705","60567.0000","-0.0500","-0.0050","-1.0000","0.0000","0.0000","0.0000","0.0000","0.0000"
"3428.0","15:13:13.363","2219929.0000","1.1939","60567.0000","-0.0500","-0.0050","-1.0000","0.0000","0.0000","0.0000","0.0000","0.0000"
"3429.0","15:13:13.364","2219503.0000","1.1474","60567.0000","-0.0500","-0.0050","-1.0000","0.0000","0.0000","0.0000","0.0000","0.0000"
"3430.0","15:13:13.365","2219503.0000","1.1474","60567.0000","-0.0500","-0.0050","-1.0000","0.0000","0.0000","0.0000","0.0000","0.0000"
"3431.0","15:13:13.366","2219482.0000","1.1452","60567.0000","-0.0500","-0.0050","-1.0000","0.0000","0.0000","0.0000","0.0000","0.0000"
"3432.0","15:13:13.367","2220147.0000","1.2177","60567.0000","-0.0500","-0.0050","-1.0000","0.0000","0.0000","0.0000","0.0000","0.0000"
"3433.0","15:13:13.368","2221281.0000","1.3413","60567.0000","-0.0500","-0.0050","-1.0000","0.0000","0.0000","0.0000","0.0000","0.0000"
"3434.0","15:13:13.369","2220626.0000","1.2699","60567.0000","-0.0500","-0.0050","-1.0000","0.0000","0.0000","0.0000","0.0000","0.0000"
"3435.0","15:13:13.370","2221278.0000","1.3410","60567.0000","-0.0500","-0.0050","-1.0000","0.0000","0.0000","0.0000","0.0000","0.0000"
"3436.0","15:13:13.371","2221870.0000","1.4055","60567.0000","-0.0500","-0.0050","-1.0000","0.0000","0.0000","0.0000","0.0000","0.0000"
"3437.0","15:13:13.372","2221536.0000","1.3691","60567.0000","-0.0500","-0.0050","-1.0000","0.0000","0.0000","0.0000","0.0000","0.0000"
"3438.0","15:13:13.373","2222826.0000","1.5097","60567.0000","-0.0500","-0.0050","-1.0000","0.0000","0.0000","0.0000","0.0000","0.0000"
"3439.0","15:13:13.374","2222300.0000","1.4524","60567.0000","-0.0500","-0.0050","-1.0000","0.0000","0.0000","0.0000","0.0000","0.0000"
"3440.0","15:13:13.375","2222040.0000","1.4240","60567.0000","-0.0500","-0.0050","-1.0000","0.0000","0.0000","0.0000","0.0000","0.0000"
"3441.0","15:13:13.376","2224010.0000","1.6388","60567.0000","-0.0500","-0.0050","-1.0000","0.0000","0.0000","0.0000","0.0000","0.0000"
"3442.0","15:13:13.377","2223175.0000","1.5478","60567.0000","-0.0500","-0.0050","-1.0000","0.0000","0.0000","0.0000","0.0000","0.0000"
"3443.0","15:13:13.378","2223730.0000","1.6083","60567.0000","-0.0500","-0.0050","-1.0000","0.0000","0.0000","0.0000","0.0000","0.0000"
"3444.0","15:13:13.379","2224817.0000","1.7268","60567.0000","-0.0500","-0.0050","-1.0000","0.0000","0.0000","0.0000","0.0000","0.0000"
"3445.0","15:13:13.380","2224824.0000","1.7275","60567.0000","-0.0500","-0.0050","-1.0000","0.0000","0.0000","0.0000","0.0000","0.0000"
"3446.0","15:13:13.381","2225686.0000","1.8215","60567.0000","-0.0500","-0.0050","-1.0000","0.0000","0.0000","0.0000","0.0000","0.0000"
"3447.0","15:13:13.382","2225050.0000","1.7522","60567.0000","-0.0500","-0.0050","-1.0000","0.0000","0.0000","0.0000","0.0000","0.0000"
"3448.0","15:13:13.383","2226278.0000","1.8860","60567.0000","-0.0500","-0.0050","-1.0000","0.0000","0.0000","0.0000","0.0000","0.0000"
"3449.0","15:13:13.384","2225449.0000","1.7957","60567.0000","-0.0500","-0.0050","-1.0000","0.0000","0.0000","0.0000","0.0000","0.0000"
"3450.0","15:13:13.385","2226540.0000","1.9146","60567.0000","-0.0500","-0.0050","-1.0000","0.0000","0.0000","0.0000","0.0000","0.0000"
"3451.0","15:13:13.386","2226407.0000","1.9001","60567.0000","-0.0500","-0.0050","-1.0000","0.0000","0.0000","0.0000","0.0000","0.0000"
"3452.0","15:13:13.387","2225931.0000","1.8482","60567.0000","-0.0500","-0.0050","-1.0000","0.0000","0.0000","0.0000","0.0000","0.0000"
"3453.0","15:13:13.388","2226068.0000","1.8632","60567.0000","-0.0500","-0.0050","-1.0000","0.0000","0.0000","0.0000","0.0000","0.0000"
"3454.0","15:13:13.389","2226764.0000","1.9390","60567.0000","-0.0500","-0.0050","-1.0000","0.0000","0.0000","0.0000","0.0000","0.0000"
"3455.0","15:13:13.390","2227196.0000","1.9861","60567.0000","-0.0500","-0.0050","-1.0000","0.0000","0.0000","0.0000","0.0000","0.0000"
"3456.0","15:13:13.391","2226655.0000","1.9272","60567.0000","-0.0500","-0.0050","-1.0000","0.0000","0.0000","0.0000","0.0000","0.0000"
"3457.0","15:13:13.392","2226548.0000","1.9155","60558.0000","-0.0500","-0.0050","-1.0000","0.0000","0.0000","0.0000","0.0000","0.0000"
"3458.0","15:13:13.393","2227031.0000","1.9682","60558.0000","-0.0500","-0.0050","-1.0000","0.0000","0.0000","0.0000","0.0000","0.0000"
"3459.0","15:13:13.394","2226292.0000","1.8876","60558.0000","-0.0500","-0.0050","-1.0000","0.0000","0.0000","0.0000","0.0000","0.0000"
"3460.0","15:13:13.395","2226306.0000","1.8891","60558.0000","-0.0500","-0.0050","-1.0000","0.0000","0.0000","0.0000","0.0000","0.0000"
"3461.0","15:13:13.396","2225471.0000","1.7981","60558.0000","-0.0500","-0.0050","-1.0000","0.0000","0.0000","0.0000","0.0000","0.0000"
"3462.0","15:13:13.397","2224996.0000","1.7463","60558.0000","-0.0500","-0.0050","-1.0000","0.0000","0.0000","0.0000","0.0000","0.0000"
"3463.0","15:13:13.398","2225078.0000","1.7552","60558.0000","-0.0500","-0.0050","-1.0000","0.0000","0.0000","0.0000","0.0000","0.0000"
"3464.0","15:13:13.399","2225352.0000","1.7851","60558.0000","-0.0500","-0.0050","-1.0000","0.0000","0.0000","0.0000","0.0000","0.0000"
"3465.0","15:13:13.400","2225289.0000","1.7782","60558.0000","-0.0500","-0.0050","-1.0000","0.0000","0.0000","0.0000","0.0000","0.0000"
"3466.0","15:13:13.401","2225070.0000","1.7543","60558.0000","-0.0500","-0.0050","-1.0000","0.0000","0.0000","0.0000","0.0000","0.0000"
"3467.0","15:13:13.402","2225144.0000","1.7624","60558.0000","-0.0500","-0.0050","-1.0000","0.0000","0.0000","0.0000","0.0000","0.0000"
"3468.0","15:13:13.403","2225262.0000","1.7753","60558.0000","-0.0500","-0.0050","-1.0000","0.0000","0.0000","0.0000","0.0000","0.0000"
"3469.0","15:13:13.404","2224180.0000","1.6573","60558.0000","-0.0500","-0.0050","-1.0000","0.0000","0.0000","0.0000","0.0000","0.0000"
"3470.0","15:13:13.405","2224598.0000","1.7029","60558.0000","-0.0500","-0.0050","-1.0000","0.0000","0.0000","0.0000","0.0000","0.0000"
"3471.0","15:13:13.406","2224440.0000","1.6857","60558.0000","-0.0500","-0.0050","-1.0000","0.0000","0.0000","0.0000","0.0000","0.0000"
"3472.0","15:13:13.407","2222812.0000","1.5082","60558.0000","-0.0500","-0.0050","-1.0000","0.0000","0.0000","0.0000","0.0000","0.0000"
"3473.0","15:13:13.408","2223030.0000","1.5319","60558.0000","-0.0500","-0.0050","-1.0000","0.0000","0.0000","0.0000","0.0000","0.0000"
"3474.0","15:13:13.409","2223362.0000","1.5682","60558.0000","-0.0500","-0.0050","-1.0000","0.0000","0.0000","0.0000","0.0000","0.0000"
"3475.0","15:13:13.410","2223898.0000","1.6266","60558.0000","-0.0500","-0.0050","-1.0000","0.0000","0.0000","0.0000","0.0000","0.0000"
"3476.0","15:13:13.411","2222992.0000","1.5278","60558.0000","-0.0500","-0.0050","-1.0000","0.0000","0.0000","0.0000","0.0000","0.0000"
"3477.0","15:13:13.412","2222992.0000","1.5278","60558.0000","-0.0500","-0.0050","-1.0000","0.0000","0.0000","0.0000","0.0000","0.0000"
"3478.0","15:13:13.413","2222781.0000","1.5048","60558.0000","-0.0500","-0.0050","-1.0000","0.0000","0.0000","0.0000","0.0000","0.0000"
"3479.0","15:13:13.414","2223309.0000","1.5624","60558.0000","-0.0500","-0.0050","-1.0000","0.0000","0.0000","0.0000","0.0000","0.0000"
"3480.0","15:13:13.415","2223915.0000","1.6285","60558.0000","-0.0500","-0.0050","-1.0000","0.0000","0.0000","0.0000","0.0000","0.0000"
"3481.0","15:13:13.416","2222738.0000","1.5001","60558.0000","-0.0500","-0.0050","-1.0000","0.0000","0.0000","0.0000","0.0000","0.0000"
"3482.0","15:13:13.417","2223822.0000","1.6183","60558.0000","-0.0500","-0.0050","-1.0000","0.0000","0.0000","0.0000","0.0000","0.0000"
"3483.0","15:13:13.418","2223201.0000","1.5506","60558.0000","-0.0500","-0.0050","-1.0000","0.0000","0.0000","0.0000","0.0000","0.0000"
"3484.0","15:13:13.419","2221824.0000","1.4005","60558.0000","-0.0500","-0.0050","-1.0000","0.0000","0.0000","0.0000","0.0000","0.0000"
"3485.0","15:13:13.420","2222928.0000","1.5209","60558.0000","-0.0500","-0.0050","-1.0000","0.0000","0.0000","0.0000","0.0000","0.0000"
"3486.0","15:13:13.421","2221828.0000","1.4009","60558.0000","-0.0500","-0.0050","-1.0000","0.0000","0.0000","0.0000","0.0000","0.0000"
"3487.0","15:13:13.422","2221579.0000","1.3738","60558.0000","-0.0500","-0.0050","-1.0000","0.0000","0.0000","0.0000","0.0000","0.0000"
"3488.0","15:13:13.423","2221878.0000","1.4064","60558.0000","-0.0500","-0.0050","-1.0000","0.0000","0.0000","0.0000","0.0000","0.0000"
"3489.0","15:13:13.424","2221105.0000","1.3221","60558.0000","-0.0500","-0.0050","-1.0000","0.0000","0.0000","0.0000","0.0000","0.0000"
"3490.0","15:13:13.425","2221577.0000","1.3736","60558.0000","-0.0500","-0.0050","-1.0000","0.0000","0.0000","0.0000","0.0000","0.0000"
"3491.0","15:13:13.426","2221354.0000","1.3492","60558.0000","-0.0500","-0.0050","-1.0000","0.0000","0.0000","0.0000","0.0000","0.0000"
"3492.0","15:13:13.427","2221494.0000","1.3645","60558.0000","-0.0500","-0.0050","-1.0000","0.0000","0.0000","0.0000","0.0000","0.0000"
"3493.0","15:13:13.428","2220924.0000","1.3024","60558.0000","-0.0500","-0.0050","-1.0000","0.0000","0.0000","0.0000","0.0000","0.0000"
"3494.0","15:13:13.429","2221353.0000","1.3492","60558.0000","-0.0500","-0.0050","-1.0000","0.0000","0.0000","0.0000","0.0000","0.0000"
"3495.0","15:13:13.430","2220975.0000","1.3079","60558.0000","-0.0500","-0.0050","-1.0000","0.0000","0.0000","0.0000","0.0000","0.0000"
"3496.0","15:13:13.431","2220729.0000","1.2811","60558.0000","-0.0500","-0.0050","-1.0000","0.0000","0.0000","0.0000","0.0000","0.0000"
"3497.0","15:13:13.432","2222025.0000","1.4224","60558.0000","-0.0500","-0.0050","-1.0000","0.0000","0.0000","0.0000","0.0000","0.0000"
"3498.0","15:13:13.433","2222061.0000","1.4263","60558.0000","-0.0500","-0.0050","-1.0000","0.0000","0.0000","0.0000","0.0000","0.0000"
"3499.0","15:13:13.434","2221286.0000","1.3418","60558.0000","-0.0500","-0.0050","-1.0000","0.0000","0.0000","0.0000","0.0000","0.0000"
"3500.0","15:13:13.435","2221377.0000","1.3517","60558.0000","-0.0500","-0.0050","-1.0000","0.0000","0.0000","0.0000","0.0000","0.0000"
"3501.0","15:13:13.436","2221452.0000","1.3599","60558.0000","-0.0500","-0.0050","-1.0000","0.0000","0.0000","0.0000","0.0000","0.0000"
"3502.0","15:13:13.437","2221414.0000","1.3558","60558.0000","-0.0500","-0.0050","-1.0000","0.0000","0.0000","0.0000","0.0000","0.0000"
"3503.0","15:13:13.438","2221756.0000","1.3931","60558.0000","-0.0500","-0.0050","-1.0000","0.0000","0.0000","0.0000","0.0000","0.0000"
"3504.0","15:13:13.439","2222120.0000","1.4327","60558.0000","-0.0500","-0.0050","-1.0000","0.0000","0.0000","0.0000","0.0000","0.0000"
"3505.0","15:13:13.440","2222005.0000","1.4202","60558.0000","-0.0500","-0.0050","-1.0000","0.0000","0.0000","0.0000","0.0000","0.0000"
"3506.0","15:13:13.441","2222436.0000","1.4672","60558.0000","-0.0500","-0.0050","-1.0000","0.0000","0.0000","0.0000","0.0000","0.0000"
"3507.0","15:13:13.442","2223031.0000","1.5321","60558.0000","-0.0500","-0.0050","-1.0000","0.0000","0.0000","0.0000","0.0000","0.0000"
"3508.0","15:13:13.443","2222673.0000","1.4931","60558.0000","-0.0500","-0.0050","-1.0000","0.0000","0.0000","0.0000","0.0000","0.0000"
"3509.0","15:13:13.444","2222998.0000","1.5285","60558.0000","-0.0500","-0.0050","-1.0000","0.0000","0.0000","0.0000","0.0000","0.0000"
"3510.0","15:13:13.445","2223059.0000","1.5351","60558.0000","-0.0500","-0.0050","-1.0000","0.0000","0.0000","0.0000","0.0000","0.0000"
"3511.0","15:13:13.446","2222768.0000","1.5034","60558.0000","-0.0500","-0.0050","-1.0000","0.0000","0.0000","0.0000","0.0000","0.0000"
"3512.0","15:13:13.447","2223531.0000","1.5866","60558.0000","-0.0500","-0.0050","-1.0000","0.0000","0.0000","0.0000","0.0000","0.0000"
"3513.0","15:13:13.448","2223103.0000","1.5399","60558.0000","-0.0500","-0.0050","-1.0000","0.0000","0.0000","0.0000","0.0000","0.0000"
"3514.0","15:13:13.449","2222772.0000","1.5038","60558.0000","-0.0500","-0.0050","-1.0000","0.0000","0.0000","0.0000","0.0000","0.0000"
"3515.0","15:13:13.450","2223142.0000","1.5442","60558.0000","-0.0500","-0.0050","-1.0000","0.0000","0.0000","0.0000","0.0000","0.0000"
"3516.0","15:13:13.451","2222168.0000","1.4380","60558.0000","-0.0500","-0.0050","-1.0000","0.0000","0.0000","0.0000","0.0000","0.0000"
"3517.0","15:13:13.452","2222512.0000","1.4755","60555.0000","-0.0500","-0.0050","-1.0000","0.0000","0.0000","0.0000","0.0000","0.0000"
"3518.0","15:13:13.453","2222967.0000","1.5251","60555.0000","-0.0500","-0.0050","-1.0000","0.0000","0.0000","0.0000","0.0000","0.0000"
"3519.0","15:13:13.454","2223241.0000","1.5550","60555.0000","-0.0500","-0.0050","-1.0000","0.0000","0.0000","0.0000","0.0000","0.0000"
"3520.0","15:13:13.455","2223062.0000","1.5354","60555.0000","-0.0500","-0.0050","-1.0000","0.0000","0.0000","0.0000","0.0000","0.0000"
"3521.0","15:13:13.456","2222719.0000","1.4981","60555.0000","-0.0500","-0.0050","-1.0000","0.0000","0.0000","0.0000","0.0000","0.0000"
"3522.0","15:13:13.457","2222359.0000","1.4588","60555.0000","-0.0500","-0.0050","-1.0000","0.0000","0.0000","0.0000","0.0000","0.0000"
"3523.0","15:13:13.458","2222454.0000","1.4692","60555.0000","-0.0500","-0.0050","-1.0000","0.0000","0.0000","0.0000","0.0000","0.0000"
"3524.0","15:13:13.459","2222454.0000","1.4692","60555.0000","-0.0500","-0.0050","-1.0000","0.0000","0.0000","0.0000","0.0000","0.0000"
"3525.0","15:13:13.460","2223355.0000","1.5674","60555.0000","-0.0500","-0.0050","-1.0000","0.0000","0.0000","0.0000","0.0000","0.0000"
"3526.0","15:13:13.461","2222343.0000","1.4571","60555.0000","-0.0500","-0.0050","-1.0000","0.0000","0.0000","0.0000","0.0000","0.0000"
"3527.0","15:13:13.462","2222964.0000","1.5247","60555.0000","-0.0500","-0.0050","-1.0000","0.0000","0.0000","0.0000","0.0000","0.0000"
"3528.0","15:13:13.463","2223732.0000","1.6085","60555.0000","-0.0500","-0.0050","-1.0000","0.0000","0.0000","0.0000","0.0000","0.0000"
"3529.0","15:13:13.464","2222471.0000","1.4710","60555.0000","-0.0500","-0.0050","-1.0000","0.0000","0.0000","0.0000","0.0000","0.0000"
"3530.0","15:13:13.465","2223646.0000","1.5991","60555.0000","-0.0500","-0.0050","-1.0000","0.0000","0.0000","0.0000","0.0000","0.0000"
"3531.0","15:13:13.466","2223592.0000","1.5932","60555.0000","-0.0500","-0.0050","-1.0000","0.0000","0.0000","0.0000","0.0000","0.0000"
"3532.0","15:13:13.467","2222124.0000","1.4332","60555.0000","-0.0500","-0.0050","-1.0000","0.0000","0.0000","0.0000","0.0000","0.0000"
"3533.0","15:13:13.468","2223217.0000","1.5523","60555.0000","-0.0500","-0.0050","-1.0000","0.0000","0.0000","0.0000","0.0000","0.0000"
"3534.0","15:13:13.469","2223659.0000","1.6005","60555.0000","-0.0500","-0.0050","-1.0000","0.0000","0.0000","0.0000","0.0000","0.0000"
"3535.0","15:13:13.470","2223427.0000","1.5753","60555.0000","-0.0500","-0.0050","-1.0000","0.0000","0.0000","0.0000","0.0000","0.0000"
"3536.0","15:13:13.471","2223201.0000","1.5506","60555.0000","-0.0500","-0.0050","-1.0000","0.0000","0.0000","0.0000","0.0000","0.0000"
"3537.0","15:13:13.472","2224109.0000","1.6496","60555.0000","-0.0500","-0.0050","-1.0000","0.0000","0.0000","0.0000","0.0000","0.0000"
"3538.0","15:13:13.473","2224108.0000","1.6495","60555.0000","-0.0500","-0.0050","-1.0000","0.0000","0.0000","0.0000","0.0000","0.0000"
"3539.0","15:13:13.474","2223422.0000","1.5747","60555.0000","-0.0500","-0.0050","-1.0000","0.0000","0.0000","0.0000","0.0000","0.0000"
"3540.0","15:13:13.475","2223818.0000","1.6179","60555.0000","-0.0500","-0.0050","-1.0000","0.0000","0.0000","0.0000","0.0000","0.0000"
"3541.0","15:13:13.476","2223450.0000","1.5778","60555.0000","-0.0500","-0.0050","-1.0000","0.0000","0.0000","0.0000","0.0000","0.0000"
"3542.0","15:13:13.477","2223095.0000","1.5391","60555.0000","-0.0500","-0.0050","-1.0000","0.0000","0.0000","0.0000","0.0000","0.0000"
"3543.0","15:13:13.478","2222964.0000","1.5247","60555.0000","-0.0500","-0.0050","-1.0000","0.0000","0.0000","0.0000","0.0000","0.0000"
"3544.0","15:13:13.479","2223840.0000","1.6203","60555.0000","-0.0500","-0.0050","-1.0000","0.0000","0.0000","0.0000","0.0000","0.0000"
"3545.0","15:13:13.480","2223467.0000","1.5796","60555.0000","-0.0500","-0.0050","-1.0000","0.0000","0.0000","0.0000","0.0000","0.0000"
"3546.0","15:13:13.481","2222957.0000","1.5240","60555.0000","-0.0500","-0.0050","-1.0000","0.0000","0.0000","0.0000","0.0000","0.0000"
"3547.0","15:13:13.482","2223864.0000","1.6229","60555.0000","-0.0500","-0.0050","-1.0000","0.0000","0.0000","0.0000","0.0000","0.0000"
"3548.0","15:13:13.483","2222986.0000","1.5272","60555.0000","-0.0500","-0.0050","-1.0000","0.0000","0.0000","0.0000","0.0000","0.0000"
"3549.0","15:13:13.484","2223156.0000","1.5457","60555.0000","-0.0500","-0.0050","-1.0000","0.0000","0.0000","0.0000","0.0000","0.0000"
"3550.0","15:13:13.485","2223986.0000","1.6362","60555.0000","-0.0500","-0.0050","-1.0000","0.0000","0.0000","0.0000","0.0000","0.0000"
"3551.0","15:13:13.486","2224066.0000","1.6449","60555.0000","-0.0500","-0.0050","-1.0000","0.0000","0.0000","0.0000","0.0000","0.0000"
"3552.0","15:13:13.487","2224468.0000","1.6887","60555.0000","-0.0500","-0.0050","-1.0000","0.0000","0.0000","0.0000","0.0000","0.0000"
"3553.0","15:13:13.488","2223043.0000","1.5334","60555.0000","-0.0500","-0.0050","-1.0000","0.0000","0.0000","0.0000","0.0000","0.0000"
"3554.0","15:13:13.489","2223238.0000","1.5547","60555.0000","-0.0500","-0.0050","-1.0000","0.0000","0.0000","0.0000","0.0000","0.0000"
"3555.0","15:13:13.490","2222977.0000","1.5262","60555.0000","-0.0500","-0.0050","-1.0000","0.0000","0.0000","0.0000","0.0000","0.0000"
"3556.0","15:13:13.491","2222680.0000","1.4938","60555.0000","-0.0500","-0.0050","-1.0000","0.0000","0.0000","0.0000","0.0000","0.0000"
"3557.0","15:13:13.492","2221998.0000","1.4195","60555.0000","-0.0500","-0.0050","-1.0000","0.0000","0.0000","0.0000","0.0000","0.0000"
"3558.0","15:13:13.493","2222180.0000","1.4393","60555.0000","-0.0500","-0.0050","-1.0000","0.0000","0.0000","0.0000","0.0000","0.0000"
"3559.0","15:13:13.494","2222562.0000","1.4809","60555.0000","-0.0500","-0.0050","-1.0000","0.0000","0.0000","0.0000","0.0000","0.0000"
"3560.0","15:13:13.495","2222396.0000","1.4628","60555.0000","-0.0500","-0.0050","-1.0000","0.0000","0.0000","0.0000","0.0000","0.0000"
"3561.0","15:13:13.496","2222372.0000","1.4602","60555.0000","-0.0500","-0.0050","-1.0000","0.0000","0.0000","0.0000","0.0000","0.0000"
"3562.0","15:13:13.497","2223011.0000","1.5299","60555.0000","-0.0500","-0.0050","-1.0000","0.0000","0.0000","0.0000","0.0000","0.0000"
"3563.0","15:13:13.498","2223450.0000","1.5778","60555.0000","-0.0500","-0.0050","-1.0000","0.0000","0.0000","0.0000","0.0000","0.0000"
"3564.0","15:13:13.499","2223490.0000","1.5821","60555.0000","-0.0500","-0.0050","-1.0000","0.0000","0.0000","0.0000","0.0000","0.0000"
"3565.0","15:13:13.500","2222458.0000","1.4696","60555.0000","-0.0500","-0.0050","-1.0000","0.0000","0.0000","0.0000","0.0000","0.0000"
"3566.0","15:13:13.501","2221556.0000","1.3713","60555.0000","-0.0500","-0.0050","-1.0000","0.0000","0.0000","0.0000","0.0000","0.0000"
"3567.0","15:13:13.502","2222028.0000","1.4227","60555.0000","-0.0500","-0.0050","-1.0000","0.0000","0.0000","0.0000","0.0000","0.0000"
"3568.0","15:13:13.503","2222105.0000","1.4311","60555.0000","-0.0500","-0.0050","-1.0000","0.0000","0.0000","0.0000","0.0000","0.0000"
"3569.0","15:13:13.504","2221782.0000","1.3959","60555.0000","-0.0500","-0.0050","-1.0000","0.0000","0.0000","0.0000","0.0000","0.0000"
"3570.0","15:13:13.505","2221634.0000","1.3798","60555.0000","-0.0500","-0.0050","-1.0000","0.0000","0.0000","0.0000","0.0000","0.0000"
"3571.0","15:13:13.506","2221634.0000","1.3798","60555.0000","-0.0500","-0.0050","-1.0000","0.0000","0.0000","0.0000","0.0000","0.0000"
"3572.0","15:13:13.507","2221830.0000","1.4011","60555.0000","-0.0500","-0.0050","-1.0000","0.0000","0.0000","0.0000","0.0000","0.0000"
"3573.0","15:13:13.508","2221781.0000","1.3958","60555.0000","-0.0500","-0.0050","-1.0000","0.0000","0.0000","0.0000","0.0000","0.0000"
"3574.0","15:13:13.509","2222427.0000","1.4662","60555.0000","-0.0500","-0.0050","-1.0000","0.0000","0.0000","0.0000","0.0000","0.0000"
"3575.0","15:13:13.510","2222043.0000","1.4243","60555.0000","-0.0500","-0.0050","-1.0000","0.0000","0.0000","0.0000","0.0000","0.0000"
"3576.0","15:13:13.511","2221847.0000","1.4030","60555.0000","-0.0500","-0.0050","-1.0000","0.0000","0.0000","0.0000","0.0000","0.0000"
"3577.0","15:13:13.512","2222333.0000","1.4560","60555.0000","-0.0500","-0.0050","-1.0000","0.0000","0.0000","0.0000","0.0000","0.0000"
"3578.0","15:13:13.513","2222463.0000","1.4702","60563.0000","-0.0500","-0.0050","-1.0000","0.0000","0.0000","0.0000","0.0000","0.0000"
"3579.0","15:13:13.514","2222787.0000","1.5055","60563.0000","-0.0500","-0.0050","-1.0000","0.0000","0.0000","0.0000","0.0000","0.0000"
"3580.0","15:13:13.515","2222703.0000","1.4963","60563.0000","-0.0500","-0.0050","-1.0000","0.0000","0.0000","0.0000","0.0000","0.0000"
"3581.0","15:13:13.516","2222948.0000","1.5230","60563.0000","-0.0500","-0.0050","-1.0000","0.0000","0.0000","0.0000","0.0000","0.0000"
"3582.0","15:13:13.517","2223311.0000","1.5626","60563.0000","-0.0500","-0.0050","-1.0000","0.0000","0.0000","0.0000","0.0000","0.0000"
"3583.0","15:13:13.518","2223390.0000","1.5712","60563.0000","-0.0500","-0.0050","-1.0000","0.0000","0.0000","0.0000","0.0000","0.0000"
"3584.0","15:13:13.519","2224105.0000","1.6492","60563.0000","-0.0500","-0.0050","-1.0000","0.0000","0.0000","0.0000","0.0000","0.0000"
"3585.0","15:13:13.520","2223709.0000","1.6060","60563.0000","-0.0500","-0.0050","-1.0000","0.0000","0.0000","0.0000","0.0000","0.0000"
"3586.0","15:13:13.521","2223346.0000","1.5664","60563.0000","-0.0500","-0.0050","-1.0000","0.0000","0.0000","0.0000","0.0000","0.0000"
"3587.0","15:13:13.522","2223334.0000","1.5651","60563.0000","-0.0500","-0.0050","-1.0000","0.0000","0.0000","0.0000","0.0000","0.0000"
"3588.0","15:13:13.523","2223381.0000","1.5702","60563.0000","-0.0500","-0.0050","-1.0000","0.0000","0.0000","0.0000","0.0000","0.0000"
"3589.0","15:13:13.524","2223796.0000","1.6154","60563.0000","-0.0500","-0.0050","-1.0000","0.0000","0.0000","0.0000","0.0000","0.0000"
"3590.0","15:13:13.525","2223388.0000","1.5710","60563.0000","-0.0500","-0.0050","-1.0000","0.0000","0.0000","0.0000","0.0000","0.0000"
"3591.0","15:13:13.526","2223305.0000","1.5619","60563.0000","-0.0500","-0.0050","-1.0000","0.0000","0.0000","0.0000","0.0000","0.0000"
"3592.0","15:13:13.527","2222993.0000","1.5279","60563.0000","-0.0500","-0.0050","-1.0000","0.0000","0.0000","0.0000","0.0000","0.0000"
"3593.0","15:13:13.528","2223500.0000","1.5832","60563.0000","-0.0500","-0.0050","-1.0000","0.0000","0.0000","0.0000","0.0000","0.0000"
"3594.0","15:13:13.529","2223785.0000","1.6143","60563.0000","-0.0500","-0.0050","-1.0000","0.0000","0.0000","0.0000","0.0000","0.0000"
"3595.0","15:13:13.530","2224586.0000","1.7016","60563.0000","-0.0500","-0.0050","-1.0000","0.0000","0.0000","0.0000","0.0000","0.0000"
"3596.0","15:13:13.531","2223190.0000","1.5494","60563.0000","-0.0500","-0.0050","-1.0000","0.0000","0.0000","0.0000","0.0000","0.0000"
"3597.0","15:13:13.532","2223887.0000","1.6254","60563.0000","-0.0500","-0.0050","-1.0000","0.0000","0.0000","0.0000","0.0000","0.0000"
"3598.0","15:13:13.533","2224151.0000","1.6542","60563.0000","-0.0500","-0.0050","-1.0000","0.0000","0.0000","0.0000","0.0000","0.0000"
"3599.0","15:13:13.534","2223679.0000","1.6027","60563.0000","-0.0500","-0.0050","-1.0000","0.0000","0.0000","0.0000","0.0000","0.0000"
"3600.0","15:13:13.535","2224452.0000","1.6870","60563.0000","-0.0500","-0.0050","-1.0000","0.0000","0.0000","0.0000","0.0000","0.0000"
"3601.0","15:13:13.536","2223760.0000","1.6116","60563.0000","-0.0500","-0.0050","-1.0000","0.0000","0.0000","0.0000","0.0000","0.0000"
"3602.0","15:13:13.537","2224401.0000","1.6814","60563.0000","-0.0500","-0.0050","-1.0000","0.0000","0.0000","0.0000","0.0000","0.0000"
"3603.0","15:13:13.538","2224528.0000","1.6953","60563.0000","-0.0500","-0.0050","-1.0000","0.0000","0.0000","0.0000","0.0000","0.0000"
"3604.0","15:13:13.539","2223945.0000","1.6317","60563.0000","-0.0500","-0.0050","-1.0000","0.0000","0.0000","0.0000","0.0000","0.0000"
"3605.0","15:13:13.540","2223578.0000","1.5917","60563.0000","-0.0500","-0.0050","-1.0000","0.0000","0.0000","0.0000","0.0000","0.0000"
"3606.0","15:13:13.541","2224520.0000","1.6944","60563.0000","-0.0500","-0.0050","-1.0000","0.0000","0.0000","0.0000","0.0000","0.0000"
"3607.0","15:13:13.542","2223613.0000","1.5955","60563.0000","-0.0500","-0.0050","-1.0000","0.0000","0.0000","0.0000","0.0000","0.0000"
"3608.0","15:13:13.543","2223643.0000","1.5988","60563.0000","-0.0500","-0.0050","-1.0000","0.0000","0.0000","0.0000","0.0000","0.0000"
"3609.0","15:13:13.544","2223480.0000","1.5810","60563.0000","-0.0500","-0.0050","-1.0000","0.0000","0.0000","0.0000","0.0000","0.0000"
"3610.0","15:13:13.545","2223377.0000","1.5698","60563.0000","-0.0500","-0.0050","-1.0000","0.0000","0.0000","0.0000","0.0000","0.0000"
"3611.0","15:13:13.546","2223617.0000","1.5960","60563.0000","-0.0500","-0.0050","-1.0000","0.0000","0.0000","0.0000","0.0000","0.0000"
"3612.0","15:13:13.547","2223330.0000","1.5647","60563.0000","-0.0500","-0.0050","-1.0000","0.0000","0.0000","0.0000","0.0000","0.0000"
"3613.0","15:13:13.548","2223217.0000","1.5523","60563.0000","-0.0500","-0.0050","-1.0000","0.0000","0.0000","0.0000","0.0000","0.0000"
"3614.0","15:13:13.549","2223403.0000","1.5726","60563.0000","-0.0500","-0.0050","-1.0000","0.0000","0.0000","0.0000","0.0000","0.0000"
"3615.0","15:13:13.550","2223128.0000","1.5426","60563.0000","-0.0500","-0.0050","-1.0000","0.0000","0.0000","0.0000","0.0000","0.0000"
"3616.0","15:13:13.551","2223350.0000","1.5669","60563.0000","-0.0500","-0.0050","-1.0000","0.0000","0.0000","0.0000","0.0000","0.0000"
"3617.0","15:13:13.552","2223350.0000","1.5669","60563.0000","-0.0500","-0.0050","-1.0000","0.0000","0.0000","0.0000","0.0000","0.0000"
"3618.0","15:13:13.553","2223487.0000","1.5818","60563.0000","-0.0500","-0.0050","-1.0000","0.0000","0.0000","0.0000","0.0000","0.0000"
"3619.0","15:13:13.554","2224118.0000","1.6506","60563.0000","-0.0500","-0.0050","-1.0000","0.0000","0.0000","0.0000","0.0000","0.0000"
"3620.0","15:13:13.555","2224365.0000","1.6775","60563.0000","-0.0500","-0.0050","-1.0000","0.0000","0.0000","0.0000","0.0000","0.0000"
"3621.0","15:13:13.556","2224536.0000","1.6961","60563.0000","-0.0500","-0.0050","-1.0000","0.0000","0.0000","0.0000","0.0000","0.0000"
"3622.0","15:13:13.557","2224466.0000","1.6885","60563.0000","-0.0500","-0.0050","-1.0000","0.0000","0.0000","0.0000","0.0000","0.0000"
"3623.0","15:13:13.558","2224672.0000","1.7110","60563.0000","-0.0500","-0.0050","-1.0000","0.0000","0.0000","0.0000","0.0000","0.0000"
"3624.0","15:13:13.559","2224568.0000","1.6996","60563.0000","-0.0500","-0.0050","-1.0000","0.0000","0.0000","0.0000","0.0000","0.0000"
"3625.0","15:13:13.560","2224511.0000","1.6934","60563.0000","-0.0500","-0.0050","-1.0000","0.0000","0.0000","0.0000","0.0000","0.0000"
"3626.0","15:13:13.561","2223830.0000","1.6192","60563.0000","-0.0500","-0.0050","-1.0000","0.0000","0.0000","0.0000","0.0000","0.0000"
"3627.0","15:13:13.562","2223866.0000","1.6231","60563.0000","-0.0500","-0.0050","-1.0000","0.0000","0.0000","0.0000","0.0000","0.0000"
"3628.0","15:13:13.563","2223970.0000","1.6344","60563.0000","-0.0500","-0.0050","-1.0000","0.0000","0.0000","0.0000","0.0000","0.0000"
"3629.0","15:13:13.564","2224271.0000","1.6673","60563.0000","-0.0500","-0.0050","-1.0000","0.0000","0.0000","0.0000","0.0000","0.0000"
"3630.0","15:13:13.565","2224138.0000","1.6527","60563.0000","-0.0500","-0.0050","-1.0000","0.0000","0.0000","0.0000","0.0000","0.0000"
"3631.0","15:13:13.566","2223396.0000","1.5719","60563.0000","-0.0500","-0.0050","-1.0000","0.0000","0.0000","0.0000","0.0000","0.0000"
"3632.0","15:13:13.567","2223874.0000","1.6240","60563.0000","-0.0500","-0.0050","-1.0000","0.0000","0.0000","0.0000","0.0000","0.0000"
"3633.0","15:13:13.568","2223031.0000","1.5321","60563.0000","-0.0500","-0.0050","-1.0000","0.0000","0.0000","0.0000","0.0000","0.0000"
"3634.0","15:13:13.569","2223234.0000","1.5542","60563.0000","-0.0500","-0.0050","-1.0000","0.0000","0.0000","0.0000","0.0000","0.0000"
"3635.0","15:13:13.570","2223760.0000","1.6116","60563.0000","-0.0500","-0.0050","-1.0000","0.0000","0.0000","0.0000","0.0000","0.0000"
"3636.0","15:13:13.571","2224578.0000","1.7007","60563.0000","-0.0500","-0.0050","-1.0000","0.0000","0.0000","0.0000","0.0000","0.0000"
"3637.0","15:13:13.572","2224289.0000","1.6692","60563.0000","-0.0500","-0.0050","-1.0000","0.0000","0.0000","0.0000","0.0000","0.0000"
"3638.0","15:13:13.573","2224421.0000","1.6836","60563.0000","-0.0500","-0.0050","-1.0000","0.0000","0.0000","0.0000","0.0000","0.0000"
"3639.0","15:13:13.574","2224094.0000","1.6479","60563.0000","-0.0500","-0.0050","-1.0000","0.0000","0.0000","0.0000","0.0000","0.0000"
"3640.0","15:13:13.575","2223816.0000","1.6176","60563.0000","-0.0500","-0.0050","-1.0000","0.0000","0.0000","0.0000","0.0000","0.0000"
"3641.0","15:13:13.576","2223009.0000","1.5297","60563.0000","-0.0500","-0.0050","-1.0000","0.0000","0.0000","0.0000","0.0000","0.0000"
"3642.0","15:13:13.577","2222869.0000","1.5144","60563.0000","-0.0500","-0.0050","-1.0000","0.0000","0.0000","0.0000","0.0000","0.0000"
"3643.0","15:13:13.578","2222032.0000","1.4232","60563.0000","-0.0500","-0.0050","-1.0000","0.0000","0.0000","0.0000","0.0000","0.0000"
"3644.0","15:13:13.579","2222331.0000","1.4558","60563.0000","-0.0500","-0.0050","-1.0000","0.0000","0.0000","0.0000","0.0000","0.0000"
"3645.0","15:13:13.580","2222810.0000","1.5080","60563.0000","-0.0500","-0.0050","-1.0000","0.0000","0.0000","0.0000","0.0000","0.0000"
"3646.0","15:13:13.581","2223144.0000","1.5444","60563.0000","-0.0500","-0.0050","-1.0000","0.0000","0.0000","0.0000","0.0000","0.0000"
"3647.0","15:13:13.582","2223028.0000","1.5318","60563.0000","-0.0500","-0.0050","-1.0000","0.0000","0.0000","0.0000","0.0000","0.0000"
"3648.0","15:13:13.583","2223331.0000","1.5648","60563.0000","-0.0500","-0.0050","-1.0000","0.0000","0.0000","0.0000","0.0000","0.0000"
"3649.0","15:13:13.584","2222534.0000","1.4779","60563.0000","-0.0500","-0.0050","-1.0000","0.0000","0.0000","0.0000","0.0000","0.0000"
"3650.0","15:13:13.585","2223185.0000","1.5488","60563.0000","-0.0500","-0.0050","-1.0000","0.0000","0.0000","0.0000","0.0000","0.0000"
"3651.0","15:13:13.586","2223027.0000","1.5316","60563.0000","-0.0500","-0.0050","-1.0000","0.0000","0.0000","0.0000","0.0000","0.0000"
"3652.0","15:13:13.587","2223660.0000","1.6007","60563.0000","-0.0500","-0.0050","-1.0000","0.0000","0.0000","0.0000","0.0000","0.0000"
"3653.0","15:13:13.588","2223556.0000","1.5893","60563.0000","-0.0500","-0.0050","-1.0000","0.0000","0.0000","0.0000","0.0000","0.0000"
"3654.0","15:13:13.589","2223379.0000","1.5700","60563.0000","-0.0500","-0.0050","-1.0000","0.0000","0.0000","0.0000","0.0000","0.0000"
"3655.0","15:13:13.590","2223398.0000","1.5721","60563.0000","-0.0500","-0.0050","-1.0000","0.0000","0.0000","0.0000","0.0000","0.0000"
"3656.0","15:13:13.591","2223292.0000","1.5605","60563.0000","-0.0500","-0.0050","-1.0000","0.0000","0.0000","0.0000","0.0000","0.0000"
"3657.0","15:13:13.592","2223864.0000","1.6229","60563.0000","-0.0500","-0.0050","-1.0000","0.0000","0.0000","0.0000","0.0000","0.0000"
"3658.0","15:13:13.593","2223693.0000","1.6042","60563.0000","-0.0500","-0.0050","-1.0000","0.0000","0.0000","0.0000","0.0000","0.0000"
"3659.0","15:13:13.594","2223526.0000","1.5860","60563.0000","-0.0500","-0.0050","-1.0000","0.0000","0.0000","0.0000","0.0000","0.0000"
"3660.0","15:13:13.595","2224364.0000","1.6774","60563.0000","-0.0500","-0.0050","-1.0000","0.0000","0.0000","0.0000","0.0000","0.0000"
"3661.0","15:13:13.596","2223436.0000","1.5762","60563.0000","-0.0500","-0.0050","-1.0000","0.0000","0.0000","0.0000","0.0000","0.0000"
"3662.0","15:13:13.597","2223656.0000","1.6002","60563.0000","-0.0500","-0.0050","-1.0000","0.0000","0.0000","0.0000","0.0000","0.0000"
"3663.0","15:13:13.598","2224516.0000","1.6939","60563.0000","-0.0500","-0.0050","-1.0000","0.0000","0.0000","0.0000","0.0000","0.0000"
"3664.0","15:13:13.599","2224516.0000","1.6939","60563.0000","-0.0500","-0.0050","-1.0000","0.0000","0.0000","0.0000","0.0000","0.0000"
"3665.0","15:13:13.600","2224390.0000","1.6802","60563.0000","-0.0500","-0.0050","-1.0000","0.0000","0.0000","0.0000","0.0000","0.0000"
"3666.0","15:13:13.601","2223599.0000","1.5940","60563.0000","-0.0500","-0.0050","-1.0000","0.0000","0.0000","0.0000","0.0000","0.0000"
"3667.0","15:13:13.602","2223554.0000","1.5891","60563.0000","-0.0500","-0.0050","-1.0000","0.0000","0.0000","0.0000","0.0000","0.0000"
"3668.0","15:13:13.603","2224192.0000","1.6586","60563.0000","-0.0500","-0.0050","-1.0000","0.0000","0.0000","0.0000","0.0000","0.0000"
"3669.0","15:13:13.604","2222290.0000","1.4513","60563.0000","-0.0500","-0.0050","-1.0000","0.0000","0.0000","0.0000","0.0000","0.0000"
"3670.0","15:13:13.605","2222813.0000","1.5083","60563.0000","-0.0500","-0.0050","-1.0000","0.0000","0.0000","0.0000","0.0000","0.0000"
"3671.0","15:13:13.606","2223295.0000","1.5609","60563.0000","-0.0500","-0.0050","-1.0000","0.0000","0.0000","0.0000","0.0000","0.0000"
"3672.0","15:13:13.607","2223652.0000","1.5998","60563.0000","-0.0500","-0.0050","-1.0000","0.0000","0.0000","0.0000","0.0000","0.0000"
"3673.0","15:13:13.608","2223240.0000","1.5549","60563.0000","-0.0500","-0.0050","-1.0000","0.0000","0.0000","0.0000","0.0000","0.0000"
"3674.0","15:13:13.609","2223139.0000","1.5438","60563.0000","-0.0500","-0.0050","-1.0000","0.0000","0.0000","0.0000","0.0000","0.0000"
"3675.0","15:13:13.610","2222941.0000","1.5222","60563.0000","-0.0500","-0.0050","-1.0000","0.0000","0.0000","0.0000","0.0000","0.0000"
"3676.0","15:13:13.611","2223999.0000","1.6376","60563.0000","-0.0500","-0.0050","-1.0000","0.0000","0.0000","0.0000","0.0000","0.0000"
"3677.0","15:13:13.612","2223665.0000","1.6012","60563.0000","-0.0500","-0.0050","-1.0000","0.0000","0.0000","0.0000","0.0000","0.0000"
"3678.0","15:13:13.613","2222334.0000","1.4561","60563.0000","-0.0500","-0.0050","-1.0000","0.0000","0.0000","0.0000","0.0000","0.0000"
"3679.0","15:13:13.614","2223242.0000","1.5551","60563.0000","-0.0500","-0.0050","-1.0000","0.0000","0.0000","0.0000","0.0000","0.0000"
"3680.0","15:13:13.615","2224279.0000","1.6681","60563.0000","-0.0500","-0.0050","-1.0000","0.0000","0.0000","0.0000","0.0000","0.0000"
"3681.0","15:13:13.616","2224469.0000","1.6889","60563.0000","-0.0500","-0.0050","-1.0000","0.0000","0.0000","0.0000","0.0000","0.0000"
"3682.0","15:13:13.617","2224208.0000","1.6604","60563.0000","-0.0500","-0.0050","-1.0000","0.0000","0.0000","0.0000","0.0000","0.0000"
"3683.0","15:13:13.618","2223347.0000","1.5665","60563.0000","-0.0500","-0.0050","-1.0000","0.0000","0.0000","0.0000","0.0000","0.0000"
"3684.0","15:13:13.619","2223467.0000","1.5796","60563.0000","-0.0500","-0.0050","-1.0000","0.0000","0.0000","0.0000","0.0000","0.0000"
"3685.0","15:13:13.620","2222151.0000","1.4361","60563.0000","-0.0500","-0.0050","-1.0000","0.0000","0.0000","0.0000","0.0000","0.0000"
"3686.0","15:13:13.621","2223283.0000","1.5595","60563.0000","-0.0500","-0.0050","-1.0000","0.0000","0.0000","0.0000","0.0000","0.0000"
"3687.0","15:13:13.622","2222498.0000","1.4740","60563.0000","-0.0500","-0.0050","-1.0000","0.0000","0.0000","0.0000","0.0000","0.0000"
"3688.0","15:13:13.623","2222849.0000","1.5122","60563.0000","-0.0500","-0.0050","-1.0000","0.0000","0.0000","0.0000","0.0000","0.0000"
"3689.0","15:13:13.624","2222700.0000","1.4960","60563.0000","-0.0500","-0.0050","-1.0000","0.0000","0.0000","0.0000","0.0000","0.0000"
"3690.0","15:13:13.625","2221892.0000","1.4079","60563.0000","-0.0500","-0.0050","-1.0000","0.0000","0.0000","0.0000","0.0000","0.0000"
"3691.0","15:13:13.626","2221623.0000","1.3786","60563.0000","-0.0500","-0.0050","-1.0000","0.0000","0.0000","0.0000","0.0000","0.0000"
"3692.0","15:13:13.627","2222881.0000","1.5157","60563.0000","-0.0500","-0.0050","-1.0000","0.0000","0.0000","0.0000","0.0000","0.0000"
"3693.0","15:13:13.628","2222890.0000","1.5167","60563.0000","-0.0500","-0.0050","-1.0000","0.0000","0.0000","0.0000","0.0000","0.0000"
"3694.0","15:13:13.629","2222551.0000","1.4797","60563.0000","-0.0500","-0.0050","-1.0000","0.0000","0.0000","0.0000","0.0000","0.0000"
"3695.0","15:13:13.630","2223763.0000","1.6119","60563.0000","-0.0500","-0.0050","-1.0000","0.0000","0.0000","0.0000","0.0000","0.0000"
"3696.0","15:13:13.631","2224258.0000","1.6658","60563.0000","-0.0500","-0.0050","-1.0000","0.0000","0.0000","0.0000","0.0000","0.0000"
"3697.0","15:13:13.632","2223952.0000","1.6325","60563.0000","-0.0500","-0.0050","-1.0000","0.0000","0.0000","0.0000","0.0000","0.0000"
"3698.0","15:13:13.633","2224466.0000","1.6885","60562.0000","-0.0500","-0.0050","-1.0000","0.0000","0.0000","0.0000","0.0000","0.0000"
"3699.0","15:13:13.634","2223783.0000","1.6141","60562.0000","-0.0500","-0.0050","-1.0000","0.0000","0.0000","0.0000","0.0000","0.0000"
"3700.0","15:13:13.635","2223270.0000","1.5581","60562.0000","-0.0500","-0.0050","-1.0000","0.0000","0.0000","0.0000","0.0000","0.0000"
"3701.0","15:13:13.636","2224826.0000","1.7277","60562.0000","-0.0500","-0.0050","-1.0000","0.0000","0.0000","0.0000","0.0000","0.0000"
"3702.0","15:13:13.637","2224919.0000","1.7379","60562.0000","-0.0500","-0.0050","-1.0000","0.0000","0.0000","0.0000","0.0000","0.0000"
"3703.0","15:13:13.638","2224110.0000","1.6497","60562.0000","-0.0500","-0.0050","-1.0000","0.0000","0.0000","0.0000","0.0000","0.0000"
"3704.0","15:13:13.639","2224842.0000","1.7295","60562.0000","-0.0500","-0.0050","-1.0000","0.0000","0.0000","0.0000","0.0000","0.0000"
"3705.0","15:13:13.640","2225665.0000","1.8192","60562.0000","-0.0500","-0.0050","-1.0000","0.0000","0.0000","0.0000","0.0000","0.0000"
"3706.0","15:13:13.641","2225786.0000","1.8324","60562.0000","-0.0500","-0.0050","-1.0000","0.0000","0.0000","0.0000","0.0000","0.0000"
"3707.0","15:13:13.642","2224333.0000","1.6740","60562.0000","-0.0500","-0.0050","-1.0000","0.0000","0.0000","0.0000","0.0000","0.0000"
"3708.0","15:13:13.643","2223919.0000","1.6289","60562.0000","-0.0500","-0.0050","-1.0000","0.0000","0.0000","0.0000","0.0000","0.0000"
"3709.0","15:13:13.644","2224088.0000","1.6473","60562.0000","-0.0500","-0.0050","-1.0000","0.0000","0.0000","0.0000","0.0000","0.0000"
"3710.0","15:13:13.645","2224900.0000","1.7358","60562.0000","-0.0500","-0.0050","-1.0000","0.0000","0.0000","0.0000","0.0000","0.0000"
"3711.0","15:13:13.646","2224900.0000","1.7358","60562.0000","-0.0500","-0.0050","-1.0000","0.0000","0.0000","0.0000","0.0000","0.0000"
"3712.0","15:13:13.647","2222779.0000","1.5046","60562.0000","-0.0500","-0.0050","-1.0000","0.0000","0.0000","0.0000","0.0000","0.0000"
"3713.0","15:13:13.648","2222668.0000","1.4925","60562.0000","-0.0500","-0.0050","-1.0000","0.0000","0.0000","0.0000","0.0000","0.0000"
"3714.0","15:13:13.649","2224137.0000","1.6526","60562.0000","-0.0500","-0.0050","-1.0000","0.0000","0.0000","0.0000","0.0000","0.0000"
"3715.0","15:13:13.650","2223676.0000","1.6024","60562.0000","-0.0500","-0.0050","-1.0000","0.0000","0.0000","0.0000","0.0000","0.0000"
"3716.0","15:13:13.651","2224229.0000","1.6627","60562.0000","-0.0500","-0.0050","-1.0000","0.0000","0.0000","0.0000","0.0000","0.0000"
"3717.0","15:13:13.652","2223978.0000","1.6353","60562.0000","-0.0500","-0.0050","-1.0000","0.0000","0.0000","0.0000","0.0000","0.0000"
"3718.0","15:13:13.653","2224849.0000","1.7302","60562.0000","-0.0500","-0.0050","-1.0000","0.0000","0.0000","0.0000","0.0000","0.0000"
"3719.0","15:13:13.654","2224953.0000","1.7416","60562.0000","-0.0500","-0.0050","-1.0000","0.0000","0.0000","0.0000","0.0000","0.0000"
"3720.0","15:13:13.655","2225057.0000","1.7530","60562.0000","-0.0500","-0.0050","-1.0000","0.0000","0.0000","0.0000","0.0000","0.0000"
"3721.0","15:13:13.656","2224645.0000","1.7080","60562.0000","-0.0500","-0.0050","-1.0000","0.0000","0.0000","0.0000","0.0000","0.0000"
"3722.0","15:13:13.657","2224857.0000","1.7311","60562.0000","-0.0500","-0.0050","-1.0000","0.0000","0.0000","0.0000","0.0000","0.0000"
"3723.0","15:13:13.658","2224662.0000","1.7099","60562.0000","-0.0500","-0.0050","-1.0000","0.0000","0.0000","0.0000","0.0000","0.0000"
"3724.0","15:13:13.659","2223829.0000","1.6191","60562.0000","-0.0500","-0.0050","-1.0000","0.0000","0.0000","0.0000","0.0000","0.0000"
"3725.0","15:13:13.660","2223854.0000","1.6218","60562.0000","-0.0500","-0.0050","-1.0000","0.0000","0.0000","0.0000","0.0000","0.0000"
"3726.0","15:13:13.661","2223945.0000","1.6317","60562.0000","-0.0500","-0.0050","-1.0000","0.0000","0.0000","0.0000","0.0000","0.0000"
"3727.0","15:13:13.662","2223781.0000","1.6138","60562.0000","-0.0500","-0.0050","-1.0000","0.0000","0.0000","0.0000","0.0000","0.0000"
"3728.0","15:13:13.663","2224445.0000","1.6862","60562.0000","-0.0500","-0.0050","-1.0000","0.0000","0.0000","0.0000","0.0000","0.0000"
"3729.0","15:13:13.664","2224980.0000","1.7446","60562.0000","-0.0500","-0.0050","-1.0000","0.0000","0.0000","0.0000","0.0000","0.0000"
"3730.0","15:13:13.665","2224696.0000","1.7136","60562.0000","-0.0500","-0.0050","-1.0000","0.0000","0.0000","0.0000","0.0000","0.0000"
"3731.0","15:13:13.666","2225154.0000","1.7635","60562.0000","-0.0500","-0.0050","-1.0000","0.0000","0.0000","0.0000","0.0000","0.0000"
"3732.0","15:13:13.667","2224630.0000","1.7064","60562.0000","-0.0500","-0.0050","-1.0000","0.0000","0.0000","0.0000","0.0000","0.0000"
"3733.0","15:13:13.668","2224813.0000","1.7264","60562.0000","-0.0500","-0.0050","-1.0000","0.0000","0.0000","0.0000","0.0000","0.0000"
"3734.0","15:13:13.669","2226504.0000","1.9107","60562.0000","-0.0500","-0.0050","-1.0000","0.0000","0.0000","0.0000","0.0000","0.0000"
"3735.0","15:13:13.670","2225982.0000","1.8538","60562.0000","-0.0500","-0.0050","-1.0000","0.0000","0.0000","0.0000","0.0000","0.0000"
"3736.0","15:13:13.671","2225868.0000","1.8413","60562.0000","-0.0500","-0.0050","-1.0000","0.0000","0.0000","0.0000","0.0000","0.0000"
"3737.0","15:13:13.672","2225765.0000","1.8301","60562.0000","-0.0500","-0.0050","-1.0000","0.0000","0.0000","0.0000","0.0000","0.0000"
"3738.0","15:13:13.673","2224701.0000","1.7141","60562.0000","-0.0500","-0.0050","-1.0000","0.0000","0.0000","0.0000","0.0000","0.0000"
"3739.0","15:13:13.674","2225711.0000","1.8243","60562.0000","-0.0500","-0.0050","-1.0000","0.0000","0.0000","0.0000","0.0000","0.0000"
"3740.0","15:13:13.675","2224979.0000","1.7444","60562.0000","-0.0500","-0.0050","-1.0000","0.0000","0.0000","0.0000","0.0000","0.0000"
"3741.0","15:13:13.676","2224845.0000","1.7298","60562.0000","-0.0500","-0.0050","-1.0000","0.0000","0.0000","0.0000","0.0000","0.0000"
"3742.0","15:13:13.677","2224078.0000","1.6462","60562.0000","-0.0500","-0.0050","-1.0000","0.0000","0.0000","0.0000","0.0000","0.0000"
"3743.0","15:13:13.678","2223999.0000","1.6376","60562.0000","-0.0500","-0.0050","-1.0000","0.0000","0.0000","0.0000","0.0000","0.0000"
"3744.0","15:13:13.679","2224392.0000","1.6804","60562.0000","-0.0500","-0.0050","-1.0000","0.0000","0.0000","0.0000","0.0000","0.0000"
"3745.0","15:13:13.680","2224368.0000","1.6778","60562.0000","-0.0500","-0.0050","-1.0000","0.0000","0.0000","0.0000","0.0000","0.0000"
"3746.0","15:13:13.681","2223585.0000","1.5925","60562.0000","-0.0500","-0.0050","-1.0000","0.0000","0.0000","0.0000","0.0000","0.0000"
"3747.0","15:13:13.682","2223382.0000","1.5703","60562.0000","-0.0500","-0.0050","-1.0000","0.0000","0.0000","0.0000","0.0000","0.0000"
"3748.0","15:13:13.683","2223203.0000","1.5508","60562.0000","-0.0500","-0.0050","-1.0000","0.0000","0.0000","0.0000","0.0000","0.0000"
"3749.0","15:13:13.684","2220859.0000","1.2953","60562.0000","-0.0500","-0.0050","-1.0000","0.0000","0.0000","0.0000","0.0000","0.0000"
"3750.0","15:13:13.685","2221951.0000","1.4143","60562.0000","-0.0500","-0.0050","-1.0000","0.0000","0.0000","0.0000","0.0000","0.0000"
"3751.0","15:13:13.686","2222461.0000","1.4699","60562.0000","-0.0500","-0.0050","-1.0000","0.0000","0.0000","0.0000","0.0000","0.0000"
"3752.0","15:13:13.687","2222694.0000","1.4953","60562.0000","-0.0500","-0.0050","-1.0000","0.0000","0.0000","0.0000","0.0000","0.0000"
"3753.0","15:13:13.688","2222114.0000","1.4321","60562.0000","-0.0500","-0.0050","-1.0000","0.0000","0.0000","0.0000","0.0000","0.0000"
"3754.0","15:13:13.689","2222142.0000","1.4352","60562.0000","-0.0500","-0.0050","-1.0000","0.0000","0.0000","0.0000","0.0000","0.0000"
"3755.0","15:13:13.690","2222655.0000","1.4911","60562.0000","-0.0500","-0.0050","-1.0000","0.0000","0.0000","0.0000","0.0000","0.0000"
"3756.0","15:13:13.691","2221728.0000","1.3900","60562.0000","-0.0500","-0.0050","-1.0000","0.0000","0.0000","0.0000","0.0000","0.0000"
"3757.0","15:13:13.692","2220900.0000","1.2998","60562.0000","-0.0500","-0.0050","-1.0000","0.0000","0.0000","0.0000","0.0000","0.0000"
"3758.0","15:13:13.693","2220900.0000","1.2998","60562.0000","-0.0500","-0.0050","-1.0000","0.0000","0.0000","0.0000","0.0000","0.0000"
"3759.0","15:13:13.694","2220724.0000","1.2806","60558.0000","-0.0500","-0.0050","-1.0000","0.0000","0.0000","0.0000","0.0000","0.0000"
"3760.0","15:13:13.695","2220645.0000","1.2719","60558.0000","-0.0500","-0.0050","-1.0000","0.0000","0.0000","0.0000","0.0000","0.0000"
"3761.0","15:13:13.696","2220531.0000","1.2595","60558.0000","-0.0500","-0.0050","-1.0000","0.0000","0.0000","0.0000","0.0000","0.0000"
"3762.0","15:13:13.697","2220378.0000","1.2428","60558.0000","-0.0500","-0.0050","-1.0000","0.0000","0.0000","0.0000","0.0000","0.0000"
"3763.0","15:13:13.698","2220746.0000","1.2829","60558.0000","-0.0500","-0.0050","-1.0000","0.0000","0.0000","0.0000","0.0000","0.0000"
"3764.0","15:13:13.699","2219566.0000","1.1543","60558.0000","-0.0500","-0.0050","-1.0000","0.0000","0.0000","0.0000","0.0000","0.0000"
"3765.0","15:13:13.700","2220227.0000","1.2264","60558.0000","-0.0500","-0.0050","-1.0000","0.0000","0.0000","0.0000","0.0000","0.0000"
"3766.0","15:13:13.701","2220052.0000","1.2073","60558.0000","-0.0500","-0.0050","-1.0000","0.0000","0.0000","0.0000","0.0000","0.0000"
"3767.0","15:13:13.702","2220299.0000","1.2342","60558.0000","-0.0500","-0.0050","-1.0000","0.0000","0.0000","0.0000","0.0000","0.0000"
"3768.0","15:13:13.703","2220092.0000","1.2117","60558.0000","-0.0500","-0.0050","-1.0000","0.0000","0.0000","0.0000","0.0000","0.0000"
"3769.0","15:13:13.704","2221388.0000","1.3530","60558.0000","-0.0500","-0.0050","-1.0000","0.0000","0.0000","0.0000","0.0000","0.0000"
"3770.0","15:13:13.705","2221322.0000","1.3458","60558.0000","-0.0500","-0.0050","-1.0000","0.0000","0.0000","0.0000","0.0000","0.0000"
"3771.0","15:13:13.706","2222069.0000","1.4272","60558.0000","-0.0500","-0.0050","-1.0000","0.0000","0.0000","0.0000","0.0000","0.0000"
"3772.0","15:13:13.707","2222722.0000","1.4984","60558.0000","-0.0500","-0.0050","-1.0000","0.0000","0.0000","0.0000","0.0000","0.0000"
"3773.0","15:13:13.708","2223507.0000","1.5840","60558.0000","-0.0500","-0.0050","-1.0000","0.0000","0.0000","0.0000","0.0000","0.0000"
"3774.0","15:13:13.709","2223259.0000","1.5569","60558.0000","-0.0500","-0.0050","-1.0000","0.0000","0.0000","0.0000","0.0000","0.0000"
"3775.0","15:13:13.710","2222981.0000","1.5266","60558.0000","-0.0500","-0.0050","-1.0000","0.0000","0.0000","0.0000","0.0000","0.0000"
"3776.0","15:13:13.711","2222866.0000","1.5141","60558.0000","-0.0500","-0.0050","-1.0000","0.0000","0.0000","0.0000","0.0000","0.0000"
"3777.0","15:13:13.712","2222736.0000","1.4999","60558.0000","-0.0500","-0.0050","-1.0000","0.0000","0.0000","0.0000","0.0000","0.0000"
"3778.0","15:13:13.713","2222850.0000","1.5123","60558.0000","-0.0500","-0.0050","-1.0000","0.0000","0.0000","0.0000","0.0000","0.0000"
"3779.0","15:13:13.714","2222950.0000","1.5232","60558.0000","-0.0500","-0.0050","-1.0000","0.0000","0.0000","0.0000","0.0000","0.0000"
"3780.0","15:13:13.715","2223339.0000","1.5657","60558.0000","-0.0500","-0.0050","-1.0000","0.0000","0.0000","0.0000","0.0000","0.0000"
"3781.0","15:13:13.716","2223013.0000","1.5301","60558.0000","-0.0500","-0.0050","-1.0000","0.0000","0.0000","0.0000","0.0000","0.0000"
"3782.0","15:13:13.717","2222914.0000","1.5193","60558.0000","-0.0500","-0.0050","-1.0000","0.0000","0.0000","0.0000","0.0000","0.0000"
"3783.0","15:13:13.718","2224075.0000","1.6459","60558.0000","-0.0500","-0.0050","-1.0000","0.0000","0.0000","0.0000","0.0000","0.0000"
"3784.0","15:13:13.719","2224059.0000","1.6441","60558.0000","-0.0500","-0.0050","-1.0000","0.0000","0.0000","0.0000","0.0000","0.0000"
"3785.0","15:13:13.720","2224901.0000","1.7359","60558.0000","-0.0500","-0.0050","-1.0000","0.0000","0.0000","0.0000","0.0000","0.0000"
"3786.0","15:13:13.721","2225076.0000","1.7550","60558.0000","-0.0500","-0.0050","-1.0000","0.0000","0.0000","0.0000","0.0000","0.0000"
"3787.0","15:13:13.722","2224334.0000","1.6741","60558.0000","-0.0500","-0.0050","-1.0000","0.0000","0.0000","0.0000","0.0000","0.0000"
"3788.0","15:13:13.723","2224980.0000","1.7446","60558.0000","-0.0500","-0.0050","-1.0000","0.0000","0.0000","0.0000","0.0000","0.0000"
"3789.0","15:13:13.724","2225117.0000","1.7595","60558.0000","-0.0500","-0.0050","-1.0000","0.0000","0.0000","0.0000","0.0000","0.0000"
"3790.0","15:13:13.725","2224285.0000","1.6688","60558.0000","-0.0500","-0.0050","-1.0000","0.0000","0.0000","0.0000","0.0000","0.0000"
"3791.0","15:13:13.726","2224202.0000","1.6598","60558.0000","-0.0500","-0.0050","-1.0000","0.0000","0.0000","0.0000","0.0000","0.0000"
"3792.0","15:13:13.727","2223810.0000","1.6170","60558.0000","-0.0500","-0.0050","-1.0000","0.0000","0.0000","0.0000","0.0000","0.0000"
"3793.0","15:13:13.728","2223035.0000","1.5325","60558.0000","-0.0500","-0.0050","-1.0000","0.0000","0.0000","0.0000","0.0000","0.0000"
"3794.0","15:13:13.729","2222895.0000","1.5172","60558.0000","-0.0500","-0.0050","-1.0000","0.0000","0.0000","0.0000","0.0000","0.0000"
"3795.0","15:13:13.730","2222765.0000","1.5031","60558.0000","-0.0500","-0.0050","-1.0000","0.0000","0.0000","0.0000","0.0000","0.0000"
"3796.0","15:13:13.731","2222696.0000","1.4956","60558.0000","-0.0500","-0.0050","-1.0000","0.0000","0.0000","0.0000","0.0000","0.0000"
"3797.0","15:13:13.732","2222225.0000","1.4442","60558.0000","-0.0500","-0.0050","-1.0000","0.0000","0.0000","0.0000","0.0000","0.0000"
"3798.0","15:13:13.733","2221813.0000","1.3993","60558.0000","-0.0500","-0.0050","-1.0000","0.0000","0.0000","0.0000","0.0000","0.0000"
"3799.0","15:13:13.734","2221776.0000","1.3952","60558.0000","-0.0500","-0.0050","-1.0000","0.0000","0.0000","0.0000","0.0000","0.0000"
"3800.0","15:13:13.735","2223146.0000","1.5446","60558.0000","-0.0500","-0.0050","-1.0000","0.0000","0.0000","0.0000","0.0000","0.0000"
"3801.0","15:13:13.736","2222957.0000","1.5240","60558.0000","-0.0500","-0.0050","-1.0000","0.0000","0.0000","0.0000","0.0000","0.0000"
"3802.0","15:13:13.737","2223293.0000","1.5606","60558.0000","-0.0500","-0.0050","-1.0000","0.0000","0.0000","0.0000","0.0000","0.0000"
"3803.0","15:13:13.738","2223842.0000","1.6205","60558.0000","-0.0500","-0.0050","-1.0000","0.0000","0.0000","0.0000","0.0000","0.0000"
"3804.0","15:13:13.739","2223308.0000","1.5623","60558.0000","-0.0500","-0.0050","-1.0000","0.0000","0.0000","0.0000","0.0000","0.0000"
"3805.0","15:13:13.740","2223308.0000","1.5623","60558.0000","-0.0500","-0.0050","-1.0000","0.0000","0.0000","0.0000","0.0000","0.0000"
"3806.0","15:13:13.741","2223859.0000","1.6223","60558.0000","-0.0500","-0.0050","-1.0000","0.0000","0.0000","0.0000","0.0000","0.0000"
"3807.0","15:13:13.742","2223209.0000","1.5515","60558.0000","-0.0500","-0.0050","-1.0000","0.0000","0.0000","0.0000","0.0000","0.0000"
"3808.0","15:13:13.743","2223039.0000","1.5329","60558.0000","-0.0500","-0.0050","-1.0000","0.0000","0.0000","0.0000","0.0000","0.0000"
"3809.0","15:13:13.744","2223213.0000","1.5519","60558.0000","-0.0500","-0.0050","-1.0000","0.0000","0.0000","0.0000","0.0000","0.0000"
"3810.0","15:13:13.745","2222691.0000","1.4950","60558.0000","-0.0500","-0.0050","-1.0000","0.0000","0.0000","0.0000","0.0000","0.0000"
"3811.0","15:13:13.746","2224312.0000","1.6717","60558.0000","-0.0500","-0.0050","-1.0000","0.0000","0.0000","0.0000","0.0000","0.0000"
"3812.0","15:13:13.747","2223833.0000","1.6195","60558.0000","-0.0500","-0.0050","-1.0000","0.0000","0.0000","0.0000","0.0000","0.0000"
"3813.0","15:13:13.748","2224001.0000","1.6378","60558.0000","-0.0500","-0.0050","-1.0000","0.0000","0.0000","0.0000","0.0000","0.0000"
"3814.0","15:13:13.749","2223585.0000","1.5925","60558.0000","-0.0500","-0.0050","-1.0000","0.0000","0.0000","0.0000","0.0000","0.0000"
"3815.0","15:13:13.750","2224512.0000","1.6935","60558.0000","-0.0500","-0.0050","-1.0000","0.0000","0.0000","0.0000","0.0000","0.0000"
"3816.0","15:13:13.751","2224619.0000","1.7052","60558.0000","-0.0500","-0.0050","-1.0000","0.0000","0.0000","0.0000","0.0000","0.0000"
"3817.0","15:13:13.752","2223876.0000","1.6242","60558.0000","-0.0500","-0.0050","-1.0000","0.0000","0.0000","0.0000","0.0000","0.0000"
"3818.0","15:13:13.753","2224984.0000","1.7450","60558.0000","-0.0500","-0.0050","-1.0000","0.0000","0.0000","0.0000","0.0000","0.0000"
"3819.0","15:13:13.754","2225224.0000","1.7712","60564.0000","-0.0500","-0.0050","-1.0000","0.0000","0.0000","0.0000","0.0000","0.0000"
"3820.0","15:13:13.755","2225496.0000","1.8008","60564.0000","-0.0500","-0.0050","-1.0000","0.0000","0.0000","0.0000","0.0000","0.0000"
"3821.0","15:13:13.756","2225030.0000","1.7500","60564.0000","-0.0500","-0.0050","-1.0000","0.0000","0.0000","0.0000","0.0000","0.0000"
"3822.0","15:13:13.757","2225302.0000","1.7796","60564.0000","-0.0500","-0.0050","-1.0000","0.0000","0.0000","0.0000","0.0000","0.0000"
"3823.0","15:13:13.758","2224387.0000","1.6799","60564.0000","-0.0500","-0.0050","-1.0000","0.0000","0.0000","0.0000","0.0000","0.0000"
"3824.0","15:13:13.759","2224506.0000","1.6929","60564.0000","-0.0500","-0.0050","-1.0000","0.0000","0.0000","0.0000","0.0000","0.0000"
"3825.0","15:13:13.760","2223076.0000","1.5370","60564.0000","-0.0500","-0.0050","-1.0000","0.0000","0.0000","0.0000","0.0000","0.0000"
"3826.0","15:13:13.761","2222972.0000","1.5256","60564.0000","-0.0500","-0.0050","-1.0000","0.0000","0.0000","0.0000","0.0000","0.0000"
"3827.0","15:13:13.762","2222940.0000","1.5222","60564.0000","-0.0500","-0.0050","-1.0000","0.0000","0.0000","0.0000","0.0000","0.0000"
"3828.0","15:13:13.763","2222052.0000","1.4253","60564.0000","-0.0500","-0.0050","-1.0000","0.0000","0.0000","0.0000","0.0000","0.0000"
"3829.0","15:13:13.764","2223689.0000","1.6038","60564.0000","-0.0500","-0.0050","-1.0000","0.0000","0.0000","0.0000","0.0000","0.0000"
"3830.0","15:13:13.765","2223871.0000","1.6236","60564.0000","-0.0500","-0.0050","-1.0000","0.0000","0.0000","0.0000","0.0000","0.0000"
"3831.0","15:13:13.766","2223279.0000","1.5591","60564.0000","-0.0500","-0.0050","-1.0000","0.0000","0.0000","0.0000","0.0000","0.0000"
"3832.0","15:13:13.767","2222807.0000","1.5077","60564.0000","-0.0500","-0.0050","-1.0000","0.0000","0.0000","0.0000","0.0000","0.0000"
"3833.0","15:13:13.768","2221996.0000","1.4192","60564.0000","-0.0500","-0.0050","-1.0000","0.0000","0.0000","0.0000","0.0000","0.0000"
"3834.0","15:13:13.769","2222796.0000","1.5065","60564.0000","-0.0500","-0.0050","-1.0000","0.0000","0.0000","0.0000","0.0000","0.0000"
"3835.0","15:13:13.770","2223480.0000","1.5810","60564.0000","-0.0500","-0.0050","-1.0000","0.0000","0.0000","0.0000","0.0000","0.0000"
"3836.0","15:13:13.771","2223704.0000","1.6054","60564.0000","-0.0500","-0.0050","-1.0000","0.0000","0.0000","0.0000","0.0000","0.0000"
"3837.0","15:13:13.772","2223967.0000","1.6341","60564.0000","-0.0500","-0.0050","-1.0000","0.0000","0.0000","0.0000","0.0000","0.0000"
"3838.0","15:13:13.773","2222686.0000","1.4945","60564.0000","-0.0500","-0.0050","-1.0000","0.0000","0.0000","0.0000","0.0000","0.0000"
"3839.0","15:13:13.774","2223302.0000","1.5616","60564.0000","-0.0500","-0.0050","-1.0000","0.0000","0.0000","0.0000","0.0000","0.0000"
"3840.0","15:13:13.775","2222547.0000","1.4793","60564.0000","-0.0500","-0.0050","-1.0000","0.0000","0.0000","0.0000","0.0000","0.0000"
"3841.0","15:13:13.776","2223448.0000","1.5775","60564.0000","-0.0500","-0.0050","-1.0000","0.0000","0.0000","0.0000","0.0000","0.0000"
"3842.0","15:13:13.777","2221802.0000","1.3981","60564.0000","-0.0500","-0.0050","-1.0000","0.0000","0.0000","0.0000","0.0000","0.0000"
"3843.0","15:13:13.778","2222402.0000","1.4635","60564.0000","-0.0500","-0.0050","-1.0000","0.0000","0.0000","0.0000","0.0000","0.0000"
"3844.0","15:13:13.779","2223956.0000","1.6329","60564.0000","-0.0500","-0.0050","-1.0000","0.0000","0.0000","0.0000","0.0000","0.0000"
"3845.0","15:13:13.780","2222679.0000","1.4937","60564.0000","-0.0500","-0.0050","-1.0000","0.0000","0.0000","0.0000","0.0000","0.0000"
"3846.0","15:13:13.781","2222858.0000","1.5132","60564.0000","-0.0500","-0.0050","-1.0000","0.0000","0.0000","0.0000","0.0000","0.0000"
"3847.0","15:13:13.782","2222981.0000","1.5266","60564.0000","-0.0500","-0.0050","-1.0000","0.0000","0.0000","0.0000","0.0000","0.0000"
"3848.0","15:13:13.783","2223189.0000","1.5493","60564.0000","-0.0500","-0.0050","-1.0000","0.0000","0.0000","0.0000","0.0000","0.0000"
"3849.0","15:13:13.784","2222776.0000","1.5043","60564.0000","-0.0500","-0.0050","-1.0000","0.0000","0.0000","0.0000","0.0000","0.0000"
"3850.0","15:13:13.785","2222512.0000","1.4755","60564.0000","-0.0500","-0.0050","-1.0000","0.0000","0.0000","0.0000","0.0000","0.0000"
"3851.0","15:13:13.786","2222512.0000","1.4755","60564.0000","-0.0500","-0.0050","-1.0000","0.0000","0.0000","0.0000","0.0000","0.0000"
"3852.0","15:13:13.787","2224028.0000","1.6408","60564.0000","-0.0500","-0.0050","-1.0000","0.0000","0.0000","0.0000","0.0000","0.0000"
"3853.0","15:13:13.788","2224902.0000","1.7361","60564.0000","-0.0500","-0.0050","-1.0000","0.0000","0.0000","0.0000","0.0000","0.0000"
"3854.0","15:13:13.789","2224757.0000","1.7202","60564.0000","-0.0500","-0.0050","-1.0000","0.0000","0.0000","0.0000","0.0000","0.0000"
"3855.0","15:13:13.790","2224261.0000","1.6661","60564.0000","-0.0500","-0.0050","-1.0000","0.0000","0.0000","0.0000","0.0000","0.0000"
"3856.0","15:13:13.791","2224325.0000","1.6732","60564.0000","-0.0500","-0.0050","-1.0000","0.0000","0.0000","0.0000","0.0000","0.0000"
"3857.0","15:13:13.792","2223970.0000","1.6344","60564.0000","-0.0500","-0.0050","-1.0000","0.0000","0.0000","0.0000","0.0000","0.0000"
"3858.0","15:13:13.793","2223670.0000","1.6017","60564.0000","-0.0500","-0.0050","-1.0000","0.0000","0.0000","0.0000","0.0000","0.0000"
"3859.0","15:13:13.794","2222925.0000","1.5205","60564.0000","-0.0500","-0.0050","-1.0000","0.0000","0.0000","0.0000","0.0000","0.0000"
"3860.0","15:13:13.795","2223700.0000","1.6050","60564.0000","-0.0500","-0.0050","-1.0000","0.0000","0.0000","0.0000","0.0000","0.0000"
"3861.0","15:13:13.796","2223522.0000","1.5856","60564.0000","-0.0500","-0.0050","-1.0000","0.0000","0.0000","0.0000","0.0000","0.0000"
"3862.0","15:13:13.797","2223482.0000","1.5813","60564.0000","-0.0500","-0.0050","-1.0000","0.0000","0.0000","0.0000","0.0000","0.0000"
"3863.0","15:13:13.798","2223023.0000","1.5312","60564.0000","-0.0500","-0.0050","-1.0000","0.0000","0.0000","0.0000","0.0000","0.0000"
"3864.0","15:13:13.799","2222920.0000","1.5200","60564.0000","-0.0500","-0.0050","-1.0000","0.0000","0.0000","0.0000","0.0000","0.0000"
"3865.0","15:13:13.800","2222554.0000","1.4801","60564.0000","-0.0500","-0.0050","-1.0000","0.0000","0.0000","0.0000","0.0000","0.0000"
"3866.0","15:13:13.801","2223285.0000","1.5597","60564.0000","-0.0500","-0.0050","-1.0000","0.0000","0.0000","0.0000","0.0000","0.0000"
"3867.0","15:13:13.802","2222419.0000","1.4653","60564.0000","-0.0500","-0.0050","-1.0000","0.0000","0.0000","0.0000","0.0000","0.0000"
"3868.0","15:13:13.803","2222330.0000","1.4556","60564.0000","-0.0500","-0.0050","-1.0000","0.0000","0.0000","0.0000","0.0000","0.0000"
"3869.0","15:13:13.804","2223872.0000","1.6238","60564.0000","-0.0500","-0.0050","-1.0000","0.0000","0.0000","0.0000","0.0000","0.0000"
"3870.0","15:13:13.805","2222969.0000","1.5253","60564.0000","-0.0500","-0.0050","-1.0000","0.0000","0.0000","0.0000","0.0000","0.0000"
"3871.0","15:13:13.806","2223740.0000","1.6094","60564.0000","-0.0500","-0.0050","-1.0000","0.0000","0.0000","0.0000","0.0000","0.0000"
"3872.0","15:13:13.807","2223411.0000","1.5735","60564.0000","-0.0500","-0.0050","-1.0000","0.0000","0.0000","0.0000","0.0000","0.0000"
"3873.0","15:13:13.808","2222974.0000","1.5259","60564.0000","-0.0500","-0.0050","-1.0000","0.0000","0.0000","0.0000","0.0000","0.0000"
"3874.0","15:13:13.809","2223479.0000","1.5809","60564.0000","-0.0500","-0.0050","-1.0000","0.0000","0.0000","0.0000","0.0000","0.0000"
"3875.0","15:13:13.810","2222921.0000","1.5201","60564.0000","-0.0500","-0.0050","-1.0000","0.0000","0.0000","0.0000","0.0000","0.0000"
"3876.0","15:13:13.811","2223580.0000","1.5919","60564.0000","-0.0500","-0.0050","-1.0000","0.0000","0.0000","0.0000","0.0000","0.0000"
"3877.0","15:13:13.812","2222332.0000","1.4559","60564.0000","-0.0500","-0.0050","-1.0000","0.0000","0.0000","0.0000","0.0000","0.0000"
"3878.0","15:13:13.813","2223110.0000","1.5407","60564.0000","-0.0500","-0.0050","-1.0000","0.0000","0.0000","0.0000","0.0000","0.0000"
"3879.0","15:13:13.814","2223839.0000","1.6201","60564.0000","-0.0500","-0.0050","-1.0000","0.0000","0.0000","0.0000","0.0000","0.0000"
"3880.0","15:13:13.815","2223180.0000","1.5483","60563.0000","-0.0500","-0.0050","-1.0000","0.0000","0.0000","0.0000","0.0000","0.0000"
"3881.0","15:13:13.816","2222400.0000","1.4633","60563.0000","-0.0500","-0.0050","-1.0000","0.0000","0.0000","0.0000","0.0000","0.0000"
"3882.0","15:13:13.817","2222348.0000","1.4576","60563.0000","-0.0500","-0.0050","-1.0000","0.0000","0.0000","0.0000","0.0000","0.0000"
"3883.0","15:13:13.818","2222023.0000","1.4222","60563.0000","-0.0500","-0.0050","-1.0000","0.0000","0.0000","0.0000","0.0000","0.0000"
"3884.0","15:13:13.819","2223856.0000","1.6220","60563.0000","-0.0500","-0.0050","-1.0000","0.0000","0.0000","0.0000","0.0000","0.0000"
"3885.0","15:13:13.820","2224489.0000","1.6910","60563.0000","-0.0500","-0.0050","-1.0000","0.0000","0.0000","0.0000","0.0000","0.0000"
"3886.0","15:13:13.821","2223959.0000","1.6332","60563.0000","-0.0500","-0.0050","-1.0000","0.0000","0.0000","0.0000","0.0000","0.0000"
"3887.0","15:13:13.822","2223834.0000","1.6196","60563.0000","-0.0500","-0.0050","-1.0000","0.0000","0.0000","0.0000","0.0000","0.0000"
"3888.0","15:13:13.823","2223808.0000","1.6168","60563.0000","-0.0500","-0.0050","-1.0000","0.0000","0.0000","0.0000","0.0000","0.0000"
"3889.0","15:13:13.824","2224659.0000","1.7096","60563.0000","-0.0500","-0.0050","-1.0000","0.0000","0.0000","0.0000","0.0000","0.0000"
"3890.0","15:13:13.825","2224137.0000","1.6526","60563.0000","-0.0500","-0.0050","-1.0000","0.0000","0.0000","0.0000","0.0000","0.0000"
"3891.0","15:13:13.826","2224107.0000","1.6494","60563.0000","-0.0500","-0.0050","-1.0000","0.0000","0.0000","0.0000","0.0000","0.0000"
"3892.0","15:13:13.827","2223935.0000","1.6306","60563.0000","-0.0500","-0.0050","-1.0000","0.0000","0.0000","0.0000","0.0000","0.0000"
"3893.0","15:13:13.828","2224256.0000","1.6656","60563.0000","-0.0500","-0.0050","-1.0000","0.0000","0.0000","0.0000","0.0000","0.0000"
"3894.0","15:13:13.829","2224463.0000","1.6882","60563.0000","-0.0500","-0.0050","-1.0000","0.0000","0.0000","0.0000","0.0000","0.0000"
"3895.0","15:13:13.830","2223962.0000","1.6336","60563.0000","-0.0500","-0.0050","-1.0000","0.0000","0.0000","0.0000","0.0000","0.0000"
"3896.0","15:13:13.831","2224346.0000","1.6754","60563.0000","-0.0500","-0.0050","-1.0000","0.0000","0.0000","0.0000","0.0000","0.0000"
"3897.0","15:13:13.832","2224090.0000","1.6475","60563.0000","-0.0500","-0.0050","-1.0000","0.0000","0.0000","0.0000","0.0000","0.0000"
"3898.0","15:13:13.833","2224090.0000","1.6475","60563.0000","-0.0500","-0.0050","-1.0000","0.0000","0.0000","0.0000","0.0000","0.0000"
"3899.0","15:13:13.834","2223882.0000","1.6248","60563.0000","-0.0500","-0.0050","-1.0000","0.0000","0.0000","0.0000","0.0000","0.0000"
"3900.0","15:13:13.835","2224159.0000","1.6551","60563.0000","-0.0500","-0.0050","-1.0000","0.0000","0.0000","0.0000","0.0000","0.0000"
"3901.0","15:13:13.836","2223959.0000","1.6332","60563.0000","-0.0500","-0.0050","-1.0000","0.0000","0.0000","0.0000","0.0000","0.0000"
"3902.0","15:13:13.837","2224053.0000","1.6435","60563.0000","-0.0500","-0.0050","-1.0000","0.0000","0.0000","0.0000","0.0000","0.0000"
"3903.0","15:13:13.838","2224506.0000","1.6929","60563.0000","-0.0500","-0.0050","-1.0000","0.0000","0.0000","0.0000","0.0000","0.0000"
"3904.0","15:13:13.839","2224092.0000","1.6477","60563.0000","-0.0500","-0.0050","-1.0000","0.0000","0.0000","0.0000","0.0000","0.0000"
"3905.0","15:13:13.840","2224126.0000","1.6514","60563.0000","-0.0500","-0.0050","-1.0000","0.0000","0.0000","0.0000","0.0000","0.0000"
"3906.0","15:13:13.841","2223768.0000","1.6124","60563.0000","-0.0500","-0.0050","-1.0000","0.0000","0.0000","0.0000","0.0000","0.0000"
"3907.0","15:13:13.842","2223198.0000","1.5503","60563.0000","-0.0500","-0.0050","-1.0000","0.0000","0.0000","0.0000","0.0000","0.0000"
"3908.0","15:13:13.843","2223255.0000","1.5565","60563.0000","-0.0500","-0.0050","-1.0000","0.0000","0.0000","0.0000","0.0000","0.0000"
"3909.0","15:13:13.844","2222873.0000","1.5149","60563.0000","-0.0500","-0.0050","-1.0000","0.0000","0.0000","0.0000","0.0000","0.0000"
"3910.0","15:13:13.845","2223315.0000","1.5630","60563.0000","-0.0500","-0.0050","-1.0000","0.0000","0.0000","0.0000","0.0000","0.0000"
"3911.0","15:13:13.846","2222932.0000","1.5213","60563.0000","-0.0500","-0.0050","-1.0000","0.0000","0.0000","0.0000","0.0000","0.0000"
"3912.0","15:13:13.847","2223603.0000","1.5944","60563.0000","-0.0500","-0.0050","-1.0000","0.0000","0.0000","0.0000","0.0000","0.0000"
"3913.0","15:13:13.848","2223220.0000","1.5527","60563.0000","-0.0500","-0.0050","-1.0000","0.0000","0.0000","0.0000","0.0000","0.0000"
"3914.0","15:13:13.849","2222310.0000","1.4535","60563.0000","-0.0500","-0.0050","-1.0000","0.0000","0.0000","0.0000","0.0000","0.0000"
"3915.0","15:13:13.850","2223282.0000","1.5594","60563.0000","-0.0500","-0.0050","-1.0000","0.0000","0.0000","0.0000","0.0000","0.0000"
"3916.0","15:13:13.851","2223222.0000","1.5529","60563.0000","-0.0500","-0.0050","-1.0000","0.0000","0.0000","0.0000","0.0000","0.0000"
"3917.0","15:13:13.852","2222898.0000","1.5176","60563.0000","-0.0500","-0.0050","-1.0000","0.0000","0.0000","0.0000","0.0000","0.0000"
"3918.0","15:13:13.853","2224580.0000","1.7009","60563.0000","-0.0500","-0.0050","-1.0000","0.0000","0.0000","0.0000","0.0000","0.0000"
"3919.0","15:13:13.854","2224164.0000","1.6556","60563.0000","-0.0500","-0.0050","-1.0000","0.0000","0.0000","0.0000","0.0000","0.0000"
"3920.0","15:13:13.855","2224002.0000","1.6379","60563.0000","-0.0500","-0.0050","-1.0000","0.0000","0.0000","0.0000","0.0000","0.0000"
"3921.0","15:13:13.856","2224062.0000","1.6445","60563.0000","-0.0500","-0.0050","-1.0000","0.0000","0.0000","0.0000","0.0000","0.0000"
"3922.0","15:13:13.857","2224536.0000","1.6961","60563.0000","-0.0500","-0.0050","-1.0000","0.0000","0.0000","0.0000","0.0000","0.0000"
"3923.0","15:13:13.858","2224536.0000","1.6961","60563.0000","-0.0500","-0.0050","-1.0000","0.0000","0.0000","0.0000","0.0000","0.0000"
"3924.0","15:13:13.859","2223099.0000","1.5395","60563.0000","-0.0500","-0.0050","-1.0000","0.0000","0.0000","0.0000","0.0000","0.0000"
"3925.0","15:13:13.860","2223405.0000","1.5728","60563.0000","-0.0500","-0.0050","-1.0000","0.0000","0.0000","0.0000","0.0000","0.0000"
"3926.0","15:13:13.861","2223729.0000","1.6082","60563.0000","-0.0500","-0.0050","-1.0000","0.0000","0.0000","0.0000","0.0000","0.0000"
"3927.0","15:13:13.862","2223373.0000","1.5694","60563.0000","-0.0500","-0.0050","-1.0000","0.0000","0.0000","0.0000","0.0000","0.0000"
"3928.0","15:13:13.863","2223986.0000","1.6362","60563.0000","-0.0500","-0.0050","-1.0000","0.0000","0.0000","0.0000","0.0000","0.0000"
"3929.0","15:13:13.864","2223731.0000","1.6084","60563.0000","-0.0500","-0.0050","-1.0000","0.0000","0.0000","0.0000","0.0000","0.0000"
"3930.0","15:13:13.865","2223067.0000","1.5360","60563.0000","-0.0500","-0.0050","-1.0000","0.0000","0.0000","0.0000","0.0000","0.0000"
"3931.0","15:13:13.866","2223052.0000","1.5344","60563.0000","-0.0500","-0.0050","-1.0000","0.0000","0.0000","0.0000","0.0000","0.0000"
"3932.0","15:13:13.867","2223910.0000","1.6279","60563.0000","-0.0500","-0.0050","-1.0000","0.0000","0.0000","0.0000","0.0000","0.0000"
"3933.0","15:13:13.868","2223178.0000","1.5481","60563.0000","-0.0500","-0.0050","-1.0000","0.0000","0.0000","0.0000","0.0000","0.0000"
"3934.0","15:13:13.869","2223247.0000","1.5556","60563.0000","-0.0500","-0.0050","-1.0000","0.0000","0.0000","0.0000","0.0000","0.0000"
"3935.0","15:13:13.870","2224233.0000","1.6631","60563.0000","-0.0500","-0.0050","-1.0000","0.0000","0.0000","0.0000","0.0000","0.0000"
"3936.0","15:13:13.871","2224882.0000","1.7339","60563.0000","-0.0500","-0.0050","-1.0000","0.0000","0.0000","0.0000","0.0000","0.0000"
"3937.0","15:13:13.872","2224107.0000","1.6494","60563.0000","-0.0500","-0.0050","-1.0000","0.0000","0.0000","0.0000","0.0000","0.0000"
"3938.0","15:13:13.873","2223444.0000","1.5771","60563.0000","-0.0500","-0.0050","-1.0000","0.0000","0.0000","0.0000","0.0000","0.0000"
"3939.0","15:13:13.874","2224456.0000","1.6874","60563.0000","-0.0500","-0.0050","-1.0000","0.0000","0.0000","0.0000","0.0000","0.0000"
"3940.0","15:13:13.875","2224179.0000","1.6572","60554.0000","-0.0500","-0.0050","-1.0000","0.0000","0.0000","0.0000","0.0000","0.0000"
"3941.0","15:13:13.876","2222916.0000","1.5195","60554.0000","-0.0500","-0.0050","-1.0000","0.0000","0.0000","0.0000","0.0000","0.0000"
"3942.0","15:13:13.877","2223229.0000","1.5537","60554.0000","-0.0500","-0.0050","-1.0000","0.0000","0.0000","0.0000","0.0000","0.0000"
"3943.0","15:13:13.878","2224270.0000","1.6671","60554.0000","-0.0500","-0.0050","-1.0000","0.0000","0.0000","0.0000","0.0000","0.0000"
"3944.0","15:13:13.879","2224270.0000","1.6671","60554.0000","-0.0500","-0.0050","-1.0000","0.0000","0.0000","0.0000","0.0000","0.0000"
"3945.0","15:13:13.880","2224213.0000","1.6609","60554.0000","-0.0500","-0.0050","-1.0000","0.0000","0.0000","0.0000","0.0000","0.0000"
"3946.0","15:13:13.881","2224508.0000","1.6931","60554.0000","-0.0500","-0.0050","-1.0000","0.0000","0.0000","0.0000","0.0000","0.0000"
"3947.0","15:13:13.882","2223849.0000","1.6213","60554.0000","-0.0500","-0.0050","-1.0000","0.0000","0.0000","0.0000","0.0000","0.0000"
"3948.0","15:13:13.883","2223496.0000","1.5828","60554.0000","-0.0500","-0.0050","-1.0000","0.0000","0.0000","0.0000","0.0000","0.0000"
"3949.0","15:13:13.884","2223654.0000","1.6000","60554.0000","-0.0500","-0.0050","-1.0000","0.0000","0.0000","0.0000","0.0000","0.0000"
"3950.0","15:13:13.885","2222969.0000","1.5253","60554.0000","-0.0500","-0.0050","-1.0000","0.0000","0.0000","0.0000","0.0000","0.0000"
"3951.0","15:13:13.886","2223702.0000","1.6052","60554.0000","-0.0500","-0.0050","-1.0000","0.0000","0.0000","0.0000","0.0000","0.0000"
"3952.0","15:13:13.887","2223568.0000","1.5906","60554.0000","-0.0500","-0.0050","-1.0000","0.0000","0.0000","0.0000","0.0000","0.0000"
"3953.0","15:13:13.888","2224585.0000","1.7015","60554.0000","-0.0500","-0.0050","-1.0000","0.0000","0.0000","0.0000","0.0000","0.0000"
"3954.0","15:13:13.889","2224442.0000","1.6859","60554.0000","-0.0500","-0.0050","-1.0000","0.0000","0.0000","0.0000","0.0000","0.0000"
"3955.0","15:13:13.890","2224034.0000","1.6414","60554.0000","-0.0500","-0.0050","-1.0000","0.0000","0.0000","0.0000","0.0000","0.0000"
"3956.0","15:13:13.891","2223578.0000","1.5917","60554.0000","-0.0500","-0.0050","-1.0000","0.0000","0.0000","0.0000","0.0000","0.0000"
"3957.0","15:13:13.892","2223954.0000","1.6327","60554.0000","-0.0500","-0.0050","-1.0000","0.0000","0.0000","0.0000","0.0000","0.0000"
"3958.0","15:13:13.893","2223167.0000","1.5469","60554.0000","-0.0500","-0.0050","-1.0000","0.0000","0.0000","0.0000","0.0000","0.0000"
"3959.0","15:13:13.894","2223036.0000","1.5326","60554.0000","-0.0500","-0.0050","-1.0000","0.0000","0.0000","0.0000","0.0000","0.0000"
"3960.0","15:13:13.895","2223050.0000","1.5341","60554.0000","-0.0500","-0.0050","-1.0000","0.0000","0.0000","0.0000","0.0000","0.0000"
"3961.0","15:13:13.896","2224005.0000","1.6382","60554.0000","-0.0500","-0.0050","-1.0000","0.0000","0.0000","0.0000","0.0000","0.0000"
"3962.0","15:13:13.897","2222799.0000","1.5068","60554.0000","-0.0500","-0.0050","-1.0000","0.0000","0.0000","0.0000","0.0000","0.0000"
"3963.0","15:13:13.898","2222824.0000","1.5095","60554.0000","-0.0500","-0.0050","-1.0000","0.0000","0.0000","0.0000","0.0000","0.0000"
"3964.0","15:13:13.899","2222511.0000","1.4754","60554.0000","-0.0500","-0.0050","-1.0000","0.0000","0.0000","0.0000","0.0000","0.0000"
"3965.0","15:13:13.900","2223892.0000","1.6260","60554.0000","-0.0500","-0.0050","-1.0000","0.0000","0.0000","0.0000","0.0000","0.0000"
"3966.0","15:13:13.901","2223401.0000","1.5724","60554.0000","-0.0500","-0.0050","-1.0000","0.0000","0.0000","0.0000","0.0000","0.0000"
"3967.0","15:13:13.902","2223598.0000","1.5939","60554.0000","-0.0500","-0.0050","-1.0000","0.0000","0.0000","0.0000","0.0000","0.0000"
"3968.0","15:13:13.903","2224267.0000","1.6668","60554.0000","-0.0500","-0.0050","-1.0000","0.0000","0.0000","0.0000","0.0000","0.0000"
"3969.0","15:13:13.904","2224491.0000","1.6912","60554.0000","-0.0500","-0.0050","-1.0000","0.0000","0.0000","0.0000","0.0000","0.0000"
"3970.0","15:13:13.905","2224730.0000","1.7173","60554.0000","-0.0500","-0.0050","-1.0000","0.0000","0.0000","0.0000","0.0000","0.0000"
"3971.0","15:13:13.906","2224123.0000","1.6511","60554.0000","-0.0500","-0.0050","-1.0000","0.0000","0.0000","0.0000","0.0000","0.0000"
"3972.0","15:13:13.907","2223707.0000","1.6057","60554.0000","-0.0500","-0.0050","-1.0000","0.0000","0.0000","0.0000","0.0000","0.0000"
"3973.0","15:13:13.908","2224626.0000","1.7060","60554.0000","-0.0500","-0.0050","-1.0000","0.0000","0.0000","0.0000","0.0000","0.0000"
"3974.0","15:13:13.909","2223560.0000","1.5897","60554.0000","-0.0500","-0.0050","-1.0000","0.0000","0.0000","0.0000","0.0000","0.0000"
"3975.0","15:13:13.910","2223425.0000","1.5750","60554.0000","-0.0500","-0.0050","-1.0000","0.0000","0.0000","0.0000","0.0000","0.0000"
"3976.0","15:13:13.911","2224464.0000","1.6883","60554.0000","-0.0500","-0.0050","-1.0000","0.0000","0.0000","0.0000","0.0000","0.0000"
"3977.0","15:13:13.912","2223676.0000","1.6024","60554.0000","-0.0500","-0.0050","-1.0000","0.0000","0.0000","0.0000","0.0000","0.0000"
"3978.0","15:13:13.913","2223635.0000","1.5979","60554.0000","-0.0500","-0.0050","-1.0000","0.0000","0.0000","0.0000","0.0000","0.0000"
"3979.0","15:13:13.914","2223254.0000","1.5564","60554.0000","-0.0500","-0.0050","-1.0000","0.0000","0.0000","0.0000","0.0000","0.0000"
"3980.0","15:13:13.915","2222908.0000","1.5187","60554.0000","-0.0500","-0.0050","-1.0000","0.0000","0.0000","0.0000","0.0000","0.0000"
"3981.0","15:13:13.916","2223681.0000","1.6029","60554.0000","-0.0500","-0.0050","-1.0000","0.0000","0.0000","0.0000","0.0000","0.0000"
"3982.0","15:13:13.917","2224370.0000","1.6780","60554.0000","-0.0500","-0.0050","-1.0000","0.0000","0.0000","0.0000","0.0000","0.0000"
"3983.0","15:13:13.918","2223214.0000","1.5520","60554.0000","-0.0500","-0.0050","-1.0000","0.0000","0.0000","0.0000","0.0000","0.0000"
"3984.0","15:13:13.919","2222905.0000","1.5184","60554.0000","-0.0500","-0.0050","-1.0000","0.0000","0.0000","0.0000","0.0000","0.0000"
"3985.0","15:13:13.920","2224037.0000","1.6417","60554.0000","-0.0500","-0.0050","-1.0000","0.0000","0.0000","0.0000","0.0000","0.0000"
"3986.0","15:13:13.921","2224494.0000","1.6916","60554.0000","-0.0500","-0.0050","-1.0000","0.0000","0.0000","0.0000","0.0000","0.0000"
"3987.0","15:13:13.922","2223522.0000","1.5856","60554.0000","-0.0500","-0.0050","-1.0000","0.0000","0.0000","0.0000","0.0000","0.0000"
"3988.0","15:13:13.923","2223559.0000","1.5896","60554.0000","-0.0500","-0.0050","-1.0000","0.0000","0.0000","0.0000","0.0000","0.0000"
"3989.0","15:13:13.924","2222289.0000","1.4512","60554.0000","-0.0500","-0.0050","-1.0000","0.0000","0.0000","0.0000","0.0000","0.0000"
"3990.0","15:13:13.925","2223136.0000","1.5435","60554.0000","-0.0500","-0.0050","-1.0000","0.0000","0.0000","0.0000","0.0000","0.0000"
"3991.0","15:13:13.926","2223136.0000","1.5435","60554.0000","-0.0500","-0.0050","-1.0000","0.0000","0.0000","0.0000","0.0000","0.0000"
"3992.0","15:13:13.927","2222683.0000","1.4941","60554.0000","-0.0500","-0.0050","-1.0000","0.0000","0.0000","0.0000","0.0000","0.0000"
"3993.0","15:13:13.928","2223050.0000","1.5341","60554.0000","-0.0500","-0.0050","-1.0000","0.0000","0.0000","0.0000","0.0000","0.0000"
"3994.0","15:13:13.929","2223432.0000","1.5758","60554.0000","-0.0500","-0.0050","-1.0000","0.0000","0.0000","0.0000","0.0000","0.0000"
"3995.0","15:13:13.930","2223575.0000","1.5914","60554.0000","-0.0500","-0.0050","-1.0000","0.0000","0.0000","0.0000","0.0000","0.0000"
"3996.0","15:13:13.931","2223883.0000","1.6250","60554.0000","-0.0500","-0.0050","-1.0000","0.0000","0.0000","0.0000","0.0000","0.0000"
"3997.0","15:13:13.932","2223968.0000","1.6342","60554.0000","-0.0500","-0.0050","-1.0000","0.0000","0.0000","0.0000","0.0000","0.0000"
"3998.0","15:13:13.933","2223754.0000","1.6109","60554.0000","-0.0500","-0.0050","-1.0000","0.0000","0.0000","0.0000","0.0000","0.0000"
"3999.0","15:13:13.934","2223775.0000","1.6132","60554.0000","-0.0500","-0.0050","-1.0000","0.0000","0.0000","0.0000","0.0000","0.0000"
"4000.0","15:13:13.935","2223141.0000","1.5441","60554.0000","-0.0500","-0.0050","-1.0000","0.0000","0.0000","0.0000","0.0000","0.0000"
"4001.0","15:13:13.936","2223631.0000","1.5975","60560.0000","-0.0500","-0.0050","-1.0000","0.0000","0.0000","0.0000","0.0000","0.0000"
"4002.0","15:13:13.937","2224174.0000","1.6567","60560.0000","-0.0500","-0.0050","-1.0000","0.0000","0.0000","0.0000","0.0000","0.0000"
"4003.0","15:13:13.938","2224447.0000","1.6864","60560.0000","-0.0500","-0.0050","-1.0000","0.0000","0.0000","0.0000","0.0000","0.0000"
"4004.0","15:13:13.939","2223934.0000","1.6305","60560.0000","-0.0500","-0.0050","-1.0000","0.0000","0.0000","0.0000","0.0000","0.0000"
"4005.0","15:13:13.940","2223875.0000","1.6241","60560.0000","-0.0500","-0.0050","-1.0000","0.0000","0.0000","0.0000","0.0000","0.0000"
"4006.0","15:13:13.941","2224411.0000","1.6825","60560.0000","-0.0500","-0.0050","-1.0000","0.0000","0.0000","0.0000","0.0000","0.0000"
"4007.0","15:13:13.942","2224207.0000","1.6603","60560.0000","-0.0500","-0.0050","-1.0000","0.0000","0.0000","0.0000","0.0000","0.0000"
"4008.0","15:13:13.943","2224678.0000","1.7116","60560.0000","-0.0500","-0.0050","-1.0000","0.0000","0.0000","0.0000","0.0000","0.0000"
"4009.0","15:13:13.944","2223984.0000","1.6360","60560.0000","-0.0500","-0.0050","-1.0000","0.0000","0.0000","0.0000","0.0000","0.0000"
"4010.0","15:13:13.945","2223607.0000","1.5949","60560.0000","-0.0500","-0.0050","-1.0000","0.0000","0.0000","0.0000","0.0000","0.0000"
"4011.0","15:13:13.946","2223769.0000","1.6125","60560.0000","-0.0500","-0.0050","-1.0000","0.0000","0.0000","0.0000","0.0000","0.0000"
"4012.0","15:13:13.947","2224039.0000","1.6420","60560.0000","-0.0500","-0.0050","-1.0000","0.0000","0.0000","0.0000","0.0000","0.0000"
"4013.0","15:13:13.948","2223898.0000","1.6266","60560.0000","-0.0500","-0.0050","-1.0000","0.0000","0.0000","0.0000","0.0000","0.0000"
"4014.0","15:13:13.949","2223408.0000","1.5732","60560.0000","-0.0500","-0.0050","-1.0000","0.0000","0.0000","0.0000","0.0000","0.0000"
"4015.0","15:13:13.950","2224314.0000","1.6720","60560.0000","-0.0500","-0.0050","-1.0000","0.0000","0.0000","0.0000","0.0000","0.0000"
"4016.0","15:13:13.951","2223379.0000","1.5700","60560.0000","-0.0500","-0.0050","-1.0000","0.0000","0.0000","0.0000","0.0000","0.0000"
"4017.0","15:13:13.952","2223178.0000","1.5481","60560.0000","-0.0500","-0.0050","-1.0000","0.0000","0.0000","0.0000","0.0000","0.0000"
"4018.0","15:13:13.953","2223420.0000","1.5745","60560.0000","-0.0500","-0.0050","-1.0000","0.0000","0.0000","0.0000","0.0000","0.0000"
"4019.0","15:13:13.954","2224408.0000","1.6822","60560.0000","-0.0500","-0.0050","-1.0000","0.0000","0.0000","0.0000","0.0000","0.0000"
"4020.0","15:13:13.955","2223296.0000","1.5610","60560.0000","-0.0500","-0.0050","-1.0000","0.0000","0.0000","0.0000","0.0000","0.0000"
"4021.0","15:13:13.956","2222821.0000","1.5092","60560.0000","-0.0500","-0.0050","-1.0000","0.0000","0.0000","0.0000","0.0000","0.0000"
"4022.0","15:13:13.957","2223931.0000","1.6302","60560.0000","-0.0500","-0.0050","-1.0000","0.0000","0.0000","0.0000","0.0000","0.0000"
"4023.0","15:13:13.958","2223098.0000","1.5394","60560.0000","-0.0500","-0.0050","-1.0000","0.0000","0.0000","0.0000","0.0000","0.0000"
"4024.0","15:13:13.959","2222879.0000","1.5155","60560.0000","-0.0500","-0.0050","-1.0000","0.0000","0.0000","0.0000","0.0000","0.0000"
"4025.0","15:13:13.960","2221426.0000","1.3571","60560.0000","-0.0500","-0.0050","-1.0000","0.0000","0.0000","0.0000","0.0000","0.0000"
"4026.0","15:13:13.961","2222500.0000","1.4742","60560.0000","-0.0500","-0.0050","-1.0000","0.0000","0.0000","0.0000","0.0000","0.0000"
"4027.0","15:13:13.962","2222462.0000","1.4700","60560.0000","-0.0500","-0.0050","-1.0000","0.0000","0.0000","0.0000","0.0000","0.0000"
"4028.0","15:13:13.963","2222825.0000","1.5096","60560.0000","-0.0500","-0.0050","-1.0000","0.0000","0.0000","0.0000","0.0000","0.0000"
"4029.0","15:13:13.964","2222711.0000","1.4972","60560.0000","-0.0500","-0.0050","-1.0000","0.0000","0.0000","0.0000","0.0000","0.0000"
"4030.0","15:13:13.965","2223038.0000","1.5328","60560.0000","-0.0500","-0.0050","-1.0000","0.0000","0.0000","0.0000","0.0000","0.0000"
"4031.0","15:13:13.966","2223070.0000","1.5363","60560.0000","-0.0500","-0.0050","-1.0000","0.0000","0.0000","0.0000","0.0000","0.0000"
"4032.0","15:13:13.967","2224067.0000","1.6450","60560.0000","-0.0500","-0.0050","-1.0000","0.0000","0.0000","0.0000","0.0000","0.0000"
"4033.0","15:13:13.968","2224015.0000","1.6394","60560.0000","-0.0500","-0.0050","-1.0000","0.0000","0.0000","0.0000","0.0000","0.0000"
"4034.0","15:13:13.969","2223382.0000","1.5703","60560.0000","-0.0500","-0.0050","-1.0000","0.0000","0.0000","0.0000","0.0000","0.0000"
"4035.0","15:13:13.970","2224660.0000","1.7096","60560.0000","-0.0500","-0.0050","-1.0000","0.0000","0.0000","0.0000","0.0000","0.0000"
"4036.0","15:13:13.971","2225253.0000","1.7743","60560.0000","-0.0500","-0.0050","-1.0000","0.0000","0.0000","0.0000","0.0000","0.0000"
"4037.0","15:13:13.972","2223765.0000","1.6121","60560.0000","-0.0500","-0.0050","-1.0000","0.0000","0.0000","0.0000","0.0000","0.0000"
"4038.0","15:13:13.973","2223765.0000","1.6121","60560.0000","-0.0500","-0.0050","-1.0000","0.0000","0.0000","0.0000","0.0000","0.0000"
"4039.0","15:13:13.974","2223593.0000","1.5933","60560.0000","-0.0500","-0.0050","-1.0000","0.0000","0.0000","0.0000","0.0000","0.0000"
"4040.0","15:13:13.975","2223268.0000","1.5579","60560.0000","-0.0500","-0.0050","-1.0000","0.0000","0.0000","0.0000","0.0000","0.0000"
"4041.0","15:13:13.976","2223537.0000","1.5872","60560.0000","-0.0500","-0.0050","-1.0000","0.0000","0.0000","0.0000","0.0000","0.0000"
"4042.0","15:13:13.977","2222963.0000","1.5247","60560.0000","-0.0500","-0.0050","-1.0000","0.0000","0.0000","0.0000","0.0000","0.0000"
"4043.0","15:13:13.978","2222814.0000","1.5084","60560.0000","-0.0500","-0.0050","-1.0000","0.0000","0.0000","0.0000","0.0000","0.0000"
"4044.0","15:13:13.979","2223350.0000","1.5669","60560.0000","-0.0500","-0.0050","-1.0000","0.0000","0.0000","0.0000","0.0000","0.0000"
"4045.0","15:13:13.980","2222862.0000","1.5137","60560.0000","-0.0500","-0.0050","-1.0000","0.0000","0.0000","0.0000","0.0000","0.0000"
"4046.0","15:13:13.981","2223139.0000","1.5438","60560.0000","-0.0500","-0.0050","-1.0000","0.0000","0.0000","0.0000","0.0000","0.0000"
"4047.0","15:13:13.982","2223404.0000","1.5727","60560.0000","-0.0500","-0.0050","-1.0000","0.0000","0.0000","0.0000","0.0000","0.0000"
"4048.0","15:13:13.983","2223668.0000","1.6015","60560.0000","-0.0500","-0.0050","-1.0000","0.0000","0.0000","0.0000","0.0000","0.0000"
"4049.0","15:13:13.984","2223548.0000","1.5884","60560.0000","-0.0500","-0.0050","-1.0000","0.0000","0.0000","0.0000","0.0000","0.0000"
"4050.0","15:13:13.985","2223384.0000","1.5706","60560.0000","-0.0500","-0.0050","-1.0000","0.0000","0.0000","0.0000","0.0000","0.0000"
"4051.0","15:13:13.986","2224140.0000","1.6530","60560.0000","-0.0500","-0.0050","-1.0000","0.0000","0.0000","0.0000","0.0000","0.0000"
"4052.0","15:13:13.987","2224462.0000","1.6881","60560.0000","-0.0500","-0.0050","-1.0000","0.0000","0.0000","0.0000","0.0000","0.0000"
"4053.0","15:13:13.988","2224640.0000","1.7075","60560.0000","-0.0500","-0.0050","-1.0000","0.0000","0.0000","0.0000","0.0000","0.0000"
"4054.0","15:13:13.989","2224009.0000","1.6387","60560.0000","-0.0500","-0.0050","-1.0000","0.0000","0.0000","0.0000","0.0000","0.0000"
"4055.0","15:13:13.990","2225030.0000","1.7500","60560.0000","-0.0500","-0.0050","-1.0000","0.0000","0.0000","0.0000","0.0000","0.0000"
"4056.0","15:13:13.991","2224879.0000","1.7336","60560.0000","-0.0500","-0.0050","-1.0000","0.0000","0.0000","0.0000","0.0000","0.0000"
"4057.0","15:13:13.992","2225068.0000","1.7541","60560.0000","-0.0500","-0.0050","-1.0000","0.0000","0.0000","0.0000","0.0000","0.0000"
"4058.0","15:13:13.993","2224635.0000","1.7070","60560.0000","-0.0500","-0.0050","-1.0000","0.0000","0.0000","0.0000","0.0000","0.0000"
"4059.0","15:13:13.994","2223654.0000","1.6000","60560.0000","-0.0500","-0.0050","-1.0000","0.0000","0.0000","0.0000","0.0000","0.0000"
"4060.0","15:13:13.995","2223803.0000","1.6163","60560.0000","-0.0500","-0.0050","-1.0000","0.0000","0.0000","0.0000","0.0000","0.0000"
"4061.0","15:13:13.996","2224170.0000","1.6563","60562.0000","-0.0500","-0.0050","-1.0000","0.0000","0.0000","0.0000","0.0000","0.0000"
"4062.0","15:13:13.997","2223787.0000","1.6145","60562.0000","-0.0500","-0.0050","-1.0000","0.0000","0.0000","0.0000","0.0000","0.0000"
"4063.0","15:13:13.998","2224449.0000","1.6867","60562.0000","-0.0500","-0.0050","-1.0000","0.0000","0.0000","0.0000","0.0000","0.0000"
"4064.0","15:13:13.999","2224134.0000","1.6523","60562.0000","-0.0500","-0.0050","-1.0000","0.0000","0.0000","0.0000","0.0000","0.0000"
"4065.0","15:13:14.0","2224240.0000","1.6639","60562.0000","-0.0500","-0.0050","-1.0000","0.0000","0.0000","0.0000","0.0000","0.0000"
"4066.0","15:13:14.1","2224994.0000","1.7461","60562.0000","-0.0500","-0.0050","-1.0000","0.0000","0.0000","0.0000","0.0000","0.0000"
"4067.0","15:13:14.2","2224521.0000","1.6945","60562.0000","-0.0500","-0.0050","-1.0000","0.0000","0.0000","0.0000","0.0000","0.0000"
"4068.0","15:13:14.3","2225409.0000","1.7913","60562.0000","-0.0500","-0.0050","-1.0000","0.0000","0.0000","0.0000","0.0000","0.0000"
"4069.0","15:13:14.4","2225458.0000","1.7967","60562.0000","-0.0500","-0.0050","-1.0000","0.0000","0.0000","0.0000","0.0000","0.0000"
"4070.0","15:13:14.5","2225150.0000","1.7631","60562.0000","-0.0500","-0.0050","-1.0000","0.0000","0.0000","0.0000","0.0000","0.0000"
"4071.0","15:13:14.6","2225212.0000","1.7699","60562.0000","-0.0500","-0.0050","-1.0000","0.0000","0.0000","0.0000","0.0000","0.0000"
"4072.0","15:13:14.7","2224912.0000","1.7371","60562.0000","-0.0500","-0.0050","-1.0000","0.0000","0.0000","0.0000","0.0000","0.0000"
"4073.0","15:13:14.8","2224041.0000","1.6422","60562.0000","-0.0500","-0.0050","-1.0000","0.0000","0.0000","0.0000","0.0000","0.0000"
"4074.0","15:13:14.9","2224633.0000","1.7067","60562.0000","-0.0500","-0.0050","-1.0000","0.0000","0.0000","0.0000","0.0000","0.0000"
"4075.0","15:13:14.10","2224050.0000","1.6432","60562.0000","-0.0500","-0.0050","-1.0000","0.0000","0.0000","0.0000","0.0000","0.0000"
"4076.0","15:13:14.11","2223635.0000","1.5979","60562.0000","-0.0500","-0.0050","-1.0000","0.0000","0.0000","0.0000","0.0000","0.0000"
"4077.0","15:13:14.12","2224118.0000","1.6506","60562.0000","-0.0500","-0.0050","-1.0000","0.0000","0.0000","0.0000","0.0000","0.0000"
"4078.0","15:13:14.13","2223314.0000","1.5629","60562.0000","-0.0500","-0.0050","-1.0000","0.0000","0.0000","0.0000","0.0000","0.0000"
"4079.0","15:13:14.14","2222763.0000","1.5028","60562.0000","-0.0500","-0.0050","-1.0000","0.0000","0.0000","0.0000","0.0000","0.0000"
"4080.0","15:13:14.15","2223580.0000","1.5919","60562.0000","-0.0500","-0.0050","-1.0000","0.0000","0.0000","0.0000","0.0000","0.0000"
"4081.0","15:13:14.16","2223514.0000","1.5847","60562.0000","-0.0500","-0.0050","-1.0000","0.0000","0.0000","0.0000","0.0000","0.0000"
"4082.0","15:13:14.17","2223335.0000","1.5652","60562.0000","-0.0500","-0.0050","-1.0000","0.0000","0.0000","0.0000","0.0000","0.0000"
"4083.0","15:13:14.18","2223648.0000","1.5994","60562.0000","-0.0500","-0.0050","-1.0000","0.0000","0.0000","0.0000","0.0000","0.0000"
"4084.0","15:13:14.19","2223648.0000","1.5994","60562.0000","-0.0500","-0.0050","-1.0000","0.0000","0.0000","0.0000","0.0000","0.0000"
"4085.0","15:13:14.20","2223914.0000","1.6283","60562.0000","-0.0500","-0.0050","-1.0000","0.0000","0.0000","0.0000","0.0000","0.0000"
"4086.0","15:13:14.21","2224505.0000","1.6927","60562.0000","-0.0500","-0.0050","-1.0000","0.0000","0.0000","0.0000","0.0000","0.0000"
"4087.0","15:13:14.22","2225630.0000","1.8154","60562.0000","-0.0500","-0.0050","-1.0000","0.0000","0.0000","0.0000","0.0000","0.0000"
"4088.0","15:13:14.23","2225348.0000","1.7847","60562.0000","-0.0500","-0.0050","-1.0000","0.0000","0.0000","0.0000","0.0000","0.0000"
"4089.0","15:13:14.24","2224751.0000","1.7196","60562.0000","-0.0500","-0.0050","-1.0000","0.0000","0.0000","0.0000","0.0000","0.0000"
"4090.0","15:13:14.25","2224667.0000","1.7104","60562.0000","-0.0500","-0.0050","-1.0000","0.0000","0.0000","0.0000","0.0000","0.0000"
"4091.0","15:13:14.26","2224396.0000","1.6809","60562.0000","-0.0500","-0.0050","-1.0000","0.0000","0.0000","0.0000","0.0000","0.0000"
"4092.0","15:13:14.27","2223624.0000","1.5967","60562.0000","-0.0500","-0.0050","-1.0000","0.0000","0.0000","0.0000","0.0000","0.0000"
"4093.0","15:13:14.28","2222938.0000","1.5219","60562.0000","-0.0500","-0.0050","-1.0000","0.0000","0.0000","0.0000","0.0000","0.0000"
"4094.0","15:13:14.29","2223611.0000","1.5953","60562.0000","-0.0500","-0.0050","-1.0000","0.0000","0.0000","0.0000","0.0000","0.0000"
"4095.0","15:13:14.30","2223702.0000","1.6052","60562.0000","-0.0500","-0.0050","-1.0000","0.0000","0.0000","0.0000","0.0000","0.0000"
"4096.0","15:13:14.31","2222349.0000","1.4577","60562.0000","-0.0500","-0.0050","-1.0000","0.0000","0.0000","0.0000","0.0000","0.0000"
"4097.0","15:13:14.32","2222364.0000","1.4593","60562.0000","-0.0500","-0.0050","-1.0000","0.0000","0.0000","0.0000","0.0000","0.0000"
"4098.0","15:13:14.33","2222600.0000","1.4851","60562.0000","-0.0500","-0.0050","-1.0000","0.0000","0.0000","0.0000","0.0000","0.0000"
"4099.0","15:13:14.34","2222522.0000","1.4766","60562.0000","-0.0500","-0.0050","-1.0000","0.0000","0.0000","0.0000","0.0000","0.0000"
"4100.0","15:13:14.35","2222893.0000","1.5170","60562.0000","-0.0500","-0.0050","-1.0000","0.0000","0.0000","0.0000","0.0000","0.0000"
"4101.0","15:13:14.36","2222746.0000","1.5010","60562.0000","-0.0500","-0.0050","-1.0000","0.0000","0.0000","0.0000","0.0000","0.0000"
"4102.0","15:13:14.37","2223347.0000","1.5665","60562.0000","-0.0500","-0.0050","-1.0000","0.0000","0.0000","0.0000","0.0000","0.0000"
"4103.0","15:13:14.38","2222717.0000","1.4978","60562.0000","-0.0500","-0.0050","-1.0000","0.0000","0.0000","0.0000","0.0000","0.0000"
"4104.0","15:13:14.39","2223385.0000","1.5707","60562.0000","-0.0500","-0.0050","-1.0000","0.0000","0.0000","0.0000","0.0000","0.0000"
"4105.0","15:13:14.40","2223001.0000","1.5288","60562.0000","-0.0500","-0.0050","-1.0000","0.0000","0.0000","0.0000","0.0000","0.0000"
"4106.0","15:13:14.41","2222444.0000","1.4681","60562.0000","-0.0500","-0.0050","-1.0000","0.0000","0.0000","0.0000","0.0000","0.0000"
"4107.0","15:13:14.42","2223036.0000","1.5326","60562.0000","-0.0500","-0.0050","-1.0000","0.0000","0.0000","0.0000","0.0000","0.0000"
"4108.0","15:13:14.43","2223166.0000","1.5468","60562.0000","-0.0500","-0.0050","-1.0000","0.0000","0.0000","0.0000","0.0000","0.0000"
"4109.0","15:13:14.44","2222851.0000","1.5125","60562.0000","-0.0500","-0.0050","-1.0000","0.0000","0.0000","0.0000","0.0000","0.0000"
"4110.0","15:13:14.45","2222926.0000","1.5206","60562.0000","-0.0500","-0.0050","-1.0000","0.0000","0.0000","0.0000","0.0000","0.0000"
"4111.0","15:13:14.46","2222819.0000","1.5090","60562.0000","-0.0500","-0.0050","-1.0000","0.0000","0.0000","0.0000","0.0000","0.0000"
"4112.0","15:13:14.47","2222586.0000","1.4836","60562.0000","-0.0500","-0.0050","-1.0000","0.0000","0.0000","0.0000","0.0000","0.0000"
"4113.0","15:13:14.48","2223195.0000","1.5500","60562.0000","-0.0500","-0.0050","-1.0000","0.0000","0.0000","0.0000","0.0000","0.0000"
"4114.0","15:13:14.49","2223407.0000","1.5731","60562.0000","-0.0500","-0.0050","-1.0000","0.0000","0.0000","0.0000","0.0000","0.0000"
"4115.0","15:13:14.50","2222902.0000","1.5180","60562.0000","-0.0500","-0.0050","-1.0000","0.0000","0.0000","0.0000","0.0000","0.0000"
"4116.0","15:13:14.51","2223220.0000","1.5527","60562.0000","-0.0500","-0.0050","-1.0000","0.0000","0.0000","0.0000","0.0000","0.0000"
"4117.0","15:13:14.52","2222836.0000","1.5108","60562.0000","-0.0500","-0.0050","-1.0000","0.0000","0.0000","0.0000","0.0000","0.0000"
"4118.0","15:13:14.53","2223248.0000","1.5557","60562.0000","-0.0500","-0.0050","-1.0000","0.0000","0.0000","0.0000","0.0000","0.0000"
"4119.0","15:13:14.54","2222986.0000","1.5272","60562.0000","-0.0500","-0.0050","-1.0000","0.0000","0.0000","0.0000","0.0000","0.0000"
"4120.0","15:13:14.55","2223358.0000","1.5677","60562.0000","-0.0500","-0.0050","-1.0000","0.0000","0.0000","0.0000","0.0000","0.0000"
"4121.0","15:13:14.56","2222914.0000","1.5193","60562.0000","-0.0500","-0.0050","-1.0000","0.0000","0.0000","0.0000","0.0000","0.0000"
"4122.0","15:13:14.57","2223156.0000","1.5457","60550.0000","-0.0500","-0.0050","-1.0000","0.0000","0.0000","0.0000","0.0000","0.0000"
"4123.0","15:13:14.58","2224023.0000","1.6402","60550.0000","-0.0500","-0.0050","-1.0000","0.0000","0.0000","0.0000","0.0000","0.0000"
"4124.0","15:13:14.59","2223200.0000","1.5505","60550.0000","-0.0500","-0.0050","-1.0000","0.0000","0.0000","0.0000","0.0000","0.0000"
"4125.0","15:13:14.60","2222312.0000","1.4537","60550.0000","-0.0500","-0.0050","-1.0000","0.0000","0.0000","0.0000","0.0000","0.0000"
"4126.0","15:13:14.61","2222661.0000","1.4918","60550.0000","-0.0500","-0.0050","-1.0000","0.0000","0.0000","0.0000","0.0000","0.0000"
"4127.0","15:13:14.62","2222298.0000","1.4521","60550.0000","-0.0500","-0.0050","-1.0000","0.0000","0.0000","0.0000","0.0000","0.0000"
"4128.0","15:13:14.63","2221338.0000","1.3475","60550.0000","-0.0500","-0.0050","-1.0000","0.0000","0.0000","0.0000","0.0000","0.0000"
"4129.0","15:13:14.64","2222652.0000","1.4908","60550.0000","-0.0500","-0.0050","-1.0000","0.0000","0.0000","0.0000","0.0000","0.0000"
"4130.0","15:13:14.65","2222721.0000","1.4983","60550.0000","-0.0500","-0.0050","-1.0000","0.0000","0.0000","0.0000","0.0000","0.0000"
"4131.0","15:13:14.66","2222721.0000","1.4983","60550.0000","-0.0500","-0.0050","-1.0000","0.0000","0.0000","0.0000","0.0000","0.0000"
"4132.0","15:13:14.67","2222971.0000","1.5256","60550.0000","-0.0500","-0.0050","-1.0000","0.0000","0.0000","0.0000","0.0000","0.0000"
"4133.0","15:13:14.68","2223413.0000","1.5737","60550.0000","-0.0500","-0.0050","-1.0000","0.0000","0.0000","0.0000","0.0000","0.0000"
"4134.0","15:13:14.69","2223329.0000","1.5646","60550.0000","-0.0500","-0.0050","-1.0000","0.0000","0.0000","0.0000","0.0000","0.0000"
"4135.0","15:13:14.70","2224124.0000","1.6512","60550.0000","-0.0500","-0.0050","-1.0000","0.0000","0.0000","0.0000","0.0000","0.0000"
"4136.0","15:13:14.71","2224396.0000","1.6809","60550.0000","-0.0500","-0.0050","-1.0000","0.0000","0.0000","0.0000","0.0000","0.0000"
"4137.0","15:13:14.72","2223741.0000","1.6095","60550.0000","-0.0500","-0.0050","-1.0000","0.0000","0.0000","0.0000","0.0000","0.0000"
"4138.0","15:13:14.73","2224037.0000","1.6417","60550.0000","-0.0500","-0.0050","-1.0000","0.0000","0.0000","0.0000","0.0000","0.0000"
"4139.0","15:13:14.74","2223350.0000","1.5669","60550.0000","-0.0500","-0.0050","-1.0000","0.0000","0.0000","0.0000","0.0000","0.0000"
"4140.0","15:13:14.75","2223604.0000","1.5945","60550.0000","-0.0500","-0.0050","-1.0000","0.0000","0.0000","0.0000","0.0000","0.0000"
"4141.0","15:13:14.76","2223947.0000","1.6319","60550.0000","-0.0500","-0.0050","-1.0000","0.0000","0.0000","0.0000","0.0000","0.0000"
"4142.0","15:13:14.77","2223458.0000","1.5786","60550.0000","-0.0500","-0.0050","-1.0000","0.0000","0.0000","0.0000","0.0000","0.0000"
"4143.0","15:13:14.78","2222891.0000","1.5168","60550.0000","-0.0500","-0.0050","-1.0000","0.0000","0.0000","0.0000","0.0000","0.0000"
"4144.0","15:13:14.79","2223185.0000","1.5488","60550.0000","-0.0500","-0.0050","-1.0000","0.0000","0.0000","0.0000","0.0000","0.0000"
"4145.0","15:13:14.80","2223889.0000","1.6256","60550.0000","-0.0500","-0.0050","-1.0000","0.0000","0.0000","0.0000","0.0000","0.0000"
"4146.0","15:13:14.81","2224083.0000","1.6467","60550.0000","-0.0500","-0.0050","-1.0000","0.0000","0.0000","0.0000","0.0000","0.0000"
"4147.0","15:13:14.82","2223603.0000","1.5944","60550.0000","-0.0500","-0.0050","-1.0000","0.0000","0.0000","0.0000","0.0000","0.0000"
"4148.0","15:13:14.83","2223792.0000","1.6150","60550.0000","-0.0500","-0.0050","-1.0000","0.0000","0.0000","0.0000","0.0000","0.0000"
"4149.0","15:13:14.84","2223764.0000","1.6120","60550.0000","-0.0500","-0.0050","-1.0000","0.0000","0.0000","0.0000","0.0000","0.0000"
"4150.0","15:13:14.85","2224394.0000","1.6807","60550.0000","-0.0500","-0.0050","-1.0000","0.0000","0.0000","0.0000","0.0000","0.0000"
"4151.0","15:13:14.86","2224514.0000","1.6937","60550.0000","-0.0500","-0.0050","-1.0000","0.0000","0.0000","0.0000","0.0000","0.0000"
"4152.0","15:13:14.87","2224190.0000","1.6584","60550.0000","-0.0500","-0.0050","-1.0000","0.0000","0.0000","0.0000","0.0000","0.0000"
"4153.0","15:13:14.88","2224005.0000","1.6382","60550.0000","-0.0500","-0.0050","-1.0000","0.0000","0.0000","0.0000","0.0000","0.0000"
"4154.0","15:13:14.89","2223803.0000","1.6163","60550.0000","-0.0500","-0.0050","-1.0000","0.0000","0.0000","0.0000","0.0000","0.0000"
"4155.0","15:13:14.90","2224805.0000","1.7255","60550.0000","-0.0500","-0.0050","-1.0000","0.0000","0.0000","0.0000","0.0000","0.0000"
"4156.0","15:13:14.91","2223824.0000","1.6185","60550.0000","-0.0500","-0.0050","-1.0000","0.0000","0.0000","0.0000","0.0000","0.0000"
"4157.0","15:13:14.92","2223042.0000","1.5333","60550.0000","-0.0500","-0.0050","-1.0000","0.0000","0.0000","0.0000","0.0000","0.0000"
"4158.0","15:13:14.93","2223108.0000","1.5405","60550.0000","-0.0500","-0.0050","-1.0000","0.0000","0.0000","0.0000","0.0000","0.0000"
"4159.0","15:13:14.94","2222862.0000","1.5137","60550.0000","-0.0500","-0.0050","-1.0000","0.0000","0.0000","0.0000","0.0000","0.0000"
"4160.0","15:13:14.95","2223130.0000","1.5429","60550.0000","-0.0500","-0.0050","-1.0000","0.0000","0.0000","0.0000","0.0000","0.0000"
"4161.0","15:13:14.96","2223624.0000","1.5967","60550.0000","-0.0500","-0.0050","-1.0000","0.0000","0.0000","0.0000","0.0000","0.0000"
"4162.0","15:13:14.97","2224565.0000","1.6993","60550.0000","-0.0500","-0.0050","-1.0000","0.0000","0.0000","0.0000","0.0000","0.0000"
"4163.0","15:13:14.98","2224914.0000","1.7374","60550.0000","-0.0500","-0.0050","-1.0000","0.0000","0.0000","0.0000","0.0000","0.0000"
"4164.0","15:13:14.99","2225354.0000","1.7853","60550.0000","-0.0500","-0.0050","-1.0000","0.0000","0.0000","0.0000","0.0000","0.0000"
"4165.0","15:13:14.100","2225756.0000","1.8291","60550.0000","-0.0500","-0.0050","-1.0000","0.0000","0.0000","0.0000","0.0000","0.0000"
"4166.0","15:13:14.101","2225104.0000","1.7581","60550.0000","-0.0500","-0.0050","-1.0000","0.0000","0.0000","0.0000","0.0000","0.0000"
"4167.0","15:13:14.102","2224197.0000","1.6592","60550.0000","-0.0500","-0.0050","-1.0000","0.0000","0.0000","0.0000","0.0000","0.0000"
"4168.0","15:13:14.103","2224276.0000","1.6678","60550.0000","-0.0500","-0.0050","-1.0000","0.0000","0.0000","0.0000","0.0000","0.0000"
"4169.0","15:13:14.104","2221786.0000","1.3964","60550.0000","-0.0500","-0.0050","-1.0000","0.0000","0.0000","0.0000","0.0000","0.0000"
"4170.0","15:13:14.105","2220562.0000","1.2629","60550.0000","-0.0500","-0.0050","-1.0000","0.0000","0.0000","0.0000","0.0000","0.0000"
"4171.0","15:13:14.106","2220220.0000","1.2256","60550.0000","-0.0500","-0.0050","-1.0000","0.0000","0.0000","0.0000","0.0000","0.0000"
"4172.0","15:13:14.107","2218484.0000","1.0364","60550.0000","-0.0500","-0.0050","-1.0000","0.0000","0.0000","0.0000","0.0000","0.0000"
"4173.0","15:13:14.108","2217121.0000","0.8878","60550.0000","-0.0500","-0.0050","-1.0000","0.0000","0.0000","0.0000","0.0000","0.0000"
"4174.0","15:13:14.109","2216428.0000","0.8122","60550.0000","-0.0500","-0.0050","-1.0000","0.0000","0.0000","0.0000","0.0000","0.0000"
"4175.0","15:13:14.110","2216249.0000","0.7927","60550.0000","-0.0500","-0.0050","-1.0000","0.0000","0.0000","0.0000","0.0000","0.0000"
"4176.0","15:13:14.111","2215794.0000","0.7431","60550.0000","-0.0500","-0.0050","-1.0000","0.0000","0.0000","0.0000","0.0000","0.0000"
"4177.0","15:13:14.112","2216427.0000","0.8121","60550.0000","-0.0500","-0.0050","-1.0000","0.0000","0.0000","0.0000","0.0000","0.0000"
"4178.0","15:13:14.113","2216427.0000","0.8121","60550.0000","-0.0500","-0.0050","-1.0000","0.0000","0.0000","0.0000","0.0000","0.0000"
"4179.0","15:13:14.114","2217056.0000","0.8807","60550.0000","-0.0500","-0.0050","-1.0000","0.0000","0.0000","0.0000","0.0000","0.0000"
"4180.0","15:13:14.115","2217045.0000","0.8795","60550.0000","-0.0500","-0.0050","-1.0000","0.0000","0.0000","0.0000","0.0000","0.0000"
"4181.0","15:13:14.116","2217492.0000","0.9282","60550.0000","-0.0500","-0.0050","-1.0000","0.0000","0.0000","0.0000","0.0000","0.0000"
"4182.0","15:13:14.117","2218300.0000","1.0163","60560.0000","-0.0500","-0.0050","-1.0000","0.0000","0.0000","0.0000","0.0000","0.0000"
"4183.0","15:13:14.118","2217631.0000","0.9434","60560.0000","-0.0500","-0.0050","-1.0000","0.0000","0.0000","0.0000","0.0000","0.0000"
"4184.0","15:13:14.119","2218749.0000","1.0652","60560.0000","-0.0500","-0.0050","-1.0000","0.0000","0.0000","0.0000","0.0000","0.0000"
"4185.0","15:13:14.120","2219500.0000","1.1471","60560.0000","-0.0500","-0.0050","-1.0000","0.0000","0.0000","0.0000","0.0000","0.0000"
"4186.0","15:13:14.121","2220115.0000","1.2142","60560.0000","-0.0500","-0.0050","-1.0000","0.0000","0.0000","0.0000","0.0000","0.0000"
"4187.0","15:13:14.122","2221182.0000","1.3305","60560.0000","-0.0500","-0.0050","-1.0000","0.0000","0.0000","0.0000","0.0000","0.0000"
"4188.0","15:13:14.123","2220451.0000","1.2508","60560.0000","-0.0500","-0.0050","-1.0000","0.0000","0.0000","0.0000","0.0000","0.0000"
"4189.0","15:13:14.124","2222763.0000","1.5028","60560.0000","-0.0500","-0.0050","-1.0000","0.0000","0.0000","0.0000","0.0000","0.0000"
"4190.0","15:13:14.125","2223429.0000","1.5754","60560.0000","-0.0500","-0.0050","-1.0000","0.0000","0.0000","0.0000","0.0000","0.0000"
"4191.0","15:13:14.126","2224309.0000","1.6714","60560.0000","-0.0500","-0.0050","-1.0000","0.0000","0.0000","0.0000","0.0000","0.0000"
"4192.0","15:13:14.127","2226094.0000","1.8660","60560.0000","-0.0500","-0.0050","-1.0000","0.0000","0.0000","0.0000","0.0000","0.0000"
"4193.0","15:13:14.128","2226722.0000","1.9345","60560.0000","-0.0500","-0.0050","-1.0000","0.0000","0.0000","0.0000","0.0000","0.0000"
"4194.0","15:13:14.129","2227516.0000","2.0210","60560.0000","-0.0500","-0.0050","-1.0000","0.0000","0.0000","0.0000","0.0000","0.0000"
"4195.0","15:13:14.130","2228407.0000","2.1181","60560.0000","-0.0500","-0.0050","-1.0000","0.0000","0.0000","0.0000","0.0000","0.0000"
"4196.0","15:13:14.131","2230069.0000","2.2993","60560.0000","-0.0500","-0.0050","-1.0000","0.0000","0.0000","0.0000","0.0000","0.0000"
"4197.0","15:13:14.132","2230102.0000","2.3029","60560.0000","-0.0500","-0.0050","-1.0000","0.0000","0.0000","0.0000","0.0000","0.0000"
"4198.0","15:13:14.133","2230818.0000","2.3810","60560.0000","-0.0500","-0.0050","-1.0000","0.0000","0.0000","0.0000","0.0000","0.0000"
"4199.0","15:13:14.134","2230461.0000","2.3421","60560.0000","-0.0500","-0.0050","-1.0000","0.0000","0.0000","0.0000","0.0000","0.0000"
"4200.0","15:13:14.135","2230683.0000","2.3663","60560.0000","-0.0500","-0.0050","-1.0000","0.0000","0.0000","0.0000","0.0000","0.0000"
"4201.0","15:13:14.136","2230461.0000","2.3421","60560.0000","-0.0500","-0.0050","-1.0000","0.0000","0.0000","0.0000","0.0000","0.0000"
"4202.0","15:13:14.137","2230833.0000","2.3826","60560.0000","-0.0500","-0.0050","-1.0000","0.0000","0.0000","0.0000","0.0000","0.0000"
"4203.0","15:13:14.138","2229349.0000","2.2208","60560.0000","-0.0500","-0.0050","-1.0000","0.0000","0.0000","0.0000","0.0000","0.0000"
"4204.0","15:13:14.139","2228958.0000","2.1782","60560.0000","-0.0500","-0.0050","-1.0000","0.0000","0.0000","0.0000","0.0000","0.0000"
"4205.0","15:13:14.140","2228873.0000","2.1690","60560.0000","-0.0500","-0.0050","-1.0000","0.0000","0.0000","0.0000","0.0000","0.0000"
"4206.0","15:13:14.141","2228030.0000","2.0771","60560.0000","-0.0500","-0.0050","-1.0000","0.0000","0.0000","0.0000","0.0000","0.0000"
"4207.0","15:13:14.142","2227503.0000","2.0196","60560.0000","-0.0500","-0.0050","-1.0000","0.0000","0.0000","0.0000","0.0000","0.0000"
"4208.0","15:13:14.143","2227085.0000","1.9740","60560.0000","-0.0500","-0.0050","-1.0000","0.0000","0.0000","0.0000","0.0000","0.0000"
"4209.0","15:13:14.144","2226335.0000","1.8923","60560.0000","-0.0500","-0.0050","-1.0000","0.0000","0.0000","0.0000","0.0000","0.0000"
"4210.0","15:13:14.145","2225868.0000","1.8413","60560.0000","-0.0500","-0.0050","-1.0000","0.0000","0.0000","0.0000","0.0000","0.0000"
"4211.0","15:13:14.146","2225986.0000","1.8542","60560.0000","-0.0500","-0.0050","-1.0000","0.0000","0.0000","0.0000","0.0000","0.0000"
"4212.0","15:13:14.147","2225730.0000","1.8263","60560.0000","-0.0500","-0.0050","-1.0000","0.0000","0.0000","0.0000","0.0000","0.0000"
"4213.0","15:13:14.148","2225663.0000","1.8190","60560.0000","-0.0500","-0.0050","-1.0000","0.0000","0.0000","0.0000","0.0000","0.0000"
"4214.0","15:13:14.149","2225008.0000","1.7476","60560.0000","-0.0500","-0.0050","-1.0000","0.0000","0.0000","0.0000","0.0000","0.0000"
"4215.0","15:13:14.150","2224472.0000","1.6892","60560.0000","-0.0500","-0.0050","-1.0000","0.0000","0.0000","0.0000","0.0000","0.0000"
"4216.0","15:13:14.151","2224833.0000","1.7285","60560.0000","-0.0500","-0.0050","-1.0000","0.0000","0.0000","0.0000","0.0000","0.0000"
"4217.0","15:13:14.152","2224694.0000","1.7134","60560.0000","-0.0500","-0.0050","-1.0000","0.0000","0.0000","0.0000","0.0000","0.0000"
"4218.0","15:13:14.153","2224659.0000","1.7096","60560.0000","-0.0500","-0.0050","-1.0000","0.0000","0.0000","0.0000","0.0000","0.0000"
"4219.0","15:13:14.154","2225755.0000","1.8290","60560.0000","-0.0500","-0.0050","-1.0000","0.0000","0.0000","0.0000","0.0000","0.0000"
"4220.0","15:13:14.155","2225981.0000","1.8537","60560.0000","-0.0500","-0.0050","-1.0000","0.0000","0.0000","0.0000","0.0000","0.0000"
"4221.0","15:13:14.156","2225995.0000","1.8552","60560.0000","-0.0500","-0.0050","-1.0000","0.0000","0.0000","0.0000","0.0000","0.0000"
"4222.0","15:13:14.157","2226624.0000","1.9238","60560.0000","-0.0500","-0.0050","-1.0000","0.0000","0.0000","0.0000","0.0000","0.0000"
"4223.0","15:13:14.158","2226075.0000","1.8639","60560.0000","-0.0500","-0.0050","-1.0000","0.0000","0.0000","0.0000","0.0000","0.0000"
"4224.0","15:13:14.159","2226432.0000","1.9028","60560.0000","-0.0500","-0.0050","-1.0000","0.0000","0.0000","0.0000","0.0000","0.0000"
"4225.0","15:13:14.160","2226432.0000","1.9028","60560.0000","-0.0500","-0.0050","-1.0000","0.0000","0.0000","0.0000","0.0000","0.0000"
"4226.0","15:13:14.161","2225314.0000","1.7809","60560.0000","-0.0500","-0.0050","-1.0000","0.0000","0.0000","0.0000","0.0000","0.0000"
"4227.0","15:13:14.162","2224998.0000","1.7465","60560.0000","-0.0500","-0.0050","-1.0000","0.0000","0.0000","0.0000","0.0000","0.0000"
"4228.0","15:13:14.163","2225025.0000","1.7495","60560.0000","-0.0500","-0.0050","-1.0000","0.0000","0.0000","0.0000","0.0000","0.0000"
"4229.0","15:13:14.164","2224604.0000","1.7036","60560.0000","-0.0500","-0.0050","-1.0000","0.0000","0.0000","0.0000","0.0000","0.0000"
"4230.0","15:13:14.165","2223836.0000","1.6198","60560.0000","-0.0500","-0.0050","-1.0000","0.0000","0.0000","0.0000","0.0000","0.0000"
"4231.0","15:13:14.166","2221506.0000","1.3658","60560.0000","-0.0500","-0.0050","-1.0000","0.0000","0.0000","0.0000","0.0000","0.0000"
"4232.0","15:13:14.167","2220172.0000","1.2204","60560.0000","-0.0500","-0.0050","-1.0000","0.0000","0.0000","0.0000","0.0000","0.0000"
"4233.0","15:13:14.168","2219713.0000","1.1703","60560.0000","-0.0500","-0.0050","-1.0000","0.0000","0.0000","0.0000","0.0000","0.0000"
"4234.0","15:13:14.169","2219813.0000","1.1812","60560.0000","-0.0500","-0.0050","-1.0000","0.0000","0.0000","0.0000","0.0000","0.0000"
"4235.0","15:13:14.170","2219263.0000","1.1213","60560.0000","-0.0500","-0.0050","-1.0000","0.0000","0.0000","0.0000","0.0000","0.0000"
"4236.0","15:13:14.171","2218787.0000","1.0694","60560.0000","-0.0500","-0.0050","-1.0000","0.0000","0.0000","0.0000","0.0000","0.0000"
"4237.0","15:13:14.172","2218199.0000","1.0053","60560.0000","-0.0500","-0.0050","-1.0000","0.0000","0.0000","0.0000","0.0000","0.0000"
"4238.0","15:13:14.173","2218886.0000","1.0802","60560.0000","-0.0500","-0.0050","-1.0000","0.0000","0.0000","0.0000","0.0000","0.0000"
"4239.0","15:13:14.174","2218185.0000","1.0038","60560.0000","-0.0500","-0.0050","-1.0000","0.0000","0.0000","0.0000","0.0000","0.0000"
"4240.0","15:13:14.175","2217229.0000","0.8996","60560.0000","-0.0500","-0.0050","-1.0000","0.0000","0.0000","0.0000","0.0000","0.0000"
"4241.0","15:13:14.176","2216650.0000","0.8364","60560.0000","-0.0500","-0.0050","-1.0000","0.0000","0.0000","0.0000","0.0000","0.0000"
"4242.0","15:13:14.177","2216605.0000","0.8315","60550.0000","-0.0500","-0.0050","-1.0000","0.0000","0.0000","0.0000","0.0000","0.0000"
"4243.0","15:13:14.178","2216616.0000","0.8327","60550.0000","-0.0500","-0.0050","-1.0000","0.0000","0.0000","0.0000","0.0000","0.0000"
"4244.0","15:13:14.179","2216582.0000","0.8290","60550.0000","-0.0500","-0.0050","-1.0000","0.0000","0.0000","0.0000","0.0000","0.0000"
"4245.0","15:13:14.180","2216572.0000","0.8279","60550.0000","-0.0500","-0.0050","-1.0000","0.0000","0.0000","0.0000","0.0000","0.0000"
"4246.0","15:13:14.181","2217444.0000","0.9230","60550.0000","-0.0500","-0.0050","-1.0000","0.0000","0.0000","0.0000","0.0000","0.0000"
"4247.0","15:13:14.182","2218036.0000","0.9875","60550.0000","-0.0500","-0.0050","-1.0000","0.0000","0.0000","0.0000","0.0000","0.0000"
"4248.0","15:13:14.183","2217784.0000","0.9601","60550.0000","-0.0500","-0.0050","-1.0000","0.0000","0.0000","0.0000","0.0000","0.0000"
"4249.0","15:13:14.184","2218980.0000","1.0905","60550.0000","-0.0500","-0.0050","-1.0000","0.0000","0.0000","0.0000","0.0000","0.0000"
"4250.0","15:13:14.185","2220173.0000","1.2205","60550.0000","-0.0500","-0.0050","-1.0000","0.0000","0.0000","0.0000","0.0000","0.0000"
"4251.0","15:13:14.186","2220178.0000","1.2210","60550.0000","-0.0500","-0.0050","-1.0000","0.0000","0.0000","0.0000","0.0000","0.0000"
"4252.0","15:13:14.187","2221752.0000","1.3926","60550.0000","-0.0500","-0.0050","-1.0000","0.0000","0.0000","0.0000","0.0000","0.0000"
"4253.0","15:13:14.188","2223622.0000","1.5965","60550.0000","-0.0500","-0.0050","-1.0000","0.0000","0.0000","0.0000","0.0000","0.0000"
"4254.0","15:13:14.189","2224623.0000","1.7056","60550.0000","-0.0500","-0.0050","-1.0000","0.0000","0.0000","0.0000","0.0000","0.0000"
"4255.0","15:13:14.190","2224861.0000","1.7316","60550.0000","-0.0500","-0.0050","-1.0000","0.0000","0.0000","0.0000","0.0000","0.0000"
"4256.0","15:13:14.191","2225901.0000","1.8450","60550.0000","-0.0500","-0.0050","-1.0000","0.0000","0.0000","0.0000","0.0000","0.0000"
"4257.0","15:13:14.192","2226306.0000","1.8891","60550.0000","-0.0500","-0.0050","-1.0000","0.0000","0.0000","0.0000","0.0000","0.0000"
"4258.0","15:13:14.193","2226063.0000","1.8626","60550.0000","-0.0500","-0.0050","-1.0000","0.0000","0.0000","0.0000","0.0000","0.0000"
"4259.0","15:13:14.194","2227328.0000","2.0005","60550.0000","-0.0500","-0.0050","-1.0000","0.0000","0.0000","0.0000","0.0000","0.0000"
"4260.0","15:13:14.195","2225914.0000","1.8464","60550.0000","-0.0500","-0.0050","-1.0000","0.0000","0.0000","0.0000","0.0000","0.0000"
"4261.0","15:13:14.196","2225759.0000","1.8295","60550.0000","-0.0500","-0.0050","-1.0000","0.0000","0.0000","0.0000","0.0000","0.0000"
"4262.0","15:13:14.197","2226497.0000","1.9099","60550.0000","-0.0500","-0.0050","-1.0000","0.0000","0.0000","0.0000","0.0000","0.0000"
"4263.0","15:13:14.198","2227040.0000","1.9691","60550.0000","-0.0500","-0.0050","-1.0000","0.0000","0.0000","0.0000","0.0000","0.0000"
"4264.0","15:13:14.199","2226737.0000","1.9361","60550.0000","-0.0500","-0.0050","-1.0000","0.0000","0.0000","0.0000","0.0000","0.0000"
"4265.0","15:13:14.200","2226938.0000","1.9580","60550.0000","-0.0500","-0.0050","-1.0000","0.0000","0.0000","0.0000","0.0000","0.0000"
"4266.0","15:13:14.201","2226807.0000","1.9437","60550.0000","-0.0500","-0.0050","-1.0000","0.0000","0.0000","0.0000","0.0000","0.0000"
"4267.0","15:13:14.202","2226216.0000","1.8793","60550.0000","-0.0500","-0.0050","-1.0000","0.0000","0.0000","0.0000","0.0000","0.0000"
"4268.0","15:13:14.203","2226946.0000","1.9589","60550.0000","-0.0500","-0.0050","-1.0000","0.0000","0.0000","0.0000","0.0000","0.0000"
"4269.0","15:13:14.204","2226869.0000","1.9505","60550.0000","-0.0500","-0.0050","-1.0000","0.0000","0.0000","0.0000","0.0000","0.0000"
"4270.0","15:13:14.205","2226960.0000","1.9604","60550.0000","-0.0500","-0.0050","-1.0000","0.0000","0.0000","0.0000","0.0000","0.0000"
"4271.0","15:13:14.206","2226960.0000","1.9604","60550.0000","-0.0500","-0.0050","-1.0000","0.0000","0.0000","0.0000","0.0000","0.0000"
"4272.0","15:13:14.207","2225827.0000","1.8369","60550.0000","-0.0500","-0.0050","-1.0000","0.0000","0.0000","0.0000","0.0000","0.0000"
"4273.0","15:13:14.208","2224211.0000","1.6607","60550.0000","-0.0500","-0.0050","-1.0000","0.0000","0.0000","0.0000","0.0000","0.0000"
"4274.0","15:13:14.209","2224335.0000","1.6742","60550.0000","-0.0500","-0.0050","-1.0000","0.0000","0.0000","0.0000","0.0000","0.0000"
"4275.0","15:13:14.210","2223962.0000","1.6336","60550.0000","-0.0500","-0.0050","-1.0000","0.0000","0.0000","0.0000","0.0000","0.0000"
"4276.0","15:13:14.211","2223549.0000","1.5885","60550.0000","-0.0500","-0.0050","-1.0000","0.0000","0.0000","0.0000","0.0000","0.0000"
"4277.0","15:13:14.212","2223307.0000","1.5622","60550.0000","-0.0500","-0.0050","-1.0000","0.0000","0.0000","0.0000","0.0000","0.0000"
"4278.0","15:13:14.213","2222394.0000","1.4626","60550.0000","-0.0500","-0.0050","-1.0000","0.0000","0.0000","0.0000","0.0000","0.0000"
"4279.0","15:13:14.214","2222825.0000","1.5096","60550.0000","-0.0500","-0.0050","-1.0000","0.0000","0.0000","0.0000","0.0000","0.0000"
"4280.0","15:13:14.215","2223169.0000","1.5471","60550.0000","-0.0500","-0.0050","-1.0000","0.0000","0.0000","0.0000","0.0000","0.0000"
"4281.0","15:13:14.216","2223750.0000","1.6104","60550.0000","-0.0500","-0.0050","-1.0000","0.0000","0.0000","0.0000","0.0000","0.0000"
"4282.0","15:13:14.217","2223499.0000","1.5831","60550.0000","-0.0500","-0.0050","-1.0000","0.0000","0.0000","0.0000","0.0000","0.0000"
"4283.0","15:13:14.218","2222965.0000","1.5249","60550.0000","-0.0500","-0.0050","-1.0000","0.0000","0.0000","0.0000","0.0000","0.0000"
"4284.0","15:13:14.219","2222787.0000","1.5055","60550.0000","-0.0500","-0.0050","-1.0000","0.0000","0.0000","0.0000","0.0000","0.0000"
"4285.0","15:13:14.220","2223224.0000","1.5531","60550.0000","-0.0500","-0.0050","-1.0000","0.0000","0.0000","0.0000","0.0000","0.0000"
"4286.0","15:13:14.221","2223398.0000","1.5721","60550.0000","-0.0500","-0.0050","-1.0000","0.0000","0.0000","0.0000","0.0000","0.0000"
"4287.0","15:13:14.222","2223968.0000","1.6342","60550.0000","-0.0500","-0.0050","-1.0000","0.0000","0.0000","0.0000","0.0000","0.0000"
"4288.0","15:13:14.223","2224060.0000","1.6442","60550.0000","-0.0500","-0.0050","-1.0000","0.0000","0.0000","0.0000","0.0000","0.0000"
"4289.0","15:13:14.224","2223600.0000","1.5941","60550.0000","-0.0500","-0.0050","-1.0000","0.0000","0.0000","0.0000","0.0000","0.0000"
"4290.0","15:13:14.225","2223510.0000","1.5843","60550.0000","-0.0500","-0.0050","-1.0000","0.0000","0.0000","0.0000","0.0000","0.0000"
"4291.0","15:13:14.226","2223090.0000","1.5385","60550.0000","-0.0500","-0.0050","-1.0000","0.0000","0.0000","0.0000","0.0000","0.0000"
"4292.0","15:13:14.227","2222861.0000","1.5135","60550.0000","-0.0500","-0.0050","-1.0000","0.0000","0.0000","0.0000","0.0000","0.0000"
"4293.0","15:13:14.228","2222345.0000","1.4573","60550.0000","-0.0500","-0.0050","-1.0000","0.0000","0.0000","0.0000","0.0000","0.0000"
"4294.0","15:13:14.229","2222168.0000","1.4380","60550.0000","-0.0500","-0.0050","-1.0000","0.0000","0.0000","0.0000","0.0000","0.0000"
"4295.0","15:13:14.230","2221601.0000","1.3762","60550.0000","-0.0500","-0.0050","-1.0000","0.0000","0.0000","0.0000","0.0000","0.0000"
"4296.0","15:13:14.231","2221335.0000","1.3472","60550.0000","-0.0500","-0.0050","-1.0000","0.0000","0.0000","0.0000","0.0000","0.0000"
"4297.0","15:13:14.232","2222547.0000","1.4793","60550.0000","-0.0500","-0.0050","-1.0000","0.0000","0.0000","0.0000","0.0000","0.0000"
"4298.0","15:13:14.233","2222096.0000","1.4302","60550.0000","-0.0500","-0.0050","-1.0000","0.0000","0.0000","0.0000","0.0000","0.0000"
"4299.0","15:13:14.234","2221408.0000","1.3551","60550.0000","-0.0500","-0.0050","-1.0000","0.0000","0.0000","0.0000","0.0000","0.0000"
"4300.0","15:13:14.235","2221350.0000","1.3488","60550.0000","-0.0500","-0.0050","-1.0000","0.0000","0.0000","0.0000","0.0000","0.0000"
"4301.0","15:13:14.236","2221469.0000","1.3618","60550.0000","-0.0500","-0.0050","-1.0000","0.0000","0.0000","0.0000","0.0000","0.0000"
"4302.0","15:13:14.237","2221752.0000","1.3926","60550.0000","-0.0500","-0.0050","-1.0000","0.0000","0.0000","0.0000","0.0000","0.0000"
"4303.0","15:13:14.238","2221541.0000","1.3696","60559.0000","-0.0500","-0.0050","-1.0000","0.0000","0.0000","0.0000","0.0000","0.0000"
"4304.0","15:13:14.239","2221637.0000","1.3801","60559.0000","-0.0500","-0.0050","-1.0000","0.0000","0.0000","0.0000","0.0000","0.0000"
"4305.0","15:13:14.240","2221145.0000","1.3265","60559.0000","-0.0500","-0.0050","-1.0000","0.0000","0.0000","0.0000","0.0000","0.0000"
"4306.0","15:13:14.241","2221436.0000","1.3582","60559.0000","-0.0500","-0.0050","-1.0000","0.0000","0.0000","0.0000","0.0000","0.0000"
"4307.0","15:13:14.242","2221130.0000","1.3248","60559.0000","-0.0500","-0.0050","-1.0000","0.0000","0.0000","0.0000","0.0000","0.0000"
"4308.0","15:13:14.243","2221114.0000","1.3231","60559.0000","-0.0500","-0.0050","-1.0000","0.0000","0.0000","0.0000","0.0000","0.0000"
"4309.0","15:13:14.244","2221410.0000","1.3554","60559.0000","-0.0500","-0.0050","-1.0000","0.0000","0.0000","0.0000","0.0000","0.0000"
"4310.0","15:13:14.245","2221489.0000","1.3639","60559.0000","-0.0500","-0.0050","-1.0000","0.0000","0.0000","0.0000","0.0000","0.0000"
"4311.0","15:13:14.246","2221401.0000","1.3544","60559.0000","-0.0500","-0.0050","-1.0000","0.0000","0.0000","0.0000","0.0000","0.0000"
"4312.0","15:13:14.247","2221942.0000","1.4133","60559.0000","-0.0500","-0.0050","-1.0000","0.0000","0.0000","0.0000","0.0000","0.0000"
"4313.0","15:13:14.248","2221567.0000","1.3725","60559.0000","-0.0500","-0.0050","-1.0000","0.0000","0.0000","0.0000","0.0000","0.0000"
"4314.0","15:13:14.249","2222019.0000","1.4217","60559.0000","-0.0500","-0.0050","-1.0000","0.0000","0.0000","0.0000","0.0000","0.0000"
"4315.0","15:13:14.250","2222230.0000","1.4447","60559.0000","-0.0500","-0.0050","-1.0000","0.0000","0.0000","0.0000","0.0000","0.0000"
"4316.0","15:13:14.251","2223095.0000","1.5391","60559.0000","-0.0500","-0.0050","-1.0000","0.0000","0.0000","0.0000","0.0000","0.0000"
"4317.0","15:13:14.252","2223130.0000","1.5429","60559.0000","-0.0500","-0.0050","-1.0000","0.0000","0.0000","0.0000","0.0000","0.0000"
"4318.0","15:13:14.253","2223130.0000","1.5429","60559.0000","-0.0500","-0.0050","-1.0000","0.0000","0.0000","0.0000","0.0000","0.0000"
"4319.0","15:13:14.254","2223862.0000","1.6226","60559.0000","-0.0500","-0.0050","-1.0000","0.0000","0.0000","0.0000","0.0000","0.0000"
"4320.0","15:13:14.255","2223970.0000","1.6344","60559.0000","-0.0500","-0.0050","-1.0000","0.0000","0.0000","0.0000","0.0000","0.0000"
"4321.0","15:13:14.256","2224987.0000","1.7453","60559.0000","-0.0500","-0.0050","-1.0000","0.0000","0.0000","0.0000","0.0000","0.0000"
"4322.0","15:13:14.257","2223830.0000","1.6192","60559.0000","-0.0500","-0.0050","-1.0000","0.0000","0.0000","0.0000","0.0000","0.0000"
"4323.0","15:13:14.258","2224158.0000","1.6549","60559.0000","-0.0500","-0.0050","-1.0000","0.0000","0.0000","0.0000","0.0000","0.0000"
"4324.0","15:13:14.259","2224183.0000","1.6576","60559.0000","-0.0500","-0.0050","-1.0000","0.0000","0.0000","0.0000","0.0000","0.0000"
"4325.0","15:13:14.260","2224787.0000","1.7235","60559.0000","-0.0500","-0.0050","-1.0000","0.0000","0.0000","0.0000","0.0000","0.0000"
"4326.0","15:13:14.261","2224368.0000","1.6778","60559.0000","-0.0500","-0.0050","-1.0000","0.0000","0.0000","0.0000","0.0000","0.0000"
"4327.0","15:13:14.262","2223408.0000","1.5732","60559.0000","-0.0500","-0.0050","-1.0000","0.0000","0.0000","0.0000","0.0000","0.0000"
"4328.0","15:13:14.263","2222865.0000","1.5140","60559.0000","-0.0500","-0.0050","-1.0000","0.0000","0.0000","0.0000","0.0000","0.0000"
"4329.0","15:13:14.264","2224076.0000","1.6460","60559.0000","-0.0500","-0.0050","-1.0000","0.0000","0.0000","0.0000","0.0000","0.0000"
"4330.0","15:13:14.265","2223499.0000","1.5831","60559.0000","-0.0500","-0.0050","-1.0000","0.0000","0.0000","0.0000","0.0000","0.0000"
"4331.0","15:13:14.266","2222787.0000","1.5055","60559.0000","-0.0500","-0.0050","-1.0000","0.0000","0.0000","0.0000","0.0000","0.0000"
"4332.0","15:13:14.267","2222250.0000","1.4469","60559.0000","-0.0500","-0.0050","-1.0000","0.0000","0.0000","0.0000","0.0000","0.0000"
"4333.0","15:13:14.268","2222221.0000","1.4438","60559.0000","-0.0500","-0.0050","-1.0000","0.0000","0.0000","0.0000","0.0000","0.0000"
"4334.0","15:13:14.269","2222806.0000","1.5075","60559.0000","-0.0500","-0.0050","-1.0000","0.0000","0.0000","0.0000","0.0000","0.0000"
"4335.0","15:13:14.270","2222319.0000","1.4545","60559.0000","-0.0500","-0.0050","-1.0000","0.0000","0.0000","0.0000","0.0000","0.0000"
"4336.0","15:13:14.271","2221834.0000","1.4016","60559.0000","-0.0500","-0.0050","-1.0000","0.0000","0.0000","0.0000","0.0000","0.0000"
"4337.0","15:13:14.272","2221536.0000","1.3691","60559.0000","-0.0500","-0.0050","-1.0000","0.0000","0.0000","0.0000","0.0000","0.0000"
"4338.0","15:13:14.273","2221658.0000","1.3824","60559.0000","-0.0500","-0.0050","-1.0000","0.0000","0.0000","0.0000","0.0000","0.0000"
"4339.0","15:13:14.274","2222457.0000","1.4695","60559.0000","-0.0500","-0.0050","-1.0000","0.0000","0.0000","0.0000","0.0000","0.0000"
"4340.0","15:13:14.275","2222484.0000","1.4724","60559.0000","-0.0500","-0.0050","-1.0000","0.0000","0.0000","0.0000","0.0000","0.0000"
"4341.0","15:13:14.276","2221415.0000","1.3559","60559.0000","-0.0500","-0.0050","-1.0000","0.0000","0.0000","0.0000","0.0000","0.0000"
"4342.0","15:13:14.277","2221258.0000","1.3388","60559.0000","-0.0500","-0.0050","-1.0000","0.0000","0.0000","0.0000","0.0000","0.0000"
"4343.0","15:13:14.278","2221769.0000","1.3945","60559.0000","-0.0500","-0.0050","-1.0000","0.0000","0.0000","0.0000","0.0000","0.0000"
"4344.0","15:13:14.279","2222658.0000","1.4914","60559.0000","-0.0500","-0.0050","-1.0000","0.0000","0.0000","0.0000","0.0000","0.0000"
"4345.0","15:13:14.280","2223089.0000","1.5384","60559.0000","-0.0500","-0.0050","-1.0000","0.0000","0.0000","0.0000","0.0000","0.0000"
"4346.0","15:13:14.281","2223047.0000","1.5338","60559.0000","-0.0500","-0.0050","-1.0000","0.0000","0.0000","0.0000","0.0000","0.0000"
"4347.0","15:13:14.282","2223293.0000","1.5606","60559.0000","-0.0500","-0.0050","-1.0000","0.0000","0.0000","0.0000","0.0000","0.0000"
"4348.0","15:13:14.283","2223158.0000","1.5459","60559.0000","-0.0500","-0.0050","-1.0000","0.0000","0.0000","0.0000","0.0000","0.0000"
"4349.0","15:13:14.284","2223903.0000","1.6271","60559.0000","-0.0500","-0.0050","-1.0000","0.0000","0.0000","0.0000","0.0000","0.0000"
"4350.0","15:13:14.285","2223421.0000","1.5746","60559.0000","-0.0500","-0.0050","-1.0000","0.0000","0.0000","0.0000","0.0000","0.0000"
"4351.0","15:13:14.286","2223540.0000","1.5876","60559.0000","-0.0500","-0.0050","-1.0000","0.0000","0.0000","0.0000","0.0000","0.0000"
"4352.0","15:13:14.287","2223948.0000","1.6320","60559.0000","-0.0500","-0.0050","-1.0000","0.0000","0.0000","0.0000","0.0000","0.0000"
"4353.0","15:13:14.288","2224056.0000","1.6438","60559.0000","-0.0500","-0.0050","-1.0000","0.0000","0.0000","0.0000","0.0000","0.0000"
"4354.0","15:13:14.289","2224071.0000","1.6454","60559.0000","-0.0500","-0.0050","-1.0000","0.0000","0.0000","0.0000","0.0000","0.0000"
"4355.0","15:13:14.290","2224448.0000","1.6865","60559.0000","-0.0500","-0.0050","-1.0000","0.0000","0.0000","0.0000","0.0000","0.0000"
"4356.0","15:13:14.291","2223782.0000","1.6139","60559.0000","-0.0500","-0.0050","-1.0000","0.0000","0.0000","0.0000","0.0000","0.0000"
"4357.0","15:13:14.292","2223558.0000","1.5895","60559.0000","-0.0500","-0.0050","-1.0000","0.0000","0.0000","0.0000","0.0000","0.0000"
"4358.0","15:13:14.293","2223848.0000","1.6211","60559.0000","-0.0500","-0.0050","-1.0000","0.0000","0.0000","0.0000","0.0000","0.0000"
"4359.0","15:13:14.294","2223033.0000","1.5323","60559.0000","-0.0500","-0.0050","-1.0000","0.0000","0.0000","0.0000","0.0000","0.0000"
"4360.0","15:13:14.295","2223463.0000","1.5792","60559.0000","-0.0500","-0.0050","-1.0000","0.0000","0.0000","0.0000","0.0000","0.0000"
"4361.0","15:13:14.296","2222499.0000","1.4741","60559.0000","-0.0500","-0.0050","-1.0000","0.0000","0.0000","0.0000","0.0000","0.0000"
"4362.0","15:13:14.297","2223341.0000","1.5659","60559.0000","-0.0500","-0.0050","-1.0000","0.0000","0.0000","0.0000","0.0000","0.0000"
"4363.0","15:13:14.298","2223779.0000","1.6136","60575.0000","-0.0500","-0.0050","-1.0000","0.0000","0.0000","0.0000","0.0000","0.0000"
"4364.0","15:13:14.299","2222845.0000","1.5118","60575.0000","-0.0500","-0.0050","-1.0000","0.0000","0.0000","0.0000","0.0000","0.0000"
"4365.0","15:13:14.300","2222845.0000","1.5118","60575.0000","-0.0500","-0.0050","-1.0000","0.0000","0.0000","0.0000","0.0000","0.0000"
"4366.0","15:13:14.301","2223441.0000","1.5768","60575.0000","-0.0500","-0.0050","-1.0000","0.0000","0.0000","0.0000","0.0000","0.0000"
"4367.0","15:13:14.302","2223872.0000","1.6238","60575.0000","-0.0500","-0.0050","-1.0000","0.0000","0.0000","0.0000","0.0000","0.0000"
"4368.0","15:13:14.303","2223834.0000","1.6196","60575.0000","-0.0500","-0.0050","-1.0000","0.0000","0.0000","0.0000","0.0000","0.0000"
"4369.0","15:13:14.304","2224085.0000","1.6470","60575.0000","-0.0500","-0.0050","-1.0000","0.0000","0.0000","0.0000","0.0000","0.0000"
"4370.0","15:13:14.305","2224058.0000","1.6440","60575.0000","-0.0500","-0.0050","-1.0000","0.0000","0.0000","0.0000","0.0000","0.0000"
"4371.0","15:13:14.306","2224365.0000","1.6775","60575.0000","-0.0500","-0.0050","-1.0000","0.0000","0.0000","0.0000","0.0000","0.0000"
"4372.0","15:13:14.307","2224823.0000","1.7274","60575.0000","-0.0500","-0.0050","-1.0000","0.0000","0.0000","0.0000","0.0000","0.0000"
"4373.0","15:13:14.308","2224984.0000","1.7450","60575.0000","-0.0500","-0.0050","-1.0000","0.0000","0.0000","0.0000","0.0000","0.0000"
"4374.0","15:13:14.309","2225093.0000","1.7568","60575.0000","-0.0500","-0.0050","-1.0000","0.0000","0.0000","0.0000","0.0000","0.0000"
"4375.0","15:13:14.310","2224446.0000","1.6863","60575.0000","-0.0500","-0.0050","-1.0000","0.0000","0.0000","0.0000","0.0000","0.0000"
"4376.0","15:13:14.311","2223240.0000","1.5549","60575.0000","-0.0500","-0.0050","-1.0000","0.0000","0.0000","0.0000","0.0000","0.0000"
"4377.0","15:13:14.312","2223767.0000","1.6123","60575.0000","-0.0500","-0.0050","-1.0000","0.0000","0.0000","0.0000","0.0000","0.0000"
"4378.0","15:13:14.313","2223909.0000","1.6278","60575.0000","-0.0500","-0.0050","-1.0000","0.0000","0.0000","0.0000","0.0000","0.0000"
"4379.0","15:13:14.314","2224183.0000","1.6576","60575.0000","-0.0500","-0.0050","-1.0000","0.0000","0.0000","0.0000","0.0000","0.0000"
"4380.0","15:13:14.315","2224444.0000","1.6861","60575.0000","-0.0500","-0.0050","-1.0000","0.0000","0.0000","0.0000","0.0000","0.0000"
"4381.0","15:13:14.316","2224477.0000","1.6897","60575.0000","-0.0500","-0.0050","-1.0000","0.0000","0.0000","0.0000","0.0000","0.0000"
"4382.0","15:13:14.317","2223718.0000","1.6070","60575.0000","-0.0500","-0.0050","-1.0000","0.0000","0.0000","0.0000","0.0000","0.0000"
"4383.0","15:13:14.318","2224578.0000","1.7007","60575.0000","-0.0500","-0.0050","-1.0000","0.0000","0.0000","0.0000","0.0000","0.0000"
"4384.0","15:13:14.319","2225366.0000","1.7866","60575.0000","-0.0500","-0.0050","-1.0000","0.0000","0.0000","0.0000","0.0000","0.0000"
"4385.0","15:13:14.320","2225223.0000","1.7710","60575.0000","-0.0500","-0.0050","-1.0000","0.0000","0.0000","0.0000","0.0000","0.0000"
"4386.0","15:13:14.321","2226229.0000","1.8807","60575.0000","-0.0500","-0.0050","-1.0000","0.0000","0.0000","0.0000","0.0000","0.0000"
"4387.0","15:13:14.322","2225535.0000","1.8050","60575.0000","-0.0500","-0.0050","-1.0000","0.0000","0.0000","0.0000","0.0000","0.0000"
"4388.0","15:13:14.323","2225110.0000","1.7587","60575.0000","-0.0500","-0.0050","-1.0000","0.0000","0.0000","0.0000","0.0000","0.0000"
"4389.0","15:13:14.324","2223273.0000","1.5585","60575.0000","-0.0500","-0.0050","-1.0000","0.0000","0.0000","0.0000","0.0000","0.0000"
"4390.0","15:13:14.325","2220188.0000","1.2221","60575.0000","-0.0500","-0.0050","-1.0000","0.0000","0.0000","0.0000","0.0000","0.0000"
"4391.0","15:13:14.326","2217954.0000","0.9786","60575.0000","-0.0500","-0.0050","-1.0000","0.0000","0.0000","0.0000","0.0000","0.0000"
"4392.0","15:13:14.327","2214375.0000","0.5884","60575.0000","-0.0500","-0.0050","-1.0000","0.0000","0.0000","0.0000","0.0000","0.0000"
"4393.0","15:13:14.328","2212445.0000","0.3780","60575.0000","-0.0500","-0.0050","-1.0000","0.0000","0.0000","0.0000","0.0000","0.0000"
"4394.0","15:13:14.329","2210662.0000","0.1836","60575.0000","-0.0500","-0.0050","-1.0000","0.0000","0.0000","0.0000","0.0000","0.0000"
"4395.0","15:13:14.330","2210756.0000","0.1939","60575.0000","-0.0500","-0.0050","-1.0000","0.0000","0.0000","0.0000","0.0000","0.0000"
"4396.0","15:13:14.331","2213370.0000","0.4789","60575.0000","-0.0500","-0.0050","-1.0000","0.0000","0.0000","0.0000","0.0000","0.0000"
"4397.0","15:13:14.332","2216630.0000","0.8343","60575.0000","-0.0500","-0.0050","-1.0000","0.0000","0.0000","0.0000","0.0000","0.0000"
"4398.0","15:13:14.333","2222154.0000","1.4365","60575.0000","-0.0500","-0.0050","-1.0000","0.0000","0.0000","0.0000","0.0000","0.0000"
"4399.0","15:13:14.334","2227842.0000","2.0565","60575.0000","-0.0500","-0.0050","-1.0000","0.0000","0.0000","0.0000","0.0000","0.0000"
"4400.0","15:13:14.335","2233910.0000","2.7181","60575.0000","-0.0500","-0.0050","-1.0000","0.0000","0.0000","0.0000","0.0000","0.0000"
"4401.0","15:13:14.336","2240028.0000","3.3850","60575.0000","-0.0500","-0.0050","-1.0000","0.0000","0.0000","0.0000","0.0000","0.0000"
"4402.0","15:13:14.337","2244636.0000","3.8874","60575.0000","-0.0500","-0.0050","-1.0000","0.0000","0.0000","0.0000","0.0000","0.0000"
"4403.0","15:13:14.338","2246972.0000","4.1420","60575.0000","-0.0500","-0.0050","-1.0000","0.0000","0.0000","0.0000","0.0000","0.0000"
"4404.0","15:13:14.339","2244936.0000","3.9201","60575.0000","-0.0500","-0.0050","-1.0000","0.0000","0.0000","0.0000","0.0000","0.0000"
"4405.0","15:13:14.340","2241198.0000","3.5126","60575.0000","-0.0500","-0.0050","-1.0000","0.0000","0.0000","0.0000","0.0000","0.0000"
"4406.0","15:13:14.341","2236872.0000","3.0410","60575.0000","-0.0500","-0.0050","-1.0000","0.0000","0.0000","0.0000","0.0000","0.0000"
"4407.0","15:13:14.342","2229649.0000","2.2535","60575.0000","-0.0500","-0.0050","-1.0000","0.0000","0.0000","0.0000","0.0000","0.0000"
"4408.0","15:13:14.343","2223634.0000","1.5978","60575.0000","-0.0500","-0.0050","-1.0000","0.0000","0.0000","0.0000","0.0000","0.0000"
"4409.0","15:13:14.344","2219518.0000","1.1491","60575.0000","-0.0500","-0.0050","-1.0000","0.0000","0.0000","0.0000","0.0000","0.0000"
"4410.0","15:13:14.345","2216613.0000","0.8324","60575.0000","-0.0500","-0.0050","-1.0000","0.0000","0.0000","0.0000","0.0000","0.0000"
"4411.0","15:13:14.346","2215863.0000","0.7506","60575.0000","-0.0500","-0.0050","-1.0000","0.0000","0.0000","0.0000","0.0000","0.0000"
"4412.0","15:13:14.347","2215863.0000","0.7506","60575.0000","-0.0500","-0.0050","-1.0000","0.0000","0.0000","0.0000","0.0000","0.0000"
"4413.0","15:13:14.348","2217097.0000","0.8852","60575.0000","-0.0500","-0.0050","-1.0000","0.0000","0.0000","0.0000","0.0000","0.0000"
"4414.0","15:13:14.349","2220995.0000","1.3101","60575.0000","-0.0500","-0.0050","-1.0000","0.0000","0.0000","0.0000","0.0000","0.0000"
"4415.0","15:13:14.350","2224506.0000","1.6929","60575.0000","-0.0500","-0.0050","-1.0000","0.0000","0.0000","0.0000","0.0000","0.0000"
"4416.0","15:13:14.351","2226795.0000","1.9424","60575.0000","-0.0500","-0.0050","-1.0000","0.0000","0.0000","0.0000","0.0000","0.0000"
"4417.0","15:13:14.352","2228924.0000","2.1745","60575.0000","-0.0500","-0.0050","-1.0000","0.0000","0.0000","0.0000","0.0000","0.0000"
"4418.0","15:13:14.353","2229048.0000","2.1880","60575.0000","-0.0500","-0.0050","-1.0000","0.0000","0.0000","0.0000","0.0000","0.0000"
"4419.0","15:13:14.354","2226812.0000","1.9443","60575.0000","-0.0500","-0.0050","-1.0000","0.0000","0.0000","0.0000","0.0000","0.0000"
"4420.0","15:13:14.355","2222584.0000","1.4834","60575.0000","-0.0500","-0.0050","-1.0000","0.0000","0.0000","0.0000","0.0000","0.0000"
"4421.0","15:13:14.356","2217747.0000","0.9560","60575.0000","-0.0500","-0.0050","-1.0000","0.0000","0.0000","0.0000","0.0000","0.0000"
"4422.0","15:13:14.357","2210747.0000","0.1929","60575.0000","-0.0500","-0.0050","-1.0000","0.0000","0.0000","0.0000","0.0000","0.0000"
"4423.0","15:13:14.358","2204422.0000","-0.4800","60575.0000","-0.0500","-0.0050","-1.0000","0.0000","0.0000","0.0000","0.0000","0.0000"
"4424.0","15:13:14.359","2198354.0000","-1.1150","60568.0000","-0.0500","-0.0050","-1.0000","0.0000","0.0000","0.0000","0.0000","0.0000"
"4425.0","15:13:14.360","2193318.0000","-1.6420","60568.0000","-0.0500","-0.0050","-1.0000","0.0000","0.0000","0.0000","0.0000","0.0000"
"4426.0","15:13:14.361","2190137.0000","-1.9749","60568.0000","-0.0500","-0.0050","-1.0000","0.0000","0.0000","0.0000","0.0000","0.0000"
"4427.0","15:13:14.362","2189219.0000","-2.0709","60568.0000","-0.0500","-0.0050","-1.0000","0.0000","0.0000","0.0000","0.0000","0.0000"
"4428.0","15:13:14.363","2190394.0000","-1.9480","60568.0000","-0.0500","-0.0050","-1.0000","0.0000","0.0000","0.0000","0.0000","0.0000"
"4429.0","15:13:14.364","2194482.0000","-1.5202","60568.0000","-0.0500","-0.0050","-1.0000","0.0000","0.0000","0.0000","0.0000","0.0000"
"4430.0","15:13:14.365","2199875.0000","-0.9558","60568.0000","-0.0500","-0.0050","-1.0000","0.0000","0.0000","0.0000","0.0000","0.0000"
"4431.0","15:13:14.366","2206256.0000","-0.2881","60568.0000","-0.0500","-0.0050","-1.0000","0.0000","0.0000","0.0000","0.0000","0.0000"
"4432.0","15:13:14.367","2213759.0000","0.5212","60568.0000","-0.0500","-0.0050","-1.0000","0.0000","0.0000","0.0000","0.0000","0.0000"
"4433.0","15:13:14.368","2221661.0000","1.3827","60568.0000","-0.0500","-0.0050","-1.0000","0.0000","0.0000","0.0000","0.0000","0.0000"
"4434.0","15:13:14.369","2228930.0000","2.1752","60568.0000","-0.0500","-0.0050","-1.0000","0.0000","0.0000","0.0000","0.0000","0.0000"
"4435.0","15:13:14.370","2236409.0000","2.9905","60568.0000","-0.0500","-0.0050","-1.0000","0.0000","0.0000","0.0000","0.0000","0.0000"
"4436.0","15:13:14.371","2241884.0000","3.5874","60568.0000","-0.0500","-0.0050","-1.0000","0.0000","0.0000","0.0000","0.0000","0.0000"
"4437.0","15:13:14.372","2245556.0000","3.9877","60568.0000","-0.0500","-0.0050","-1.0000","0.0000","0.0000","0.0000","0.0000","0.0000"
"4438.0","15:13:14.373","2247219.0000","4.1690","60568.0000","-0.0500","-0.0050","-1.0000","0.0000","0.0000","0.0000","0.0000","0.0000"
"4439.0","15:13:14.374","2247510.0000","4.2007","60568.0000","-0.0500","-0.0050","-1.0000","0.0000","0.0000","0.0000","0.0000","0.0000"
"4440.0","15:13:14.375","2247182.0000","4.1650","60568.0000","-0.0500","-0.0050","-1.0000","0.0000","0.0000","0.0000","0.0000","0.0000"
"4441.0","15:13:14.376","2245112.0000","3.9393","60568.0000","-0.0500","-0.0050","-1.0000","0.0000","0.0000","0.0000","0.0000","0.0000"
"4442.0","15:13:14.377","2241772.0000","3.5752","60568.0000","-0.0500","-0.0050","-1.0000","0.0000","0.0000","0.0000","0.0000","0.0000"
"4443.0","15:13:14.378","2238194.0000","3.1851","60568.0000","-0.0500","-0.0050","-1.0000","0.0000","0.0000","0.0000","0.0000","0.0000"
"4444.0","15:13:14.379","2234673.0000","2.8013","60568.0000","-0.0500","-0.0050","-1.0000","0.0000","0.0000","0.0000","0.0000","0.0000"
"4445.0","15:13:14.380","2231207.0000","2.4234","60568.0000","-0.0500","-0.0050","-1.0000","0.0000","0.0000","0.0000","0.0000","0.0000"
"4446.0","15:13:14.381","2227952.0000","2.0686","60568.0000","-0.0500","-0.0050","-1.0000","0.0000","0.0000","0.0000","0.0000","0.0000"
"4447.0","15:13:14.382","2225020.0000","1.7489","60568.0000","-0.0500","-0.0050","-1.0000","0.0000","0.0000","0.0000","0.0000","0.0000"
"4448.0","15:13:14.383","2223393.0000","1.5716","60568.0000","-0.0500","-0.0050","-1.0000","0.0000","0.0000","0.0000","0.0000","0.0000"
"4449.0","15:13:14.384","2221656.0000","1.3822","60568.0000","-0.0500","-0.0050","-1.0000","0.0000","0.0000","0.0000","0.0000","0.0000"
"4450.0","15:13:14.385","2220927.0000","1.3027","60568.0000","-0.0500","-0.0050","-1.0000","0.0000","0.0000","0.0000","0.0000","0.0000"
"4451.0","15:13:14.386","2220827.0000","1.2918","60568.0000","-0.0500","-0.0050","-1.0000","0.0000","0.0000","0.0000","0.0000","0.0000"
"4452.0","15:13:14.387","2221876.0000","1.4061","60568.0000","-0.0500","-0.0050","-1.0000","0.0000","0.0000","0.0000","0.0000","0.0000"
"4453.0","15:13:14.388","2221442.0000","1.3589","60568.0000","-0.0500","-0.0050","-1.0000","0.0000","0.0000","0.0000","0.0000","0.0000"
"4454.0","15:13:14.389","2221892.0000","1.4079","60568.0000","-0.0500","-0.0050","-1.0000","0.0000","0.0000","0.0000","0.0000","0.0000"
"4455.0","15:13:14.390","2221572.0000","1.3730","60568.0000","-0.0500","-0.0050","-1.0000","0.0000","0.0000","0.0000","0.0000","0.0000"
"4456.0","15:13:14.391","2221563.0000","1.3720","60568.0000","-0.0500","-0.0050","-1.0000","0.0000","0.0000","0.0000","0.0000","0.0000"
"4457.0","15:13:14.392","2220994.0000","1.3100","60568.0000","-0.0500","-0.0050","-1.0000","0.0000","0.0000","0.0000","0.0000","0.0000"
"4458.0","15:13:14.393","2220408.0000","1.2461","60568.0000","-0.0500","-0.0050","-1.0000","0.0000","0.0000","0.0000","0.0000","0.0000"
"4459.0","15:13:14.394","2220408.0000","1.2461","60568.0000","-0.0500","-0.0050","-1.0000","0.0000","0.0000","0.0000","0.0000","0.0000"
"4460.0","15:13:14.395","2221418.0000","1.3562","60568.0000","-0.0500","-0.0050","-1.0000","0.0000","0.0000","0.0000","0.0000","0.0000"
"4461.0","15:13:14.396","2220478.0000","1.2538","60568.0000","-0.0500","-0.0050","-1.0000","0.0000","0.0000","0.0000","0.0000","0.0000"
"4462.0","15:13:14.397","2220638.0000","1.2712","60568.0000","-0.0500","-0.0050","-1.0000","0.0000","0.0000","0.0000","0.0000","0.0000"
"4463.0","15:13:14.398","2221244.0000","1.3373","60568.0000","-0.0500","-0.0050","-1.0000","0.0000","0.0000","0.0000","0.0000","0.0000"
"4464.0","15:13:14.399","2221543.0000","1.3698","60568.0000","-0.0500","-0.0050","-1.0000","0.0000","0.0000","0.0000","0.0000","0.0000"
"4465.0","15:13:14.400","2222654.0000","1.4910","60568.0000","-0.0500","-0.0050","-1.0000","0.0000","0.0000","0.0000","0.0000","0.0000"
"4466.0","15:13:14.401","2222810.0000","1.5080","60568.0000","-0.0500","-0.0050","-1.0000","0.0000","0.0000","0.0000","0.0000","0.0000"
"4467.0","15:13:14.402","2223163.0000","1.5465","60568.0000","-0.0500","-0.0050","-1.0000","0.0000","0.0000","0.0000","0.0000","0.0000"
"4468.0","15:13:14.403","2225011.0000","1.7479","60568.0000","-0.0500","-0.0050","-1.0000","0.0000","0.0000","0.0000","0.0000","0.0000"
"4469.0","15:13:14.404","2225358.0000","1.7858","60568.0000","-0.0500","-0.0050","-1.0000","0.0000","0.0000","0.0000","0.0000","0.0000"
"4470.0","15:13:14.405","2225747.0000","1.8281","60568.0000","-0.0500","-0.0050","-1.0000","0.0000","0.0000","0.0000","0.0000","0.0000"
"4471.0","15:13:14.406","2226157.0000","1.8729","60568.0000","-0.0500","-0.0050","-1.0000","0.0000","0.0000","0.0000","0.0000","0.0000"
"4472.0","15:13:14.407","2226772.0000","1.9399","60568.0000","-0.0500","-0.0050","-1.0000","0.0000","0.0000","0.0000","0.0000","0.0000"
"4473.0","15:13:14.408","2227094.0000","1.9750","60568.0000","-0.0500","-0.0050","-1.0000","0.0000","0.0000","0.0000","0.0000","0.0000"
"4474.0","15:13:14.409","2227388.0000","2.0071","60568.0000","-0.0500","-0.0050","-1.0000","0.0000","0.0000","0.0000","0.0000","0.0000"
"4475.0","15:13:14.410","2227795.0000","2.0514","60568.0000","-0.0500","-0.0050","-1.0000","0.0000","0.0000","0.0000","0.0000","0.0000"
"4476.0","15:13:14.411","2226926.0000","1.9567","60568.0000","-0.0500","-0.0050","-1.0000","0.0000","0.0000","0.0000","0.0000","0.0000"
"4477.0","15:13:14.412","2227289.0000","1.9963","60568.0000","-0.0500","-0.0050","-1.0000","0.0000","0.0000","0.0000","0.0000","0.0000"
"4478.0","15:13:14.413","2227007.0000","1.9655","60568.0000","-0.0500","-0.0050","-1.0000","0.0000","0.0000","0.0000","0.0000","0.0000"
"4479.0","15:13:14.414","2225871.0000","1.8417","60568.0000","-0.0500","-0.0050","-1.0000","0.0000","0.0000","0.0000","0.0000","0.0000"
"4480.0","15:13:14.415","2224058.0000","1.6440","60568.0000","-0.0500","-0.0050","-1.0000","0.0000","0.0000","0.0000","0.0000","0.0000"
"4481.0","15:13:14.416","2222108.0000","1.4315","60568.0000","-0.0500","-0.0050","-1.0000","0.0000","0.0000","0.0000","0.0000","0.0000"
"4482.0","15:13:14.417","2221909.0000","1.4098","60568.0000","-0.0500","-0.0050","-1.0000","0.0000","0.0000","0.0000","0.0000","0.0000"
"4483.0","15:13:14.418","2220469.0000","1.2528","60568.0000","-0.0500","-0.0050","-1.0000","0.0000","0.0000","0.0000","0.0000","0.0000"
"4484.0","15:13:14.419","2219238.0000","1.1186","60560.0000","-0.0500","-0.0050","-1.0000","0.0000","0.0000","0.0000","0.0000","0.0000"
"4485.0","15:13:14.420","2219476.0000","1.1445","60560.0000","-0.0500","-0.0050","-1.0000","0.0000","0.0000","0.0000","0.0000","0.0000"
"4486.0","15:13:14.421","2219127.0000","1.1065","60560.0000","-0.0500","-0.0050","-1.0000","0.0000","0.0000","0.0000","0.0000","0.0000"
"4487.0","15:13:14.422","2218860.0000","1.0774","60560.0000","-0.0500","-0.0050","-1.0000","0.0000","0.0000","0.0000","0.0000","0.0000"
"4488.0","15:13:14.423","2218853.0000","1.0766","60560.0000","-0.0500","-0.0050","-1.0000","0.0000","0.0000","0.0000","0.0000","0.0000"
"4489.0","15:13:14.424","2219148.0000","1.1087","60560.0000","-0.0500","-0.0050","-1.0000","0.0000","0.0000","0.0000","0.0000","0.0000"
"4490.0","15:13:14.425","2220409.0000","1.2462","60560.0000","-0.0500","-0.0050","-1.0000","0.0000","0.0000","0.0000","0.0000","0.0000"
"4491.0","15:13:14.426","2220762.0000","1.2847","60560.0000","-0.0500","-0.0050","-1.0000","0.0000","0.0000","0.0000","0.0000","0.0000"
"4492.0","15:13:14.427","2221097.0000","1.3212","60560.0000","-0.0500","-0.0050","-1.0000","0.0000","0.0000","0.0000","0.0000","0.0000"
"4493.0","15:13:14.428","2222424.0000","1.4659","60560.0000","-0.0500","-0.0050","-1.0000","0.0000","0.0000","0.0000","0.0000","0.0000"
"4494.0","15:13:14.429","2223454.0000","1.5782","60560.0000","-0.0500","-0.0050","-1.0000","0.0000","0.0000","0.0000","0.0000","0.0000"
"4495.0","15:13:14.430","2222752.0000","1.5016","60560.0000","-0.0500","-0.0050","-1.0000","0.0000","0.0000","0.0000","0.0000","0.0000"
"4496.0","15:13:14.431","2223604.0000","1.5945","60560.0000","-0.0500","-0.0050","-1.0000","0.0000","0.0000","0.0000","0.0000","0.0000"
"4497.0","15:13:14.432","2224101.0000","1.6487","60560.0000","-0.0500","-0.0050","-1.0000","0.0000","0.0000","0.0000","0.0000","0.0000"
"4498.0","15:13:14.433","2223830.0000","1.6192","60560.0000","-0.0500","-0.0050","-1.0000","0.0000","0.0000","0.0000","0.0000","0.0000"
"4499.0","15:13:14.434","2223794.0000","1.6153","60560.0000","-0.0500","-0.0050","-1.0000","0.0000","0.0000","0.0000","0.0000","0.0000"
"4500.0","15:13:14.435","2222202.0000","1.4417","60560.0000","-0.0500","-0.0050","-1.0000","0.0000","0.0000","0.0000","0.0000","0.0000"
"4501.0","15:13:14.436","2222148.0000","1.4358","60560.0000","-0.0500","-0.0050","-1.0000","0.0000","0.0000","0.0000","0.0000","0.0000"
"4502.0","15:13:14.437","2222662.0000","1.4918","60560.0000","-0.0500","-0.0050","-1.0000","0.0000","0.0000","0.0000","0.0000","0.0000"
"4503.0","15:13:14.438","2221358.0000","1.3497","60560.0000","-0.0500","-0.0050","-1.0000","0.0000","0.0000","0.0000","0.0000","0.0000"
"4504.0","15:13:14.439","2220487.0000","1.2547","60560.0000","-0.0500","-0.0050","-1.0000","0.0000","0.0000","0.0000","0.0000","0.0000"
"4505.0","15:13:14.440","2220958.0000","1.3061","60560.0000","-0.0500","-0.0050","-1.0000","0.0000","0.0000","0.0000","0.0000","0.0000"
"4506.0","15:13:14.441","2220958.0000","1.3061","60560.0000","-0.0500","-0.0050","-1.0000","0.0000","0.0000","0.0000","0.0000","0.0000"
"4507.0","15:13:14.442","2219386.0000","1.1347","60560.0000","-0.0500","-0.0050","-1.0000","0.0000","0.0000","0.0000","0.0000","0.0000"
"4508.0","15:13:14.443","2219223.0000","1.1169","60560.0000","-0.0500","-0.0050","-1.0000","0.0000","0.0000","0.0000","0.0000","0.0000"
"4509.0","15:13:14.444","2219070.0000","1.1002","60560.0000","-0.0500","-0.0050","-1.0000","0.0000","0.0000","0.0000","0.0000","0.0000"
"4510.0","15:13:14.445","2218402.0000","1.0274","60560.0000","-0.0500","-0.0050","-1.0000","0.0000","0.0000","0.0000","0.0000","0.0000"
"4511.0","15:13:14.446","2219214.0000","1.1159","60560.0000","-0.0500","-0.0050","-1.0000","0.0000","0.0000","0.0000","0.0000","0.0000"
"4512.0","15:13:14.447","2221428.0000","1.3573","60560.0000","-0.0500","-0.0050","-1.0000","0.0000","0.0000","0.0000","0.0000","0.0000"
"4513.0","15:13:14.448","2222026.0000","1.4225","60560.0000","-0.0500","-0.0050","-1.0000","0.0000","0.0000","0.0000","0.0000","0.0000"
"4514.0","15:13:14.449","2222855.0000","1.5129","60560.0000","-0.0500","-0.0050","-1.0000","0.0000","0.0000","0.0000","0.0000","0.0000"
"4515.0","15:13:14.450","2224656.0000","1.7092","60560.0000","-0.0500","-0.0050","-1.0000","0.0000","0.0000","0.0000","0.0000","0.0000"
"4516.0","15:13:14.451","2225431.0000","1.7937","60560.0000","-0.0500","-0.0050","-1.0000","0.0000","0.0000","0.0000","0.0000","0.0000"
"4517.0","15:13:14.452","2225996.0000","1.8553","60560.0000","-0.0500","-0.0050","-1.0000","0.0000","0.0000","0.0000","0.0000","0.0000"
"4518.0","15:13:14.453","2226182.0000","1.8756","60560.0000","-0.0500","-0.0050","-1.0000","0.0000","0.0000","0.0000","0.0000","0.0000"
"4519.0","15:13:14.454","2227860.0000","2.0585","60560.0000","-0.0500","-0.0050","-1.0000","0.0000","0.0000","0.0000","0.0000","0.0000"
"4520.0","15:13:14.455","2229038.0000","2.1869","60560.0000","-0.0500","-0.0050","-1.0000","0.0000","0.0000","0.0000","0.0000","0.0000"
"4521.0","15:13:14.456","2228853.0000","2.1668","60560.0000","-0.0500","-0.0050","-1.0000","0.0000","0.0000","0.0000","0.0000","0.0000"
"4522.0","15:13:14.457","2229150.0000","2.1991","60560.0000","-0.0500","-0.0050","-1.0000","0.0000","0.0000","0.0000","0.0000","0.0000"
"4523.0","15:13:14.458","2230262.0000","2.3204","60560.0000","-0.0500","-0.0050","-1.0000","0.0000","0.0000","0.0000","0.0000","0.0000"
"4524.0","15:13:14.459","2230541.0000","2.3508","60560.0000","-0.0500","-0.0050","-1.0000","0.0000","0.0000","0.0000","0.0000","0.0000"
"4525.0","15:13:14.460","2230027.0000","2.2948","60560.0000","-0.0500","-0.0050","-1.0000","0.0000","0.0000","0.0000","0.0000","0.0000"
"4526.0","15:13:14.461","2229203.0000","2.2049","60560.0000","-0.0500","-0.0050","-1.0000","0.0000","0.0000","0.0000","0.0000","0.0000"
"4527.0","15:13:14.462","2229240.0000","2.2090","60560.0000","-0.0500","-0.0050","-1.0000","0.0000","0.0000","0.0000","0.0000","0.0000"
"4528.0","15:13:14.463","2230227.0000","2.3166","60560.0000","-0.0500","-0.0050","-1.0000","0.0000","0.0000","0.0000","0.0000","0.0000"
"4529.0","15:13:14.464","2228949.0000","2.1772","60560.0000","-0.0500","-0.0050","-1.0000","0.0000","0.0000","0.0000","0.0000","0.0000"
"4530.0","15:13:14.465","2228968.0000","2.1793","60560.0000","-0.0500","-0.0050","-1.0000","0.0000","0.0000","0.0000","0.0000","0.0000"
"4531.0","15:13:14.466","2228196.0000","2.0952","60560.0000","-0.0500","-0.0050","-1.0000","0.0000","0.0000","0.0000","0.0000","0.0000"
"4532.0","15:13:14.467","2227924.0000","2.0655","60560.0000","-0.0500","-0.0050","-1.0000","0.0000","0.0000","0.0000","0.0000","0.0000"
"4533.0","15:13:14.468","2228619.0000","2.1413","60560.0000","-0.0500","-0.0050","-1.0000","0.0000","0.0000","0.0000","0.0000","0.0000"
"4534.0","15:13:14.469","2228420.0000","2.1196","60560.0000","-0.0500","-0.0050","-1.0000","0.0000","0.0000","0.0000","0.0000","0.0000"
"4535.0","15:13:14.470","2228081.0000","2.0826","60560.0000","-0.0500","-0.0050","-1.0000","0.0000","0.0000","0.0000","0.0000","0.0000"
"4536.0","15:13:14.471","2227038.0000","1.9689","60560.0000","-0.0500","-0.0050","-1.0000","0.0000","0.0000","0.0000","0.0000","0.0000"
"4537.0","15:13:14.472","2227577.0000","2.0277","60560.0000","-0.0500","-0.0050","-1.0000","0.0000","0.0000","0.0000","0.0000","0.0000"
"4538.0","15:13:14.473","2227536.0000","2.0232","60560.0000","-0.0500","-0.0050","-1.0000","0.0000","0.0000","0.0000","0.0000","0.0000"
"4539.0","15:13:14.474","2227226.0000","1.9894","60560.0000","-0.0500","-0.0050","-1.0000","0.0000","0.0000","0.0000","0.0000","0.0000"
"4540.0","15:13:14.475","2227525.0000","2.0220","60560.0000","-0.0500","-0.0050","-1.0000","0.0000","0.0000","0.0000","0.0000","0.0000"
"4541.0","15:13:14.476","2226676.0000","1.9294","60560.0000","-0.0500","-0.0050","-1.0000","0.0000","0.0000","0.0000","0.0000","0.0000"
"4542.0","15:13:14.477","2226165.0000","1.8737","60560.0000","-0.0500","-0.0050","-1.0000","0.0000","0.0000","0.0000","0.0000","0.0000"
"4543.0","15:13:14.478","2226032.0000","1.8592","60560.0000","-0.0500","-0.0050","-1.0000","0.0000","0.0000","0.0000","0.0000","0.0000"
"4544.0","15:13:14.479","2225963.0000","1.8517","60560.0000","-0.0500","-0.0050","-1.0000","0.0000","0.0000","0.0000","0.0000","0.0000"
"4545.0","15:13:14.480","2224906.0000","1.7365","60569.0000","-0.0500","-0.0050","-1.0000","0.0000","0.0000","0.0000","0.0000","0.0000"
"4546.0","15:13:14.481","2224003.0000","1.6380","60569.0000","-0.0500","-0.0050","-1.0000","0.0000","0.0000","0.0000","0.0000","0.0000"
"4547.0","15:13:14.482","2223671.0000","1.6019","60569.0000","-0.0500","-0.0050","-1.0000","0.0000","0.0000","0.0000","0.0000","0.0000"
"4548.0","15:13:14.483","2223122.0000","1.5420","60569.0000","-0.0500","-0.0050","-1.0000","0.0000","0.0000","0.0000","0.0000","0.0000"
"4549.0","15:13:14.484","2222620.0000","1.4873","60569.0000","-0.0500","-0.0050","-1.0000","0.0000","0.0000","0.0000","0.0000","0.0000"
"4550.0","15:13:14.485","2221442.0000","1.3589","60569.0000","-0.0500","-0.0050","-1.0000","0.0000","0.0000","0.0000","0.0000","0.0000"
"4551.0","15:13:14.486","2220570.0000","1.2638","60569.0000","-0.0500","-0.0050","-1.0000","0.0000","0.0000","0.0000","0.0000","0.0000"
"4552.0","15:13:14.487","2220570.0000","1.2638","60569.0000","-0.0500","-0.0050","-1.0000","0.0000","0.0000","0.0000","0.0000","0.0000"
"4553.0","15:13:14.488","2220262.0000","1.2302","60569.0000","-0.0500","-0.0050","-1.0000","0.0000","0.0000","0.0000","0.0000","0.0000"
"4554.0","15:13:14.489","2219227.0000","1.1174","60569.0000","-0.0500","-0.0050","-1.0000","0.0000","0.0000","0.0000","0.0000","0.0000"
"4555.0","15:13:14.490","2218676.0000","1.0573","60569.0000","-0.0500","-0.0050","-1.0000","0.0000","0.0000","0.0000","0.0000","0.0000"
"4556.0","15:13:14.491","2217231.0000","0.8997","60569.0000","-0.0500","-0.0050","-1.0000","0.0000","0.0000","0.0000","0.0000","0.0000"
"4557.0","15:13:14.492","2216598.0000","0.8308","60569.0000","-0.0500","-0.0050","-1.0000","0.0000","0.0000","0.0000","0.0000","0.0000"
"4558.0","15:13:14.493","2216152.0000","0.7821","60569.0000","-0.0500","-0.0050","-1.0000","0.0000","0.0000","0.0000","0.0000","0.0000"
"4559.0","15:13:14.494","2215547.0000","0.7162","60569.0000","-0.0500","-0.0050","-1.0000","0.0000","0.0000","0.0000","0.0000","0.0000"
"4560.0","15:13:14.495","2216164.0000","0.7834","60569.0000","-0.0500","-0.0050","-1.0000","0.0000","0.0000","0.0000","0.0000","0.0000"
"4561.0","15:13:14.496","2216405.0000","0.8097","60569.0000","-0.0500","-0.0050","-1.0000","0.0000","0.0000","0.0000","0.0000","0.0000"
"4562.0","15:13:14.497","2217568.0000","0.9365","60569.0000","-0.0500","-0.0050","-1.0000","0.0000","0.0000","0.0000","0.0000","0.0000"
"4563.0","15:13:14.498","2219620.0000","1.1602","60569.0000","-0.0500","-0.0050","-1.0000","0.0000","0.0000","0.0000","0.0000","0.0000"
"4564.0","15:13:14.499","2220098.0000","1.2123","60569.0000","-0.0500","-0.0050","-1.0000","0.0000","0.0000","0.0000","0.0000","0.0000"
"4565.0","15:13:14.500","2221424.0000","1.3569","60569.0000","-0.0500","-0.0050","-1.0000","0.0000","0.0000","0.0000","0.0000","0.0000"
"4566.0","15:13:14.501","2222995.0000","1.5281","60569.0000","-0.0500","-0.0050","-1.0000","0.0000","0.0000","0.0000","0.0000","0.0000"
"4567.0","15:13:14.502","2223626.0000","1.5969","60569.0000","-0.0500","-0.0050","-1.0000","0.0000","0.0000","0.0000","0.0000","0.0000"
"4568.0","15:13:14.503","2225229.0000","1.7717","60569.0000","-0.0500","-0.0050","-1.0000","0.0000","0.0000","0.0000","0.0000","0.0000"
"4569.0","15:13:14.504","2226456.0000","1.9054","60569.0000","-0.0500","-0.0050","-1.0000","0.0000","0.0000","0.0000","0.0000","0.0000"
"4570.0","15:13:14.505","2225885.0000","1.8432","60569.0000","-0.0500","-0.0050","-1.0000","0.0000","0.0000","0.0000","0.0000","0.0000"
"4571.0","15:13:14.506","2226176.0000","1.8750","60569.0000","-0.0500","-0.0050","-1.0000","0.0000","0.0000","0.0000","0.0000","0.0000"
"4572.0","15:13:14.507","2225580.0000","1.8100","60569.0000","-0.0500","-0.0050","-1.0000","0.0000","0.0000","0.0000","0.0000","0.0000"
"4573.0","15:13:14.508","2225972.0000","1.8527","60569.0000","-0.0500","-0.0050","-1.0000","0.0000","0.0000","0.0000","0.0000","0.0000"
"4574.0","15:13:14.509","2226141.0000","1.8711","60569.0000","-0.0500","-0.0050","-1.0000","0.0000","0.0000","0.0000","0.0000","0.0000"
"4575.0","15:13:14.510","2226785.0000","1.9413","60569.0000","-0.0500","-0.0050","-1.0000","0.0000","0.0000","0.0000","0.0000","0.0000"
"4576.0","15:13:14.511","2226712.0000","1.9334","60569.0000","-0.0500","-0.0050","-1.0000","0.0000","0.0000","0.0000","0.0000","0.0000"
"4577.0","15:13:14.512","2227783.0000","2.0501","60569.0000","-0.0500","-0.0050","-1.0000","0.0000","0.0000","0.0000","0.0000","0.0000"
"4578.0","15:13:14.513","2228770.0000","2.1577","60569.0000","-0.0500","-0.0050","-1.0000","0.0000","0.0000","0.0000","0.0000","0.0000"
"4579.0","15:13:14.514","2228944.0000","2.1767","60569.0000","-0.0500","-0.0050","-1.0000","0.0000","0.0000","0.0000","0.0000","0.0000"
"4580.0","15:13:14.515","2230323.0000","2.3270","60569.0000","-0.0500","-0.0050","-1.0000","0.0000","0.0000","0.0000","0.0000","0.0000"
"4581.0","15:13:14.516","2231622.0000","2.4687","60569.0000","-0.0500","-0.0050","-1.0000","0.0000","0.0000","0.0000","0.0000","0.0000"
"4582.0","15:13:14.517","2231551.0000","2.4609","60569.0000","-0.0500","-0.0050","-1.0000","0.0000","0.0000","0.0000","0.0000","0.0000"
"4583.0","15:13:14.518","2232672.0000","2.5831","60569.0000","-0.0500","-0.0050","-1.0000","0.0000","0.0000","0.0000","0.0000","0.0000"
"4584.0","15:13:14.519","2234778.0000","2.8127","60569.0000","-0.0500","-0.0050","-1.0000","0.0000","0.0000","0.0000","0.0000","0.0000"
"4585.0","15:13:14.520","2235257.0000","2.8649","60569.0000","-0.0500","-0.0050","-1.0000","0.0000","0.0000","0.0000","0.0000","0.0000"
"4586.0","15:13:14.521","2235033.0000","2.8405","60569.0000","-0.0500","-0.0050","-1.0000","0.0000","0.0000","0.0000","0.0000","0.0000"
"4587.0","15:13:14.522","2234682.0000","2.8022","60569.0000","-0.0500","-0.0050","-1.0000","0.0000","0.0000","0.0000","0.0000","0.0000"
"4588.0","15:13:14.523","2234298.0000","2.7604","60569.0000","-0.0500","-0.0050","-1.0000","0.0000","0.0000","0.0000","0.0000","0.0000"
"4589.0","15:13:14.524","2233426.0000","2.6653","60569.0000","-0.0500","-0.0050","-1.0000","0.0000","0.0000","0.0000","0.0000","0.0000"
"4590.0","15:13:14.525","2230793.0000","2.3783","60569.0000","-0.0500","-0.0050","-1.0000","0.0000","0.0000","0.0000","0.0000","0.0000"
"4591.0","15:13:14.526","2228786.0000","2.1595","60569.0000","-0.0500","-0.0050","-1.0000","0.0000","0.0000","0.0000","0.0000","0.0000"
"4592.0","15:13:14.527","2226166.0000","1.8738","60569.0000","-0.0500","-0.0050","-1.0000","0.0000","0.0000","0.0000","0.0000","0.0000"
"4593.0","15:13:14.528","2224114.0000","1.6501","60569.0000","-0.0500","-0.0050","-1.0000","0.0000","0.0000","0.0000","0.0000","0.0000"
"4594.0","15:13:14.529","2222363.0000","1.4593","60569.0000","-0.0500","-0.0050","-1.0000","0.0000","0.0000","0.0000","0.0000","0.0000"
"4595.0","15:13:14.530","2220454.0000","1.2511","60569.0000","-0.0500","-0.0050","-1.0000","0.0000","0.0000","0.0000","0.0000","0.0000"
"4596.0","15:13:14.531","2219278.0000","1.1229","60569.0000","-0.0500","-0.0050","-1.0000","0.0000","0.0000","0.0000","0.0000","0.0000"
"4597.0","15:13:14.532","2216923.0000","0.8662","60569.0000","-0.0500","-0.0050","-1.0000","0.0000","0.0000","0.0000","0.0000","0.0000"
"4598.0","15:13:14.533","2216369.0000","0.8058","60569.0000","-0.0500","-0.0050","-1.0000","0.0000","0.0000","0.0000","0.0000","0.0000"
"4599.0","15:13:14.534","2216369.0000","0.8058","60569.0000","-0.0500","-0.0050","-1.0000","0.0000","0.0000","0.0000","0.0000","0.0000"
"4600.0","15:13:14.535","2216883.0000","0.8618","60569.0000","-0.0500","-0.0050","-1.0000","0.0000","0.0000","0.0000","0.0000","0.0000"
"4601.0","15:13:14.536","2217417.0000","0.9200","60569.0000","-0.0500","-0.0050","-1.0000","0.0000","0.0000","0.0000","0.0000","0.0000"
"4602.0","15:13:14.537","2220122.0000","1.2150","60569.0000","-0.0500","-0.0050","-1.0000","0.0000","0.0000","0.0000","0.0000","0.0000"
"4603.0","15:13:14.538","2221814.0000","1.3994","60569.0000","-0.0500","-0.0050","-1.0000","0.0000","0.0000","0.0000","0.0000","0.0000"
"4604.0","15:13:14.539","2222632.0000","1.4886","60569.0000","-0.0500","-0.0050","-1.0000","0.0000","0.0000","0.0000","0.0000","0.0000"
"4605.0","15:13:14.540","2224043.0000","1.6424","60562.0000","-0.0500","-0.0050","-1.0000","0.0000","0.0000","0.0000","0.0000","0.0000"
"4606.0","15:13:14.541","2225507.0000","1.8020","60562.0000","-0.0500","-0.0050","-1.0000","0.0000","0.0000","0.0000","0.0000","0.0000"
"4607.0","15:13:14.542","2226440.0000","1.9037","60562.0000","-0.0500","-0.0050","-1.0000","0.0000","0.0000","0.0000","0.0000","0.0000"
"4608.0","15:13:14.543","2225335.0000","1.7833","60562.0000","-0.0500","-0.0050","-1.0000","0.0000","0.0000","0.0000","0.0000","0.0000"
"4609.0","15:13:14.544","2224382.0000","1.6794","60562.0000","-0.0500","-0.0050","-1.0000","0.0000","0.0000","0.0000","0.0000","0.0000"
"4610.0","15:13:14.545","2224518.0000","1.6942","60562.0000","-0.0500","-0.0050","-1.0000","0.0000","0.0000","0.0000","0.0000","0.0000"
"4611.0","15:13:14.546","2223049.0000","1.5340","60562.0000","-0.0500","-0.0050","-1.0000","0.0000","0.0000","0.0000","0.0000","0.0000"
"4612.0","15:13:14.547","2222315.0000","1.4540","60562.0000","-0.0500","-0.0050","-1.0000","0.0000","0.0000","0.0000","0.0000","0.0000"
"4613.0","15:13:14.548","2220861.0000","1.2955","60562.0000","-0.0500","-0.0050","-1.0000","0.0000","0.0000","0.0000","0.0000","0.0000"
"4614.0","15:13:14.549","2218988.0000","1.0913","60562.0000","-0.0500","-0.0050","-1.0000","0.0000","0.0000","0.0000","0.0000","0.0000"
"4615.0","15:13:14.550","2219190.0000","1.1133","60562.0000","-0.0500","-0.0050","-1.0000","0.0000","0.0000","0.0000","0.0000","0.0000"
"4616.0","15:13:14.551","2218244.0000","1.0102","60562.0000","-0.0500","-0.0050","-1.0000","0.0000","0.0000","0.0000","0.0000","0.0000"
"4617.0","15:13:14.552","2218928.0000","1.0848","60562.0000","-0.0500","-0.0050","-1.0000","0.0000","0.0000","0.0000","0.0000","0.0000"
"4618.0","15:13:14.553","2218798.0000","1.0706","60562.0000","-0.0500","-0.0050","-1.0000","0.0000","0.0000","0.0000","0.0000","0.0000"
"4619.0","15:13:14.554","2219510.0000","1.1482","60562.0000","-0.0500","-0.0050","-1.0000","0.0000","0.0000","0.0000","0.0000","0.0000"
"4620.0","15:13:14.555","2220597.0000","1.2667","60562.0000","-0.0500","-0.0050","-1.0000","0.0000","0.0000","0.0000","0.0000","0.0000"
"4621.0","15:13:14.556","2221543.0000","1.3698","60562.0000","-0.0500","-0.0050","-1.0000","0.0000","0.0000","0.0000","0.0000","0.0000"
"4622.0","15:13:14.557","2222196.0000","1.4411","60562.0000","-0.0500","-0.0050","-1.0000","0.0000","0.0000","0.0000","0.0000","0.0000"
"4623.0","15:13:14.558","2222683.0000","1.4941","60562.0000","-0.0500","-0.0050","-1.0000","0.0000","0.0000","0.0000","0.0000","0.0000"
"4624.0","15:13:14.559","2223712.0000","1.6063","60562.0000","-0.0500","-0.0050","-1.0000","0.0000","0.0000","0.0000","0.0000","0.0000"
"4625.0","15:13:14.560","2224114.0000","1.6501","60562.0000","-0.0500","-0.0050","-1.0000","0.0000","0.0000","0.0000","0.0000","0.0000"
"4626.0","15:13:14.561","2224298.0000","1.6702","60562.0000","-0.0500","-0.0050","-1.0000","0.0000","0.0000","0.0000","0.0000","0.0000"
"4627.0","15:13:14.562","2224968.0000","1.7433","60562.0000","-0.0500","-0.0050","-1.0000","0.0000","0.0000","0.0000","0.0000","0.0000"
"4628.0","15:13:14.563","2224868.0000","1.7323","60562.0000","-0.0500","-0.0050","-1.0000","0.0000","0.0000","0.0000","0.0000","0.0000"
"4629.0","15:13:14.564","2224279.0000","1.6681","60562.0000","-0.0500","-0.0050","-1.0000","0.0000","0.0000","0.0000","0.0000","0.0000"
"4630.0","15:13:14.565","2224616.0000","1.7049","60562.0000","-0.0500","-0.0050","-1.0000","0.0000","0.0000","0.0000","0.0000","0.0000"
"4631.0","15:13:14.566","2225174.0000","1.7657","60562.0000","-0.0500","-0.0050","-1.0000","0.0000","0.0000","0.0000","0.0000","0.0000"
"4632.0","15:13:14.567","2225678.0000","1.8206","60562.0000","-0.0500","-0.0050","-1.0000","0.0000","0.0000","0.0000","0.0000","0.0000"
"4633.0","15:13:14.568","2225902.0000","1.8450","60562.0000","-0.0500","-0.0050","-1.0000","0.0000","0.0000","0.0000","0.0000","0.0000"
"4634.0","15:13:14.569","2226061.0000","1.8624","60562.0000","-0.0500","-0.0050","-1.0000","0.0000","0.0000","0.0000","0.0000","0.0000"
"4635.0","15:13:14.570","2226555.0000","1.9163","60562.0000","-0.0500","-0.0050","-1.0000","0.0000","0.0000","0.0000","0.0000","0.0000"
"4636.0","15:13:14.571","2228147.0000","2.0898","60562.0000","-0.0500","-0.0050","-1.0000","0.0000","0.0000","0.0000","0.0000","0.0000"
"4637.0","15:13:14.572","2227623.0000","2.0327","60562.0000","-0.0500","-0.0050","-1.0000","0.0000","0.0000","0.0000","0.0000","0.0000"
"4638.0","15:13:14.573","2227982.0000","2.0718","60562.0000","-0.0500","-0.0050","-1.0000","0.0000","0.0000","0.0000","0.0000","0.0000"
"4639.0","15:13:14.574","2227523.0000","2.0218","60562.0000","-0.0500","-0.0050","-1.0000","0.0000","0.0000","0.0000","0.0000","0.0000"
"4640.0","15:13:14.575","2227024.0000","1.9674","60562.0000","-0.0500","-0.0050","-1.0000","0.0000","0.0000","0.0000","0.0000","0.0000"
"4641.0","15:13:14.576","2227476.0000","2.0167","60562.0000","-0.0500","-0.0050","-1.0000","0.0000","0.0000","0.0000","0.0000","0.0000"
"4642.0","15:13:14.577","2227932.0000","2.0664","60562.0000","-0.0500","-0.0050","-1.0000","0.0000","0.0000","0.0000","0.0000","0.0000"
"4643.0","15:13:14.578","2227908.0000","2.0637","60562.0000","-0.0500","-0.0050","-1.0000","0.0000","0.0000","0.0000","0.0000","0.0000"
"4644.0","15:13:14.579","2227803.0000","2.0523","60562.0000","-0.0500","-0.0050","-1.0000","0.0000","0.0000","0.0000","0.0000","0.0000"
"4645.0","15:13:14.580","2226698.0000","1.9319","60562.0000","-0.0500","-0.0050","-1.0000","0.0000","0.0000","0.0000","0.0000","0.0000"
"4646.0","15:13:14.581","2226698.0000","1.9319","60562.0000","-0.0500","-0.0050","-1.0000","0.0000","0.0000","0.0000","0.0000","0.0000"
"4647.0","15:13:14.582","2226888.0000","1.9526","60562.0000","-0.0500","-0.0050","-1.0000","0.0000","0.0000","0.0000","0.0000","0.0000"
"4648.0","15:13:14.583","2225523.0000","1.8037","60562.0000","-0.0500","-0.0050","-1.0000","0.0000","0.0000","0.0000","0.0000","0.0000"
"4649.0","15:13:14.584","2225439.0000","1.7946","60562.0000","-0.0500","-0.0050","-1.0000","0.0000","0.0000","0.0000","0.0000","0.0000"
"4650.0","15:13:14.585","2223778.0000","1.6135","60562.0000","-0.0500","-0.0050","-1.0000","0.0000","0.0000","0.0000","0.0000","0.0000"
"4651.0","15:13:14.586","2223226.0000","1.5533","60562.0000","-0.0500","-0.0050","-1.0000","0.0000","0.0000","0.0000","0.0000","0.0000"
"4652.0","15:13:14.587","2223278.0000","1.5590","60562.0000","-0.0500","-0.0050","-1.0000","0.0000","0.0000","0.0000","0.0000","0.0000"
"4653.0","15:13:14.588","2222871.0000","1.5146","60562.0000","-0.0500","-0.0050","-1.0000","0.0000","0.0000","0.0000","0.0000","0.0000"
"4654.0","15:13:14.589","2222442.0000","1.4678","60562.0000","-0.0500","-0.0050","-1.0000","0.0000","0.0000","0.0000","0.0000","0.0000"
"4655.0","15:13:14.590","2222398.0000","1.4631","60562.0000","-0.0500","-0.0050","-1.0000","0.0000","0.0000","0.0000","0.0000","0.0000"
"4656.0","15:13:14.591","2221796.0000","1.3974","60562.0000","-0.0500","-0.0050","-1.0000","0.0000","0.0000","0.0000","0.0000","0.0000"
"4657.0","15:13:14.592","2222168.0000","1.4380","60562.0000","-0.0500","-0.0050","-1.0000","0.0000","0.0000","0.0000","0.0000","0.0000"
"4658.0","15:13:14.593","2221694.0000","1.3863","60562.0000","-0.0500","-0.0050","-1.0000","0.0000","0.0000","0.0000","0.0000","0.0000"
"4659.0","15:13:14.594","2221621.0000","1.3783","60562.0000","-0.0500","-0.0050","-1.0000","0.0000","0.0000","0.0000","0.0000","0.0000"
"4660.0","15:13:14.595","2222206.0000","1.4421","60562.0000","-0.0500","-0.0050","-1.0000","0.0000","0.0000","0.0000","0.0000","0.0000"
"4661.0","15:13:14.596","2222422.0000","1.4657","60562.0000","-0.0500","-0.0050","-1.0000","0.0000","0.0000","0.0000","0.0000","0.0000"
"4662.0","15:13:14.597","2222641.0000","1.4896","60562.0000","-0.0500","-0.0050","-1.0000","0.0000","0.0000","0.0000","0.0000","0.0000"
"4663.0","15:13:14.598","2222081.0000","1.4285","60562.0000","-0.0500","-0.0050","-1.0000","0.0000","0.0000","0.0000","0.0000","0.0000"
"4664.0","15:13:14.599","2221942.0000","1.4133","60562.0000","-0.0500","-0.0050","-1.0000","0.0000","0.0000","0.0000","0.0000","0.0000"
"4665.0","15:13:14.600","2221945.0000","1.4137","60562.0000","-0.0500","-0.0050","-1.0000","0.0000","0.0000","0.0000","0.0000","0.0000"
"4666.0","15:13:14.601","2221508.0000","1.3660","60553.0000","-0.0500","-0.0050","-1.0000","0.0000","0.0000","0.0000","0.0000","0.0000"
"4667.0","15:13:14.602","2220647.0000","1.2722","60553.0000","-0.0500","-0.0050","-1.0000","0.0000","0.0000","0.0000","0.0000","0.0000"
"4668.0","15:13:14.603","2220799.0000","1.2888","60553.0000","-0.0500","-0.0050","-1.0000","0.0000","0.0000","0.0000","0.0000","0.0000"
"4669.0","15:13:14.604","2220980.0000","1.3085","60553.0000","-0.0500","-0.0050","-1.0000","0.0000","0.0000","0.0000","0.0000","0.0000"
"4670.0","15:13:14.605","2220588.0000","1.2657","60553.0000","-0.0500","-0.0050","-1.0000","0.0000","0.0000","0.0000","0.0000","0.0000"
"4671.0","15:13:14.606","2219772.0000","1.1768","60553.0000","-0.0500","-0.0050","-1.0000","0.0000","0.0000","0.0000","0.0000","0.0000"
"4672.0","15:13:14.607","2218672.0000","1.0569","60553.0000","-0.0500","-0.0050","-1.0000","0.0000","0.0000","0.0000","0.0000","0.0000"
"4673.0","15:13:14.608","2218346.0000","1.0213","60553.0000","-0.0500","-0.0050","-1.0000","0.0000","0.0000","0.0000","0.0000","0.0000"
"4674.0","15:13:14.609","2219107.0000","1.1043","60553.0000","-0.0500","-0.0050","-1.0000","0.0000","0.0000","0.0000","0.0000","0.0000"
"4675.0","15:13:14.610","2219207.0000","1.1152","60553.0000","-0.0500","-0.0050","-1.0000","0.0000","0.0000","0.0000","0.0000","0.0000"
"4676.0","15:13:14.611","2219128.0000","1.1066","60553.0000","-0.0500","-0.0050","-1.0000","0.0000","0.0000","0.0000","0.0000","0.0000"
"4677.0","15:13:14.612","2219785.0000","1.1782","60553.0000","-0.0500","-0.0050","-1.0000","0.0000","0.0000","0.0000","0.0000","0.0000"
"4678.0","15:13:14.613","2221195.0000","1.3319","60553.0000","-0.0500","-0.0050","-1.0000","0.0000","0.0000","0.0000","0.0000","0.0000"
"4679.0","15:13:14.614","2222594.0000","1.4844","60553.0000","-0.0500","-0.0050","-1.0000","0.0000","0.0000","0.0000","0.0000","0.0000"
"4680.0","15:13:14.615","2223887.0000","1.6254","60553.0000","-0.0500","-0.0050","-1.0000","0.0000","0.0000","0.0000","0.0000","0.0000"
"4681.0","15:13:14.616","2223352.0000","1.5671","60553.0000","-0.0500","-0.0050","-1.0000","0.0000","0.0000","0.0000","0.0000","0.0000"
"4682.0","15:13:14.617","2224174.0000","1.6567","60553.0000","-0.0500","-0.0050","-1.0000","0.0000","0.0000","0.0000","0.0000","0.0000"
"4683.0","15:13:14.618","2224529.0000","1.6954","60553.0000","-0.0500","-0.0050","-1.0000","0.0000","0.0000","0.0000","0.0000","0.0000"
"4684.0","15:13:14.619","2225281.0000","1.7774","60553.0000","-0.0500","-0.0050","-1.0000","0.0000","0.0000","0.0000","0.0000","0.0000"
"4685.0","15:13:14.620","2225212.0000","1.7699","60553.0000","-0.0500","-0.0050","-1.0000","0.0000","0.0000","0.0000","0.0000","0.0000"
"4686.0","15:13:14.621","2224811.0000","1.7261","60553.0000","-0.0500","-0.0050","-1.0000","0.0000","0.0000","0.0000","0.0000","0.0000"
"4687.0","15:13:14.622","2223908.0000","1.6277","60553.0000","-0.0500","-0.0050","-1.0000","0.0000","0.0000","0.0000","0.0000","0.0000"
"4688.0","15:13:14.623","2223132.0000","1.5431","60553.0000","-0.0500","-0.0050","-1.0000","0.0000","0.0000","0.0000","0.0000","0.0000"
"4689.0","15:13:14.624","2221169.0000","1.3291","60553.0000","-0.0500","-0.0050","-1.0000","0.0000","0.0000","0.0000","0.0000","0.0000"
"4690.0","15:13:14.625","2220533.0000","1.2597","60553.0000","-0.0500","-0.0050","-1.0000","0.0000","0.0000","0.0000","0.0000","0.0000"
"4691.0","15:13:14.626","2220260.0000","1.2300","60553.0000","-0.0500","-0.0050","-1.0000","0.0000","0.0000","0.0000","0.0000","0.0000"
"4692.0","15:13:14.627","2219327.0000","1.1283","60553.0000","-0.0500","-0.0050","-1.0000","0.0000","0.0000","0.0000","0.0000","0.0000"
"4693.0","15:13:14.628","2219327.0000","1.1283","60553.0000","-0.0500","-0.0050","-1.0000","0.0000","0.0000","0.0000","0.0000","0.0000"
"4694.0","15:13:14.629","2218946.0000","1.0867","60553.0000","-0.0500","-0.0050","-1.0000","0.0000","0.0000","0.0000","0.0000","0.0000"
"4695.0","15:13:14.630","2218634.0000","1.0527","60553.0000","-0.0500","-0.0050","-1.0000","0.0000","0.0000","0.0000","0.0000","0.0000"
"4696.0","15:13:14.631","2218480.0000","1.0359","60553.0000","-0.0500","-0.0050","-1.0000","0.0000","0.0000","0.0000","0.0000","0.0000"
"4697.0","15:13:14.632","2219441.0000","1.1407","60553.0000","-0.0500","-0.0050","-1.0000","0.0000","0.0000","0.0000","0.0000","0.0000"
"4698.0","15:13:14.633","2219656.0000","1.1641","60553.0000","-0.0500","-0.0050","-1.0000","0.0000","0.0000","0.0000","0.0000","0.0000"
"4699.0","15:13:14.634","2220785.0000","1.2872","60553.0000","-0.0500","-0.0050","-1.0000","0.0000","0.0000","0.0000","0.0000","0.0000"
"4700.0","15:13:14.635","2221520.0000","1.3673","60553.0000","-0.0500","-0.0050","-1.0000","0.0000","0.0000","0.0000","0.0000","0.0000"
"4701.0","15:13:14.636","2222616.0000","1.4868","60553.0000","-0.0500","-0.0050","-1.0000","0.0000","0.0000","0.0000","0.0000","0.0000"
"4702.0","15:13:14.637","2223910.0000","1.6279","60553.0000","-0.0500","-0.0050","-1.0000","0.0000","0.0000","0.0000","0.0000","0.0000"
"4703.0","15:13:14.638","2224237.0000","1.6636","60553.0000","-0.0500","-0.0050","-1.0000","0.0000","0.0000","0.0000","0.0000","0.0000"
"4704.0","15:13:14.639","2225544.0000","1.8060","60553.0000","-0.0500","-0.0050","-1.0000","0.0000","0.0000","0.0000","0.0000","0.0000"
"4705.0","15:13:14.640","2225569.0000","1.8087","60553.0000","-0.0500","-0.0050","-1.0000","0.0000","0.0000","0.0000","0.0000","0.0000"
"4706.0","15:13:14.641","2226386.0000","1.8978","60553.0000","-0.0500","-0.0050","-1.0000","0.0000","0.0000","0.0000","0.0000","0.0000"
"4707.0","15:13:14.642","2224869.0000","1.7324","60553.0000","-0.0500","-0.0050","-1.0000","0.0000","0.0000","0.0000","0.0000","0.0000"
"4708.0","15:13:14.643","2224715.0000","1.7157","60553.0000","-0.0500","-0.0050","-1.0000","0.0000","0.0000","0.0000","0.0000","0.0000"
"4709.0","15:13:14.644","2224247.0000","1.6646","60553.0000","-0.0500","-0.0050","-1.0000","0.0000","0.0000","0.0000","0.0000","0.0000"
"4710.0","15:13:14.645","2222976.0000","1.5261","60553.0000","-0.0500","-0.0050","-1.0000","0.0000","0.0000","0.0000","0.0000","0.0000"
"4711.0","15:13:14.646","2224004.0000","1.6382","60553.0000","-0.0500","-0.0050","-1.0000","0.0000","0.0000","0.0000","0.0000","0.0000"
"4712.0","15:13:14.647","2223856.0000","1.6220","60553.0000","-0.0500","-0.0050","-1.0000","0.0000","0.0000","0.0000","0.0000","0.0000"
"4713.0","15:13:14.648","2223202.0000","1.5507","60553.0000","-0.0500","-0.0050","-1.0000","0.0000","0.0000","0.0000","0.0000","0.0000"
"4714.0","15:13:14.649","2225759.0000","1.8295","60553.0000","-0.0500","-0.0050","-1.0000","0.0000","0.0000","0.0000","0.0000","0.0000"
"4715.0","15:13:14.650","2225474.0000","1.7984","60553.0000","-0.0500","-0.0050","-1.0000","0.0000","0.0000","0.0000","0.0000","0.0000"
"4716.0","15:13:14.651","2226322.0000","1.8909","60553.0000","-0.0500","-0.0050","-1.0000","0.0000","0.0000","0.0000","0.0000","0.0000"
"4717.0","15:13:14.652","2227552.0000","2.0249","60553.0000","-0.0500","-0.0050","-1.0000","0.0000","0.0000","0.0000","0.0000","0.0000"
"4718.0","15:13:14.653","2228293.0000","2.1057","60553.0000","-0.0500","-0.0050","-1.0000","0.0000","0.0000","0.0000","0.0000","0.0000"
"4719.0","15:13:14.654","2229210.0000","2.2057","60553.0000","-0.0500","-0.0050","-1.0000","0.0000","0.0000","0.0000","0.0000","0.0000"
"4720.0","15:13:14.655","2229970.0000","2.2886","60553.0000","-0.0500","-0.0050","-1.0000","0.0000","0.0000","0.0000","0.0000","0.0000"
"4721.0","15:13:14.656","2229626.0000","2.2510","60553.0000","-0.0500","-0.0050","-1.0000","0.0000","0.0000","0.0000","0.0000","0.0000"
"4722.0","15:13:14.657","2229938.0000","2.2851","60553.0000","-0.0500","-0.0050","-1.0000","0.0000","0.0000","0.0000","0.0000","0.0000"
"4723.0","15:13:14.658","2229069.0000","2.1903","60553.0000","-0.0500","-0.0050","-1.0000","0.0000","0.0000","0.0000","0.0000","0.0000"
"4724.0","15:13:14.659","2227027.0000","1.9677","60553.0000","-0.0500","-0.0050","-1.0000","0.0000","0.0000","0.0000","0.0000","0.0000"
"4725.0","15:13:14.660","2225917.0000","1.8467","60553.0000","-0.0500","-0.0050","-1.0000","0.0000","0.0000","0.0000","0.0000","0.0000"
"4726.0","15:13:14.661","2225158.0000","1.7640","60553.0000","-0.0500","-0.0050","-1.0000","0.0000","0.0000","0.0000","0.0000","0.0000"
"4727.0","15:13:14.662","2224647.0000","1.7083","60553.0000","-0.0500","-0.0050","-1.0000","0.0000","0.0000","0.0000","0.0000","0.0000"
"4728.0","15:13:14.663","2224196.0000","1.6591","60553.0000","-0.0500","-0.0050","-1.0000","0.0000","0.0000","0.0000","0.0000","0.0000"
"4729.0","15:13:14.664","2223379.0000","1.5700","60553.0000","-0.0500","-0.0050","-1.0000","0.0000","0.0000","0.0000","0.0000","0.0000"
"4730.0","15:13:14.665","2222928.0000","1.5209","60553.0000","-0.0500","-0.0050","-1.0000","0.0000","0.0000","0.0000","0.0000","0.0000"
"4731.0","15:13:14.666","2221746.0000","1.3920","60553.0000","-0.0500","-0.0050","-1.0000","0.0000","0.0000","0.0000","0.0000","0.0000"
"4732.0","15:13:14.667","2222344.0000","1.4572","60553.0000","-0.0500","-0.0050","-1.0000","0.0000","0.0000","0.0000","0.0000","0.0000"
"4733.0","15:13:14.668","2222596.0000","1.4846","60553.0000","-0.0500","-0.0050","-1.0000","0.0000","0.0000","0.0000","0.0000","0.0000"
"4734.0","15:13:14.669","2223284.0000","1.5597","60553.0000","-0.0500","-0.0050","-1.0000","0.0000","0.0000","0.0000","0.0000","0.0000"
"4735.0","15:13:14.670","2223086.0000","1.5381","60553.0000","-0.0500","-0.0050","-1.0000","0.0000","0.0000","0.0000","0.0000","0.0000"
"4736.0","15:13:14.671","2222974.0000","1.5259","60553.0000","-0.0500","-0.0050","-1.0000","0.0000","0.0000","0.0000","0.0000","0.0000"
"4737.0","15:13:14.672","2223963.0000","1.6337","60553.0000","-0.0500","-0.0050","-1.0000","0.0000","0.0000","0.0000","0.0000","0.0000"
"4738.0","15:13:14.673","2223574.0000","1.5913","60553.0000","-0.0500","-0.0050","-1.0000","0.0000","0.0000","0.0000","0.0000","0.0000"
"4739.0","15:13:14.674","2223574.0000","1.5913","60553.0000","-0.0500","-0.0050","-1.0000","0.0000","0.0000","0.0000","0.0000","0.0000"
"4740.0","15:13:14.675","2223649.0000","1.5994","60553.0000","-0.0500","-0.0050","-1.0000","0.0000","0.0000","0.0000","0.0000","0.0000"
"4741.0","15:13:14.676","2222926.0000","1.5206","60553.0000","-0.0500","-0.0050","-1.0000","0.0000","0.0000","0.0000","0.0000","0.0000"
"4742.0","15:13:14.677","2223408.0000","1.5732","60553.0000","-0.0500","-0.0050","-1.0000","0.0000","0.0000","0.0000","0.0000","0.0000"
"4743.0","15:13:14.678","2223418.0000","1.5743","60553.0000","-0.0500","-0.0050","-1.0000","0.0000","0.0000","0.0000","0.0000","0.0000"
"4744.0","15:13:14.679","2223839.0000","1.6201","60553.0000","-0.0500","-0.0050","-1.0000","0.0000","0.0000","0.0000","0.0000","0.0000"
"4745.0","15:13:14.680","2224279.0000","1.6681","60553.0000","-0.0500","-0.0050","-1.0000","0.0000","0.0000","0.0000","0.0000","0.0000"
"4746.0","15:13:14.681","2224377.0000","1.6788","60553.0000","-0.0500","-0.0050","-1.0000","0.0000","0.0000","0.0000","0.0000","0.0000"
"4747.0","15:13:14.682","2224189.0000","1.6583","60553.0000","-0.0500","-0.0050","-1.0000","0.0000","0.0000","0.0000","0.0000","0.0000"
"4748.0","15:13:14.683","2224416.0000","1.6830","60553.0000","-0.0500","-0.0050","-1.0000","0.0000","0.0000","0.0000","0.0000","0.0000"
"4749.0","15:13:14.684","2225105.0000","1.7582","60553.0000","-0.0500","-0.0050","-1.0000","0.0000","0.0000","0.0000","0.0000","0.0000"
"4750.0","15:13:14.685","2224753.0000","1.7198","60553.0000","-0.0500","-0.0050","-1.0000","0.0000","0.0000","0.0000","0.0000","0.0000"
"4751.0","15:13:14.686","2224782.0000","1.7230","60553.0000","-0.0500","-0.0050","-1.0000","0.0000","0.0000","0.0000","0.0000","0.0000"
"4752.0","15:13:14.687","2226176.0000","1.8750","60553.0000","-0.0500","-0.0050","-1.0000","0.0000","0.0000","0.0000","0.0000","0.0000"
"4753.0","15:13:14.688","2225398.0000","1.7901","60553.0000","-0.0500","-0.0050","-1.0000","0.0000","0.0000","0.0000","0.0000","0.0000"
"4754.0","15:13:14.689","2225309.0000","1.7804","60553.0000","-0.0500","-0.0050","-1.0000","0.0000","0.0000","0.0000","0.0000","0.0000"
"4755.0","15:13:14.690","2225372.0000","1.7873","60553.0000","-0.0500","-0.0050","-1.0000","0.0000","0.0000","0.0000","0.0000","0.0000"
"4756.0","15:13:14.691","2225664.0000","1.8191","60553.0000","-0.0500","-0.0050","-1.0000","0.0000","0.0000","0.0000","0.0000","0.0000"
"4757.0","15:13:14.692","2225610.0000","1.8132","60553.0000","-0.0500","-0.0050","-1.0000","0.0000","0.0000","0.0000","0.0000","0.0000"
"4758.0","15:13:14.693","2225320.0000","1.7816","60553.0000","-0.0500","-0.0050","-1.0000","0.0000","0.0000","0.0000","0.0000","0.0000"
"4759.0","15:13:14.694","2225582.0000","1.8102","60553.0000","-0.0500","-0.0050","-1.0000","0.0000","0.0000","0.0000","0.0000","0.0000"
"4760.0","15:13:14.695","2225693.0000","1.8223","60553.0000","-0.0500","-0.0050","-1.0000","0.0000","0.0000","0.0000","0.0000","0.0000"
"4761.0","15:13:14.696","2225318.0000","1.7814","60553.0000","-0.0500","-0.0050","-1.0000","0.0000","0.0000","0.0000","0.0000","0.0000"
"4762.0","15:13:14.697","2224559.0000","1.6986","60553.0000","-0.0500","-0.0050","-1.0000","0.0000","0.0000","0.0000","0.0000","0.0000"
"4763.0","15:13:14.698","2224851.0000","1.7305","60553.0000","-0.0500","-0.0050","-1.0000","0.0000","0.0000","0.0000","0.0000","0.0000"
"4764.0","15:13:14.699","2224645.0000","1.7080","60553.0000","-0.0500","-0.0050","-1.0000","0.0000","0.0000","0.0000","0.0000","0.0000"
"4765.0","15:13:14.700","2224875.0000","1.7331","60553.0000","-0.0500","-0.0050","-1.0000","0.0000","0.0000","0.0000","0.0000","0.0000"
"4766.0","15:13:14.701","2224772.0000","1.7219","60553.0000","-0.0500","-0.0050","-1.0000","0.0000","0.0000","0.0000","0.0000","0.0000"
"4767.0","15:13:14.702","2225021.0000","1.7490","60553.0000","-0.0500","-0.0050","-1.0000","0.0000","0.0000","0.0000","0.0000","0.0000"
"4768.0","15:13:14.703","2224945.0000","1.7408","60553.0000","-0.0500","-0.0050","-1.0000","0.0000","0.0000","0.0000","0.0000","0.0000"
"4769.0","15:13:14.704","2225466.0000","1.7975","60553.0000","-0.0500","-0.0050","-1.0000","0.0000","0.0000","0.0000","0.0000","0.0000"
"4770.0","15:13:14.705","2225922.0000","1.8472","60553.0000","-0.0500","-0.0050","-1.0000","0.0000","0.0000","0.0000","0.0000","0.0000"
"4771.0","15:13:14.706","2224480.0000","1.6901","60553.0000","-0.0500","-0.0050","-1.0000","0.0000","0.0000","0.0000","0.0000","0.0000"
"4772.0","15:13:14.707","2225095.0000","1.7571","60553.0000","-0.0500","-0.0050","-1.0000","0.0000","0.0000","0.0000","0.0000","0.0000"
"4773.0","15:13:14.708","2225312.0000","1.7808","60553.0000","-0.0500","-0.0050","-1.0000","0.0000","0.0000","0.0000","0.0000","0.0000"
"4774.0","15:13:14.709","2224370.0000","1.6780","60553.0000","-0.0500","-0.0050","-1.0000","0.0000","0.0000","0.0000","0.0000","0.0000"
"4775.0","15:13:14.710","2224911.0000","1.7370","60553.0000","-0.0500","-0.0050","-1.0000","0.0000","0.0000","0.0000","0.0000","0.0000"
"4776.0","15:13:14.711","2224941.0000","1.7403","60553.0000","-0.0500","-0.0050","-1.0000","0.0000","0.0000","0.0000","0.0000","0.0000"
"4777.0","15:13:14.712","2225137.0000","1.7617","60553.0000","-0.0500","-0.0050","-1.0000","0.0000","0.0000","0.0000","0.0000","0.0000"
"4778.0","15:13:14.713","2224120.0000","1.6508","60553.0000","-0.0500","-0.0050","-1.0000","0.0000","0.0000","0.0000","0.0000","0.0000"
"4779.0","15:13:14.714","2223514.0000","1.5847","60553.0000","-0.0500","-0.0050","-1.0000","0.0000","0.0000","0.0000","0.0000","0.0000"
"4780.0","15:13:14.715","2224117.0000","1.6505","60553.0000","-0.0500","-0.0050","-1.0000","0.0000","0.0000","0.0000","0.0000","0.0000"
"4781.0","15:13:14.716","2224182.0000","1.6576","60553.0000","-0.0500","-0.0050","-1.0000","0.0000","0.0000","0.0000","0.0000","0.0000"
"4782.0","15:13:14.717","2223598.0000","1.5939","60553.0000","-0.0500","-0.0050","-1.0000","0.0000","0.0000","0.0000","0.0000","0.0000"
"4783.0","15:13:14.718","2223113.0000","1.5410","60553.0000","-0.0500","-0.0050","-1.0000","0.0000","0.0000","0.0000","0.0000","0.0000"
"4784.0","15:13:14.719","2223229.0000","1.5537","60553.0000","-0.0500","-0.0050","-1.0000","0.0000","0.0000","0.0000","0.0000","0.0000"
"4785.0","15:13:14.720","2223788.0000","1.6146","60553.0000","-0.0500","-0.0050","-1.0000","0.0000","0.0000","0.0000","0.0000","0.0000"
"4786.0","15:13:14.721","2223788.0000","1.6146","60561.0000","-0.0500","-0.0050","-1.0000","0.0000","0.0000","0.0000","0.0000","0.0000"
"4787.0","15:13:14.722","2223854.0000","1.6218","60561.0000","-0.0500","-0.0050","-1.0000","0.0000","0.0000","0.0000","0.0000","0.0000"
"4788.0","15:13:14.723","2223479.0000","1.5809","60561.0000","-0.0500","-0.0050","-1.0000","0.0000","0.0000","0.0000","0.0000","0.0000"
"4789.0","15:13:14.724","2224172.0000","1.6564","60561.0000","-0.0500","-0.0050","-1.0000","0.0000","0.0000","0.0000","0.0000","0.0000"
"4790.0","15:13:14.725","2223240.0000","1.5549","60561.0000","-0.0500","-0.0050","-1.0000","0.0000","0.0000","0.0000","0.0000","0.0000"
"4791.0","15:13:14.726","2223233.0000","1.5541","60561.0000","-0.0500","-0.0050","-1.0000","0.0000","0.0000","0.0000","0.0000","0.0000"
"4792.0","15:13:14.727","2223704.0000","1.6054","60561.0000","-0.0500","-0.0050","-1.0000","0.0000","0.0000","0.0000","0.0000","0.0000"
"4793.0","15:13:14.728","2222975.0000","1.5260","60561.0000","-0.0500","-0.0050","-1.0000","0.0000","0.0000","0.0000","0.0000","0.0000"
"4794.0","15:13:14.729","2222655.0000","1.4911","60561.0000","-0.0500","-0.0050","-1.0000","0.0000","0.0000","0.0000","0.0000","0.0000"
"4795.0","15:13:14.730","2222365.0000","1.4595","60561.0000","-0.0500","-0.0050","-1.0000","0.0000","0.0000","0.0000","0.0000","0.0000"
"4796.0","15:13:14.731","2223257.0000","1.5567","60561.0000","-0.0500","-0.0050","-1.0000","0.0000","0.0000","0.0000","0.0000","0.0000"
"4797.0","15:13:14.732","2223144.0000","1.5444","60561.0000","-0.0500","-0.0050","-1.0000","0.0000","0.0000","0.0000","0.0000","0.0000"
"4798.0","15:13:14.733","2222665.0000","1.4922","60561.0000","-0.0500","-0.0050","-1.0000","0.0000","0.0000","0.0000","0.0000","0.0000"
"4799.0","15:13:14.734","2223668.0000","1.6015","60561.0000","-0.0500","-0.0050","-1.0000","0.0000","0.0000","0.0000","0.0000","0.0000"
"4800.0","15:13:14.735","2223403.0000","1.5726","60561.0000","-0.0500","-0.0050","-1.0000","0.0000","0.0000","0.0000","0.0000","0.0000"
"4801.0","15:13:14.736","2223868.0000","1.6233","60561.0000","-0.0500","-0.0050","-1.0000","0.0000","0.0000","0.0000","0.0000","0.0000"
"4802.0","15:13:14.737","2224756.0000","1.7201","60561.0000","-0.0500","-0.0050","-1.0000","0.0000","0.0000","0.0000","0.0000","0.0000"
"4803.0","15:13:14.738","2224405.0000","1.6819","60561.0000","-0.0500","-0.0050","-1.0000","0.0000","0.0000","0.0000","0.0000","0.0000"
"4804.0","15:13:14.739","2224066.0000","1.6449","60561.0000","-0.0500","-0.0050","-1.0000","0.0000","0.0000","0.0000","0.0000","0.0000"
"4805.0","15:13:14.740","2223400.0000","1.5723","60561.0000","-0.0500","-0.0050","-1.0000","0.0000","0.0000","0.0000","0.0000","0.0000"
"4806.0","15:13:14.741","2224336.0000","1.6743","60561.0000","-0.0500","-0.0050","-1.0000","0.0000","0.0000","0.0000","0.0000","0.0000"
"4807.0","15:13:14.742","2225042.0000","1.7513","60561.0000","-0.0500","-0.0050","-1.0000","0.0000","0.0000","0.0000","0.0000","0.0000"
"4808.0","15:13:14.743","2223164.0000","1.5466","60561.0000","-0.0500","-0.0050","-1.0000","0.0000","0.0000","0.0000","0.0000","0.0000"
"4809.0","15:13:14.744","2224215.0000","1.6611","60561.0000","-0.0500","-0.0050","-1.0000","0.0000","0.0000","0.0000","0.0000","0.0000"
"4810.0","15:13:14.745","2224062.0000","1.6445","60561.0000","-0.0500","-0.0050","-1.0000","0.0000","0.0000","0.0000","0.0000","0.0000"
"4811.0","15:13:14.746","2223419.0000","1.5744","60561.0000","-0.0500","-0.0050","-1.0000","0.0000","0.0000","0.0000","0.0000","0.0000"
"4812.0","15:13:14.747","2224276.0000","1.6678","60561.0000","-0.0500","-0.0050","-1.0000","0.0000","0.0000","0.0000","0.0000","0.0000"
"4813.0","15:13:14.748","2224719.0000","1.7161","60561.0000","-0.0500","-0.0050","-1.0000","0.0000","0.0000","0.0000","0.0000","0.0000"
"4814.0","15:13:14.749","2224446.0000","1.6863","60561.0000","-0.0500","-0.0050","-1.0000","0.0000","0.0000","0.0000","0.0000","0.0000"
"4815.0","15:13:14.750","2224870.0000","1.7326","60561.0000","-0.0500","-0.0050","-1.0000","0.0000","0.0000","0.0000","0.0000","0.0000"
"4816.0","15:13:14.751","2225495.0000","1.8007","60561.0000","-0.0500","-0.0050","-1.0000","0.0000","0.0000","0.0000","0.0000","0.0000"
"4817.0","15:13:14.752","2225445.0000","1.7952","60561.0000","-0.0500","-0.0050","-1.0000","0.0000","0.0000","0.0000","0.0000","0.0000"
"4818.0","15:13:14.753","2224889.0000","1.7346","60561.0000","-0.0500","-0.0050","-1.0000","0.0000","0.0000","0.0000","0.0000","0.0000"
"4819.0","15:13:14.754","2224853.0000","1.7307","60561.0000","-0.0500","-0.0050","-1.0000","0.0000","0.0000","0.0000","0.0000","0.0000"
"4820.0","15:13:14.755","2225726.0000","1.8259","60561.0000","-0.0500","-0.0050","-1.0000","0.0000","0.0000","0.0000","0.0000","0.0000"
"4821.0","15:13:14.756","2225763.0000","1.8299","60561.0000","-0.0500","-0.0050","-1.0000","0.0000","0.0000","0.0000","0.0000","0.0000"
"4822.0","15:13:14.757","2224777.0000","1.7224","60561.0000","-0.0500","-0.0050","-1.0000","0.0000","0.0000","0.0000","0.0000","0.0000"
"4823.0","15:13:14.758","2223996.0000","1.6373","60561.0000","-0.0500","-0.0050","-1.0000","0.0000","0.0000","0.0000","0.0000","0.0000"
"4824.0","15:13:14.759","2223777.0000","1.6134","60561.0000","-0.0500","-0.0050","-1.0000","0.0000","0.0000","0.0000","0.0000","0.0000"
"4825.0","15:13:14.760","2223394.0000","1.5716","60561.0000","-0.0500","-0.0050","-1.0000","0.0000","0.0000","0.0000","0.0000","0.0000"
"4826.0","15:13:14.761","2223716.0000","1.6067","60561.0000","-0.0500","-0.0050","-1.0000","0.0000","0.0000","0.0000","0.0000","0.0000"
"4827.0","15:13:14.762","2223936.0000","1.6307","60561.0000","-0.0500","-0.0050","-1.0000","0.0000","0.0000","0.0000","0.0000","0.0000"
"4828.0","15:13:14.763","2223958.0000","1.6332","60561.0000","-0.0500","-0.0050","-1.0000","0.0000","0.0000","0.0000","0.0000","0.0000"
"4829.0","15:13:14.764","2222798.0000","1.5067","60561.0000","-0.0500","-0.0050","-1.0000","0.0000","0.0000","0.0000","0.0000","0.0000"
"4830.0","15:13:14.765","2222881.0000","1.5157","60561.0000","-0.0500","-0.0050","-1.0000","0.0000","0.0000","0.0000","0.0000","0.0000"
"4831.0","15:13:14.766","2223026.0000","1.5315","60561.0000","-0.0500","-0.0050","-1.0000","0.0000","0.0000","0.0000","0.0000","0.0000"
"4832.0","15:13:14.767","2222980.0000","1.5265","60561.0000","-0.0500","-0.0050","-1.0000","0.0000","0.0000","0.0000","0.0000","0.0000"
"4833.0","15:13:14.768","2222980.0000","1.5265","60561.0000","-0.0500","-0.0050","-1.0000","0.0000","0.0000","0.0000","0.0000","0.0000"
"4834.0","15:13:14.769","2222048.0000","1.4249","60561.0000","-0.0500","-0.0050","-1.0000","0.0000","0.0000","0.0000","0.0000","0.0000"
"4835.0","15:13:14.770","2222037.0000","1.4237","60561.0000","-0.0500","-0.0050","-1.0000","0.0000","0.0000","0.0000","0.0000","0.0000"
"4836.0","15:13:14.771","2222163.0000","1.4374","60561.0000","-0.0500","-0.0050","-1.0000","0.0000","0.0000","0.0000","0.0000","0.0000"
"4837.0","15:13:14.772","2222338.0000","1.4565","60561.0000","-0.0500","-0.0050","-1.0000","0.0000","0.0000","0.0000","0.0000","0.0000"
"4838.0","15:13:14.773","2222867.0000","1.5142","60561.0000","-0.0500","-0.0050","-1.0000","0.0000","0.0000","0.0000","0.0000","0.0000"
"4839.0","15:13:14.774","2221427.0000","1.3572","60561.0000","-0.0500","-0.0050","-1.0000","0.0000","0.0000","0.0000","0.0000","0.0000"
"4840.0","15:13:14.775","2221516.0000","1.3669","60561.0000","-0.0500","-0.0050","-1.0000","0.0000","0.0000","0.0000","0.0000","0.0000"
"4841.0","15:13:14.776","2221867.0000","1.4052","60561.0000","-0.0500","-0.0050","-1.0000","0.0000","0.0000","0.0000","0.0000","0.0000"
"4842.0","15:13:14.777","2221080.0000","1.3194","60561.0000","-0.0500","-0.0050","-1.0000","0.0000","0.0000","0.0000","0.0000","0.0000"
"4843.0","15:13:14.778","2220569.0000","1.2637","60561.0000","-0.0500","-0.0050","-1.0000","0.0000","0.0000","0.0000","0.0000","0.0000"
"4844.0","15:13:14.779","2221268.0000","1.3399","60561.0000","-0.0500","-0.0050","-1.0000","0.0000","0.0000","0.0000","0.0000","0.0000"
"4845.0","15:13:14.780","2220767.0000","1.2853","60561.0000","-0.0500","-0.0050","-1.0000","0.0000","0.0000","0.0000","0.0000","0.0000"
"4846.0","15:13:14.781","2220760.0000","1.2845","60561.0000","-0.0500","-0.0050","-1.0000","0.0000","0.0000","0.0000","0.0000","0.0000"
"4847.0","15:13:14.782","2221623.0000","1.3786","60569.0000","-0.0500","-0.0050","-1.0000","0.0000","0.0000","0.0000","0.0000","0.0000"
"4848.0","15:13:14.783","2220536.0000","1.2601","60569.0000","-0.0500","-0.0050","-1.0000","0.0000","0.0000","0.0000","0.0000","0.0000"
"4849.0","15:13:14.784","2221015.0000","1.3123","60569.0000","-0.0500","-0.0050","-1.0000","0.0000","0.0000","0.0000","0.0000","0.0000"
"4850.0","15:13:14.785","2222118.0000","1.4325","60569.0000","-0.0500","-0.0050","-1.0000","0.0000","0.0000","0.0000","0.0000","0.0000"
"4851.0","15:13:14.786","2221355.0000","1.3494","60569.0000","-0.0500","-0.0050","-1.0000","0.0000","0.0000","0.0000","0.0000","0.0000"
"4852.0","15:13:14.787","2222503.0000","1.4745","60569.0000","-0.0500","-0.0050","-1.0000","0.0000","0.0000","0.0000","0.0000","0.0000"
"4853.0","15:13:14.788","2221691.0000","1.3860","60569.0000","-0.0500","-0.0050","-1.0000","0.0000","0.0000","0.0000","0.0000","0.0000"
"4854.0","15:13:14.789","2220624.0000","1.2697","60569.0000","-0.0500","-0.0050","-1.0000","0.0000","0.0000","0.0000","0.0000","0.0000"
"4855.0","15:13:14.790","2222055.0000","1.4257","60569.0000","-0.0500","-0.0050","-1.0000","0.0000","0.0000","0.0000","0.0000","0.0000"
"4856.0","15:13:14.791","2221221.0000","1.3348","60569.0000","-0.0500","-0.0050","-1.0000","0.0000","0.0000","0.0000","0.0000","0.0000"
"4857.0","15:13:14.792","2220642.0000","1.2716","60569.0000","-0.0500","-0.0050","-1.0000","0.0000","0.0000","0.0000","0.0000","0.0000"
"4858.0","15:13:14.793","2220478.0000","1.2538","60569.0000","-0.0500","-0.0050","-1.0000","0.0000","0.0000","0.0000","0.0000","0.0000"
"4859.0","15:13:14.794","2221150.0000","1.3270","60569.0000","-0.0500","-0.0050","-1.0000","0.0000","0.0000","0.0000","0.0000","0.0000"
"4860.0","15:13:14.795","2220694.0000","1.2773","60569.0000","-0.0500","-0.0050","-1.0000","0.0000","0.0000","0.0000","0.0000","0.0000"
"4861.0","15:13:14.796","2221276.0000","1.3407","60569.0000","-0.0500","-0.0050","-1.0000","0.0000","0.0000","0.0000","0.0000","0.0000"
"4862.0","15:13:14.797","2221343.0000","1.3480","60569.0000","-0.0500","-0.0050","-1.0000","0.0000","0.0000","0.0000","0.0000","0.0000"
"4863.0","15:13:14.798","2221209.0000","1.3335","60569.0000","-0.0500","-0.0050","-1.0000","0.0000","0.0000","0.0000","0.0000","0.0000"
"4864.0","15:13:14.799","2221790.0000","1.3968","60569.0000","-0.0500","-0.0050","-1.0000","0.0000","0.0000","0.0000","0.0000","0.0000"
"4865.0","15:13:14.800","2222172.0000","1.4384","60569.0000","-0.0500","-0.0050","-1.0000","0.0000","0.0000","0.0000","0.0000","0.0000"
"4866.0","15:13:14.801","2221826.0000","1.4007","60569.0000","-0.0500","-0.0050","-1.0000","0.0000","0.0000","0.0000","0.0000","0.0000"
"4867.0","15:13:14.802","2221340.0000","1.3477","60569.0000","-0.0500","-0.0050","-1.0000","0.0000","0.0000","0.0000","0.0000","0.0000"
"4868.0","15:13:14.803","2220975.0000","1.3079","60569.0000","-0.0500","-0.0050","-1.0000","0.0000","0.0000","0.0000","0.0000","0.0000"
"4869.0","15:13:14.804","2222213.0000","1.4429","60569.0000","-0.0500","-0.0050","-1.0000","0.0000","0.0000","0.0000","0.0000","0.0000"
"4870.0","15:13:14.805","2221633.0000","1.3797","60569.0000","-0.0500","-0.0050","-1.0000","0.0000","0.0000","0.0000","0.0000","0.0000"
"4871.0","15:13:14.806","2220790.0000","1.2878","60569.0000","-0.0500","-0.0050","-1.0000","0.0000","0.0000","0.0000","0.0000","0.0000"
"4872.0","15:13:14.807","2221416.0000","1.3560","60569.0000","-0.0500","-0.0050","-1.0000","0.0000","0.0000","0.0000","0.0000","0.0000"
"4873.0","15:13:14.808","2221333.0000","1.3470","60569.0000","-0.0500","-0.0050","-1.0000","0.0000","0.0000","0.0000","0.0000","0.0000"
"4874.0","15:13:14.809","2221848.0000","1.4031","60569.0000","-0.0500","-0.0050","-1.0000","0.0000","0.0000","0.0000","0.0000","0.0000"
"4875.0","15:13:14.810","2221871.0000","1.4056","60569.0000","-0.0500","-0.0050","-1.0000","0.0000","0.0000","0.0000","0.0000","0.0000"
"4876.0","15:13:14.811","2221859.0000","1.4043","60569.0000","-0.0500","-0.0050","-1.0000","0.0000","0.0000","0.0000","0.0000","0.0000"
"4877.0","15:13:14.812","2221982.0000","1.4177","60569.0000","-0.0500","-0.0050","-1.0000","0.0000","0.0000","0.0000","0.0000","0.0000"
"4878.0","15:13:14.813","2221861.0000","1.4045","60569.0000","-0.0500","-0.0050","-1.0000","0.0000","0.0000","0.0000","0.0000","0.0000"
"4879.0","15:13:14.814","2221305.0000","1.3439","60569.0000","-0.0500","-0.0050","-1.0000","0.0000","0.0000","0.0000","0.0000","0.0000"
"4880.0","15:13:14.815","2221305.0000","1.3439","60569.0000","-0.0500","-0.0050","-1.0000","0.0000","0.0000","0.0000","0.0000","0.0000"
"4881.0","15:13:14.816","2222312.0000","1.4537","60569.0000","-0.0500","-0.0050","-1.0000","0.0000","0.0000","0.0000","0.0000","0.0000"
"4882.0","15:13:14.817","2221533.0000","1.3688","60569.0000","-0.0500","-0.0050","-1.0000","0.0000","0.0000","0.0000","0.0000","0.0000"
"4883.0","15:13:14.818","2221753.0000","1.3927","60569.0000","-0.0500","-0.0050","-1.0000","0.0000","0.0000","0.0000","0.0000","0.0000"
"4884.0","15:13:14.819","2222323.0000","1.4549","60569.0000","-0.0500","-0.0050","-1.0000","0.0000","0.0000","0.0000","0.0000","0.0000"
"4885.0","15:13:14.820","2221706.0000","1.3876","60569.0000","-0.0500","-0.0050","-1.0000","0.0000","0.0000","0.0000","0.0000","0.0000"
"4886.0","15:13:14.821","2222619.0000","1.4872","60569.0000","-0.0500","-0.0050","-1.0000","0.0000","0.0000","0.0000","0.0000","0.0000"
"4887.0","15:13:14.822","2223087.0000","1.5382","60569.0000","-0.0500","-0.0050","-1.0000","0.0000","0.0000","0.0000","0.0000","0.0000"
"4888.0","15:13:14.823","2222238.0000","1.4456","60569.0000","-0.0500","-0.0050","-1.0000","0.0000","0.0000","0.0000","0.0000","0.0000"
"4889.0","15:13:14.824","2221748.0000","1.3922","60569.0000","-0.0500","-0.0050","-1.0000","0.0000","0.0000","0.0000","0.0000","0.0000"
"4890.0","15:13:14.825","2221600.0000","1.3761","60569.0000","-0.0500","-0.0050","-1.0000","0.0000","0.0000","0.0000","0.0000","0.0000"
"4891.0","15:13:14.826","2221791.0000","1.3969","60569.0000","-0.0500","-0.0050","-1.0000","0.0000","0.0000","0.0000","0.0000","0.0000"
"4892.0","15:13:14.827","2221227.0000","1.3354","60569.0000","-0.0500","-0.0050","-1.0000","0.0000","0.0000","0.0000","0.0000","0.0000"
"4893.0","15:13:14.828","2220771.0000","1.2857","60569.0000","-0.0500","-0.0050","-1.0000","0.0000","0.0000","0.0000","0.0000","0.0000"
"4894.0","15:13:14.829","2221273.0000","1.3404","60569.0000","-0.0500","-0.0050","-1.0000","0.0000","0.0000","0.0000","0.0000","0.0000"
"4895.0","15:13:14.830","2221344.0000","1.3482","60569.0000","-0.0500","-0.0050","-1.0000","0.0000","0.0000","0.0000","0.0000","0.0000"
"4896.0","15:13:14.831","2222042.0000","1.4243","60569.0000","-0.0500","-0.0050","-1.0000","0.0000","0.0000","0.0000","0.0000","0.0000"
"4897.0","15:13:14.832","2223100.0000","1.5396","60569.0000","-0.0500","-0.0050","-1.0000","0.0000","0.0000","0.0000","0.0000","0.0000"
"4898.0","15:13:14.833","2222718.0000","1.4980","60569.0000","-0.0500","-0.0050","-1.0000","0.0000","0.0000","0.0000","0.0000","0.0000"
"4899.0","15:13:14.834","2222758.0000","1.5023","60569.0000","-0.0500","-0.0050","-1.0000","0.0000","0.0000","0.0000","0.0000","0.0000"
"4900.0","15:13:14.835","2223517.0000","1.5851","60569.0000","-0.0500","-0.0050","-1.0000","0.0000","0.0000","0.0000","0.0000","0.0000"
"4901.0","15:13:14.836","2223654.0000","1.6000","60569.0000","-0.0500","-0.0050","-1.0000","0.0000","0.0000","0.0000","0.0000","0.0000"
"4902.0","15:13:14.837","2223381.0000","1.5702","60569.0000","-0.0500","-0.0050","-1.0000","0.0000","0.0000","0.0000","0.0000","0.0000"
"4903.0","15:13:14.838","2223411.0000","1.5735","60569.0000","-0.0500","-0.0050","-1.0000","0.0000","0.0000","0.0000","0.0000","0.0000"
"4904.0","15:13:14.839","2223322.0000","1.5638","60569.0000","-0.0500","-0.0050","-1.0000","0.0000","0.0000","0.0000","0.0000","0.0000"
"4905.0","15:13:14.840","2223240.0000","1.5549","60569.0000","-0.0500","-0.0050","-1.0000","0.0000","0.0000","0.0000","0.0000","0.0000"
"4906.0","15:13:14.841","2223334.0000","1.5651","60569.0000","-0.0500","-0.0050","-1.0000","0.0000","0.0000","0.0000","0.0000","0.0000"
"4907.0","15:13:14.842","2222926.0000","1.5206","60563.0000","-0.0500","-0.0050","-1.0000","0.0000","0.0000","0.0000","0.0000","0.0000"
"4908.0","15:13:14.843","2223066.0000","1.5359","60563.0000","-0.0500","-0.0050","-1.0000","0.0000","0.0000","0.0000","0.0000","0.0000"
"4909.0","15:13:14.844","2222182.0000","1.4395","60563.0000","-0.0500","-0.0050","-1.0000","0.0000","0.0000","0.0000","0.0000","0.0000"
"4910.0","15:13:14.845","2222185.0000","1.4399","60563.0000","-0.0500","-0.0050","-1.0000","0.0000","0.0000","0.0000","0.0000","0.0000"
"4911.0","15:13:14.846","2222476.0000","1.4715","60563.0000","-0.0500","-0.0050","-1.0000","0.0000","0.0000","0.0000","0.0000","0.0000"
"4912.0","15:13:14.847","2222165.0000","1.4377","60563.0000","-0.0500","-0.0050","-1.0000","0.0000","0.0000","0.0000","0.0000","0.0000"
"4913.0","15:13:14.848","2223034.0000","1.5324","60563.0000","-0.0500","-0.0050","-1.0000","0.0000","0.0000","0.0000","0.0000","0.0000"
"4914.0","15:13:14.849","2222893.0000","1.5170","60563.0000","-0.0500","-0.0050","-1.0000","0.0000","0.0000","0.0000","0.0000","0.0000"
"4915.0","15:13:14.850","2223031.0000","1.5321","60563.0000","-0.0500","-0.0050","-1.0000","0.0000","0.0000","0.0000","0.0000","0.0000"
"4916.0","15:13:14.851","2222708.0000","1.4969","60563.0000","-0.0500","-0.0050","-1.0000","0.0000","0.0000","0.0000","0.0000","0.0000"
"4917.0","15:13:14.852","2222934.0000","1.5215","60563.0000","-0.0500","-0.0050","-1.0000","0.0000","0.0000","0.0000","0.0000","0.0000"
"4918.0","15:13:14.853","2223285.0000","1.5597","60563.0000","-0.0500","-0.0050","-1.0000","0.0000","0.0000","0.0000","0.0000","0.0000"
"4919.0","15:13:14.854","2222609.0000","1.4861","60563.0000","-0.0500","-0.0050","-1.0000","0.0000","0.0000","0.0000","0.0000","0.0000"
"4920.0","15:13:14.855","2223037.0000","1.5327","60563.0000","-0.0500","-0.0050","-1.0000","0.0000","0.0000","0.0000","0.0000","0.0000"
"4921.0","15:13:14.856","2223352.0000","1.5671","60563.0000","-0.0500","-0.0050","-1.0000","0.0000","0.0000","0.0000","0.0000","0.0000"
"4922.0","15:13:14.857","2223101.0000","1.5397","60563.0000","-0.0500","-0.0050","-1.0000","0.0000","0.0000","0.0000","0.0000","0.0000"
"4923.0","15:13:14.858","2222361.0000","1.4590","60563.0000","-0.0500","-0.0050","-1.0000","0.0000","0.0000","0.0000","0.0000","0.0000"
"4924.0","15:13:14.859","2222758.0000","1.5023","60563.0000","-0.0500","-0.0050","-1.0000","0.0000","0.0000","0.0000","0.0000","0.0000"
"4925.0","15:13:14.860","2222278.0000","1.4500","60563.0000","-0.0500","-0.0050","-1.0000","0.0000","0.0000","0.0000","0.0000","0.0000"
"4926.0","15:13:14.861","2222071.0000","1.4274","60563.0000","-0.0500","-0.0050","-1.0000","0.0000","0.0000","0.0000","0.0000","0.0000"
"4927.0","15:13:14.862","2222071.0000","1.4274","60563.0000","-0.0500","-0.0050","-1.0000","0.0000","0.0000","0.0000","0.0000","0.0000"
"4928.0","15:13:14.863","2221976.0000","1.4171","60563.0000","-0.0500","-0.0050","-1.0000","0.0000","0.0000","0.0000","0.0000","0.0000"
"4929.0","15:13:14.864","2222640.0000","1.4894","60563.0000","-0.0500","-0.0050","-1.0000","0.0000","0.0000","0.0000","0.0000","0.0000"
"4930.0","15:13:14.865","2222253.0000","1.4473","60563.0000","-0.0500","-0.0050","-1.0000","0.0000","0.0000","0.0000","0.0000","0.0000"
"4931.0","15:13:14.866","2221675.0000","1.3842","60563.0000","-0.0500","-0.0050","-1.0000","0.0000","0.0000","0.0000","0.0000","0.0000"
"4932.0","15:13:14.867","2222226.0000","1.4443","60563.0000","-0.0500","-0.0050","-1.0000","0.0000","0.0000","0.0000","0.0000","0.0000"
"4933.0","15:13:14.868","2222675.0000","1.4933","60563.0000","-0.0500","-0.0050","-1.0000","0.0000","0.0000","0.0000","0.0000","0.0000"
"4934.0","15:13:14.869","2223560.0000","1.5897","60563.0000","-0.0500","-0.0050","-1.0000","0.0000","0.0000","0.0000","0.0000","0.0000"
"4935.0","15:13:14.870","2223755.0000","1.6110","60563.0000","-0.0500","-0.0050","-1.0000","0.0000","0.0000","0.0000","0.0000","0.0000"
"4936.0","15:13:14.871","2224446.0000","1.6863","60563.0000","-0.0500","-0.0050","-1.0000","0.0000","0.0000","0.0000","0.0000","0.0000"
"4937.0","15:13:14.872","2223722.0000","1.6074","60563.0000","-0.0500","-0.0050","-1.0000","0.0000","0.0000","0.0000","0.0000","0.0000"
"4938.0","15:13:14.873","2223081.0000","1.5375","60563.0000","-0.0500","-0.0050","-1.0000","0.0000","0.0000","0.0000","0.0000","0.0000"
"4939.0","15:13:14.874","2224214.0000","1.6610","60563.0000","-0.0500","-0.0050","-1.0000","0.0000","0.0000","0.0000","0.0000","0.0000"
"4940.0","15:13:14.875","2223290.0000","1.5603","60563.0000","-0.0500","-0.0050","-1.0000","0.0000","0.0000","0.0000","0.0000","0.0000"
"4941.0","15:13:14.876","2223668.0000","1.6015","60563.0000","-0.0500","-0.0050","-1.0000","0.0000","0.0000","0.0000","0.0000","0.0000"
"4942.0","15:13:14.877","2222782.0000","1.5049","60563.0000","-0.0500","-0.0050","-1.0000","0.0000","0.0000","0.0000","0.0000","0.0000"
"4943.0","15:13:14.878","2223623.0000","1.5966","60563.0000","-0.0500","-0.0050","-1.0000","0.0000","0.0000","0.0000","0.0000","0.0000"
"4944.0","15:13:14.879","2224266.0000","1.6667","60563.0000","-0.0500","-0.0050","-1.0000","0.0000","0.0000","0.0000","0.0000","0.0000"
"4945.0","15:13:14.880","2223828.0000","1.6189","60563.0000","-0.0500","-0.0050","-1.0000","0.0000","0.0000","0.0000","0.0000","0.0000"
"4946.0","15:13:14.881","2223602.0000","1.5943","60563.0000","-0.0500","-0.0050","-1.0000","0.0000","0.0000","0.0000","0.0000","0.0000"
"4947.0","15:13:14.882","2224187.0000","1.6581","60563.0000","-0.0500","-0.0050","-1.0000","0.0000","0.0000","0.0000","0.0000","0.0000"
"4948.0","15:13:14.883","2224630.0000","1.7064","60563.0000","-0.0500","-0.0050","-1.0000","0.0000","0.0000","0.0000","0.0000","0.0000"
"4949.0","15:13:14.884","2223906.0000","1.6275","60563.0000","-0.0500","-0.0050","-1.0000","0.0000","0.0000","0.0000","0.0000","0.0000"
"4950.0","15:13:14.885","2224152.0000","1.6543","60563.0000","-0.0500","-0.0050","-1.0000","0.0000","0.0000","0.0000","0.0000","0.0000"
"4951.0","15:13:14.886","2224316.0000","1.6722","60563.0000","-0.0500","-0.0050","-1.0000","0.0000","0.0000","0.0000","0.0000","0.0000"
"4952.0","15:13:14.887","2224054.0000","1.6436","60563.0000","-0.0500","-0.0050","-1.0000","0.0000","0.0000","0.0000","0.0000","0.0000"
"4953.0","15:13:14.888","2224825.0000","1.7277","60563.0000","-0.0500","-0.0050","-1.0000","0.0000","0.0000","0.0000","0.0000","0.0000"
"4954.0","15:13:14.889","2224731.0000","1.7174","60563.0000","-0.0500","-0.0050","-1.0000","0.0000","0.0000","0.0000","0.0000","0.0000"
"4955.0","15:13:14.890","2224389.0000","1.6801","60563.0000","-0.0500","-0.0050","-1.0000","0.0000","0.0000","0.0000","0.0000","0.0000"
"4956.0","15:13:14.891","2225268.0000","1.7759","60563.0000","-0.0500","-0.0050","-1.0000","0.0000","0.0000","0.0000","0.0000","0.0000"
"4957.0","15:13:14.892","2223978.0000","1.6353","60563.0000","-0.0500","-0.0050","-1.0000","0.0000","0.0000","0.0000","0.0000","0.0000"
"4958.0","15:13:14.893","2223763.0000","1.6119","60563.0000","-0.0500","-0.0050","-1.0000","0.0000","0.0000","0.0000","0.0000","0.0000"
"4959.0","15:13:14.894","2224096.0000","1.6482","60563.0000","-0.0500","-0.0050","-1.0000","0.0000","0.0000","0.0000","0.0000","0.0000"
"4960.0","15:13:14.895","2223091.0000","1.5386","60563.0000","-0.0500","-0.0050","-1.0000","0.0000","0.0000","0.0000","0.0000","0.0000"
"4961.0","15:13:14.896","2223351.0000","1.5669","60563.0000","-0.0500","-0.0050","-1.0000","0.0000","0.0000","0.0000","0.0000","0.0000"
"4962.0","15:13:14.897","2223574.0000","1.5913","60563.0000","-0.0500","-0.0050","-1.0000","0.0000","0.0000","0.0000","0.0000","0.0000"
"4963.0","15:13:14.898","2223254.0000","1.5564","60563.0000","-0.0500","-0.0050","-1.0000","0.0000","0.0000","0.0000","0.0000","0.0000"
"4964.0","15:13:14.899","2223983.0000","1.6358","60563.0000","-0.0500","-0.0050","-1.0000","0.0000","0.0000","0.0000","0.0000","0.0000"
"4965.0","15:13:14.900","2223481.0000","1.5811","60563.0000","-0.0500","-0.0050","-1.0000","0.0000","0.0000","0.0000","0.0000","0.0000"
"4966.0","15:13:14.901","2223705.0000","1.6056","60563.0000","-0.0500","-0.0050","-1.0000","0.0000","0.0000","0.0000","0.0000","0.0000"
"4967.0","15:13:14.902","2223472.0000","1.5801","60563.0000","-0.0500","-0.0050","-1.0000","0.0000","0.0000","0.0000","0.0000","0.0000"
"4968.0","15:13:14.903","2223682.0000","1.6030","60564.0000","-0.0500","-0.0050","-1.0000","0.0000","0.0000","0.0000","0.0000","0.0000"
"4969.0","15:13:14.904","2224052.0000","1.6434","60564.0000","-0.0500","-0.0050","-1.0000","0.0000","0.0000","0.0000","0.0000","0.0000"
"4970.0","15:13:14.905","2224757.0000","1.7202","60564.0000","-0.0500","-0.0050","-1.0000","0.0000","0.0000","0.0000","0.0000","0.0000"
"4971.0","15:13:14.906","2223860.0000","1.6225","60564.0000","-0.0500","-0.0050","-1.0000","0.0000","0.0000","0.0000","0.0000","0.0000"
"4972.0","15:13:14.907","2224504.0000","1.6927","60564.0000","-0.0500","-0.0050","-1.0000","0.0000","0.0000","0.0000","0.0000","0.0000"
"4973.0","15:13:14.908","2224504.0000","1.6927","60564.0000","-0.0500","-0.0050","-1.0000","0.0000","0.0000","0.0000","0.0000","0.0000"
"4974.0","15:13:14.909","2225076.0000","1.7550","60564.0000","-0.0500","-0.0050","-1.0000","0.0000","0.0000","0.0000","0.0000","0.0000"
"4975.0","15:13:14.910","2225038.0000","1.7509","60564.0000","-0.0500","-0.0050","-1.0000","0.0000","0.0000","0.0000","0.0000","0.0000"
"4976.0","15:13:14.911","2224835.0000","1.7287","60564.0000","-0.0500","-0.0050","-1.0000","0.0000","0.0000","0.0000","0.0000","0.0000"
"4977.0","15:13:14.912","2225057.0000","1.7530","60564.0000","-0.0500","-0.0050","-1.0000","0.0000","0.0000","0.0000","0.0000","0.0000"
"4978.0","15:13:14.913","2225907.0000","1.8456","60564.0000","-0.0500","-0.0050","-1.0000","0.0000","0.0000","0.0000","0.0000","0.0000"
"4979.0","15:13:14.914","2225867.0000","1.8412","60564.0000","-0.0500","-0.0050","-1.0000","0.0000","0.0000","0.0000","0.0000","0.0000"
"4980.0","15:13:14.915","2225624.0000","1.8147","60564.0000","-0.0500","-0.0050","-1.0000","0.0000","0.0000","0.0000","0.0000","0.0000"
"4981.0","15:13:14.916","2224926.0000","1.7387","60564.0000","-0.0500","-0.0050","-1.0000","0.0000","0.0000","0.0000","0.0000","0.0000"
"4982.0","15:13:14.917","2226308.0000","1.8893","60564.0000","-0.0500","-0.0050","-1.0000","0.0000","0.0000","0.0000","0.0000","0.0000"
"4983.0","15:13:14.918","2224726.0000","1.7168","60564.0000","-0.0500","-0.0050","-1.0000","0.0000","0.0000","0.0000","0.0000","0.0000"
"4984.0","15:13:14.919","2222818.0000","1.5088","60564.0000","-0.0500","-0.0050","-1.0000","0.0000","0.0000","0.0000","0.0000","0.0000"
"4985.0","15:13:14.920","2222095.0000","1.4300","60564.0000","-0.0500","-0.0050","-1.0000","0.0000","0.0000","0.0000","0.0000","0.0000"
"4986.0","15:13:14.921","2221832.0000","1.4014","60564.0000","-0.0500","-0.0050","-1.0000","0.0000","0.0000","0.0000","0.0000","0.0000"
"4987.0","15:13:14.922","2220466.0000","1.2525","60564.0000","-0.0500","-0.0050","-1.0000","0.0000","0.0000","0.0000","0.0000","0.0000"
"4988.0","15:13:14.923","2219229.0000","1.1176","60564.0000","-0.0500","-0.0050","-1.0000","0.0000","0.0000","0.0000","0.0000","0.0000"
"4989.0","15:13:14.924","2218579.0000","1.0467","60564.0000","-0.0500","-0.0050","-1.0000","0.0000","0.0000","0.0000","0.0000","0.0000"
"4990.0","15:13:14.925","2217435.0000","0.9220","60564.0000","-0.0500","-0.0050","-1.0000","0.0000","0.0000","0.0000","0.0000","0.0000"
"4991.0","15:13:14.926","2217167.0000","0.8928","60564.0000","-0.0500","-0.0050","-1.0000","0.0000","0.0000","0.0000","0.0000","0.0000"
"4992.0","15:13:14.927","2217036.0000","0.8785","60564.0000","-0.0500","-0.0050","-1.0000","0.0000","0.0000","0.0000","0.0000","0.0000"
"4993.0","15:13:14.928","2217035.0000","0.8784","60564.0000","-0.0500","-0.0050","-1.0000","0.0000","0.0000","0.0000","0.0000","0.0000"
"4994.0","15:13:14.929","2217277.0000","0.9048","60564.0000","-0.0500","-0.0050","-1.0000","0.0000","0.0000","0.0000","0.0000","0.0000"
"4995.0","15:13:14.930","2218616.0000","1.0508","60564.0000","-0.0500","-0.0050","-1.0000","0.0000","0.0000","0.0000","0.0000","0.0000"
"4996.0","15:13:14.931","2219848.0000","1.1851","60564.0000","-0.0500","-0.0050","-1.0000","0.0000","0.0000","0.0000","0.0000","0.0000"
"4997.0","15:13:14.932","2220223.0000","1.2259","60564.0000","-0.0500","-0.0050","-1.0000","0.0000","0.0000","0.0000","0.0000","0.0000"
"4998.0","15:13:14.933","2220653.0000","1.2728","60564.0000","-0.0500","-0.0050","-1.0000","0.0000","0.0000","0.0000","0.0000","0.0000"
"4999.0","15:13:14.934","2221335.0000","1.3472","60564.0000","-0.0500","-0.0050","-1.0000","0.0000","0.0000","0.0000","0.0000","0.0000"
"5000.0","15:13:14.935","2221600.0000","1.3761","60564.0000","-0.0500","-0.0050","-1.0000","0.0000","0.0000","0.0000","0.0000","0.0000"
"5001.0","15:13:14.936","2221785.0000","1.3962","60564.0000","-0.0500","-0.0050","-1.0000","0.0000","0.0000","0.0000","0.0000","0.0000"
"5002.0","15:13:14.937","2223262.0000","1.5572","60564.0000","-0.0500","-0.0050","-1.0000","0.0000","0.0000","0.0000","0.0000","0.0000"
"5003.0","15:13:14.938","2224739.0000","1.7183","60564.0000","-0.0500","-0.0050","-1.0000","0.0000","0.0000","0.0000","0.0000","0.0000"
"5004.0","15:13:14.939","2224905.0000","1.7364","60564.0000","-0.0500","-0.0050","-1.0000","0.0000","0.0000","0.0000","0.0000","0.0000"
"5005.0","15:13:14.940","2225460.0000","1.7969","60564.0000","-0.0500","-0.0050","-1.0000","0.0000","0.0000","0.0000","0.0000","0.0000"
"5006.0","15:13:14.941","2225420.0000","1.7925","60564.0000","-0.0500","-0.0050","-1.0000","0.0000","0.0000","0.0000","0.0000","0.0000"
"5007.0","15:13:14.942","2225648.0000","1.8174","60564.0000","-0.0500","-0.0050","-1.0000","0.0000","0.0000","0.0000","0.0000","0.0000"
"5008.0","15:13:14.943","2225785.0000","1.8323","60564.0000","-0.0500","-0.0050","-1.0000","0.0000","0.0000","0.0000","0.0000","0.0000"
"5009.0","15:13:14.944","2227300.0000","1.9975","60564.0000","-0.0500","-0.0050","-1.0000","0.0000","0.0000","0.0000","0.0000","0.0000"
"5010.0","15:13:14.945","2228124.0000","2.0873","60564.0000","-0.0500","-0.0050","-1.0000","0.0000","0.0000","0.0000","0.0000","0.0000"
"5011.0","15:13:14.946","2228886.0000","2.1704","60564.0000","-0.0500","-0.0050","-1.0000","0.0000","0.0000","0.0000","0.0000","0.0000"
"5012.0","15:13:14.947","2228246.0000","2.1006","60564.0000","-0.0500","-0.0050","-1.0000","0.0000","0.0000","0.0000","0.0000","0.0000"
"5013.0","15:13:14.948","2228986.0000","2.1813","60564.0000","-0.0500","-0.0050","-1.0000","0.0000","0.0000","0.0000","0.0000","0.0000"
"5014.0","15:13:14.949","2228267.0000","2.1029","60564.0000","-0.0500","-0.0050","-1.0000","0.0000","0.0000","0.0000","0.0000","0.0000"
"5015.0","15:13:14.950","2227133.0000","1.9792","60564.0000","-0.0500","-0.0050","-1.0000","0.0000","0.0000","0.0000","0.0000","0.0000"
"5016.0","15:13:14.951","2227351.0000","2.0030","60564.0000","-0.0500","-0.0050","-1.0000","0.0000","0.0000","0.0000","0.0000","0.0000"
"5017.0","15:13:14.952","2227270.0000","1.9942","60564.0000","-0.0500","-0.0050","-1.0000","0.0000","0.0000","0.0000","0.0000","0.0000"
"5018.0","15:13:14.953","2226778.0000","1.9406","60564.0000","-0.0500","-0.0050","-1.0000","0.0000","0.0000","0.0000","0.0000","0.0000"
"5019.0","15:13:14.954","2226231.0000","1.8809","60564.0000","-0.0500","-0.0050","-1.0000","0.0000","0.0000","0.0000","0.0000","0.0000"
"5020.0","15:13:14.955","2226231.0000","1.8809","60564.0000","-0.0500","-0.0050","-1.0000","0.0000","0.0000","0.0000","0.0000","0.0000"
"5021.0","15:13:14.956","2226024.0000","1.8584","60564.0000","-0.0500","-0.0050","-1.0000","0.0000","0.0000","0.0000","0.0000","0.0000"
"5022.0","15:13:14.957","2225871.0000","1.8417","60564.0000","-0.0500","-0.0050","-1.0000","0.0000","0.0000","0.0000","0.0000","0.0000"
"5023.0","15:13:14.958","2225379.0000","1.7880","60564.0000","-0.0500","-0.0050","-1.0000","0.0000","0.0000","0.0000","0.0000","0.0000"
"5024.0","15:13:14.959","2224128.0000","1.6517","60564.0000","-0.0500","-0.0050","-1.0000","0.0000","0.0000","0.0000","0.0000","0.0000"
"5025.0","15:13:14.960","2223605.0000","1.5947","60564.0000","-0.0500","-0.0050","-1.0000","0.0000","0.0000","0.0000","0.0000","0.0000"
"5026.0","15:13:14.961","2223234.0000","1.5542","60564.0000","-0.0500","-0.0050","-1.0000","0.0000","0.0000","0.0000","0.0000","0.0000"
"5027.0","15:13:14.962","2222072.0000","1.4275","60564.0000","-0.0500","-0.0050","-1.0000","0.0000","0.0000","0.0000","0.0000","0.0000"
"5028.0","15:13:14.963","2222680.0000","1.4938","60562.0000","-0.0500","-0.0050","-1.0000","0.0000","0.0000","0.0000","0.0000","0.0000"
"5029.0","15:13:14.964","2223204.0000","1.5509","60562.0000","-0.0500","-0.0050","-1.0000","0.0000","0.0000","0.0000","0.0000","0.0000"
"5030.0","15:13:14.965","2222779.0000","1.5046","60562.0000","-0.0500","-0.0050","-1.0000","0.0000","0.0000","0.0000","0.0000","0.0000"
"5031.0","15:13:14.966","2223160.0000","1.5461","60562.0000","-0.0500","-0.0050","-1.0000","0.0000","0.0000","0.0000","0.0000","0.0000"
"5032.0","15:13:14.967","2222722.0000","1.4984","60562.0000","-0.0500","-0.0050","-1.0000","0.0000","0.0000","0.0000","0.0000","0.0000"
"5033.0","15:13:14.968","2222847.0000","1.5120","60562.0000","-0.0500","-0.0050","-1.0000","0.0000","0.0000","0.0000","0.0000","0.0000"
"5034.0","15:13:14.969","2222997.0000","1.5284","60562.0000","-0.0500","-0.0050","-1.0000","0.0000","0.0000","0.0000","0.0000","0.0000"
"5035.0","15:13:14.970","2223104.0000","1.5400","60562.0000","-0.0500","-0.0050","-1.0000","0.0000","0.0000","0.0000","0.0000","0.0000"
"5036.0","15:13:14.971","2223660.0000","1.6007","60562.0000","-0.0500","-0.0050","-1.0000","0.0000","0.0000","0.0000","0.0000","0.0000"
"5037.0","15:13:14.972","2222839.0000","1.5112","60562.0000","-0.0500","-0.0050","-1.0000","0.0000","0.0000","0.0000","0.0000","0.0000"
"5038.0","15:13:14.973","2223930.0000","1.6301","60562.0000","-0.0500","-0.0050","-1.0000","0.0000","0.0000","0.0000","0.0000","0.0000"
"5039.0","15:13:14.974","2223826.0000","1.6188","60562.0000","-0.0500","-0.0050","-1.0000","0.0000","0.0000","0.0000","0.0000","0.0000"
"5040.0","15:13:14.975","2224179.0000","1.6572","60562.0000","-0.0500","-0.0050","-1.0000","0.0000","0.0000","0.0000","0.0000","0.0000"
"5041.0","15:13:14.976","2224410.0000","1.6824","60562.0000","-0.0500","-0.0050","-1.0000","0.0000","0.0000","0.0000","0.0000","0.0000"
"5042.0","15:13:14.977","2224034.0000","1.6414","60562.0000","-0.0500","-0.0050","-1.0000","0.0000","0.0000","0.0000","0.0000","0.0000"
"5043.0","15:13:14.978","2223572.0000","1.5910","60562.0000","-0.0500","-0.0050","-1.0000","0.0000","0.0000","0.0000","0.0000","0.0000"
"5044.0","15:13:14.979","2223545.0000","1.5881","60562.0000","-0.0500","-0.0050","-1.0000","0.0000","0.0000","0.0000","0.0000","0.0000"
"5045.0","15:13:14.980","2225230.0000","1.7718","60562.0000","-0.0500","-0.0050","-1.0000","0.0000","0.0000","0.0000","0.0000","0.0000"
"5046.0","15:13:14.981","2224544.0000","1.6970","60562.0000","-0.0500","-0.0050","-1.0000","0.0000","0.0000","0.0000","0.0000","0.0000"
"5047.0","15:13:14.982","2223527.0000","1.5861","60562.0000","-0.0500","-0.0050","-1.0000","0.0000","0.0000","0.0000","0.0000","0.0000"
"5048.0","15:13:14.983","2223742.0000","1.6096","60562.0000","-0.0500","-0.0050","-1.0000","0.0000","0.0000","0.0000","0.0000","0.0000"
"5049.0","15:13:14.984","2223814.0000","1.6174","60562.0000","-0.0500","-0.0050","-1.0000","0.0000","0.0000","0.0000","0.0000","0.0000"
"5050.0","15:13:14.985","2223714.0000","1.6065","60562.0000","-0.0500","-0.0050","-1.0000","0.0000","0.0000","0.0000","0.0000","0.0000"
"5051.0","15:13:14.986","2224184.0000","1.6578","60562.0000","-0.0500","-0.0050","-1.0000","0.0000","0.0000","0.0000","0.0000","0.0000"
"5052.0","15:13:14.987","2224250.0000","1.6650","60562.0000","-0.0500","-0.0050","-1.0000","0.0000","0.0000","0.0000","0.0000","0.0000"
"5053.0","15:13:14.988","2223114.0000","1.5411","60562.0000","-0.0500","-0.0050","-1.0000","0.0000","0.0000","0.0000","0.0000","0.0000"
"5054.0","15:13:14.989","2223272.0000","1.5584","60562.0000","-0.0500","-0.0050","-1.0000","0.0000","0.0000","0.0000","0.0000","0.0000"
"5055.0","15:13:14.990","2222815.0000","1.5085","60562.0000","-0.0500","-0.0050","-1.0000","0.0000","0.0000","0.0000","0.0000","0.0000"
"5056.0","15:13:14.991","2221868.0000","1.4053","60562.0000","-0.0500","-0.0050","-1.0000","0.0000","0.0000","0.0000","0.0000","0.0000"
"5057.0","15:13:14.992","2221453.0000","1.3601","60562.0000","-0.0500","-0.0050","-1.0000","0.0000","0.0000","0.0000","0.0000","0.0000"
"5058.0","15:13:14.993","2220706.0000","1.2786","60562.0000","-0.0500","-0.0050","-1.0000","0.0000","0.0000","0.0000","0.0000","0.0000"
"5059.0","15:13:14.994","2220404.0000","1.2457","60562.0000","-0.0500","-0.0050","-1.0000","0.0000","0.0000","0.0000","0.0000","0.0000"
"5060.0","15:13:14.995","2220006.0000","1.2023","60562.0000","-0.0500","-0.0050","-1.0000","0.0000","0.0000","0.0000","0.0000","0.0000"
"5061.0","15:13:14.996","2220120.0000","1.2147","60562.0000","-0.0500","-0.0050","-1.0000","0.0000","0.0000","0.0000","0.0000","0.0000"
"5062.0","15:13:14.997","2220320.0000","1.2365","60562.0000","-0.0500","-0.0050","-1.0000","0.0000","0.0000","0.0000","0.0000","0.0000"
"5063.0","15:13:14.998","2221028.0000","1.3137","60562.0000","-0.0500","-0.0050","-1.0000","0.0000","0.0000","0.0000","0.0000","0.0000"
"5064.0","15:13:14.999","2221027.0000","1.3136","60562.0000","-0.0500","-0.0050","-1.0000","0.0000","0.0000","0.0000","0.0000","0.0000"
"5065.0","15:13:15.0","2221677.0000","1.3845","60562.0000","-0.0500","-0.0050","-1.0000","0.0000","0.0000","0.0000","0.0000","0.0000"
"5066.0","15:13:15.1","2221342.0000","1.3479","60562.0000","-0.0500","-0.0050","-1.0000","0.0000","0.0000","0.0000","0.0000","0.0000"
"5067.0","15:13:15.2","2221342.0000","1.3479","60562.0000","-0.0500","-0.0050","-1.0000","0.0000","0.0000","0.0000","0.0000","0.0000"
"5068.0","15:13:15.3","2221969.0000","1.4163","60562.0000","-0.0500","-0.0050","-1.0000","0.0000","0.0000","0.0000","0.0000","0.0000"
"5069.0","15:13:15.4","2223286.0000","1.5599","60562.0000","-0.0500","-0.0050","-1.0000","0.0000","0.0000","0.0000","0.0000","0.0000"
"5070.0","15:13:15.5","2223118.0000","1.5416","60562.0000","-0.0500","-0.0050","-1.0000","0.0000","0.0000","0.0000","0.0000","0.0000"
"5071.0","15:13:15.6","2223412.0000","1.5736","60562.0000","-0.0500","-0.0050","-1.0000","0.0000","0.0000","0.0000","0.0000","0.0000"
"5072.0","15:13:15.7","2222609.0000","1.4861","60562.0000","-0.0500","-0.0050","-1.0000","0.0000","0.0000","0.0000","0.0000","0.0000"
"5073.0","15:13:15.8","2223060.0000","1.5353","60562.0000","-0.0500","-0.0050","-1.0000","0.0000","0.0000","0.0000","0.0000","0.0000"
"5074.0","15:13:15.9","2222859.0000","1.5133","60562.0000","-0.0500","-0.0050","-1.0000","0.0000","0.0000","0.0000","0.0000","0.0000"
"5075.0","15:13:15.10","2222356.0000","1.4585","60562.0000","-0.0500","-0.0050","-1.0000","0.0000","0.0000","0.0000","0.0000","0.0000"
"5076.0","15:13:15.11","2221810.0000","1.3990","60562.0000","-0.0500","-0.0050","-1.0000","0.0000","0.0000","0.0000","0.0000","0.0000"
"5077.0","15:13:15.12","2222608.0000","1.4859","60562.0000","-0.0500","-0.0050","-1.0000","0.0000","0.0000","0.0000","0.0000","0.0000"
"5078.0","15:13:15.13","2222725.0000","1.4987","60562.0000","-0.0500","-0.0050","-1.0000","0.0000","0.0000","0.0000","0.0000","0.0000"
"5079.0","15:13:15.14","2223563.0000","1.5901","60562.0000","-0.0500","-0.0050","-1.0000","0.0000","0.0000","0.0000","0.0000","0.0000"
"5080.0","15:13:15.15","2223102.0000","1.5398","60562.0000","-0.0500","-0.0050","-1.0000","0.0000","0.0000","0.0000","0.0000","0.0000"
"5081.0","15:13:15.16","2221629.0000","1.3792","60562.0000","-0.0500","-0.0050","-1.0000","0.0000","0.0000","0.0000","0.0000","0.0000"
"5082.0","15:13:15.17","2222743.0000","1.5007","60562.0000","-0.0500","-0.0050","-1.0000","0.0000","0.0000","0.0000","0.0000","0.0000"
"5083.0","15:13:15.18","2223142.0000","1.5442","60562.0000","-0.0500","-0.0050","-1.0000","0.0000","0.0000","0.0000","0.0000","0.0000"
"5084.0","15:13:15.19","2222511.0000","1.4754","60562.0000","-0.0500","-0.0050","-1.0000","0.0000","0.0000","0.0000","0.0000","0.0000"
"5085.0","15:13:15.20","2222784.0000","1.5052","60562.0000","-0.0500","-0.0050","-1.0000","0.0000","0.0000","0.0000","0.0000","0.0000"
"5086.0","15:13:15.21","2223190.0000","1.5494","60562.0000","-0.0500","-0.0050","-1.0000","0.0000","0.0000","0.0000","0.0000","0.0000"
"5087.0","15:13:15.22","2223515.0000","1.5848","60562.0000","-0.0500","-0.0050","-1.0000","0.0000","0.0000","0.0000","0.0000","0.0000"
"5088.0","15:13:15.23","2222416.0000","1.4650","60562.0000","-0.0500","-0.0050","-1.0000","0.0000","0.0000","0.0000","0.0000","0.0000"
"5089.0","15:13:15.24","2222451.0000","1.4688","60571.0000","-0.0500","-0.0050","-1.0000","0.0000","0.0000","0.0000","0.0000","0.0000"
"5090.0","15:13:15.25","2222933.0000","1.5214","60571.0000","-0.0500","-0.0050","-1.0000","0.0000","0.0000","0.0000","0.0000","0.0000"
"5091.0","15:13:15.26","2222419.0000","1.4653","60571.0000","-0.0500","-0.0050","-1.0000","0.0000","0.0000","0.0000","0.0000","0.0000"
"5092.0","15:13:15.27","2221802.0000","1.3981","60571.0000","-0.0500","-0.0050","-1.0000","0.0000","0.0000","0.0000","0.0000","0.0000"
"5093.0","15:13:15.28","2221322.0000","1.3458","60571.0000","-0.0500","-0.0050","-1.0000","0.0000","0.0000","0.0000","0.0000","0.0000"
"5094.0","15:13:15.29","2222421.0000","1.4656","60571.0000","-0.0500","-0.0050","-1.0000","0.0000","0.0000","0.0000","0.0000","0.0000"
"5095.0","15:13:15.30","2222908.0000","1.5187","60571.0000","-0.0500","-0.0050","-1.0000","0.0000","0.0000","0.0000","0.0000","0.0000"
"5096.0","15:13:15.31","2222877.0000","1.5153","60571.0000","-0.0500","-0.0050","-1.0000","0.0000","0.0000","0.0000","0.0000","0.0000"
"5097.0","15:13:15.32","2222594.0000","1.4844","60571.0000","-0.0500","-0.0050","-1.0000","0.0000","0.0000","0.0000","0.0000","0.0000"
"5098.0","15:13:15.33","2222990.0000","1.5276","60571.0000","-0.0500","-0.0050","-1.0000","0.0000","0.0000","0.0000","0.0000","0.0000"
"5099.0","15:13:15.34","2221853.0000","1.4036","60571.0000","-0.0500","-0.0050","-1.0000","0.0000","0.0000","0.0000","0.0000","0.0000"
"5100.0","15:13:15.35","2221717.0000","1.3888","60571.0000","-0.0500","-0.0050","-1.0000","0.0000","0.0000","0.0000","0.0000","0.0000"
"5101.0","15:13:15.36","2222395.0000","1.4627","60571.0000","-0.0500","-0.0050","-1.0000","0.0000","0.0000","0.0000","0.0000","0.0000"
"5102.0","15:13:15.37","2222840.0000","1.5112","60571.0000","-0.0500","-0.0050","-1.0000","0.0000","0.0000","0.0000","0.0000","0.0000"
"5103.0","15:13:15.38","2222019.0000","1.4217","60571.0000","-0.0500","-0.0050","-1.0000","0.0000","0.0000","0.0000","0.0000","0.0000"
"5104.0","15:13:15.39","2221940.0000","1.4131","60571.0000","-0.0500","-0.0050","-1.0000","0.0000","0.0000","0.0000","0.0000","0.0000"
"5105.0","15:13:15.40","2223144.0000","1.5444","60571.0000","-0.0500","-0.0050","-1.0000","0.0000","0.0000","0.0000","0.0000","0.0000"
"5106.0","15:13:15.41","2223112.0000","1.5409","60571.0000","-0.0500","-0.0050","-1.0000","0.0000","0.0000","0.0000","0.0000","0.0000"
"5107.0","15:13:15.42","2223971.0000","1.6345","60571.0000","-0.0500","-0.0050","-1.0000","0.0000","0.0000","0.0000","0.0000","0.0000"
"5108.0","15:13:15.43","2222461.0000","1.4699","60571.0000","-0.0500","-0.0050","-1.0000","0.0000","0.0000","0.0000","0.0000","0.0000"
"5109.0","15:13:15.44","2222866.0000","1.5141","60571.0000","-0.0500","-0.0050","-1.0000","0.0000","0.0000","0.0000","0.0000","0.0000"
"5110.0","15:13:15.45","2222972.0000","1.5256","60571.0000","-0.0500","-0.0050","-1.0000","0.0000","0.0000","0.0000","0.0000","0.0000"
"5111.0","15:13:15.46","2222771.0000","1.5037","60571.0000","-0.0500","-0.0050","-1.0000","0.0000","0.0000","0.0000","0.0000","0.0000"
"5112.0","15:13:15.47","2223313.0000","1.5628","60571.0000","-0.0500","-0.0050","-1.0000","0.0000","0.0000","0.0000","0.0000","0.0000"
"5113.0","15:13:15.48","2222886.0000","1.5163","60571.0000","-0.0500","-0.0050","-1.0000","0.0000","0.0000","0.0000","0.0000","0.0000"
"5114.0","15:13:15.49","2222886.0000","1.5163","60571.0000","-0.0500","-0.0050","-1.0000","0.0000","0.0000","0.0000","0.0000","0.0000"
"5115.0","15:13:15.50","2222124.0000","1.4332","60571.0000","-0.0500","-0.0050","-1.0000","0.0000","0.0000","0.0000","0.0000","0.0000"
"5116.0","15:13:15.51","2222584.0000","1.4834","60571.0000","-0.0500","-0.0050","-1.0000","0.0000","0.0000","0.0000","0.0000","0.0000"
"5117.0","15:13:15.52","2221346.0000","1.3484","60571.0000","-0.0500","-0.0050","-1.0000","0.0000","0.0000","0.0000","0.0000","0.0000"
"5118.0","15:13:15.53","2221687.0000","1.3855","60571.0000","-0.0500","-0.0050","-1.0000","0.0000","0.0000","0.0000","0.0000","0.0000"
"5119.0","15:13:15.54","2223160.0000","1.5461","60571.0000","-0.0500","-0.0050","-1.0000","0.0000","0.0000","0.0000","0.0000","0.0000"
"5120.0","15:13:15.55","2224226.0000","1.6623","60571.0000","-0.0500","-0.0050","-1.0000","0.0000","0.0000","0.0000","0.0000","0.0000"
"5121.0","15:13:15.56","2224044.0000","1.6425","60571.0000","-0.0500","-0.0050","-1.0000","0.0000","0.0000","0.0000","0.0000","0.0000"
"5122.0","15:13:15.57","2223642.0000","1.5987","60571.0000","-0.0500","-0.0050","-1.0000","0.0000","0.0000","0.0000","0.0000","0.0000"
"5123.0","15:13:15.58","2223629.0000","1.5973","60571.0000","-0.0500","-0.0050","-1.0000","0.0000","0.0000","0.0000","0.0000","0.0000"
"5124.0","15:13:15.59","2223838.0000","1.6201","60571.0000","-0.0500","-0.0050","-1.0000","0.0000","0.0000","0.0000","0.0000","0.0000"
"5125.0","15:13:15.60","2224103.0000","1.6489","60571.0000","-0.0500","-0.0050","-1.0000","0.0000","0.0000","0.0000","0.0000","0.0000"
"5126.0","15:13:15.61","2222579.0000","1.4828","60571.0000","-0.0500","-0.0050","-1.0000","0.0000","0.0000","0.0000","0.0000","0.0000"
"5127.0","15:13:15.62","2223174.0000","1.5477","60571.0000","-0.0500","-0.0050","-1.0000","0.0000","0.0000","0.0000","0.0000","0.0000"
"5128.0","15:13:15.63","2222849.0000","1.5122","60571.0000","-0.0500","-0.0050","-1.0000","0.0000","0.0000","0.0000","0.0000","0.0000"
"5129.0","15:13:15.64","2223094.0000","1.5390","60571.0000","-0.0500","-0.0050","-1.0000","0.0000","0.0000","0.0000","0.0000","0.0000"
"5130.0","15:13:15.65","2223166.0000","1.5468","60571.0000","-0.0500","-0.0050","-1.0000","0.0000","0.0000","0.0000","0.0000","0.0000"
"5131.0","15:13:15.66","2223653.0000","1.5999","60571.0000","-0.0500","-0.0050","-1.0000","0.0000","0.0000","0.0000","0.0000","0.0000"
"5132.0","15:13:15.67","2223367.0000","1.5687","60571.0000","-0.0500","-0.0050","-1.0000","0.0000","0.0000","0.0000","0.0000","0.0000"
"5133.0","15:13:15.68","2223397.0000","1.5720","60571.0000","-0.0500","-0.0050","-1.0000","0.0000","0.0000","0.0000","0.0000","0.0000"
"5134.0","15:13:15.69","2222830.0000","1.5102","60571.0000","-0.0500","-0.0050","-1.0000","0.0000","0.0000","0.0000","0.0000","0.0000"
"5135.0","15:13:15.70","2223209.0000","1.5515","60571.0000","-0.0500","-0.0050","-1.0000","0.0000","0.0000","0.0000","0.0000","0.0000"
"5136.0","15:13:15.71","2224188.0000","1.6582","60571.0000","-0.0500","-0.0050","-1.0000","0.0000","0.0000","0.0000","0.0000","0.0000"
"5137.0","15:13:15.72","2223705.0000","1.6056","60571.0000","-0.0500","-0.0050","-1.0000","0.0000","0.0000","0.0000","0.0000","0.0000"
"5138.0","15:13:15.73","2223934.0000","1.6305","60571.0000","-0.0500","-0.0050","-1.0000","0.0000","0.0000","0.0000","0.0000","0.0000"
"5139.0","15:13:15.74","2223900.0000","1.6268","60571.0000","-0.0500","-0.0050","-1.0000","0.0000","0.0000","0.0000","0.0000","0.0000"
"5140.0","15:13:15.75","2224142.0000","1.6532","60571.0000","-0.0500","-0.0050","-1.0000","0.0000","0.0000","0.0000","0.0000","0.0000"
"5141.0","15:13:15.76","2225205.0000","1.7691","60571.0000","-0.0500","-0.0050","-1.0000","0.0000","0.0000","0.0000","0.0000","0.0000"
"5142.0","15:13:15.77","2225594.0000","1.8115","60571.0000","-0.0500","-0.0050","-1.0000","0.0000","0.0000","0.0000","0.0000","0.0000"
"5143.0","15:13:15.78","2223651.0000","1.5997","60571.0000","-0.0500","-0.0050","-1.0000","0.0000","0.0000","0.0000","0.0000","0.0000"
"5144.0","15:13:15.79","2222755.0000","1.5020","60571.0000","-0.0500","-0.0050","-1.0000","0.0000","0.0000","0.0000","0.0000","0.0000"
"5145.0","15:13:15.80","2222782.0000","1.5049","60571.0000","-0.0500","-0.0050","-1.0000","0.0000","0.0000","0.0000","0.0000","0.0000"
"5146.0","15:13:15.81","2223300.0000","1.5614","60571.0000","-0.0500","-0.0050","-1.0000","0.0000","0.0000","0.0000","0.0000","0.0000"
"5147.0","15:13:15.82","2224899.0000","1.7357","60571.0000","-0.0500","-0.0050","-1.0000","0.0000","0.0000","0.0000","0.0000","0.0000"
"5148.0","15:13:15.83","2226050.0000","1.8612","60571.0000","-0.0500","-0.0050","-1.0000","0.0000","0.0000","0.0000","0.0000","0.0000"
"5149.0","15:13:15.84","2226035.0000","1.8596","60563.0000","-0.0500","-0.0050","-1.0000","0.0000","0.0000","0.0000","0.0000","0.0000"
"5150.0","15:13:15.85","2224648.0000","1.7083","60563.0000","-0.0500","-0.0050","-1.0000","0.0000","0.0000","0.0000","0.0000","0.0000"
"5151.0","15:13:15.86","2224338.0000","1.6745","60563.0000","-0.0500","-0.0050","-1.0000","0.0000","0.0000","0.0000","0.0000","0.0000"
"5152.0","15:13:15.87","2223556.0000","1.5893","60563.0000","-0.0500","-0.0050","-1.0000","0.0000","0.0000","0.0000","0.0000","0.0000"
"5153.0","15:13:15.88","2222847.0000","1.5120","60563.0000","-0.0500","-0.0050","-1.0000","0.0000","0.0000","0.0000","0.0000","0.0000"
"5154.0","15:13:15.89","2221548.0000","1.3704","60563.0000","-0.0500","-0.0050","-1.0000","0.0000","0.0000","0.0000","0.0000","0.0000"
"5155.0","15:13:15.90","2220255.0000","1.2294","60563.0000","-0.0500","-0.0050","-1.0000","0.0000","0.0000","0.0000","0.0000","0.0000"
"5156.0","15:13:15.91","2220292.0000","1.2335","60563.0000","-0.0500","-0.0050","-1.0000","0.0000","0.0000","0.0000","0.0000","0.0000"
"5157.0","15:13:15.92","2219284.0000","1.1236","60563.0000","-0.0500","-0.0050","-1.0000","0.0000","0.0000","0.0000","0.0000","0.0000"
"5158.0","15:13:15.93","2219340.0000","1.1297","60563.0000","-0.0500","-0.0050","-1.0000","0.0000","0.0000","0.0000","0.0000","0.0000"
"5159.0","15:13:15.94","2219946.0000","1.1958","60563.0000","-0.0500","-0.0050","-1.0000","0.0000","0.0000","0.0000","0.0000","0.0000"
"5160.0","15:13:15.95","2220524.0000","1.2588","60563.0000","-0.0500","-0.0050","-1.0000","0.0000","0.0000","0.0000","0.0000","0.0000"
"5161.0","15:13:15.96","2220524.0000","1.2588","60563.0000","-0.0500","-0.0050","-1.0000","0.0000","0.0000","0.0000","0.0000","0.0000"
"5162.0","15:13:15.97","2221044.0000","1.3154","60563.0000","-0.0500","-0.0050","-1.0000","0.0000","0.0000","0.0000","0.0000","0.0000"
"5163.0","15:13:15.98","2221798.0000","1.3977","60563.0000","-0.0500","-0.0050","-1.0000","0.0000","0.0000","0.0000","0.0000","0.0000"
"5164.0","15:13:15.99","2222476.0000","1.4715","60563.0000","-0.0500","-0.0050","-1.0000","0.0000","0.0000","0.0000","0.0000","0.0000"
"5165.0","15:13:15.100","2223386.0000","1.5708","60563.0000","-0.0500","-0.0050","-1.0000","0.0000","0.0000","0.0000","0.0000","0.0000"
"5166.0","15:13:15.101","2223620.0000","1.5963","60563.0000","-0.0500","-0.0050","-1.0000","0.0000","0.0000","0.0000","0.0000","0.0000"
"5167.0","15:13:15.102","2222498.0000","1.4740","60563.0000","-0.0500","-0.0050","-1.0000","0.0000","0.0000","0.0000","0.0000","0.0000"
"5168.0","15:13:15.103","2221152.0000","1.3272","60563.0000","-0.0500","-0.0050","-1.0000","0.0000","0.0000","0.0000","0.0000","0.0000"
"5169.0","15:13:15.104","2220266.0000","1.2306","60563.0000","-0.0500","-0.0050","-1.0000","0.0000","0.0000","0.0000","0.0000","0.0000"
"5170.0","15:13:15.105","2220311.0000","1.2356","60563.0000","-0.0500","-0.0050","-1.0000","0.0000","0.0000","0.0000","0.0000","0.0000"
"5171.0","15:13:15.106","2220592.0000","1.2662","60563.0000","-0.0500","-0.0050","-1.0000","0.0000","0.0000","0.0000","0.0000","0.0000"
"5172.0","15:13:15.107","2219294.0000","1.1247","60563.0000","-0.0500","-0.0050","-1.0000","0.0000","0.0000","0.0000","0.0000","0.0000"
"5173.0","15:13:15.108","2219543.0000","1.1518","60563.0000","-0.0500","-0.0050","-1.0000","0.0000","0.0000","0.0000","0.0000","0.0000"
"5174.0","15:13:15.109","2219470.0000","1.1439","60563.0000","-0.0500","-0.0050","-1.0000","0.0000","0.0000","0.0000","0.0000","0.0000"
"5175.0","15:13:15.110","2219606.0000","1.1587","60563.0000","-0.0500","-0.0050","-1.0000","0.0000","0.0000","0.0000","0.0000","0.0000"
"5176.0","15:13:15.111","2220149.0000","1.2179","60563.0000","-0.0500","-0.0050","-1.0000","0.0000","0.0000","0.0000","0.0000","0.0000"
"5177.0","15:13:15.112","2220942.0000","1.3043","60563.0000","-0.0500","-0.0050","-1.0000","0.0000","0.0000","0.0000","0.0000","0.0000"
"5178.0","15:13:15.113","2222168.0000","1.4380","60563.0000","-0.0500","-0.0050","-1.0000","0.0000","0.0000","0.0000","0.0000","0.0000"
"5179.0","15:13:15.114","2222718.0000","1.4980","60563.0000","-0.0500","-0.0050","-1.0000","0.0000","0.0000","0.0000","0.0000","0.0000"
"5180.0","15:13:15.115","2223699.0000","1.6049","60563.0000","-0.0500","-0.0050","-1.0000","0.0000","0.0000","0.0000","0.0000","0.0000"
"5181.0","15:13:15.116","2223945.0000","1.6317","60563.0000","-0.0500","-0.0050","-1.0000","0.0000","0.0000","0.0000","0.0000","0.0000"
"5182.0","15:13:15.117","2223937.0000","1.6308","60563.0000","-0.0500","-0.0050","-1.0000","0.0000","0.0000","0.0000","0.0000","0.0000"
"5183.0","15:13:15.118","2223105.0000","1.5401","60563.0000","-0.0500","-0.0050","-1.0000","0.0000","0.0000","0.0000","0.0000","0.0000"
"5184.0","15:13:15.119","2223867.0000","1.6232","60563.0000","-0.0500","-0.0050","-1.0000","0.0000","0.0000","0.0000","0.0000","0.0000"
"5185.0","15:13:15.120","2222408.0000","1.4642","60563.0000","-0.0500","-0.0050","-1.0000","0.0000","0.0000","0.0000","0.0000","0.0000"
"5186.0","15:13:15.121","2221935.0000","1.4126","60563.0000","-0.0500","-0.0050","-1.0000","0.0000","0.0000","0.0000","0.0000","0.0000"
"5187.0","15:13:15.122","2222736.0000","1.4999","60563.0000","-0.0500","-0.0050","-1.0000","0.0000","0.0000","0.0000","0.0000","0.0000"
"5188.0","15:13:15.123","2223070.0000","1.5363","60563.0000","-0.0500","-0.0050","-1.0000","0.0000","0.0000","0.0000","0.0000","0.0000"
"5189.0","15:13:15.124","2222562.0000","1.4809","60563.0000","-0.0500","-0.0050","-1.0000","0.0000","0.0000","0.0000","0.0000","0.0000"
"5190.0","15:13:15.125","2222956.0000","1.5239","60563.0000","-0.0500","-0.0050","-1.0000","0.0000","0.0000","0.0000","0.0000","0.0000"
"5191.0","15:13:15.126","2222387.0000","1.4618","60563.0000","-0.0500","-0.0050","-1.0000","0.0000","0.0000","0.0000","0.0000","0.0000"
"5192.0","15:13:15.127","2222628.0000","1.4881","60563.0000","-0.0500","-0.0050","-1.0000","0.0000","0.0000","0.0000","0.0000","0.0000"
"5193.0","15:13:15.128","2222631.0000","1.4884","60563.0000","-0.0500","-0.0050","-1.0000","0.0000","0.0000","0.0000","0.0000","0.0000"
"5194.0","15:13:15.129","2222433.0000","1.4669","60563.0000","-0.0500","-0.0050","-1.0000","0.0000","0.0000","0.0000","0.0000","0.0000"
"5195.0","15:13:15.130","2224510.0000","1.6933","60563.0000","-0.0500","-0.0050","-1.0000","0.0000","0.0000","0.0000","0.0000","0.0000"
"5196.0","15:13:15.131","2223274.0000","1.5585","60563.0000","-0.0500","-0.0050","-1.0000","0.0000","0.0000","0.0000","0.0000","0.0000"
"5197.0","15:13:15.132","2223597.0000","1.5938","60563.0000","-0.0500","-0.0050","-1.0000","0.0000","0.0000","0.0000","0.0000","0.0000"
"5198.0","15:13:15.133","2222875.0000","1.5150","60563.0000","-0.0500","-0.0050","-1.0000","0.0000","0.0000","0.0000","0.0000","0.0000"
"5199.0","15:13:15.134","2222029.0000","1.4228","60563.0000","-0.0500","-0.0050","-1.0000","0.0000","0.0000","0.0000","0.0000","0.0000"
"5200.0","15:13:15.135","2221455.0000","1.3602","60563.0000","-0.0500","-0.0050","-1.0000","0.0000","0.0000","0.0000","0.0000","0.0000"
"5201.0","15:13:15.136","2221918.0000","1.4108","60563.0000","-0.0500","-0.0050","-1.0000","0.0000","0.0000","0.0000","0.0000","0.0000"
"5202.0","15:13:15.137","2222842.0000","1.5115","60563.0000","-0.0500","-0.0050","-1.0000","0.0000","0.0000","0.0000","0.0000","0.0000"
"5203.0","15:13:15.138","2223584.0000","1.5923","60563.0000","-0.0500","-0.0050","-1.0000","0.0000","0.0000","0.0000","0.0000","0.0000"
"5204.0","15:13:15.139","2223806.0000","1.6166","60563.0000","-0.0500","-0.0050","-1.0000","0.0000","0.0000","0.0000","0.0000","0.0000"
"5205.0","15:13:15.140","2223340.0000","1.5657","60563.0000","-0.0500","-0.0050","-1.0000","0.0000","0.0000","0.0000","0.0000","0.0000"
"5206.0","15:13:15.141","2223139.0000","1.5438","60563.0000","-0.0500","-0.0050","-1.0000","0.0000","0.0000","0.0000","0.0000","0.0000"
"5207.0","15:13:15.142","2223822.0000","1.6183","60563.0000","-0.0500","-0.0050","-1.0000","0.0000","0.0000","0.0000","0.0000","0.0000"
"5208.0","15:13:15.143","2223822.0000","1.6183","60563.0000","-0.0500","-0.0050","-1.0000","0.0000","0.0000","0.0000","0.0000","0.0000"
"5209.0","15:13:15.144","2223653.0000","1.5999","60563.0000","-0.0500","-0.0050","-1.0000","0.0000","0.0000","0.0000","0.0000","0.0000"
"5210.0","15:13:15.145","2223530.0000","1.5865","60559.0000","-0.0500","-0.0050","-1.0000","0.0000","0.0000","0.0000","0.0000","0.0000"
"5211.0","15:13:15.146","2224240.0000","1.6639","60559.0000","-0.0500","-0.0050","-1.0000","0.0000","0.0000","0.0000","0.0000","0.0000"
"5212.0","15:13:15.147","2223911.0000","1.6280","60559.0000","-0.0500","-0.0050","-1.0000","0.0000","0.0000","0.0000","0.0000","0.0000"
"5213.0","15:13:15.148","2224666.0000","1.7103","60559.0000","-0.0500","-0.0050","-1.0000","0.0000","0.0000","0.0000","0.0000","0.0000"
"5214.0","15:13:15.149","2222962.0000","1.5246","60559.0000","-0.0500","-0.0050","-1.0000","0.0000","0.0000","0.0000","0.0000","0.0000"
"5215.0","15:13:15.150","2222042.0000","1.4243","60559.0000","-0.0500","-0.0050","-1.0000","0.0000","0.0000","0.0000","0.0000","0.0000"
"5216.0","15:13:15.151","2220896.0000","1.2993","60559.0000","-0.0500","-0.0050","-1.0000","0.0000","0.0000","0.0000","0.0000","0.0000"
"5217.0","15:13:15.152","2220349.0000","1.2397","60559.0000","-0.0500","-0.0050","-1.0000","0.0000","0.0000","0.0000","0.0000","0.0000"
"5218.0","15:13:15.153","2220521.0000","1.2584","60559.0000","-0.0500","-0.0050","-1.0000","0.0000","0.0000","0.0000","0.0000","0.0000"
"5219.0","15:13:15.154","2219614.0000","1.1596","60559.0000","-0.0500","-0.0050","-1.0000","0.0000","0.0000","0.0000","0.0000","0.0000"
"5220.0","15:13:15.155","2220272.0000","1.2313","60559.0000","-0.0500","-0.0050","-1.0000","0.0000","0.0000","0.0000","0.0000","0.0000"
"5221.0","15:13:15.156","2220610.0000","1.2681","60559.0000","-0.0500","-0.0050","-1.0000","0.0000","0.0000","0.0000","0.0000","0.0000"
"5222.0","15:13:15.157","2220274.0000","1.2315","60559.0000","-0.0500","-0.0050","-1.0000","0.0000","0.0000","0.0000","0.0000","0.0000"
"5223.0","15:13:15.158","2220579.0000","1.2648","60559.0000","-0.0500","-0.0050","-1.0000","0.0000","0.0000","0.0000","0.0000","0.0000"
"5224.0","15:13:15.159","2221099.0000","1.3214","60559.0000","-0.0500","-0.0050","-1.0000","0.0000","0.0000","0.0000","0.0000","0.0000"
"5225.0","15:13:15.160","2221962.0000","1.4155","60559.0000","-0.0500","-0.0050","-1.0000","0.0000","0.0000","0.0000","0.0000","0.0000"
"5226.0","15:13:15.161","2221853.0000","1.4036","60559.0000","-0.0500","-0.0050","-1.0000","0.0000","0.0000","0.0000","0.0000","0.0000"
"5227.0","15:13:15.162","2221699.0000","1.3869","60559.0000","-0.0500","-0.0050","-1.0000","0.0000","0.0000","0.0000","0.0000","0.0000"
"5228.0","15:13:15.163","2221499.0000","1.3651","60559.0000","-0.0500","-0.0050","-1.0000","0.0000","0.0000","0.0000","0.0000","0.0000"
"5229.0","15:13:15.164","2221682.0000","1.3850","60559.0000","-0.0500","-0.0050","-1.0000","0.0000","0.0000","0.0000","0.0000","0.0000"
"5230.0","15:13:15.165","2221834.0000","1.4016","60559.0000","-0.0500","-0.0050","-1.0000","0.0000","0.0000","0.0000","0.0000","0.0000"
"5231.0","15:13:15.166","2222938.0000","1.5219","60559.0000","-0.0500","-0.0050","-1.0000","0.0000","0.0000","0.0000","0.0000","0.0000"
"5232.0","15:13:15.167","2222929.0000","1.5209","60559.0000","-0.0500","-0.0050","-1.0000","0.0000","0.0000","0.0000","0.0000","0.0000"
"5233.0","15:13:15.168","2224111.0000","1.6498","60559.0000","-0.0500","-0.0050","-1.0000","0.0000","0.0000","0.0000","0.0000","0.0000"
"5234.0","15:13:15.169","2225188.0000","1.7672","60559.0000","-0.0500","-0.0050","-1.0000","0.0000","0.0000","0.0000","0.0000","0.0000"
"5235.0","15:13:15.170","2226818.0000","1.9449","60559.0000","-0.0500","-0.0050","-1.0000","0.0000","0.0000","0.0000","0.0000","0.0000"
"5236.0","15:13:15.171","2227510.0000","2.0204","60559.0000","-0.0500","-0.0050","-1.0000","0.0000","0.0000","0.0000","0.0000","0.0000"
"5237.0","15:13:15.172","2228360.0000","2.1130","60559.0000","-0.0500","-0.0050","-1.0000","0.0000","0.0000","0.0000","0.0000","0.0000"
"5238.0","15:13:15.173","2227817.0000","2.0538","60559.0000","-0.0500","-0.0050","-1.0000","0.0000","0.0000","0.0000","0.0000","0.0000"
"5239.0","15:13:15.174","2228629.0000","2.1424","60559.0000","-0.0500","-0.0050","-1.0000","0.0000","0.0000","0.0000","0.0000","0.0000"
"5240.0","15:13:15.175","2229072.0000","2.1906","60559.0000","-0.0500","-0.0050","-1.0000","0.0000","0.0000","0.0000","0.0000","0.0000"
"5241.0","15:13:15.176","2229657.0000","2.2544","60559.0000","-0.0500","-0.0050","-1.0000","0.0000","0.0000","0.0000","0.0000","0.0000"
"5242.0","15:13:15.177","2230127.0000","2.3057","60559.0000","-0.0500","-0.0050","-1.0000","0.0000","0.0000","0.0000","0.0000","0.0000"
"5243.0","15:13:15.178","2229369.0000","2.2230","60559.0000","-0.0500","-0.0050","-1.0000","0.0000","0.0000","0.0000","0.0000","0.0000"
"5244.0","15:13:15.179","2228727.0000","2.1531","60559.0000","-0.0500","-0.0050","-1.0000","0.0000","0.0000","0.0000","0.0000","0.0000"
"5245.0","15:13:15.180","2228163.0000","2.0915","60559.0000","-0.0500","-0.0050","-1.0000","0.0000","0.0000","0.0000","0.0000","0.0000"
"5246.0","15:13:15.181","2228056.0000","2.0799","60559.0000","-0.0500","-0.0050","-1.0000","0.0000","0.0000","0.0000","0.0000","0.0000"
"5247.0","15:13:15.182","2227727.0000","2.0440","60559.0000","-0.0500","-0.0050","-1.0000","0.0000","0.0000","0.0000","0.0000","0.0000"
"5248.0","15:13:15.183","2227262.0000","1.9933","60559.0000","-0.0500","-0.0050","-1.0000","0.0000","0.0000","0.0000","0.0000","0.0000"
"5249.0","15:13:15.184","2227130.0000","1.9789","60559.0000","-0.0500","-0.0050","-1.0000","0.0000","0.0000","0.0000","0.0000","0.0000"
"5250.0","15:13:15.185","2227262.0000","1.9933","60559.0000","-0.0500","-0.0050","-1.0000","0.0000","0.0000","0.0000","0.0000","0.0000"
"5251.0","15:13:15.186","2227242.0000","1.9911","60559.0000","-0.0500","-0.0050","-1.0000","0.0000","0.0000","0.0000","0.0000","0.0000"
"5252.0","15:13:15.187","2226084.0000","1.8649","60559.0000","-0.0500","-0.0050","-1.0000","0.0000","0.0000","0.0000","0.0000","0.0000"
"5253.0","15:13:15.188","2226259.0000","1.8840","60559.0000","-0.0500","-0.0050","-1.0000","0.0000","0.0000","0.0000","0.0000","0.0000"
"5254.0","15:13:15.189","2225660.0000","1.8187","60559.0000","-0.0500","-0.0050","-1.0000","0.0000","0.0000","0.0000","0.0000","0.0000"
"5255.0","15:13:15.190","2225660.0000","1.8187","60559.0000","-0.0500","-0.0050","-1.0000","0.0000","0.0000","0.0000","0.0000","0.0000"
"5256.0","15:13:15.191","2225146.0000","1.7627","60559.0000","-0.0500","-0.0050","-1.0000","0.0000","0.0000","0.0000","0.0000","0.0000"
"5257.0","15:13:15.192","2225506.0000","1.8019","60559.0000","-0.0500","-0.0050","-1.0000","0.0000","0.0000","0.0000","0.0000","0.0000"
"5258.0","15:13:15.193","2224597.0000","1.7028","60559.0000","-0.0500","-0.0050","-1.0000","0.0000","0.0000","0.0000","0.0000","0.0000"
"5259.0","15:13:15.194","2223940.0000","1.6312","60559.0000","-0.0500","-0.0050","-1.0000","0.0000","0.0000","0.0000","0.0000","0.0000"
"5260.0","15:13:15.195","2223638.0000","1.5982","60559.0000","-0.0500","-0.0050","-1.0000","0.0000","0.0000","0.0000","0.0000","0.0000"
"5261.0","15:13:15.196","2222994.0000","1.5281","60559.0000","-0.0500","-0.0050","-1.0000","0.0000","0.0000","0.0000","0.0000","0.0000"
"5262.0","15:13:15.197","2222938.0000","1.5219","60559.0000","-0.0500","-0.0050","-1.0000","0.0000","0.0000","0.0000","0.0000","0.0000"
"5263.0","15:13:15.198","2222207.0000","1.4422","60559.0000","-0.0500","-0.0050","-1.0000","0.0000","0.0000","0.0000","0.0000","0.0000"
"5264.0","15:13:15.199","2221952.0000","1.4145","60559.0000","-0.0500","-0.0050","-1.0000","0.0000","0.0000","0.0000","0.0000","0.0000"
"5265.0","15:13:15.200","2222432.0000","1.4668","60559.0000","-0.0500","-0.0050","-1.0000","0.0000","0.0000","0.0000","0.0000","0.0000"
"5266.0","15:13:15.201","2222196.0000","1.4411","60559.0000","-0.0500","-0.0050","-1.0000","0.0000","0.0000","0.0000","0.0000","0.0000"
"5267.0","15:13:15.202","2221916.0000","1.4105","60559.0000","-0.0500","-0.0050","-1.0000","0.0000","0.0000","0.0000","0.0000","0.0000"
"5268.0","15:13:15.203","2221834.0000","1.4016","60559.0000","-0.0500","-0.0050","-1.0000","0.0000","0.0000","0.0000","0.0000","0.0000"
"5269.0","15:13:15.204","2222037.0000","1.4237","60559.0000","-0.0500","-0.0050","-1.0000","0.0000","0.0000","0.0000","0.0000","0.0000"
"5270.0","15:13:15.205","2222445.0000","1.4682","60556.0000","-0.0500","-0.0050","-1.0000","0.0000","0.0000","0.0000","0.0000","0.0000"
"5271.0","15:13:15.206","2222434.0000","1.4670","60556.0000","-0.0500","-0.0050","-1.0000","0.0000","0.0000","0.0000","0.0000","0.0000"
"5272.0","15:13:15.207","2222284.0000","1.4506","60556.0000","-0.0500","-0.0050","-1.0000","0.0000","0.0000","0.0000","0.0000","0.0000"
"5273.0","15:13:15.208","2222365.0000","1.4595","60556.0000","-0.0500","-0.0050","-1.0000","0.0000","0.0000","0.0000","0.0000","0.0000"
"5274.0","15:13:15.209","2221562.0000","1.3719","60556.0000","-0.0500","-0.0050","-1.0000","0.0000","0.0000","0.0000","0.0000","0.0000"
"5275.0","15:13:15.210","2221945.0000","1.4137","60556.0000","-0.0500","-0.0050","-1.0000","0.0000","0.0000","0.0000","0.0000","0.0000"
"5276.0","15:13:15.211","2221373.0000","1.3513","60556.0000","-0.0500","-0.0050","-1.0000","0.0000","0.0000","0.0000","0.0000","0.0000"
"5277.0","15:13:15.212","2220999.0000","1.3105","60556.0000","-0.0500","-0.0050","-1.0000","0.0000","0.0000","0.0000","0.0000","0.0000"
"5278.0","15:13:15.213","2220802.0000","1.2891","60556.0000","-0.0500","-0.0050","-1.0000","0.0000","0.0000","0.0000","0.0000","0.0000"
"5279.0","15:13:15.214","2221305.0000","1.3439","60556.0000","-0.0500","-0.0050","-1.0000","0.0000","0.0000","0.0000","0.0000","0.0000"
"5280.0","15:13:15.215","2222454.0000","1.4692","60556.0000","-0.0500","-0.0050","-1.0000","0.0000","0.0000","0.0000","0.0000","0.0000"
"5281.0","15:13:15.216","2221328.0000","1.3464","60556.0000","-0.0500","-0.0050","-1.0000","0.0000","0.0000","0.0000","0.0000","0.0000"
"5282.0","15:13:15.217","2221356.0000","1.3495","60556.0000","-0.0500","-0.0050","-1.0000","0.0000","0.0000","0.0000","0.0000","0.0000"
"5283.0","15:13:15.218","2221290.0000","1.3423","60556.0000","-0.0500","-0.0050","-1.0000","0.0000","0.0000","0.0000","0.0000","0.0000"
"5284.0","15:13:15.219","2220298.0000","1.2341","60556.0000","-0.0500","-0.0050","-1.0000","0.0000","0.0000","0.0000","0.0000","0.0000"
"5285.0","15:13:15.220","2220925.0000","1.3025","60556.0000","-0.0500","-0.0050","-1.0000","0.0000","0.0000","0.0000","0.0000","0.0000"
"5286.0","15:13:15.221","2222203.0000","1.4418","60556.0000","-0.0500","-0.0050","-1.0000","0.0000","0.0000","0.0000","0.0000","0.0000"
"5287.0","15:13:15.222","2221705.0000","1.3875","60556.0000","-0.0500","-0.0050","-1.0000","0.0000","0.0000","0.0000","0.0000","0.0000"
"5288.0","15:13:15.223","2221491.0000","1.3642","60556.0000","-0.0500","-0.0050","-1.0000","0.0000","0.0000","0.0000","0.0000","0.0000"
"5289.0","15:13:15.224","2221809.0000","1.3989","60556.0000","-0.0500","-0.0050","-1.0000","0.0000","0.0000","0.0000","0.0000","0.0000"
"5290.0","15:13:15.225","2221764.0000","1.3939","60556.0000","-0.0500","-0.0050","-1.0000","0.0000","0.0000","0.0000","0.0000","0.0000"
"5291.0","15:13:15.226","2221635.0000","1.3799","60556.0000","-0.0500","-0.0050","-1.0000","0.0000","0.0000","0.0000","0.0000","0.0000"
"5292.0","15:13:15.227","2222122.0000","1.4330","60556.0000","-0.0500","-0.0050","-1.0000","0.0000","0.0000","0.0000","0.0000","0.0000"
"5293.0","15:13:15.228","2222542.0000","1.4787","60556.0000","-0.0500","-0.0050","-1.0000","0.0000","0.0000","0.0000","0.0000","0.0000"
"5294.0","15:13:15.229","2222557.0000","1.4804","60556.0000","-0.0500","-0.0050","-1.0000","0.0000","0.0000","0.0000","0.0000","0.0000"
"5295.0","15:13:15.230","2223106.0000","1.5403","60556.0000","-0.0500","-0.0050","-1.0000","0.0000","0.0000","0.0000","0.0000","0.0000"
"5296.0","15:13:15.231","2223011.0000","1.5299","60556.0000","-0.0500","-0.0050","-1.0000","0.0000","0.0000","0.0000","0.0000","0.0000"
"5297.0","15:13:15.232","2223140.0000","1.5440","60556.0000","-0.0500","-0.0050","-1.0000","0.0000","0.0000","0.0000","0.0000","0.0000"
"5298.0","15:13:15.233","2223366.0000","1.5686","60556.0000","-0.0500","-0.0050","-1.0000","0.0000","0.0000","0.0000","0.0000","0.0000"
"5299.0","15:13:15.234","2223643.0000","1.5988","60556.0000","-0.0500","-0.0050","-1.0000","0.0000","0.0000","0.0000","0.0000","0.0000"
"5300.0","15:13:15.235","2222669.0000","1.4926","60556.0000","-0.0500","-0.0050","-1.0000","0.0000","0.0000","0.0000","0.0000","0.0000"
"5301.0","15:13:15.236","2222669.0000","1.4926","60556.0000","-0.0500","-0.0050","-1.0000","0.0000","0.0000","0.0000","0.0000","0.0000"
"5302.0","15:13:15.237","2223255.0000","1.5565","60556.0000","-0.0500","-0.0050","-1.0000","0.0000","0.0000","0.0000","0.0000","0.0000"
"5303.0","15:13:15.238","2224094.0000","1.6479","60556.0000","-0.0500","-0.0050","-1.0000","0.0000","0.0000","0.0000","0.0000","0.0000"
"5304.0","15:13:15.239","2223051.0000","1.5343","60556.0000","-0.0500","-0.0050","-1.0000","0.0000","0.0000","0.0000","0.0000","0.0000"
"5305.0","15:13:15.240","2221706.0000","1.3876","60556.0000","-0.0500","-0.0050","-1.0000","0.0000","0.0000","0.0000","0.0000","0.0000"
"5306.0","15:13:15.241","2222442.0000","1.4678","60556.0000","-0.0500","-0.0050","-1.0000","0.0000","0.0000","0.0000","0.0000","0.0000"
"5307.0","15:13:15.242","2222473.0000","1.4712","60556.0000","-0.0500","-0.0050","-1.0000","0.0000","0.0000","0.0000","0.0000","0.0000"
"5308.0","15:13:15.243","2222352.0000","1.4580","60556.0000","-0.0500","-0.0050","-1.0000","0.0000","0.0000","0.0000","0.0000","0.0000"
"5309.0","15:13:15.244","2222277.0000","1.4499","60556.0000","-0.0500","-0.0050","-1.0000","0.0000","0.0000","0.0000","0.0000","0.0000"
"5310.0","15:13:15.245","2222157.0000","1.4368","60556.0000","-0.0500","-0.0050","-1.0000","0.0000","0.0000","0.0000","0.0000","0.0000"
"5311.0","15:13:15.246","2223136.0000","1.5435","60556.0000","-0.0500","-0.0050","-1.0000","0.0000","0.0000","0.0000","0.0000","0.0000"
"5312.0","15:13:15.247","2223108.0000","1.5405","60556.0000","-0.0500","-0.0050","-1.0000","0.0000","0.0000","0.0000","0.0000","0.0000"
"5313.0","15:13:15.248","2222448.0000","1.4685","60556.0000","-0.0500","-0.0050","-1.0000","0.0000","0.0000","0.0000","0.0000","0.0000"
"5314.0","15:13:15.249","2223056.0000","1.5348","60556.0000","-0.0500","-0.0050","-1.0000","0.0000","0.0000","0.0000","0.0000","0.0000"
"5315.0","15:13:15.250","2222033.0000","1.4233","60556.0000","-0.0500","-0.0050","-1.0000","0.0000","0.0000","0.0000","0.0000","0.0000"
"5316.0","15:13:15.251","2223699.0000","1.6049","60556.0000","-0.0500","-0.0050","-1.0000","0.0000","0.0000","0.0000","0.0000","0.0000"
"5317.0","15:13:15.252","2223118.0000","1.5416","60556.0000","-0.0500","-0.0050","-1.0000","0.0000","0.0000","0.0000","0.0000","0.0000"
"5318.0","15:13:15.253","2224621.0000","1.7054","60556.0000","-0.0500","-0.0050","-1.0000","0.0000","0.0000","0.0000","0.0000","0.0000"
"5319.0","15:13:15.254","2224871.0000","1.7327","60556.0000","-0.0500","-0.0050","-1.0000","0.0000","0.0000","0.0000","0.0000","0.0000"
"5320.0","15:13:15.255","2224342.0000","1.6750","60556.0000","-0.0500","-0.0050","-1.0000","0.0000","0.0000","0.0000","0.0000","0.0000"
"5321.0","15:13:15.256","2224338.0000","1.6745","60556.0000","-0.0500","-0.0050","-1.0000","0.0000","0.0000","0.0000","0.0000","0.0000"
"5322.0","15:13:15.257","2224505.0000","1.6927","60556.0000","-0.0500","-0.0050","-1.0000","0.0000","0.0000","0.0000","0.0000","0.0000"
"5323.0","15:13:15.258","2224966.0000","1.7430","60556.0000","-0.0500","-0.0050","-1.0000","0.0000","0.0000","0.0000","0.0000","0.0000"
"5324.0","15:13:15.259","2225889.0000","1.8437","60556.0000","-0.0500","-0.0050","-1.0000","0.0000","0.0000","0.0000","0.0000","0.0000"
"5325.0","15:13:15.260","2225117.0000","1.7595","60556.0000","-0.0500","-0.0050","-1.0000","0.0000","0.0000","0.0000","0.0000","0.0000"
"5326.0","15:13:15.261","2224774.0000","1.7221","60556.0000","-0.0500","-0.0050","-1.0000","0.0000","0.0000","0.0000","0.0000","0.0000"
"5327.0","15:13:15.262","2224379.0000","1.6790","60556.0000","-0.0500","-0.0050","-1.0000","0.0000","0.0000","0.0000","0.0000","0.0000"
"5328.0","15:13:15.263","2224505.0000","1.6927","60556.0000","-0.0500","-0.0050","-1.0000","0.0000","0.0000","0.0000","0.0000","0.0000"
"5329.0","15:13:15.264","2225591.0000","1.8112","60556.0000","-0.0500","-0.0050","-1.0000","0.0000","0.0000","0.0000","0.0000","0.0000"
"5330.0","15:13:15.265","2225334.0000","1.7831","60567.0000","-0.0500","-0.0050","-1.0000","0.0000","0.0000","0.0000","0.0000","0.0000"
"5331.0","15:13:15.266","2224286.0000","1.6689","60567.0000","-0.0500","-0.0050","-1.0000","0.0000","0.0000","0.0000","0.0000","0.0000"
"5332.0","15:13:15.267","2223677.0000","1.6025","60567.0000","-0.0500","-0.0050","-1.0000","0.0000","0.0000","0.0000","0.0000","0.0000"
"5333.0","15:13:15.268","2224708.0000","1.7149","60567.0000","-0.0500","-0.0050","-1.0000","0.0000","0.0000","0.0000","0.0000","0.0000"
"5334.0","15:13:15.269","2224005.0000","1.6382","60567.0000","-0.0500","-0.0050","-1.0000","0.0000","0.0000","0.0000","0.0000","0.0000"
"5335.0","15:13:15.270","2224122.0000","1.6510","60567.0000","-0.0500","-0.0050","-1.0000","0.0000","0.0000","0.0000","0.0000","0.0000"
"5336.0","15:13:15.271","2224865.0000","1.7320","60567.0000","-0.0500","-0.0050","-1.0000","0.0000","0.0000","0.0000","0.0000","0.0000"
"5337.0","15:13:15.272","2224590.0000","1.7020","60567.0000","-0.0500","-0.0050","-1.0000","0.0000","0.0000","0.0000","0.0000","0.0000"
"5338.0","15:13:15.273","2223749.0000","1.6104","60567.0000","-0.0500","-0.0050","-1.0000","0.0000","0.0000","0.0000","0.0000","0.0000"
"5339.0","15:13:15.274","2223687.0000","1.6036","60567.0000","-0.0500","-0.0050","-1.0000","0.0000","0.0000","0.0000","0.0000","0.0000"
"5340.0","15:13:15.275","2223591.0000","1.5931","60567.0000","-0.0500","-0.0050","-1.0000","0.0000","0.0000","0.0000","0.0000","0.0000"
"5341.0","15:13:15.276","2222749.0000","1.5013","60567.0000","-0.0500","-0.0050","-1.0000","0.0000","0.0000","0.0000","0.0000","0.0000"
"5342.0","15:13:15.277","2223268.0000","1.5579","60567.0000","-0.0500","-0.0050","-1.0000","0.0000","0.0000","0.0000","0.0000","0.0000"
"5343.0","15:13:15.278","2221312.0000","1.3447","60567.0000","-0.0500","-0.0050","-1.0000","0.0000","0.0000","0.0000","0.0000","0.0000"
"5344.0","15:13:15.279","2221993.0000","1.4189","60567.0000","-0.0500","-0.0050","-1.0000","0.0000","0.0000","0.0000","0.0000","0.0000"
"5345.0","15:13:15.280","2221945.0000","1.4137","60567.0000","-0.0500","-0.0050","-1.0000","0.0000","0.0000","0.0000","0.0000","0.0000"
"5346.0","15:13:15.281","2221813.0000","1.3993","60567.0000","-0.0500","-0.0050","-1.0000","0.0000","0.0000","0.0000","0.0000","0.0000"
"5347.0","15:13:15.282","2221901.0000","1.4089","60567.0000","-0.0500","-0.0050","-1.0000","0.0000","0.0000","0.0000","0.0000","0.0000"
"5348.0","15:13:15.283","2221901.0000","1.4089","60567.0000","-0.0500","-0.0050","-1.0000","0.0000","0.0000","0.0000","0.0000","0.0000"
"5349.0","15:13:15.284","2221937.0000","1.4128","60567.0000","-0.0500","-0.0050","-1.0000","0.0000","0.0000","0.0000","0.0000","0.0000"
"5350.0","15:13:15.285","2221842.0000","1.4024","60567.0000","-0.0500","-0.0050","-1.0000","0.0000","0.0000","0.0000","0.0000","0.0000"
"5351.0","15:13:15.286","2222641.0000","1.4896","60567.0000","-0.0500","-0.0050","-1.0000","0.0000","0.0000","0.0000","0.0000","0.0000"
"5352.0","15:13:15.287","2224119.0000","1.6507","60567.0000","-0.0500","-0.0050","-1.0000","0.0000","0.0000","0.0000","0.0000","0.0000"
"5353.0","15:13:15.288","2223947.0000","1.6319","60567.0000","-0.0500","-0.0050","-1.0000","0.0000","0.0000","0.0000","0.0000","0.0000"
"5354.0","15:13:15.289","2223188.0000","1.5492","60567.0000","-0.0500","-0.0050","-1.0000","0.0000","0.0000","0.0000","0.0000","0.0000"
"5355.0","15:13:15.290","2223087.0000","1.5382","60567.0000","-0.0500","-0.0050","-1.0000","0.0000","0.0000","0.0000","0.0000","0.0000"
"5356.0","15:13:15.291","2224054.0000","1.6436","60567.0000","-0.0500","-0.0050","-1.0000","0.0000","0.0000","0.0000","0.0000","0.0000"
"5357.0","15:13:15.292","2223434.0000","1.5760","60567.0000","-0.0500","-0.0050","-1.0000","0.0000","0.0000","0.0000","0.0000","0.0000"
"5358.0","15:13:15.293","2223664.0000","1.6011","60567.0000","-0.0500","-0.0050","-1.0000","0.0000","0.0000","0.0000","0.0000","0.0000"
"5359.0","15:13:15.294","2222972.0000","1.5256","60567.0000","-0.0500","-0.0050","-1.0000","0.0000","0.0000","0.0000","0.0000","0.0000"
"5360.0","15:13:15.295","2222574.0000","1.4822","60567.0000","-0.0500","-0.0050","-1.0000","0.0000","0.0000","0.0000","0.0000","0.0000"
"5361.0","15:13:15.296","2223052.0000","1.5344","60567.0000","-0.0500","-0.0050","-1.0000","0.0000","0.0000","0.0000","0.0000","0.0000"
"5362.0","15:13:15.297","2222332.0000","1.4559","60567.0000","-0.0500","-0.0050","-1.0000","0.0000","0.0000","0.0000","0.0000","0.0000"
"5363.0","15:13:15.298","2223114.0000","1.5411","60567.0000","-0.0500","-0.0050","-1.0000","0.0000","0.0000","0.0000","0.0000","0.0000"
"5364.0","15:13:15.299","2222558.0000","1.4805","60567.0000","-0.0500","-0.0050","-1.0000","0.0000","0.0000","0.0000","0.0000","0.0000"
"5365.0","15:13:15.300","2222189.0000","1.4403","60567.0000","-0.0500","-0.0050","-1.0000","0.0000","0.0000","0.0000","0.0000","0.0000"
"5366.0","15:13:15.301","2222426.0000","1.4661","60567.0000","-0.0500","-0.0050","-1.0000","0.0000","0.0000","0.0000","0.0000","0.0000"
"5367.0","15:13:15.302","2222675.0000","1.4933","60567.0000","-0.0500","-0.0050","-1.0000","0.0000","0.0000","0.0000","0.0000","0.0000"
"5368.0","15:13:15.303","2222419.0000","1.4653","60567.0000","-0.0500","-0.0050","-1.0000","0.0000","0.0000","0.0000","0.0000","0.0000"
"5369.0","15:13:15.304","2222897.0000","1.5175","60567.0000","-0.0500","-0.0050","-1.0000","0.0000","0.0000","0.0000","0.0000","0.0000"
"5370.0","15:13:15.305","2223187.0000","1.5491","60567.0000","-0.0500","-0.0050","-1.0000","0.0000","0.0000","0.0000","0.0000","0.0000"
"5371.0","15:13:15.306","2222957.0000","1.5240","60567.0000","-0.0500","-0.0050","-1.0000","0.0000","0.0000","0.0000","0.0000","0.0000"
"5372.0","15:13:15.307","2222851.0000","1.5125","60567.0000","-0.0500","-0.0050","-1.0000","0.0000","0.0000","0.0000","0.0000","0.0000"
"5373.0","15:13:15.308","2222819.0000","1.5090","60567.0000","-0.0500","-0.0050","-1.0000","0.0000","0.0000","0.0000","0.0000","0.0000"
"5374.0","15:13:15.309","2222508.0000","1.4750","60567.0000","-0.0500","-0.0050","-1.0000","0.0000","0.0000","0.0000","0.0000","0.0000"
"5375.0","15:13:15.310","2222540.0000","1.4785","60567.0000","-0.0500","-0.0050","-1.0000","0.0000","0.0000","0.0000","0.0000","0.0000"
"5376.0","15:13:15.311","2222373.0000","1.4603","60567.0000","-0.0500","-0.0050","-1.0000","0.0000","0.0000","0.0000","0.0000","0.0000"
"5377.0","15:13:15.312","2222313.0000","1.4538","60567.0000","-0.0500","-0.0050","-1.0000","0.0000","0.0000","0.0000","0.0000","0.0000"
"5378.0","15:13:15.313","2221846.0000","1.4029","60567.0000","-0.0500","-0.0050","-1.0000","0.0000","0.0000","0.0000","0.0000","0.0000"
"5379.0","15:13:15.314","2222626.0000","1.4879","60567.0000","-0.0500","-0.0050","-1.0000","0.0000","0.0000","0.0000","0.0000","0.0000"
"5380.0","15:13:15.315","2222664.0000","1.4921","60567.0000","-0.0500","-0.0050","-1.0000","0.0000","0.0000","0.0000","0.0000","0.0000"
"5381.0","15:13:15.316","2222856.0000","1.5130","60567.0000","-0.0500","-0.0050","-1.0000","0.0000","0.0000","0.0000","0.0000","0.0000"
"5382.0","15:13:15.317","2222491.0000","1.4732","60567.0000","-0.0500","-0.0050","-1.0000","0.0000","0.0000","0.0000","0.0000","0.0000"
"5383.0","15:13:15.318","2222611.0000","1.4863","60567.0000","-0.0500","-0.0050","-1.0000","0.0000","0.0000","0.0000","0.0000","0.0000"
"5384.0","15:13:15.319","2222572.0000","1.4821","60567.0000","-0.0500","-0.0050","-1.0000","0.0000","0.0000","0.0000","0.0000","0.0000"
"5385.0","15:13:15.320","2223756.0000","1.6111","60567.0000","-0.0500","-0.0050","-1.0000","0.0000","0.0000","0.0000","0.0000","0.0000"
"5386.0","15:13:15.321","2224035.0000","1.6415","60567.0000","-0.0500","-0.0050","-1.0000","0.0000","0.0000","0.0000","0.0000","0.0000"
"5387.0","15:13:15.322","2223913.0000","1.6282","60567.0000","-0.0500","-0.0050","-1.0000","0.0000","0.0000","0.0000","0.0000","0.0000"
"5388.0","15:13:15.323","2223586.0000","1.5926","60567.0000","-0.0500","-0.0050","-1.0000","0.0000","0.0000","0.0000","0.0000","0.0000"
"5389.0","15:13:15.324","2224121.0000","1.6509","60567.0000","-0.0500","-0.0050","-1.0000","0.0000","0.0000","0.0000","0.0000","0.0000"
"5390.0","15:13:15.325","2224349.0000","1.6758","60567.0000","-0.0500","-0.0050","-1.0000","0.0000","0.0000","0.0000","0.0000","0.0000"
"5391.0","15:13:15.326","2224170.0000","1.6563","60566.0000","-0.0500","-0.0050","-1.0000","0.0000","0.0000","0.0000","0.0000","0.0000"
"5392.0","15:13:15.327","2223728.0000","1.6081","60566.0000","-0.0500","-0.0050","-1.0000","0.0000","0.0000","0.0000","0.0000","0.0000"
"5393.0","15:13:15.328","2224674.0000","1.7112","60566.0000","-0.0500","-0.0050","-1.0000","0.0000","0.0000","0.0000","0.0000","0.0000"
"5394.0","15:13:15.329","2225932.0000","1.8483","60566.0000","-0.0500","-0.0050","-1.0000","0.0000","0.0000","0.0000","0.0000","0.0000"
"5395.0","15:13:15.330","2225932.0000","1.8483","60566.0000","-0.0500","-0.0050","-1.0000","0.0000","0.0000","0.0000","0.0000","0.0000"
"5396.0","15:13:15.331","2225070.0000","1.7543","60566.0000","-0.0500","-0.0050","-1.0000","0.0000","0.0000","0.0000","0.0000","0.0000"
"5397.0","15:13:15.332","2225654.0000","1.8180","60566.0000","-0.0500","-0.0050","-1.0000","0.0000","0.0000","0.0000","0.0000","0.0000"
"5398.0","15:13:15.333","2225809.0000","1.8349","60566.0000","-0.0500","-0.0050","-1.0000","0.0000","0.0000","0.0000","0.0000","0.0000"
"5399.0","15:13:15.334","2226331.0000","1.8919","60566.0000","-0.0500","-0.0050","-1.0000","0.0000","0.0000","0.0000","0.0000","0.0000"
"5400.0","15:13:15.335","2226252.0000","1.8832","60566.0000","-0.0500","-0.0050","-1.0000","0.0000","0.0000","0.0000","0.0000","0.0000"
"5401.0","15:13:15.336","2225307.0000","1.7802","60566.0000","-0.0500","-0.0050","-1.0000","0.0000","0.0000","0.0000","0.0000","0.0000"
"5402.0","15:13:15.337","2225899.0000","1.8447","60566.0000","-0.0500","-0.0050","-1.0000","0.0000","0.0000","0.0000","0.0000","0.0000"
"5403.0","15:13:15.338","2225132.0000","1.7611","60566.0000","-0.0500","-0.0050","-1.0000","0.0000","0.0000","0.0000","0.0000","0.0000"
"5404.0","15:13:15.339","2223853.0000","1.6217","60566.0000","-0.0500","-0.0050","-1.0000","0.0000","0.0000","0.0000","0.0000","0.0000"
"5405.0","15:13:15.340","2223322.0000","1.5638","60566.0000","-0.0500","-0.0050","-1.0000","0.0000","0.0000","0.0000","0.0000","0.0000"
"5406.0","15:13:15.341","2222830.0000","1.5102","60566.0000","-0.0500","-0.0050","-1.0000","0.0000","0.0000","0.0000","0.0000","0.0000"
"5407.0","15:13:15.342","2222828.0000","1.5099","60566.0000","-0.0500","-0.0050","-1.0000","0.0000","0.0000","0.0000","0.0000","0.0000"
"5408.0","15:13:15.343","2221819.0000","1.3999","60566.0000","-0.0500","-0.0050","-1.0000","0.0000","0.0000","0.0000","0.0000","0.0000"
"5409.0","15:13:15.344","2220572.0000","1.2640","60566.0000","-0.0500","-0.0050","-1.0000","0.0000","0.0000","0.0000","0.0000","0.0000"
"5410.0","15:13:15.345","2219178.0000","1.1120","60566.0000","-0.0500","-0.0050","-1.0000","0.0000","0.0000","0.0000","0.0000","0.0000"
"5411.0","15:13:15.346","2220843.0000","1.2935","60566.0000","-0.0500","-0.0050","-1.0000","0.0000","0.0000","0.0000","0.0000","0.0000"
"5412.0","15:13:15.347","2220055.0000","1.2076","60566.0000","-0.0500","-0.0050","-1.0000","0.0000","0.0000","0.0000","0.0000","0.0000"
"5413.0","15:13:15.348","2220095.0000","1.2120","60566.0000","-0.0500","-0.0050","-1.0000","0.0000","0.0000","0.0000","0.0000","0.0000"
"5414.0","15:13:15.349","2220741.0000","1.2824","60566.0000","-0.0500","-0.0050","-1.0000","0.0000","0.0000","0.0000","0.0000","0.0000"
"5415.0","15:13:15.350","2220424.0000","1.2479","60566.0000","-0.0500","-0.0050","-1.0000","0.0000","0.0000","0.0000","0.0000","0.0000"
"5416.0","15:13:15.351","2220892.0000","1.2989","60566.0000","-0.0500","-0.0050","-1.0000","0.0000","0.0000","0.0000","0.0000","0.0000"
"5417.0","15:13:15.352","2221376.0000","1.3517","60566.0000","-0.0500","-0.0050","-1.0000","0.0000","0.0000","0.0000","0.0000","0.0000"
"5418.0","15:13:15.353","2221682.0000","1.3850","60566.0000","-0.0500","-0.0050","-1.0000","0.0000","0.0000","0.0000","0.0000","0.0000"
"5419.0","15:13:15.354","2222884.0000","1.5160","60566.0000","-0.0500","-0.0050","-1.0000","0.0000","0.0000","0.0000","0.0000","0.0000"
"5420.0","15:13:15.355","2222705.0000","1.4965","60566.0000","-0.0500","-0.0050","-1.0000","0.0000","0.0000","0.0000","0.0000","0.0000"
"5421.0","15:13:15.356","2222252.0000","1.4471","60566.0000","-0.0500","-0.0050","-1.0000","0.0000","0.0000","0.0000","0.0000","0.0000"
"5422.0","15:13:15.357","2221966.0000","1.4160","60566.0000","-0.0500","-0.0050","-1.0000","0.0000","0.0000","0.0000","0.0000","0.0000"
"5423.0","15:13:15.358","2222832.0000","1.5104","60566.0000","-0.0500","-0.0050","-1.0000","0.0000","0.0000","0.0000","0.0000","0.0000"
"5424.0","15:13:15.359","2222518.0000","1.4762","60566.0000","-0.0500","-0.0050","-1.0000","0.0000","0.0000","0.0000","0.0000","0.0000"
"5425.0","15:13:15.360","2221871.0000","1.4056","60566.0000","-0.0500","-0.0050","-1.0000","0.0000","0.0000","0.0000","0.0000","0.0000"
"5426.0","15:13:15.361","2222337.0000","1.4564","60566.0000","-0.0500","-0.0050","-1.0000","0.0000","0.0000","0.0000","0.0000","0.0000"
"5427.0","15:13:15.362","2222588.0000","1.4838","60566.0000","-0.0500","-0.0050","-1.0000","0.0000","0.0000","0.0000","0.0000","0.0000"
"5428.0","15:13:15.363","2222344.0000","1.4572","60566.0000","-0.0500","-0.0050","-1.0000","0.0000","0.0000","0.0000","0.0000","0.0000"
"5429.0","15:13:15.364","2222598.0000","1.4849","60566.0000","-0.0500","-0.0050","-1.0000","0.0000","0.0000","0.0000","0.0000","0.0000"
"5430.0","15:13:15.365","2222556.0000","1.4803","60566.0000","-0.0500","-0.0050","-1.0000","0.0000","0.0000","0.0000","0.0000","0.0000"
"5431.0","15:13:15.366","2222237.0000","1.4455","60566.0000","-0.0500","-0.0050","-1.0000","0.0000","0.0000","0.0000","0.0000","0.0000"
"5432.0","15:13:15.367","2223792.0000","1.6150","60566.0000","-0.0500","-0.0050","-1.0000","0.0000","0.0000","0.0000","0.0000","0.0000"
"5433.0","15:13:15.368","2223252.0000","1.5562","60566.0000","-0.0500","-0.0050","-1.0000","0.0000","0.0000","0.0000","0.0000","0.0000"
"5434.0","15:13:15.369","2223398.0000","1.5721","60566.0000","-0.0500","-0.0050","-1.0000","0.0000","0.0000","0.0000","0.0000","0.0000"
"5435.0","15:13:15.370","2223630.0000","1.5974","60566.0000","-0.0500","-0.0050","-1.0000","0.0000","0.0000","0.0000","0.0000","0.0000"
"5436.0","15:13:15.371","2223804.0000","1.6163","60566.0000","-0.0500","-0.0050","-1.0000","0.0000","0.0000","0.0000","0.0000","0.0000"
"5437.0","15:13:15.372","2223761.0000","1.6116","60566.0000","-0.0500","-0.0050","-1.0000","0.0000","0.0000","0.0000","0.0000","0.0000"
"5438.0","15:13:15.373","2223408.0000","1.5732","60566.0000","-0.0500","-0.0050","-1.0000","0.0000","0.0000","0.0000","0.0000","0.0000"
"5439.0","15:13:15.374","2224216.0000","1.6613","60566.0000","-0.0500","-0.0050","-1.0000","0.0000","0.0000","0.0000","0.0000","0.0000"
"5440.0","15:13:15.375","2223869.0000","1.6234","60566.0000","-0.0500","-0.0050","-1.0000","0.0000","0.0000","0.0000","0.0000","0.0000"
"5441.0","15:13:15.376","2223681.0000","1.6029","60566.0000","-0.0500","-0.0050","-1.0000","0.0000","0.0000","0.0000","0.0000","0.0000"
"5442.0","15:13:15.377","2223681.0000","1.6029","60566.0000","-0.0500","-0.0050","-1.0000","0.0000","0.0000","0.0000","0.0000","0.0000"
"5443.0","15:13:15.378","2222994.0000","1.5281","60566.0000","-0.0500","-0.0050","-1.0000","0.0000","0.0000","0.0000","0.0000","0.0000"
"5444.0","15:13:15.379","2224174.0000","1.6567","60566.0000","-0.0500","-0.0050","-1.0000","0.0000","0.0000","0.0000","0.0000","0.0000"
"5445.0","15:13:15.380","2223295.0000","1.5609","60566.0000","-0.0500","-0.0050","-1.0000","0.0000","0.0000","0.0000","0.0000","0.0000"
"5446.0","15:13:15.381","2223471.0000","1.5800","60566.0000","-0.0500","-0.0050","-1.0000","0.0000","0.0000","0.0000","0.0000","0.0000"
"5447.0","15:13:15.382","2223462.0000","1.5791","60566.0000","-0.0500","-0.0050","-1.0000","0.0000","0.0000","0.0000","0.0000","0.0000"
"5448.0","15:13:15.383","2222884.0000","1.5160","60566.0000","-0.0500","-0.0050","-1.0000","0.0000","0.0000","0.0000","0.0000","0.0000"
"5449.0","15:13:15.384","2223555.0000","1.5892","60566.0000","-0.0500","-0.0050","-1.0000","0.0000","0.0000","0.0000","0.0000","0.0000"
"5450.0","15:13:15.385","2223004.0000","1.5291","60566.0000","-0.0500","-0.0050","-1.0000","0.0000","0.0000","0.0000","0.0000","0.0000"
"5451.0","15:13:15.386","2221603.0000","1.3764","60564.0000","-0.0500","-0.0050","-1.0000","0.0000","0.0000","0.0000","0.0000","0.0000"
"5452.0","15:13:15.387","2222061.0000","1.4263","60564.0000","-0.0500","-0.0050","-1.0000","0.0000","0.0000","0.0000","0.0000","0.0000"
"5453.0","15:13:15.388","2222970.0000","1.5254","60564.0000","-0.0500","-0.0050","-1.0000","0.0000","0.0000","0.0000","0.0000","0.0000"
"5454.0","15:13:15.389","2223219.0000","1.5526","60564.0000","-0.0500","-0.0050","-1.0000","0.0000","0.0000","0.0000","0.0000","0.0000"
"5455.0","15:13:15.390","2223859.0000","1.6223","60564.0000","-0.0500","-0.0050","-1.0000","0.0000","0.0000","0.0000","0.0000","0.0000"
"5456.0","15:13:15.391","2224418.0000","1.6833","60564.0000","-0.0500","-0.0050","-1.0000","0.0000","0.0000","0.0000","0.0000","0.0000"
"5457.0","15:13:15.392","2223338.0000","1.5656","60564.0000","-0.0500","-0.0050","-1.0000","0.0000","0.0000","0.0000","0.0000","0.0000"
"5458.0","15:13:15.393","2223077.0000","1.5371","60564.0000","-0.0500","-0.0050","-1.0000","0.0000","0.0000","0.0000","0.0000","0.0000"
"5459.0","15:13:15.394","2222952.0000","1.5235","60564.0000","-0.0500","-0.0050","-1.0000","0.0000","0.0000","0.0000","0.0000","0.0000"
"5460.0","15:13:15.395","2224031.0000","1.6411","60564.0000","-0.0500","-0.0050","-1.0000","0.0000","0.0000","0.0000","0.0000","0.0000"
"5461.0","15:13:15.396","2223444.0000","1.5771","60564.0000","-0.0500","-0.0050","-1.0000","0.0000","0.0000","0.0000","0.0000","0.0000"
"5462.0","15:13:15.397","2223559.0000","1.5896","60564.0000","-0.0500","-0.0050","-1.0000","0.0000","0.0000","0.0000","0.0000","0.0000"
"5463.0","15:13:15.398","2224352.0000","1.6761","60564.0000","-0.0500","-0.0050","-1.0000","0.0000","0.0000","0.0000","0.0000","0.0000"
"5464.0","15:13:15.399","2223951.0000","1.6323","60564.0000","-0.0500","-0.0050","-1.0000","0.0000","0.0000","0.0000","0.0000","0.0000"
"5465.0","15:13:15.400","2223711.0000","1.6062","60564.0000","-0.0500","-0.0050","-1.0000","0.0000","0.0000","0.0000","0.0000","0.0000"
"5466.0","15:13:15.401","2224881.0000","1.7337","60564.0000","-0.0500","-0.0050","-1.0000","0.0000","0.0000","0.0000","0.0000","0.0000"
"5467.0","15:13:15.402","2223999.0000","1.6376","60564.0000","-0.0500","-0.0050","-1.0000","0.0000","0.0000","0.0000","0.0000","0.0000"
"5468.0","15:13:15.403","2223998.0000","1.6375","60564.0000","-0.0500","-0.0050","-1.0000","0.0000","0.0000","0.0000","0.0000","0.0000"
"5469.0","15:13:15.404","2225400.0000","1.7903","60564.0000","-0.0500","-0.0050","-1.0000","0.0000","0.0000","0.0000","0.0000","0.0000"
"5470.0","15:13:15.405","2225259.0000","1.7750","60564.0000","-0.0500","-0.0050","-1.0000","0.0000","0.0000","0.0000","0.0000","0.0000"
"5471.0","15:13:15.406","2224490.0000","1.6911","60564.0000","-0.0500","-0.0050","-1.0000","0.0000","0.0000","0.0000","0.0000","0.0000"
"5472.0","15:13:15.407","2224640.0000","1.7075","60564.0000","-0.0500","-0.0050","-1.0000","0.0000","0.0000","0.0000","0.0000","0.0000"
"5473.0","15:13:15.408","2224766.0000","1.7212","60564.0000","-0.0500","-0.0050","-1.0000","0.0000","0.0000","0.0000","0.0000","0.0000"
"5474.0","15:13:15.409","2223685.0000","1.6034","60564.0000","-0.0500","-0.0050","-1.0000","0.0000","0.0000","0.0000","0.0000","0.0000"
"5475.0","15:13:15.410","2223537.0000","1.5872","60564.0000","-0.0500","-0.0050","-1.0000","0.0000","0.0000","0.0000","0.0000","0.0000"
"5476.0","15:13:15.411","2223474.0000","1.5804","60564.0000","-0.0500","-0.0050","-1.0000","0.0000","0.0000","0.0000","0.0000","0.0000"
"5477.0","15:13:15.412","2223839.0000","1.6201","60564.0000","-0.0500","-0.0050","-1.0000","0.0000","0.0000","0.0000","0.0000","0.0000"
"5478.0","15:13:15.413","2224343.0000","1.6751","60564.0000","-0.0500","-0.0050","-1.0000","0.0000","0.0000","0.0000","0.0000","0.0000"
"5479.0","15:13:15.414","2223710.0000","1.6061","60564.0000","-0.0500","-0.0050","-1.0000","0.0000","0.0000","0.0000","0.0000","0.0000"
"5480.0","15:13:15.415","2224060.0000","1.6442","60564.0000","-0.0500","-0.0050","-1.0000","0.0000","0.0000","0.0000","0.0000","0.0000"
"5481.0","15:13:15.416","2224191.0000","1.6585","60564.0000","-0.0500","-0.0050","-1.0000","0.0000","0.0000","0.0000","0.0000","0.0000"
"5482.0","15:13:15.417","2224197.0000","1.6592","60564.0000","-0.0500","-0.0050","-1.0000","0.0000","0.0000","0.0000","0.0000","0.0000"
"5483.0","15:13:15.418","2223860.0000","1.6225","60564.0000","-0.0500","-0.0050","-1.0000","0.0000","0.0000","0.0000","0.0000","0.0000"
"5484.0","15:13:15.419","2222674.0000","1.4931","60564.0000","-0.0500","-0.0050","-1.0000","0.0000","0.0000","0.0000","0.0000","0.0000"
"5485.0","15:13:15.420","2223126.0000","1.5424","60564.0000","-0.0500","-0.0050","-1.0000","0.0000","0.0000","0.0000","0.0000","0.0000"
"5486.0","15:13:15.421","2224594.0000","1.7025","60564.0000","-0.0500","-0.0050","-1.0000","0.0000","0.0000","0.0000","0.0000","0.0000"
"5487.0","15:13:15.422","2223583.0000","1.5922","60564.0000","-0.0500","-0.0050","-1.0000","0.0000","0.0000","0.0000","0.0000","0.0000"
"5488.0","15:13:15.423","2223960.0000","1.6333","60564.0000","-0.0500","-0.0050","-1.0000","0.0000","0.0000","0.0000","0.0000","0.0000"
"5489.0","15:13:15.424","2223960.0000","1.6333","60564.0000","-0.0500","-0.0050","-1.0000","0.0000","0.0000","0.0000","0.0000","0.0000"
"5490.0","15:13:15.425","2224313.0000","1.6718","60564.0000","-0.0500","-0.0050","-1.0000","0.0000","0.0000","0.0000","0.0000","0.0000"
"5491.0","15:13:15.426","2223078.0000","1.5372","60564.0000","-0.0500","-0.0050","-1.0000","0.0000","0.0000","0.0000","0.0000","0.0000"
"5492.0","15:13:15.427","2223070.0000","1.5363","60564.0000","-0.0500","-0.0050","-1.0000","0.0000","0.0000","0.0000","0.0000","0.0000"
"5493.0","15:13:15.428","2221952.0000","1.4145","60564.0000","-0.0500","-0.0050","-1.0000","0.0000","0.0000","0.0000","0.0000","0.0000"
"5494.0","15:13:15.429","2222301.0000","1.4525","60564.0000","-0.0500","-0.0050","-1.0000","0.0000","0.0000","0.0000","0.0000","0.0000"
"5495.0","15:13:15.430","2221978.0000","1.4173","60564.0000","-0.0500","-0.0050","-1.0000","0.0000","0.0000","0.0000","0.0000","0.0000"
"5496.0","15:13:15.431","2222049.0000","1.4250","60564.0000","-0.0500","-0.0050","-1.0000","0.0000","0.0000","0.0000","0.0000","0.0000"
"5497.0","15:13:15.432","2222043.0000","1.4243","60564.0000","-0.0500","-0.0050","-1.0000","0.0000","0.0000","0.0000","0.0000","0.0000"
"5498.0","15:13:15.433","2221313.0000","1.3448","60564.0000","-0.0500","-0.0050","-1.0000","0.0000","0.0000","0.0000","0.0000","0.0000"
"5499.0","15:13:15.434","2221798.0000","1.3977","60564.0000","-0.0500","-0.0050","-1.0000","0.0000","0.0000","0.0000","0.0000","0.0000"
"5500.0","15:13:15.435","2222082.0000","1.4286","60564.0000","-0.0500","-0.0050","-1.0000","0.0000","0.0000","0.0000","0.0000","0.0000"
"5501.0","15:13:15.436","2221711.0000","1.3882","60564.0000","-0.0500","-0.0050","-1.0000","0.0000","0.0000","0.0000","0.0000","0.0000"
"5502.0","15:13:15.437","2222089.0000","1.4294","60564.0000","-0.0500","-0.0050","-1.0000","0.0000","0.0000","0.0000","0.0000","0.0000"
"5503.0","15:13:15.438","2222594.0000","1.4844","60564.0000","-0.0500","-0.0050","-1.0000","0.0000","0.0000","0.0000","0.0000","0.0000"
"5504.0","15:13:15.439","2222033.0000","1.4233","60564.0000","-0.0500","-0.0050","-1.0000","0.0000","0.0000","0.0000","0.0000","0.0000"
"5505.0","15:13:15.440","2223086.0000","1.5381","60564.0000","-0.0500","-0.0050","-1.0000","0.0000","0.0000","0.0000","0.0000","0.0000"
"5506.0","15:13:15.441","2223155.0000","1.5456","60564.0000","-0.0500","-0.0050","-1.0000","0.0000","0.0000","0.0000","0.0000","0.0000"
"5507.0","15:13:15.442","2222615.0000","1.4867","60564.0000","-0.0500","-0.0050","-1.0000","0.0000","0.0000","0.0000","0.0000","0.0000"
"5508.0","15:13:15.443","2222111.0000","1.4318","60564.0000","-0.0500","-0.0050","-1.0000","0.0000","0.0000","0.0000","0.0000","0.0000"
"5509.0","15:13:15.444","2221361.0000","1.3500","60564.0000","-0.0500","-0.0050","-1.0000","0.0000","0.0000","0.0000","0.0000","0.0000"
"5510.0","15:13:15.445","2221660.0000","1.3826","60564.0000","-0.0500","-0.0050","-1.0000","0.0000","0.0000","0.0000","0.0000","0.0000"
"5511.0","15:13:15.446","2222330.0000","1.4556","60564.0000","-0.0500","-0.0050","-1.0000","0.0000","0.0000","0.0000","0.0000","0.0000"
"5512.0","15:13:15.447","2221886.0000","1.4073","60556.0000","-0.0500","-0.0050","-1.0000","0.0000","0.0000","0.0000","0.0000","0.0000"
"5513.0","15:13:15.448","2221652.0000","1.3817","60556.0000","-0.0500","-0.0050","-1.0000","0.0000","0.0000","0.0000","0.0000","0.0000"
"5514.0","15:13:15.449","2221764.0000","1.3939","60556.0000","-0.0500","-0.0050","-1.0000","0.0000","0.0000","0.0000","0.0000","0.0000"
"5515.0","15:13:15.450","2222218.0000","1.4434","60556.0000","-0.0500","-0.0050","-1.0000","0.0000","0.0000","0.0000","0.0000","0.0000"
"5516.0","15:13:15.451","2223840.0000","1.6203","60556.0000","-0.0500","-0.0050","-1.0000","0.0000","0.0000","0.0000","0.0000","0.0000"
"5517.0","15:13:15.452","2222588.0000","1.4838","60556.0000","-0.0500","-0.0050","-1.0000","0.0000","0.0000","0.0000","0.0000","0.0000"
"5518.0","15:13:15.453","2222215.0000","1.4431","60556.0000","-0.0500","-0.0050","-1.0000","0.0000","0.0000","0.0000","0.0000","0.0000"
"5519.0","15:13:15.454","2223240.0000","1.5549","60556.0000","-0.0500","-0.0050","-1.0000","0.0000","0.0000","0.0000","0.0000","0.0000"
"5520.0","15:13:15.455","2222398.0000","1.4631","60556.0000","-0.0500","-0.0050","-1.0000","0.0000","0.0000","0.0000","0.0000","0.0000"
"5521.0","15:13:15.456","2222273.0000","1.4494","60556.0000","-0.0500","-0.0050","-1.0000","0.0000","0.0000","0.0000","0.0000","0.0000"
"5522.0","15:13:15.457","2222941.0000","1.5222","60556.0000","-0.0500","-0.0050","-1.0000","0.0000","0.0000","0.0000","0.0000","0.0000"
"5523.0","15:13:15.458","2222938.0000","1.5219","60556.0000","-0.0500","-0.0050","-1.0000","0.0000","0.0000","0.0000","0.0000","0.0000"
"5524.0","15:13:15.459","2222760.0000","1.5025","60556.0000","-0.0500","-0.0050","-1.0000","0.0000","0.0000","0.0000","0.0000","0.0000"
"5525.0","15:13:15.460","2221841.0000","1.4023","60556.0000","-0.0500","-0.0050","-1.0000","0.0000","0.0000","0.0000","0.0000","0.0000"
"5526.0","15:13:15.461","2222000.0000","1.4197","60556.0000","-0.0500","-0.0050","-1.0000","0.0000","0.0000","0.0000","0.0000","0.0000"
"5527.0","15:13:15.462","2222592.0000","1.4842","60556.0000","-0.0500","-0.0050","-1.0000","0.0000","0.0000","0.0000","0.0000","0.0000"
"5528.0","15:13:15.463","2222782.0000","1.5049","60556.0000","-0.0500","-0.0050","-1.0000","0.0000","0.0000","0.0000","0.0000","0.0000"
"5529.0","15:13:15.464","2222400.0000","1.4633","60556.0000","-0.0500","-0.0050","-1.0000","0.0000","0.0000","0.0000","0.0000","0.0000"
"5530.0","15:13:15.465","2222031.0000","1.4230","60556.0000","-0.0500","-0.0050","-1.0000","0.0000","0.0000","0.0000","0.0000","0.0000"
"5531.0","15:13:15.466","2222551.0000","1.4797","60556.0000","-0.0500","-0.0050","-1.0000","0.0000","0.0000","0.0000","0.0000","0.0000"
"5532.0","15:13:15.467","2222688.0000","1.4947","60556.0000","-0.0500","-0.0050","-1.0000","0.0000","0.0000","0.0000","0.0000","0.0000"
"5533.0","15:13:15.468","2221614.0000","1.3776","60556.0000","-0.0500","-0.0050","-1.0000","0.0000","0.0000","0.0000","0.0000","0.0000"
"5534.0","15:13:15.469","2221900.0000","1.4088","60556.0000","-0.0500","-0.0050","-1.0000","0.0000","0.0000","0.0000","0.0000","0.0000"
"5535.0","15:13:15.470","2222910.0000","1.5189","60556.0000","-0.0500","-0.0050","-1.0000","0.0000","0.0000","0.0000","0.0000","0.0000"
"5536.0","15:13:15.471","2222910.0000","1.5189","60556.0000","-0.0500","-0.0050","-1.0000","0.0000","0.0000","0.0000","0.0000","0.0000"
"5537.0","15:13:15.472","2224359.0000","1.6768","60556.0000","-0.0500","-0.0050","-1.0000","0.0000","0.0000","0.0000","0.0000","0.0000"
"5538.0","15:13:15.473","2225304.0000","1.7799","60556.0000","-0.0500","-0.0050","-1.0000","0.0000","0.0000","0.0000","0.0000","0.0000"
"5539.0","15:13:15.474","2225871.0000","1.8417","60556.0000","-0.0500","-0.0050","-1.0000","0.0000","0.0000","0.0000","0.0000","0.0000"
"5540.0","15:13:15.475","2225250.0000","1.7740","60556.0000","-0.0500","-0.0050","-1.0000","0.0000","0.0000","0.0000","0.0000","0.0000"
"5541.0","15:13:15.476","2222688.0000","1.4947","60556.0000","-0.0500","-0.0050","-1.0000","0.0000","0.0000","0.0000","0.0000","0.0000"
"5542.0","15:13:15.477","2221098.0000","1.3213","60556.0000","-0.0500","-0.0050","-1.0000","0.0000","0.0000","0.0000","0.0000","0.0000"
"5543.0","15:13:15.478","2219195.0000","1.1139","60556.0000","-0.0500","-0.0050","-1.0000","0.0000","0.0000","0.0000","0.0000","0.0000"
"5544.0","15:13:15.479","2218000.0000","0.9836","60556.0000","-0.0500","-0.0050","-1.0000","0.0000","0.0000","0.0000","0.0000","0.0000"
"5545.0","15:13:15.480","2216562.0000","0.8268","60556.0000","-0.0500","-0.0050","-1.0000","0.0000","0.0000","0.0000","0.0000","0.0000"
"5546.0","15:13:15.481","2216493.0000","0.8193","60556.0000","-0.0500","-0.0050","-1.0000","0.0000","0.0000","0.0000","0.0000","0.0000"
"5547.0","15:13:15.482","2218268.0000","1.0128","60556.0000","-0.0500","-0.0050","-1.0000","0.0000","0.0000","0.0000","0.0000","0.0000"
"5548.0","15:13:15.483","2220724.0000","1.2806","60556.0000","-0.0500","-0.0050","-1.0000","0.0000","0.0000","0.0000","0.0000","0.0000"
"5549.0","15:13:15.484","2222696.0000","1.4956","60556.0000","-0.0500","-0.0050","-1.0000","0.0000","0.0000","0.0000","0.0000","0.0000"
"5550.0","15:13:15.485","2226290.0000","1.8874","60556.0000","-0.0500","-0.0050","-1.0000","0.0000","0.0000","0.0000","0.0000","0.0000"
"5551.0","15:13:15.486","2227767.0000","2.0484","60556.0000","-0.0500","-0.0050","-1.0000","0.0000","0.0000","0.0000","0.0000","0.0000"
"5552.0","15:13:15.487","2228255.0000","2.1016","60556.0000","-0.0500","-0.0050","-1.0000","0.0000","0.0000","0.0000","0.0000","0.0000"
"5553.0","15:13:15.488","2228247.0000","2.1007","60556.0000","-0.0500","-0.0050","-1.0000","0.0000","0.0000","0.0000","0.0000","0.0000"
"5554.0","15:13:15.489","2227925.0000","2.0656","60556.0000","-0.0500","-0.0050","-1.0000","0.0000","0.0000","0.0000","0.0000","0.0000"
"5555.0","15:13:15.490","2226548.0000","1.9155","60556.0000","-0.0500","-0.0050","-1.0000","0.0000","0.0000","0.0000","0.0000","0.0000"
"5556.0","15:13:15.491","2224876.0000","1.7332","60556.0000","-0.0500","-0.0050","-1.0000","0.0000","0.0000","0.0000","0.0000","0.0000"
"5557.0","15:13:15.492","2223829.0000","1.6191","60556.0000","-0.0500","-0.0050","-1.0000","0.0000","0.0000","0.0000","0.0000","0.0000"
"5558.0","15:13:15.493","2221335.0000","1.3472","60556.0000","-0.0500","-0.0050","-1.0000","0.0000","0.0000","0.0000","0.0000","0.0000"
"5559.0","15:13:15.494","2220434.0000","1.2490","60556.0000","-0.0500","-0.0050","-1.0000","0.0000","0.0000","0.0000","0.0000","0.0000"
"5560.0","15:13:15.495","2220973.0000","1.3077","60556.0000","-0.0500","-0.0050","-1.0000","0.0000","0.0000","0.0000","0.0000","0.0000"
"5561.0","15:13:15.496","2220604.0000","1.2675","60556.0000","-0.0500","-0.0050","-1.0000","0.0000","0.0000","0.0000","0.0000","0.0000"
"5562.0","15:13:15.497","2222582.0000","1.4831","60556.0000","-0.0500","-0.0050","-1.0000","0.0000","0.0000","0.0000","0.0000","0.0000"
"5563.0","15:13:15.498","2225095.0000","1.7571","60556.0000","-0.0500","-0.0050","-1.0000","0.0000","0.0000","0.0000","0.0000","0.0000"
"5564.0","15:13:15.499","2225753.0000","1.8288","60556.0000","-0.0500","-0.0050","-1.0000","0.0000","0.0000","0.0000","0.0000","0.0000"
"5565.0","15:13:15.500","2227566.0000","2.0265","60556.0000","-0.0500","-0.0050","-1.0000","0.0000","0.0000","0.0000","0.0000","0.0000"
"5566.0","15:13:15.501","2227280.0000","1.9953","60556.0000","-0.0500","-0.0050","-1.0000","0.0000","0.0000","0.0000","0.0000","0.0000"
"5567.0","15:13:15.502","2227407.0000","2.0092","60556.0000","-0.0500","-0.0050","-1.0000","0.0000","0.0000","0.0000","0.0000","0.0000"
"5568.0","15:13:15.503","2226356.0000","1.8945","60556.0000","-0.0500","-0.0050","-1.0000","0.0000","0.0000","0.0000","0.0000","0.0000"
"5569.0","15:13:15.504","2224884.0000","1.7341","60556.0000","-0.0500","-0.0050","-1.0000","0.0000","0.0000","0.0000","0.0000","0.0000"
"5570.0","15:13:15.505","2224485.0000","1.6906","60556.0000","-0.0500","-0.0050","-1.0000","0.0000","0.0000","0.0000","0.0000","0.0000"
"5571.0","15:13:15.506","2222309.0000","1.4534","60556.0000","-0.0500","-0.0050","-1.0000","0.0000","0.0000","0.0000","0.0000","0.0000"
"5572.0","15:13:15.507","2221180.0000","1.3303","60570.0000","-0.0500","-0.0050","-1.0000","0.0000","0.0000","0.0000","0.0000","0.0000"
"5573.0","15:13:15.508","2221660.0000","1.3826","60570.0000","-0.0500","-0.0050","-1.0000","0.0000","0.0000","0.0000","0.0000","0.0000"
"5574.0","15:13:15.509","2222128.0000","1.4336","60570.0000","-0.0500","-0.0050","-1.0000","0.0000","0.0000","0.0000","0.0000","0.0000"
"5575.0","15:13:15.510","2222801.0000","1.5070","60570.0000","-0.0500","-0.0050","-1.0000","0.0000","0.0000","0.0000","0.0000","0.0000"
"5576.0","15:13:15.511","2222388.0000","1.4620","60570.0000","-0.0500","-0.0050","-1.0000","0.0000","0.0000","0.0000","0.0000","0.0000"
"5577.0","15:13:15.512","2222946.0000","1.5228","60570.0000","-0.0500","-0.0050","-1.0000","0.0000","0.0000","0.0000","0.0000","0.0000"
"5578.0","15:13:15.513","2223126.0000","1.5424","60570.0000","-0.0500","-0.0050","-1.0000","0.0000","0.0000","0.0000","0.0000","0.0000"
"5579.0","15:13:15.514","2224033.0000","1.6413","60570.0000","-0.0500","-0.0050","-1.0000","0.0000","0.0000","0.0000","0.0000","0.0000"
"5580.0","15:13:15.515","2223855.0000","1.6219","60570.0000","-0.0500","-0.0050","-1.0000","0.0000","0.0000","0.0000","0.0000","0.0000"
"5581.0","15:13:15.516","2223855.0000","1.6219","60570.0000","-0.0500","-0.0050","-1.0000","0.0000","0.0000","0.0000","0.0000","0.0000"
"5582.0","15:13:15.517","2223855.0000","1.6219","60570.0000","-0.0500","-0.0050","-1.0000","0.0000","0.0000","0.0000","0.0000","0.0000"
"5583.0","15:13:15.518","2223158.0000","1.5459","60570.0000","-0.0500","-0.0050","-1.0000","0.0000","0.0000","0.0000","0.0000","0.0000"
"5584.0","15:13:15.519","2221628.0000","1.3791","60570.0000","-0.0500","-0.0050","-1.0000","0.0000","0.0000","0.0000","0.0000","0.0000"
"5585.0","15:13:15.520","2220515.0000","1.2578","60570.0000","-0.0500","-0.0050","-1.0000","0.0000","0.0000","0.0000","0.0000","0.0000"
"5586.0","15:13:15.521","2220443.0000","1.2500","60570.0000","-0.0500","-0.0050","-1.0000","0.0000","0.0000","0.0000","0.0000","0.0000"
"5587.0","15:13:15.522","2221137.0000","1.3256","60570.0000","-0.0500","-0.0050","-1.0000","0.0000","0.0000","0.0000","0.0000","0.0000"
"5588.0","15:13:15.523","2221672.0000","1.3839","60570.0000","-0.0500","-0.0050","-1.0000","0.0000","0.0000","0.0000","0.0000","0.0000"
"5589.0","15:13:15.524","2222875.0000","1.5150","60570.0000","-0.0500","-0.0050","-1.0000","0.0000","0.0000","0.0000","0.0000","0.0000"
"5590.0","15:13:15.525","2223657.0000","1.6003","60570.0000","-0.0500","-0.0050","-1.0000","0.0000","0.0000","0.0000","0.0000","0.0000"
"5591.0","15:13:15.526","2224235.0000","1.6633","60570.0000","-0.0500","-0.0050","-1.0000","0.0000","0.0000","0.0000","0.0000","0.0000"
"5592.0","15:13:15.527","2224146.0000","1.6536","60570.0000","-0.0500","-0.0050","-1.0000","0.0000","0.0000","0.0000","0.0000","0.0000"
"5593.0","15:13:15.528","2224345.0000","1.6753","60570.0000","-0.0500","-0.0050","-1.0000","0.0000","0.0000","0.0000","0.0000","0.0000"
"5594.0","15:13:15.529","2224161.0000","1.6553","60570.0000","-0.0500","-0.0050","-1.0000","0.0000","0.0000","0.0000","0.0000","0.0000"
"5595.0","15:13:15.530","2224722.0000","1.7164","60570.0000","-0.0500","-0.0050","-1.0000","0.0000","0.0000","0.0000","0.0000","0.0000"
"5596.0","15:13:15.531","2224397.0000","1.6810","60570.0000","-0.0500","-0.0050","-1.0000","0.0000","0.0000","0.0000","0.0000","0.0000"
"5597.0","15:13:15.532","2224520.0000","1.6944","60570.0000","-0.0500","-0.0050","-1.0000","0.0000","0.0000","0.0000","0.0000","0.0000"
"5598.0","15:13:15.533","2223789.0000","1.6147","60570.0000","-0.0500","-0.0050","-1.0000","0.0000","0.0000","0.0000","0.0000","0.0000"
"5599.0","15:13:15.534","2223639.0000","1.5984","60570.0000","-0.0500","-0.0050","-1.0000","0.0000","0.0000","0.0000","0.0000","0.0000"
"5600.0","15:13:15.535","2223025.0000","1.5314","60570.0000","-0.0500","-0.0050","-1.0000","0.0000","0.0000","0.0000","0.0000","0.0000"
"5601.0","15:13:15.536","2223025.0000","1.5314","60570.0000","-0.0500","-0.0050","-1.0000","0.0000","0.0000","0.0000","0.0000","0.0000"
"5602.0","15:13:15.537","2222957.0000","1.5240","60570.0000","-0.0500","-0.0050","-1.0000","0.0000","0.0000","0.0000","0.0000","0.0000"
"5603.0","15:13:15.538","2223334.0000","1.5651","60570.0000","-0.0500","-0.0050","-1.0000","0.0000","0.0000","0.0000","0.0000","0.0000"
"5604.0","15:13:15.539","2223851.0000","1.6215","60570.0000","-0.0500","-0.0050","-1.0000","0.0000","0.0000","0.0000","0.0000","0.0000"
"5605.0","15:13:15.540","2223758.0000","1.6113","60570.0000","-0.0500","-0.0050","-1.0000","0.0000","0.0000","0.0000","0.0000","0.0000"
"5606.0","15:13:15.541","2224249.0000","1.6648","60570.0000","-0.0500","-0.0050","-1.0000","0.0000","0.0000","0.0000","0.0000","0.0000"
"5607.0","15:13:15.542","2222600.0000","1.4851","60570.0000","-0.0500","-0.0050","-1.0000","0.0000","0.0000","0.0000","0.0000","0.0000"
"5608.0","15:13:15.543","2221980.0000","1.4175","60570.0000","-0.0500","-0.0050","-1.0000","0.0000","0.0000","0.0000","0.0000","0.0000"
"5609.0","15:13:15.544","2220029.0000","1.2048","60570.0000","-0.0500","-0.0050","-1.0000","0.0000","0.0000","0.0000","0.0000","0.0000"
"5610.0","15:13:15.545","2219667.0000","1.1653","60570.0000","-0.0500","-0.0050","-1.0000","0.0000","0.0000","0.0000","0.0000","0.0000"
"5611.0","15:13:15.546","2219118.0000","1.1055","60570.0000","-0.0500","-0.0050","-1.0000","0.0000","0.0000","0.0000","0.0000","0.0000"
"5612.0","15:13:15.547","2218565.0000","1.0452","60570.0000","-0.0500","-0.0050","-1.0000","0.0000","0.0000","0.0000","0.0000","0.0000"
"5613.0","15:13:15.548","2218693.0000","1.0592","60570.0000","-0.0500","-0.0050","-1.0000","0.0000","0.0000","0.0000","0.0000","0.0000"
"5614.0","15:13:15.549","2219302.0000","1.1255","60570.0000","-0.0500","-0.0050","-1.0000","0.0000","0.0000","0.0000","0.0000","0.0000"
"5615.0","15:13:15.550","2219860.0000","1.1864","60570.0000","-0.0500","-0.0050","-1.0000","0.0000","0.0000","0.0000","0.0000","0.0000"
"5616.0","15:13:15.551","2220495.0000","1.2556","60570.0000","-0.0500","-0.0050","-1.0000","0.0000","0.0000","0.0000","0.0000","0.0000"
"5617.0","15:13:15.552","2221294.0000","1.3427","60570.0000","-0.0500","-0.0050","-1.0000","0.0000","0.0000","0.0000","0.0000","0.0000"
"5618.0","15:13:15.553","2221909.0000","1.4098","60570.0000","-0.0500","-0.0050","-1.0000","0.0000","0.0000","0.0000","0.0000","0.0000"
"5619.0","15:13:15.554","2222897.0000","1.5175","60570.0000","-0.0500","-0.0050","-1.0000","0.0000","0.0000","0.0000","0.0000","0.0000"
"5620.0","15:13:15.555","2223994.0000","1.6370","60570.0000","-0.0500","-0.0050","-1.0000","0.0000","0.0000","0.0000","0.0000","0.0000"
"5621.0","15:13:15.556","2224482.0000","1.6902","60570.0000","-0.0500","-0.0050","-1.0000","0.0000","0.0000","0.0000","0.0000","0.0000"
"5622.0","15:13:15.557","2225134.0000","1.7613","60570.0000","-0.0500","-0.0050","-1.0000","0.0000","0.0000","0.0000","0.0000","0.0000"
"5623.0","15:13:15.558","2224574.0000","1.7003","60570.0000","-0.0500","-0.0050","-1.0000","0.0000","0.0000","0.0000","0.0000","0.0000"
"5624.0","15:13:15.559","2225377.0000","1.7878","60570.0000","-0.0500","-0.0050","-1.0000","0.0000","0.0000","0.0000","0.0000","0.0000"
"5625.0","15:13:15.560","2224773.0000","1.7220","60570.0000","-0.0500","-0.0050","-1.0000","0.0000","0.0000","0.0000","0.0000","0.0000"
"5626.0","15:13:15.561","2224883.0000","1.7340","60570.0000","-0.0500","-0.0050","-1.0000","0.0000","0.0000","0.0000","0.0000","0.0000"
"5627.0","15:13:15.562","2224805.0000","1.7255","60570.0000","-0.0500","-0.0050","-1.0000","0.0000","0.0000","0.0000","0.0000","0.0000"
"5628.0","15:13:15.563","2224911.0000","1.7370","60570.0000","-0.0500","-0.0050","-1.0000","0.0000","0.0000","0.0000","0.0000","0.0000"
"5629.0","15:13:15.564","2224911.0000","1.7370","60570.0000","-0.0500","-0.0050","-1.0000","0.0000","0.0000","0.0000","0.0000","0.0000"
"5630.0","15:13:15.565","2225480.0000","1.7990","60570.0000","-0.0500","-0.0050","-1.0000","0.0000","0.0000","0.0000","0.0000","0.0000"
"5631.0","15:13:15.566","2225654.0000","1.8180","60570.0000","-0.0500","-0.0050","-1.0000","0.0000","0.0000","0.0000","0.0000","0.0000"
"5632.0","15:13:15.567","2225861.0000","1.8406","60570.0000","-0.0500","-0.0050","-1.0000","0.0000","0.0000","0.0000","0.0000","0.0000"
"5633.0","15:13:15.568","2225905.0000","1.8454","60574.0000","-0.0500","-0.0050","-1.0000","0.0000","0.0000","0.0000","0.0000","0.0000"
"5634.0","15:13:15.569","2225869.0000","1.8415","60574.0000","-0.0500","-0.0050","-1.0000","0.0000","0.0000","0.0000","0.0000","0.0000"
"5635.0","15:13:15.570","2225705.0000","1.8236","60574.0000","-0.0500","-0.0050","-1.0000","0.0000","0.0000","0.0000","0.0000","0.0000"
"5636.0","15:13:15.571","2226862.0000","1.9497","60574.0000","-0.0500","-0.0050","-1.0000","0.0000","0.0000","0.0000","0.0000","0.0000"
"5637.0","15:13:15.572","2226600.0000","1.9212","60574.0000","-0.0500","-0.0050","-1.0000","0.0000","0.0000","0.0000","0.0000","0.0000"
"5638.0","15:13:15.573","2226507.0000","1.9110","60574.0000","-0.0500","-0.0050","-1.0000","0.0000","0.0000","0.0000","0.0000","0.0000"
"5639.0","15:13:15.574","2227325.0000","2.0002","60574.0000","-0.0500","-0.0050","-1.0000","0.0000","0.0000","0.0000","0.0000","0.0000"
"5640.0","15:13:15.575","2226598.0000","1.9210","60574.0000","-0.0500","-0.0050","-1.0000","0.0000","0.0000","0.0000","0.0000","0.0000"
"5641.0","15:13:15.576","2226449.0000","1.9047","60574.0000","-0.0500","-0.0050","-1.0000","0.0000","0.0000","0.0000","0.0000","0.0000"
"5642.0","15:13:15.577","2225329.0000","1.7826","60574.0000","-0.0500","-0.0050","-1.0000","0.0000","0.0000","0.0000","0.0000","0.0000"
"5643.0","15:13:15.578","2224629.0000","1.7063","60574.0000","-0.0500","-0.0050","-1.0000","0.0000","0.0000","0.0000","0.0000","0.0000"
"5644.0","15:13:15.579","2224651.0000","1.7087","60574.0000","-0.0500","-0.0050","-1.0000","0.0000","0.0000","0.0000","0.0000","0.0000"
"5645.0","15:13:15.580","2224769.0000","1.7215","60574.0000","-0.0500","-0.0050","-1.0000","0.0000","0.0000","0.0000","0.0000","0.0000"
"5646.0","15:13:15.581","2223609.0000","1.5951","60574.0000","-0.0500","-0.0050","-1.0000","0.0000","0.0000","0.0000","0.0000","0.0000"
"5647.0","15:13:15.582","2222564.0000","1.4812","60574.0000","-0.0500","-0.0050","-1.0000","0.0000","0.0000","0.0000","0.0000","0.0000"
"5648.0","15:13:15.583","2222913.0000","1.5192","60574.0000","-0.0500","-0.0050","-1.0000","0.0000","0.0000","0.0000","0.0000","0.0000"
"5649.0","15:13:15.584","2222367.0000","1.4597","60574.0000","-0.0500","-0.0050","-1.0000","0.0000","0.0000","0.0000","0.0000","0.0000"
"5650.0","15:13:15.585","2223046.0000","1.5337","60574.0000","-0.0500","-0.0050","-1.0000","0.0000","0.0000","0.0000","0.0000","0.0000"
"5651.0","15:13:15.586","2224055.0000","1.6437","60574.0000","-0.0500","-0.0050","-1.0000","0.0000","0.0000","0.0000","0.0000","0.0000"
"5652.0","15:13:15.587","2223529.0000","1.5863","60574.0000","-0.0500","-0.0050","-1.0000","0.0000","0.0000","0.0000","0.0000","0.0000"
"5653.0","15:13:15.588","2223126.0000","1.5424","60574.0000","-0.0500","-0.0050","-1.0000","0.0000","0.0000","0.0000","0.0000","0.0000"
"5654.0","15:13:15.589","2223362.0000","1.5682","60574.0000","-0.0500","-0.0050","-1.0000","0.0000","0.0000","0.0000","0.0000","0.0000"
"5655.0","15:13:15.590","2223323.0000","1.5639","60574.0000","-0.0500","-0.0050","-1.0000","0.0000","0.0000","0.0000","0.0000","0.0000"
"5656.0","15:13:15.591","2223579.0000","1.5918","60574.0000","-0.0500","-0.0050","-1.0000","0.0000","0.0000","0.0000","0.0000","0.0000"
"5657.0","15:13:15.592","2223600.0000","1.5941","60574.0000","-0.0500","-0.0050","-1.0000","0.0000","0.0000","0.0000","0.0000","0.0000"
"5658.0","15:13:15.593","2223960.0000","1.6333","60574.0000","-0.0500","-0.0050","-1.0000","0.0000","0.0000","0.0000","0.0000","0.0000"
"5659.0","15:13:15.594","2224473.0000","1.6893","60574.0000","-0.0500","-0.0050","-1.0000","0.0000","0.0000","0.0000","0.0000","0.0000"
"5660.0","15:13:15.595","2224265.0000","1.6666","60574.0000","-0.0500","-0.0050","-1.0000","0.0000","0.0000","0.0000","0.0000","0.0000"
"5661.0","15:13:15.596","2224786.0000","1.7234","60574.0000","-0.0500","-0.0050","-1.0000","0.0000","0.0000","0.0000","0.0000","0.0000"
"5662.0","15:13:15.597","2224291.0000","1.6695","60574.0000","-0.0500","-0.0050","-1.0000","0.0000","0.0000","0.0000","0.0000","0.0000"
"5663.0","15:13:15.598","2224132.0000","1.6521","60574.0000","-0.0500","-0.0050","-1.0000","0.0000","0.0000","0.0000","0.0000","0.0000"
"5664.0","15:13:15.599","2224204.0000","1.6599","60574.0000","-0.0500","-0.0050","-1.0000","0.0000","0.0000","0.0000","0.0000","0.0000"
"5665.0","15:13:15.600","2224092.0000","1.6477","60574.0000","-0.0500","-0.0050","-1.0000","0.0000","0.0000","0.0000","0.0000","0.0000"
"5666.0","15:13:15.601","2223944.0000","1.6316","60574.0000","-0.0500","-0.0050","-1.0000","0.0000","0.0000","0.0000","0.0000","0.0000"
"5667.0","15:13:15.602","2224570.0000","1.6998","60574.0000","-0.0500","-0.0050","-1.0000","0.0000","0.0000","0.0000","0.0000","0.0000"
"5668.0","15:13:15.603","2223825.0000","1.6186","60574.0000","-0.0500","-0.0050","-1.0000","0.0000","0.0000","0.0000","0.0000","0.0000"
"5669.0","15:13:15.604","2224266.0000","1.6667","60574.0000","-0.0500","-0.0050","-1.0000","0.0000","0.0000","0.0000","0.0000","0.0000"
"5670.0","15:13:15.605","2223919.0000","1.6289","60574.0000","-0.0500","-0.0050","-1.0000","0.0000","0.0000","0.0000","0.0000","0.0000"
"5671.0","15:13:15.606","2222690.0000","1.4949","60574.0000","-0.0500","-0.0050","-1.0000","0.0000","0.0000","0.0000","0.0000","0.0000"
"5672.0","15:13:15.607","2223143.0000","1.5443","60574.0000","-0.0500","-0.0050","-1.0000","0.0000","0.0000","0.0000","0.0000","0.0000"
"5673.0","15:13:15.608","2222713.0000","1.4974","60574.0000","-0.0500","-0.0050","-1.0000","0.0000","0.0000","0.0000","0.0000","0.0000"
"5674.0","15:13:15.609","2221807.0000","1.3986","60574.0000","-0.0500","-0.0050","-1.0000","0.0000","0.0000","0.0000","0.0000","0.0000"
"5675.0","15:13:15.610","2220804.0000","1.2893","60574.0000","-0.0500","-0.0050","-1.0000","0.0000","0.0000","0.0000","0.0000","0.0000"
"5676.0","15:13:15.611","2220804.0000","1.2893","60574.0000","-0.0500","-0.0050","-1.0000","0.0000","0.0000","0.0000","0.0000","0.0000"
"5677.0","15:13:15.612","2221245.0000","1.3373","60574.0000","-0.0500","-0.0050","-1.0000","0.0000","0.0000","0.0000","0.0000","0.0000"
"5678.0","15:13:15.613","2221448.0000","1.3595","60574.0000","-0.0500","-0.0050","-1.0000","0.0000","0.0000","0.0000","0.0000","0.0000"
"5679.0","15:13:15.614","2220844.0000","1.2936","60574.0000","-0.0500","-0.0050","-1.0000","0.0000","0.0000","0.0000","0.0000","0.0000"
"5680.0","15:13:15.615","2221208.0000","1.3333","60574.0000","-0.0500","-0.0050","-1.0000","0.0000","0.0000","0.0000","0.0000","0.0000"
"5681.0","15:13:15.616","2221064.0000","1.3176","60574.0000","-0.0500","-0.0050","-1.0000","0.0000","0.0000","0.0000","0.0000","0.0000"
"5682.0","15:13:15.617","2220773.0000","1.2859","60574.0000","-0.0500","-0.0050","-1.0000","0.0000","0.0000","0.0000","0.0000","0.0000"
"5683.0","15:13:15.618","2221028.0000","1.3137","60574.0000","-0.0500","-0.0050","-1.0000","0.0000","0.0000","0.0000","0.0000","0.0000"
"5684.0","15:13:15.619","2221163.0000","1.3284","60574.0000","-0.0500","-0.0050","-1.0000","0.0000","0.0000","0.0000","0.0000","0.0000"
"5685.0","15:13:15.620","2221960.0000","1.4153","60574.0000","-0.0500","-0.0050","-1.0000","0.0000","0.0000","0.0000","0.0000","0.0000"
"5686.0","15:13:15.621","2221799.0000","1.3977","60574.0000","-0.0500","-0.0050","-1.0000","0.0000","0.0000","0.0000","0.0000","0.0000"
"5687.0","15:13:15.622","2222256.0000","1.4476","60574.0000","-0.0500","-0.0050","-1.0000","0.0000","0.0000","0.0000","0.0000","0.0000"
"5688.0","15:13:15.623","2222832.0000","1.5104","60574.0000","-0.0500","-0.0050","-1.0000","0.0000","0.0000","0.0000","0.0000","0.0000"
"5689.0","15:13:15.624","2224228.0000","1.6626","60574.0000","-0.0500","-0.0050","-1.0000","0.0000","0.0000","0.0000","0.0000","0.0000"
"5690.0","15:13:15.625","2224119.0000","1.6507","60574.0000","-0.0500","-0.0050","-1.0000","0.0000","0.0000","0.0000","0.0000","0.0000"
"5691.0","15:13:15.626","2223870.0000","1.6235","60574.0000","-0.0500","-0.0050","-1.0000","0.0000","0.0000","0.0000","0.0000","0.0000"
"5692.0","15:13:15.627","2223320.0000","1.5636","60574.0000","-0.0500","-0.0050","-1.0000","0.0000","0.0000","0.0000","0.0000","0.0000"
"5693.0","15:13:15.628","2224095.0000","1.6481","60574.0000","-0.0500","-0.0050","-1.0000","0.0000","0.0000","0.0000","0.0000","0.0000"
"5694.0","15:13:15.629","2223820.0000","1.6181","60574.0000","-0.0500","-0.0050","-1.0000","0.0000","0.0000","0.0000","0.0000","0.0000"
"5695.0","15:13:15.630","2224375.0000","1.6786","60574.0000","-0.0500","-0.0050","-1.0000","0.0000","0.0000","0.0000","0.0000","0.0000"
"5696.0","15:13:15.631","2224544.0000","1.6970","60574.0000","-0.0500","-0.0050","-1.0000","0.0000","0.0000","0.0000","0.0000","0.0000"
"5697.0","15:13:15.632","2225590.0000","1.8110","60574.0000","-0.0500","-0.0050","-1.0000","0.0000","0.0000","0.0000","0.0000","0.0000"
"5698.0","15:13:15.633","2225812.0000","1.8353","60574.0000","-0.0500","-0.0050","-1.0000","0.0000","0.0000","0.0000","0.0000","0.0000"
"5699.0","15:13:15.634","2225935.0000","1.8487","60574.0000","-0.0500","-0.0050","-1.0000","0.0000","0.0000","0.0000","0.0000","0.0000"
"5700.0","15:13:15.635","2225440.0000","1.7947","60574.0000","-0.0500","-0.0050","-1.0000","0.0000","0.0000","0.0000","0.0000","0.0000"
"5701.0","15:13:15.636","2224978.0000","1.7443","60574.0000","-0.0500","-0.0050","-1.0000","0.0000","0.0000","0.0000","0.0000","0.0000"
"5702.0","15:13:15.637","2225618.0000","1.8141","60574.0000","-0.0500","-0.0050","-1.0000","0.0000","0.0000","0.0000","0.0000","0.0000"
"5703.0","15:13:15.638","2225304.0000","1.7799","60574.0000","-0.0500","-0.0050","-1.0000","0.0000","0.0000","0.0000","0.0000","0.0000"
"5704.0","15:13:15.639","2225049.0000","1.7521","60574.0000","-0.0500","-0.0050","-1.0000","0.0000","0.0000","0.0000","0.0000","0.0000"
"5705.0","15:13:15.640","2225477.0000","1.7987","60574.0000","-0.0500","-0.0050","-1.0000","0.0000","0.0000","0.0000","0.0000","0.0000"
"5706.0","15:13:15.641","2225191.0000","1.7675","60574.0000","-0.0500","-0.0050","-1.0000","0.0000","0.0000","0.0000","0.0000","0.0000"
"5707.0","15:13:15.642","2225275.0000","1.7767","60574.0000","-0.0500","-0.0050","-1.0000","0.0000","0.0000","0.0000","0.0000","0.0000"
"5708.0","15:13:15.643","2223235.0000","1.5543","60574.0000","-0.0500","-0.0050","-1.0000","0.0000","0.0000","0.0000","0.0000","0.0000"
"5709.0","15:13:15.644","2222694.0000","1.4953","60574.0000","-0.0500","-0.0050","-1.0000","0.0000","0.0000","0.0000","0.0000","0.0000"
"5710.0","15:13:15.645","2223422.0000","1.5747","60574.0000","-0.0500","-0.0050","-1.0000","0.0000","0.0000","0.0000","0.0000","0.0000"
"5711.0","15:13:15.646","2223532.0000","1.5867","60574.0000","-0.0500","-0.0050","-1.0000","0.0000","0.0000","0.0000","0.0000","0.0000"
"5712.0","15:13:15.647","2222704.0000","1.4964","60574.0000","-0.0500","-0.0050","-1.0000","0.0000","0.0000","0.0000","0.0000","0.0000"
"5713.0","15:13:15.648","2221907.0000","1.4095","60574.0000","-0.0500","-0.0050","-1.0000","0.0000","0.0000","0.0000","0.0000","0.0000"
"5714.0","15:13:15.649","2222077.0000","1.4281","60574.0000","-0.0500","-0.0050","-1.0000","0.0000","0.0000","0.0000","0.0000","0.0000"
"5715.0","15:13:15.650","2222286.0000","1.4509","60574.0000","-0.0500","-0.0050","-1.0000","0.0000","0.0000","0.0000","0.0000","0.0000"
"5716.0","15:13:15.651","2222104.0000","1.4310","60574.0000","-0.0500","-0.0050","-1.0000","0.0000","0.0000","0.0000","0.0000","0.0000"
"5717.0","15:13:15.652","2222257.0000","1.4477","60574.0000","-0.0500","-0.0050","-1.0000","0.0000","0.0000","0.0000","0.0000","0.0000"
"5718.0","15:13:15.653","2222766.0000","1.5032","60574.0000","-0.0500","-0.0050","-1.0000","0.0000","0.0000","0.0000","0.0000","0.0000"
"5719.0","15:13:15.654","2223083.0000","1.5378","60574.0000","-0.0500","-0.0050","-1.0000","0.0000","0.0000","0.0000","0.0000","0.0000"
"5720.0","15:13:15.655","2222664.0000","1.4921","60574.0000","-0.0500","-0.0050","-1.0000","0.0000","0.0000","0.0000","0.0000","0.0000"
"5721.0","15:13:15.656","2223419.0000","1.5744","60574.0000","-0.0500","-0.0050","-1.0000","0.0000","0.0000","0.0000","0.0000","0.0000"
"5722.0","15:13:15.657","2221878.0000","1.4064","60574.0000","-0.0500","-0.0050","-1.0000","0.0000","0.0000","0.0000","0.0000","0.0000"
"5723.0","15:13:15.658","2221878.0000","1.4064","60574.0000","-0.0500","-0.0050","-1.0000","0.0000","0.0000","0.0000","0.0000","0.0000"
"5724.0","15:13:15.659","2221282.0000","1.3414","60574.0000","-0.0500","-0.0050","-1.0000","0.0000","0.0000","0.0000","0.0000","0.0000"
"5725.0","15:13:15.660","2220617.0000","1.2689","60574.0000","-0.0500","-0.0050","-1.0000","0.0000","0.0000","0.0000","0.0000","0.0000"
"5726.0","15:13:15.661","2221318.0000","1.3453","60574.0000","-0.0500","-0.0050","-1.0000","0.0000","0.0000","0.0000","0.0000","0.0000"
"5727.0","15:13:15.662","2221615.0000","1.3777","60574.0000","-0.0500","-0.0050","-1.0000","0.0000","0.0000","0.0000","0.0000","0.0000"
"5728.0","15:13:15.663","2221447.0000","1.3594","60574.0000","-0.0500","-0.0050","-1.0000","0.0000","0.0000","0.0000","0.0000","0.0000"
"5729.0","15:13:15.664","2221652.0000","1.3817","60574.0000","-0.0500","-0.0050","-1.0000","0.0000","0.0000","0.0000","0.0000","0.0000"
"5730.0","15:13:15.665","2221676.0000","1.3843","60574.0000","-0.0500","-0.0050","-1.0000","0.0000","0.0000","0.0000","0.0000","0.0000"
"5731.0","15:13:15.666","2221060.0000","1.3172","60574.0000","-0.0500","-0.0050","-1.0000","0.0000","0.0000","0.0000","0.0000","0.0000"
"5732.0","15:13:15.667","2221636.0000","1.3800","60574.0000","-0.0500","-0.0050","-1.0000","0.0000","0.0000","0.0000","0.0000","0.0000"
"5733.0","15:13:15.668","2221214.0000","1.3340","60574.0000","-0.0500","-0.0050","-1.0000","0.0000","0.0000","0.0000","0.0000","0.0000"
"5734.0","15:13:15.669","2221700.0000","1.3870","60574.0000","-0.0500","-0.0050","-1.0000","0.0000","0.0000","0.0000","0.0000","0.0000"
"5735.0","15:13:15.670","2221357.0000","1.3496","60574.0000","-0.0500","-0.0050","-1.0000","0.0000","0.0000","0.0000","0.0000","0.0000"
"5736.0","15:13:15.671","2221385.0000","1.3526","60574.0000","-0.0500","-0.0050","-1.0000","0.0000","0.0000","0.0000","0.0000","0.0000"
"5737.0","15:13:15.672","2222365.0000","1.4595","60574.0000","-0.0500","-0.0050","-1.0000","0.0000","0.0000","0.0000","0.0000","0.0000"
"5738.0","15:13:15.673","2222523.0000","1.4767","60574.0000","-0.0500","-0.0050","-1.0000","0.0000","0.0000","0.0000","0.0000","0.0000"
"5739.0","15:13:15.674","2222326.0000","1.4552","60574.0000","-0.0500","-0.0050","-1.0000","0.0000","0.0000","0.0000","0.0000","0.0000"
"5740.0","15:13:15.675","2222635.0000","1.4889","60574.0000","-0.0500","-0.0050","-1.0000","0.0000","0.0000","0.0000","0.0000","0.0000"
"5741.0","15:13:15.676","2222081.0000","1.4285","60574.0000","-0.0500","-0.0050","-1.0000","0.0000","0.0000","0.0000","0.0000","0.0000"
"5742.0","15:13:15.677","2222362.0000","1.4591","60574.0000","-0.0500","-0.0050","-1.0000","0.0000","0.0000","0.0000","0.0000","0.0000"
"5743.0","15:13:15.678","2222014.0000","1.4212","60574.0000","-0.0500","-0.0050","-1.0000","0.0000","0.0000","0.0000","0.0000","0.0000"
"5744.0","15:13:15.679","2221621.0000","1.3783","60574.0000","-0.0500","-0.0050","-1.0000","0.0000","0.0000","0.0000","0.0000","0.0000"
"5745.0","15:13:15.680","2221962.0000","1.4155","60574.0000","-0.0500","-0.0050","-1.0000","0.0000","0.0000","0.0000","0.0000","0.0000"
"5746.0","15:13:15.681","2222079.0000","1.4283","60574.0000","-0.0500","-0.0050","-1.0000","0.0000","0.0000","0.0000","0.0000","0.0000"
"5747.0","15:13:15.682","2221424.0000","1.3569","60574.0000","-0.0500","-0.0050","-1.0000","0.0000","0.0000","0.0000","0.0000","0.0000"
"5748.0","15:13:15.683","2221506.0000","1.3658","60574.0000","-0.0500","-0.0050","-1.0000","0.0000","0.0000","0.0000","0.0000","0.0000"
"5749.0","15:13:15.684","2221623.0000","1.3786","60574.0000","-0.0500","-0.0050","-1.0000","0.0000","0.0000","0.0000","0.0000","0.0000"
"5750.0","15:13:15.685","2222242.0000","1.4461","60574.0000","-0.0500","-0.0050","-1.0000","0.0000","0.0000","0.0000","0.0000","0.0000"
"5751.0","15:13:15.686","2222982.0000","1.5267","60574.0000","-0.0500","-0.0050","-1.0000","0.0000","0.0000","0.0000","0.0000","0.0000"
"5752.0","15:13:15.687","2223207.0000","1.5513","60574.0000","-0.0500","-0.0050","-1.0000","0.0000","0.0000","0.0000","0.0000","0.0000"
"5753.0","15:13:15.688","2223996.0000","1.6373","60574.0000","-0.0500","-0.0050","-1.0000","0.0000","0.0000","0.0000","0.0000","0.0000"
"5754.0","15:13:15.689","2223864.0000","1.6229","60556.0000","-0.0500","-0.0050","-1.0000","0.0000","0.0000","0.0000","0.0000","0.0000"
"5755.0","15:13:15.690","2223098.0000","1.5394","60556.0000","-0.0500","-0.0050","-1.0000","0.0000","0.0000","0.0000","0.0000","0.0000"
"5756.0","15:13:15.691","2223809.0000","1.6169","60556.0000","-0.0500","-0.0050","-1.0000","0.0000","0.0000","0.0000","0.0000","0.0000"
"5757.0","15:13:15.692","2223493.0000","1.5825","60556.0000","-0.0500","-0.0050","-1.0000","0.0000","0.0000","0.0000","0.0000","0.0000"
"5758.0","15:13:15.693","2223338.0000","1.5656","60556.0000","-0.0500","-0.0050","-1.0000","0.0000","0.0000","0.0000","0.0000","0.0000"
"5759.0","15:13:15.694","2223569.0000","1.5907","60556.0000","-0.0500","-0.0050","-1.0000","0.0000","0.0000","0.0000","0.0000","0.0000"
"5760.0","15:13:15.695","2223401.0000","1.5724","60556.0000","-0.0500","-0.0050","-1.0000","0.0000","0.0000","0.0000","0.0000","0.0000"
"5761.0","15:13:15.696","2224440.0000","1.6857","60556.0000","-0.0500","-0.0050","-1.0000","0.0000","0.0000","0.0000","0.0000","0.0000"
"5762.0","15:13:15.697","2223980.0000","1.6355","60556.0000","-0.0500","-0.0050","-1.0000","0.0000","0.0000","0.0000","0.0000","0.0000"
"5763.0","15:13:15.698","2224175.0000","1.6568","60556.0000","-0.0500","-0.0050","-1.0000","0.0000","0.0000","0.0000","0.0000","0.0000"
"5764.0","15:13:15.699","2224840.0000","1.7293","60556.0000","-0.0500","-0.0050","-1.0000","0.0000","0.0000","0.0000","0.0000","0.0000"
"5765.0","15:13:15.700","2225101.0000","1.7577","60556.0000","-0.0500","-0.0050","-1.0000","0.0000","0.0000","0.0000","0.0000","0.0000"
"5766.0","15:13:15.701","2225752.0000","1.8287","60556.0000","-0.0500","-0.0050","-1.0000","0.0000","0.0000","0.0000","0.0000","0.0000"
"5767.0","15:13:15.702","2225201.0000","1.7686","60556.0000","-0.0500","-0.0050","-1.0000","0.0000","0.0000","0.0000","0.0000","0.0000"
"5768.0","15:13:15.703","2225638.0000","1.8163","60556.0000","-0.0500","-0.0050","-1.0000","0.0000","0.0000","0.0000","0.0000","0.0000"
"5769.0","15:13:15.704","2225804.0000","1.8344","60556.0000","-0.0500","-0.0050","-1.0000","0.0000","0.0000","0.0000","0.0000","0.0000"
"5770.0","15:13:15.705","2225804.0000","1.8344","60556.0000","-0.0500","-0.0050","-1.0000","0.0000","0.0000","0.0000","0.0000","0.0000"
"5771.0","15:13:15.706","2224180.0000","1.6573","60556.0000","-0.0500","-0.0050","-1.0000","0.0000","0.0000","0.0000","0.0000","0.0000"
"5772.0","15:13:15.707","2224009.0000","1.6387","60556.0000","-0.0500","-0.0050","-1.0000","0.0000","0.0000","0.0000","0.0000","0.0000"
"5773.0","15:13:15.708","2223968.0000","1.6342","60556.0000","-0.0500","-0.0050","-1.0000","0.0000","0.0000","0.0000","0.0000","0.0000"
"5774.0","15:13:15.709","2223719.0000","1.6071","60556.0000","-0.0500","-0.0050","-1.0000","0.0000","0.0000","0.0000","0.0000","0.0000"
"5775.0","15:13:15.710","2223850.0000","1.6214","60556.0000","-0.0500","-0.0050","-1.0000","0.0000","0.0000","0.0000","0.0000","0.0000"
"5776.0","15:13:15.711","2223594.0000","1.5935","60556.0000","-0.0500","-0.0050","-1.0000","0.0000","0.0000","0.0000","0.0000","0.0000"
"5777.0","15:13:15.712","2223221.0000","1.5528","60556.0000","-0.0500","-0.0050","-1.0000","0.0000","0.0000","0.0000","0.0000","0.0000"
"5778.0","15:13:15.713","2223561.0000","1.5898","60556.0000","-0.0500","-0.0050","-1.0000","0.0000","0.0000","0.0000","0.0000","0.0000"
"5779.0","15:13:15.714","2222955.0000","1.5238","60556.0000","-0.0500","-0.0050","-1.0000","0.0000","0.0000","0.0000","0.0000","0.0000"
"5780.0","15:13:15.715","2222546.0000","1.4792","60556.0000","-0.0500","-0.0050","-1.0000","0.0000","0.0000","0.0000","0.0000","0.0000"
"5781.0","15:13:15.716","2222752.0000","1.5016","60556.0000","-0.0500","-0.0050","-1.0000","0.0000","0.0000","0.0000","0.0000","0.0000"
"5782.0","15:13:15.717","2222445.0000","1.4682","60556.0000","-0.0500","-0.0050","-1.0000","0.0000","0.0000","0.0000","0.0000","0.0000"
"5783.0","15:13:15.718","2222735.0000","1.4998","60556.0000","-0.0500","-0.0050","-1.0000","0.0000","0.0000","0.0000","0.0000","0.0000"
"5784.0","15:13:15.719","2222598.0000","1.4849","60556.0000","-0.0500","-0.0050","-1.0000","0.0000","0.0000","0.0000","0.0000","0.0000"
"5785.0","15:13:15.720","2223194.0000","1.5498","60556.0000","-0.0500","-0.0050","-1.0000","0.0000","0.0000","0.0000","0.0000","0.0000"
"5786.0","15:13:15.721","2223523.0000","1.5857","60556.0000","-0.0500","-0.0050","-1.0000","0.0000","0.0000","0.0000","0.0000","0.0000"
"5787.0","15:13:15.722","2223763.0000","1.6119","60556.0000","-0.0500","-0.0050","-1.0000","0.0000","0.0000","0.0000","0.0000","0.0000"
"5788.0","15:13:15.723","2223097.0000","1.5393","60556.0000","-0.0500","-0.0050","-1.0000","0.0000","0.0000","0.0000","0.0000","0.0000"
"5789.0","15:13:15.724","2222885.0000","1.5162","60556.0000","-0.0500","-0.0050","-1.0000","0.0000","0.0000","0.0000","0.0000","0.0000"
"5790.0","15:13:15.725","2223578.0000","1.5917","60556.0000","-0.0500","-0.0050","-1.0000","0.0000","0.0000","0.0000","0.0000","0.0000"
"5791.0","15:13:15.726","2223578.0000","1.5917","60556.0000","-0.0500","-0.0050","-1.0000","0.0000","0.0000","0.0000","0.0000","0.0000"
"5792.0","15:13:15.727","2223598.0000","1.5939","60556.0000","-0.0500","-0.0050","-1.0000","0.0000","0.0000","0.0000","0.0000","0.0000"
"5793.0","15:13:15.728","2223060.0000","1.5353","60556.0000","-0.0500","-0.0050","-1.0000","0.0000","0.0000","0.0000","0.0000","0.0000"
"5794.0","15:13:15.729","2223356.0000","1.5675","60556.0000","-0.0500","-0.0050","-1.0000","0.0000","0.0000","0.0000","0.0000","0.0000"
"5795.0","15:13:15.730","2223387.0000","1.5709","60556.0000","-0.0500","-0.0050","-1.0000","0.0000","0.0000","0.0000","0.0000","0.0000"
"5796.0","15:13:15.731","2223093.0000","1.5388","60556.0000","-0.0500","-0.0050","-1.0000","0.0000","0.0000","0.0000","0.0000","0.0000"
"5797.0","15:13:15.732","2223507.0000","1.5840","60556.0000","-0.0500","-0.0050","-1.0000","0.0000","0.0000","0.0000","0.0000","0.0000"
"5798.0","15:13:15.733","2223779.0000","1.6136","60556.0000","-0.0500","-0.0050","-1.0000","0.0000","0.0000","0.0000","0.0000","0.0000"
"5799.0","15:13:15.734","2223452.0000","1.5780","60556.0000","-0.0500","-0.0050","-1.0000","0.0000","0.0000","0.0000","0.0000","0.0000"
"5800.0","15:13:15.735","2222984.0000","1.5269","60556.0000","-0.0500","-0.0050","-1.0000","0.0000","0.0000","0.0000","0.0000","0.0000"
"5801.0","15:13:15.736","2224017.0000","1.6395","60556.0000","-0.0500","-0.0050","-1.0000","0.0000","0.0000","0.0000","0.0000","0.0000"
"5802.0","15:13:15.737","2224316.0000","1.6722","60556.0000","-0.0500","-0.0050","-1.0000","0.0000","0.0000","0.0000","0.0000","0.0000"
"5803.0","15:13:15.738","2224432.0000","1.6848","60556.0000","-0.0500","-0.0050","-1.0000","0.0000","0.0000","0.0000","0.0000","0.0000"
"5804.0","15:13:15.739","2223996.0000","1.6373","60556.0000","-0.0500","-0.0050","-1.0000","0.0000","0.0000","0.0000","0.0000","0.0000"
"5805.0","15:13:15.740","2224416.0000","1.6830","60556.0000","-0.0500","-0.0050","-1.0000","0.0000","0.0000","0.0000","0.0000","0.0000"
"5806.0","15:13:15.741","2224126.0000","1.6514","60556.0000","-0.0500","-0.0050","-1.0000","0.0000","0.0000","0.0000","0.0000","0.0000"
"5807.0","15:13:15.742","2223331.0000","1.5648","60556.0000","-0.0500","-0.0050","-1.0000","0.0000","0.0000","0.0000","0.0000","0.0000"
"5808.0","15:13:15.743","2222839.0000","1.5112","60556.0000","-0.0500","-0.0050","-1.0000","0.0000","0.0000","0.0000","0.0000","0.0000"
"5809.0","15:13:15.744","2222580.0000","1.4829","60556.0000","-0.0500","-0.0050","-1.0000","0.0000","0.0000","0.0000","0.0000","0.0000"
"5810.0","15:13:15.745","2222426.0000","1.4661","60556.0000","-0.0500","-0.0050","-1.0000","0.0000","0.0000","0.0000","0.0000","0.0000"
"5811.0","15:13:15.746","2222926.0000","1.5206","60556.0000","-0.0500","-0.0050","-1.0000","0.0000","0.0000","0.0000","0.0000","0.0000"
"5812.0","15:13:15.747","2222742.0000","1.5006","60556.0000","-0.0500","-0.0050","-1.0000","0.0000","0.0000","0.0000","0.0000","0.0000"
"5813.0","15:13:15.748","2222313.0000","1.4538","60556.0000","-0.0500","-0.0050","-1.0000","0.0000","0.0000","0.0000","0.0000","0.0000"
"5814.0","15:13:15.749","2222840.0000","1.5112","60553.0000","-0.0500","-0.0050","-1.0000","0.0000","0.0000","0.0000","0.0000","0.0000"
"5815.0","15:13:15.750","2222366.0000","1.4596","60553.0000","-0.0500","-0.0050","-1.0000","0.0000","0.0000","0.0000","0.0000","0.0000"
"5816.0","15:13:15.751","2221935.0000","1.4126","60553.0000","-0.0500","-0.0050","-1.0000","0.0000","0.0000","0.0000","0.0000","0.0000"
"5817.0","15:13:15.752","2221935.0000","1.4126","60553.0000","-0.0500","-0.0050","-1.0000","0.0000","0.0000","0.0000","0.0000","0.0000"
"5818.0","15:13:15.753","2221775.0000","1.3952","60553.0000","-0.0500","-0.0050","-1.0000","0.0000","0.0000","0.0000","0.0000","0.0000"
"5819.0","15:13:15.754","2222206.0000","1.4421","60553.0000","-0.0500","-0.0050","-1.0000","0.0000","0.0000","0.0000","0.0000","0.0000"
"5820.0","15:13:15.755","2222899.0000","1.5177","60553.0000","-0.0500","-0.0050","-1.0000","0.0000","0.0000","0.0000","0.0000","0.0000"
"5821.0","15:13:15.756","2223736.0000","1.6089","60553.0000","-0.0500","-0.0050","-1.0000","0.0000","0.0000","0.0000","0.0000","0.0000"
"5822.0","15:13:15.757","2223876.0000","1.6242","60553.0000","-0.0500","-0.0050","-1.0000","0.0000","0.0000","0.0000","0.0000","0.0000"
"5823.0","15:13:15.758","2223891.0000","1.6258","60553.0000","-0.0500","-0.0050","-1.0000","0.0000","0.0000","0.0000","0.0000","0.0000"
"5824.0","15:13:15.759","2223847.0000","1.6210","60553.0000","-0.0500","-0.0050","-1.0000","0.0000","0.0000","0.0000","0.0000","0.0000"
"5825.0","15:13:15.760","2223088.0000","1.5383","60553.0000","-0.0500","-0.0050","-1.0000","0.0000","0.0000","0.0000","0.0000","0.0000"
"5826.0","15:13:15.761","2223089.0000","1.5384","60553.0000","-0.0500","-0.0050","-1.0000","0.0000","0.0000","0.0000","0.0000","0.0000"
"5827.0","15:13:15.762","2222513.0000","1.4756","60553.0000","-0.0500","-0.0050","-1.0000","0.0000","0.0000","0.0000","0.0000","0.0000"
"5828.0","15:13:15.763","2223026.0000","1.5315","60553.0000","-0.0500","-0.0050","-1.0000","0.0000","0.0000","0.0000","0.0000","0.0000"
"5829.0","15:13:15.764","2223750.0000","1.6104","60553.0000","-0.0500","-0.0050","-1.0000","0.0000","0.0000","0.0000","0.0000","0.0000"
"5830.0","15:13:15.765","2224209.0000","1.6605","60553.0000","-0.0500","-0.0050","-1.0000","0.0000","0.0000","0.0000","0.0000","0.0000"
"5831.0","15:13:15.766","2223044.0000","1.5335","60553.0000","-0.0500","-0.0050","-1.0000","0.0000","0.0000","0.0000","0.0000","0.0000"
"5832.0","15:13:15.767","2223071.0000","1.5364","60553.0000","-0.0500","-0.0050","-1.0000","0.0000","0.0000","0.0000","0.0000","0.0000"
"5833.0","15:13:15.768","2222513.0000","1.4756","60553.0000","-0.0500","-0.0050","-1.0000","0.0000","0.0000","0.0000","0.0000","0.0000"
"5834.0","15:13:15.769","2222924.0000","1.5204","60553.0000","-0.0500","-0.0050","-1.0000","0.0000","0.0000","0.0000","0.0000","0.0000"
"5835.0","15:13:15.770","2223390.0000","1.5712","60553.0000","-0.0500","-0.0050","-1.0000","0.0000","0.0000","0.0000","0.0000","0.0000"
"5836.0","15:13:15.771","2223156.0000","1.5457","60553.0000","-0.0500","-0.0050","-1.0000","0.0000","0.0000","0.0000","0.0000","0.0000"
"5837.0","15:13:15.772","2223288.0000","1.5601","60553.0000","-0.0500","-0.0050","-1.0000","0.0000","0.0000","0.0000","0.0000","0.0000"
"5838.0","15:13:15.773","2224017.0000","1.6395","60553.0000","-0.0500","-0.0050","-1.0000","0.0000","0.0000","0.0000","0.0000","0.0000"
"5839.0","15:13:15.774","2224130.0000","1.6519","60553.0000","-0.0500","-0.0050","-1.0000","0.0000","0.0000","0.0000","0.0000","0.0000"
"5840.0","15:13:15.775","2223221.0000","1.5528","60553.0000","-0.0500","-0.0050","-1.0000","0.0000","0.0000","0.0000","0.0000","0.0000"
"5841.0","15:13:15.776","2223014.0000","1.5302","60553.0000","-0.0500","-0.0050","-1.0000","0.0000","0.0000","0.0000","0.0000","0.0000"
"5842.0","15:13:15.777","2222778.0000","1.5045","60553.0000","-0.0500","-0.0050","-1.0000","0.0000","0.0000","0.0000","0.0000","0.0000"
"5843.0","15:13:15.778","2222483.0000","1.4723","60553.0000","-0.0500","-0.0050","-1.0000","0.0000","0.0000","0.0000","0.0000","0.0000"
"5844.0","15:13:15.779","2222845.0000","1.5118","60553.0000","-0.0500","-0.0050","-1.0000","0.0000","0.0000","0.0000","0.0000","0.0000"
"5845.0","15:13:15.780","2222425.0000","1.4660","60553.0000","-0.0500","-0.0050","-1.0000","0.0000","0.0000","0.0000","0.0000","0.0000"
"5846.0","15:13:15.781","2221568.0000","1.3726","60553.0000","-0.0500","-0.0050","-1.0000","0.0000","0.0000","0.0000","0.0000","0.0000"
"5847.0","15:13:15.782","2221747.0000","1.3921","60553.0000","-0.0500","-0.0050","-1.0000","0.0000","0.0000","0.0000","0.0000","0.0000"
"5848.0","15:13:15.783","2221571.0000","1.3729","60553.0000","-0.0500","-0.0050","-1.0000","0.0000","0.0000","0.0000","0.0000","0.0000"
"5849.0","15:13:15.784","2221826.0000","1.4007","60553.0000","-0.0500","-0.0050","-1.0000","0.0000","0.0000","0.0000","0.0000","0.0000"
"5850.0","15:13:15.785","2222006.0000","1.4203","60553.0000","-0.0500","-0.0050","-1.0000","0.0000","0.0000","0.0000","0.0000","0.0000"
"5851.0","15:13:15.786","2223718.0000","1.6070","60553.0000","-0.0500","-0.0050","-1.0000","0.0000","0.0000","0.0000","0.0000","0.0000"
"5852.0","15:13:15.787","2223574.0000","1.5913","60553.0000","-0.0500","-0.0050","-1.0000","0.0000","0.0000","0.0000","0.0000","0.0000"
"5853.0","15:13:15.788","2224404.0000","1.6817","60553.0000","-0.0500","-0.0050","-1.0000","0.0000","0.0000","0.0000","0.0000","0.0000"
"5854.0","15:13:15.789","2224833.0000","1.7285","60553.0000","-0.0500","-0.0050","-1.0000","0.0000","0.0000","0.0000","0.0000","0.0000"
"5855.0","15:13:15.790","2225216.0000","1.7703","60553.0000","-0.0500","-0.0050","-1.0000","0.0000","0.0000","0.0000","0.0000","0.0000"
"5856.0","15:13:15.791","2224861.0000","1.7316","60553.0000","-0.0500","-0.0050","-1.0000","0.0000","0.0000","0.0000","0.0000","0.0000"
"5857.0","15:13:15.792","2222775.0000","1.5042","60553.0000","-0.0500","-0.0050","-1.0000","0.0000","0.0000","0.0000","0.0000","0.0000"
"5858.0","15:13:15.793","2223487.0000","1.5818","60553.0000","-0.0500","-0.0050","-1.0000","0.0000","0.0000","0.0000","0.0000","0.0000"
"5859.0","15:13:15.794","2221754.0000","1.3929","60553.0000","-0.0500","-0.0050","-1.0000","0.0000","0.0000","0.0000","0.0000","0.0000"
"5860.0","15:13:15.795","2221306.0000","1.3440","60553.0000","-0.0500","-0.0050","-1.0000","0.0000","0.0000","0.0000","0.0000","0.0000"
"5861.0","15:13:15.796","2220589.0000","1.2659","60553.0000","-0.0500","-0.0050","-1.0000","0.0000","0.0000","0.0000","0.0000","0.0000"
"5862.0","15:13:15.797","2219932.0000","1.1942","60553.0000","-0.0500","-0.0050","-1.0000","0.0000","0.0000","0.0000","0.0000","0.0000"
"5863.0","15:13:15.798","2219646.0000","1.1631","60553.0000","-0.0500","-0.0050","-1.0000","0.0000","0.0000","0.0000","0.0000","0.0000"
"5864.0","15:13:15.799","2219646.0000","1.1631","60553.0000","-0.0500","-0.0050","-1.0000","0.0000","0.0000","0.0000","0.0000","0.0000"
"5865.0","15:13:15.800","2218696.0000","1.0595","60553.0000","-0.0500","-0.0050","-1.0000","0.0000","0.0000","0.0000","0.0000","0.0000"
"5866.0","15:13:15.801","2218567.0000","1.0454","60553.0000","-0.0500","-0.0050","-1.0000","0.0000","0.0000","0.0000","0.0000","0.0000"
"5867.0","15:13:15.802","2218913.0000","1.0831","60553.0000","-0.0500","-0.0050","-1.0000","0.0000","0.0000","0.0000","0.0000","0.0000"
"5868.0","15:13:15.803","2218474.0000","1.0353","60553.0000","-0.0500","-0.0050","-1.0000","0.0000","0.0000","0.0000","0.0000","0.0000"
"5869.0","15:13:15.804","2218998.0000","1.0924","60553.0000","-0.0500","-0.0050","-1.0000","0.0000","0.0000","0.0000","0.0000","0.0000"
"5870.0","15:13:15.805","2219992.0000","1.2008","60553.0000","-0.0500","-0.0050","-1.0000","0.0000","0.0000","0.0000","0.0000","0.0000"
"5871.0","15:13:15.806","2220442.0000","1.2498","60553.0000","-0.0500","-0.0050","-1.0000","0.0000","0.0000","0.0000","0.0000","0.0000"
"5872.0","15:13:15.807","2221509.0000","1.3661","60553.0000","-0.0500","-0.0050","-1.0000","0.0000","0.0000","0.0000","0.0000","0.0000"
"5873.0","15:13:15.808","2221330.0000","1.3466","60553.0000","-0.0500","-0.0050","-1.0000","0.0000","0.0000","0.0000","0.0000","0.0000"
"5874.0","15:13:15.809","2221704.0000","1.3874","60561.0000","-0.0500","-0.0050","-1.0000","0.0000","0.0000","0.0000","0.0000","0.0000"
"5875.0","15:13:15.810","2222466.0000","1.4705","60561.0000","-0.0500","-0.0050","-1.0000","0.0000","0.0000","0.0000","0.0000","0.0000"
"5876.0","15:13:15.811","2221835.0000","1.4017","60561.0000","-0.0500","-0.0050","-1.0000","0.0000","0.0000","0.0000","0.0000","0.0000"
"5877.0","15:13:15.812","2221544.0000","1.3700","60561.0000","-0.0500","-0.0050","-1.0000","0.0000","0.0000","0.0000","0.0000","0.0000"
"5878.0","15:13:15.813","2222731.0000","1.4994","60561.0000","-0.0500","-0.0050","-1.0000","0.0000","0.0000","0.0000","0.0000","0.0000"
"5879.0","15:13:15.814","2223163.0000","1.5465","60561.0000","-0.0500","-0.0050","-1.0000","0.0000","0.0000","0.0000","0.0000","0.0000"
"5880.0","15:13:15.815","2222054.0000","1.4255","60561.0000","-0.0500","-0.0050","-1.0000","0.0000","0.0000","0.0000","0.0000","0.0000"
"5881.0","15:13:15.816","2223906.0000","1.6275","60561.0000","-0.0500","-0.0050","-1.0000","0.0000","0.0000","0.0000","0.0000","0.0000"
"5882.0","15:13:15.817","2224969.0000","1.7433","60561.0000","-0.0500","-0.0050","-1.0000","0.0000","0.0000","0.0000","0.0000","0.0000"
"5883.0","15:13:15.818","2224911.0000","1.7370","60561.0000","-0.0500","-0.0050","-1.0000","0.0000","0.0000","0.0000","0.0000","0.0000"
"5884.0","15:13:15.819","2225418.0000","1.7923","60561.0000","-0.0500","-0.0050","-1.0000","0.0000","0.0000","0.0000","0.0000","0.0000"
"5885.0","15:13:15.820","2226346.0000","1.8935","60561.0000","-0.0500","-0.0050","-1.0000","0.0000","0.0000","0.0000","0.0000","0.0000"
"5886.0","15:13:15.821","2226407.0000","1.9001","60561.0000","-0.0500","-0.0050","-1.0000","0.0000","0.0000","0.0000","0.0000","0.0000"
"5887.0","15:13:15.822","2226750.0000","1.9375","60561.0000","-0.0500","-0.0050","-1.0000","0.0000","0.0000","0.0000","0.0000","0.0000"
"5888.0","15:13:15.823","2226645.0000","1.9260","60561.0000","-0.0500","-0.0050","-1.0000","0.0000","0.0000","0.0000","0.0000","0.0000"
"5889.0","15:13:15.824","2227749.0000","2.0464","60561.0000","-0.0500","-0.0050","-1.0000","0.0000","0.0000","0.0000","0.0000","0.0000"
"5890.0","15:13:15.825","2227146.0000","1.9807","60561.0000","-0.0500","-0.0050","-1.0000","0.0000","0.0000","0.0000","0.0000","0.0000"
"5891.0","15:13:15.826","2226646.0000","1.9262","60561.0000","-0.0500","-0.0050","-1.0000","0.0000","0.0000","0.0000","0.0000","0.0000"
"5892.0","15:13:15.827","2226644.0000","1.9260","60561.0000","-0.0500","-0.0050","-1.0000","0.0000","0.0000","0.0000","0.0000","0.0000"
"5893.0","15:13:15.828","2225480.0000","1.7990","60561.0000","-0.0500","-0.0050","-1.0000","0.0000","0.0000","0.0000","0.0000","0.0000"
"5894.0","15:13:15.829","2226092.0000","1.8658","60561.0000","-0.0500","-0.0050","-1.0000","0.0000","0.0000","0.0000","0.0000","0.0000"
"5895.0","15:13:15.830","2225114.0000","1.7592","60561.0000","-0.0500","-0.0050","-1.0000","0.0000","0.0000","0.0000","0.0000","0.0000"
"5896.0","15:13:15.831","2224290.0000","1.6693","60561.0000","-0.0500","-0.0050","-1.0000","0.0000","0.0000","0.0000","0.0000","0.0000"
"5897.0","15:13:15.832","2224719.0000","1.7161","60561.0000","-0.0500","-0.0050","-1.0000","0.0000","0.0000","0.0000","0.0000","0.0000"
"5898.0","15:13:15.833","2223014.0000","1.5302","60561.0000","-0.0500","-0.0050","-1.0000","0.0000","0.0000","0.0000","0.0000","0.0000"
"5899.0","15:13:15.834","2222516.0000","1.4759","60561.0000","-0.0500","-0.0050","-1.0000","0.0000","0.0000","0.0000","0.0000","0.0000"
"5900.0","15:13:15.835","2222601.0000","1.4852","60561.0000","-0.0500","-0.0050","-1.0000","0.0000","0.0000","0.0000","0.0000","0.0000"
"5901.0","15:13:15.836","2222346.0000","1.4574","60561.0000","-0.0500","-0.0050","-1.0000","0.0000","0.0000","0.0000","0.0000","0.0000"
"5902.0","15:13:15.837","2222835.0000","1.5107","60561.0000","-0.0500","-0.0050","-1.0000","0.0000","0.0000","0.0000","0.0000","0.0000"
"5903.0","15:13:15.838","2223398.0000","1.5721","60561.0000","-0.0500","-0.0050","-1.0000","0.0000","0.0000","0.0000","0.0000","0.0000"
"5904.0","15:13:15.839","2222844.0000","1.5117","60561.0000","-0.0500","-0.0050","-1.0000","0.0000","0.0000","0.0000","0.0000","0.0000"
"5905.0","15:13:15.840","2221896.0000","1.4083","60561.0000","-0.0500","-0.0050","-1.0000","0.0000","0.0000","0.0000","0.0000","0.0000"
"5906.0","15:13:15.841","2221455.0000","1.3602","60561.0000","-0.0500","-0.0050","-1.0000","0.0000","0.0000","0.0000","0.0000","0.0000"
"5907.0","15:13:15.842","2221232.0000","1.3360","60561.0000","-0.0500","-0.0050","-1.0000","0.0000","0.0000","0.0000","0.0000","0.0000"
"5908.0","15:13:15.843","2221026.0000","1.3135","60561.0000","-0.0500","-0.0050","-1.0000","0.0000","0.0000","0.0000","0.0000","0.0000"
"5909.0","15:13:15.844","2220723.0000","1.2804","60561.0000","-0.0500","-0.0050","-1.0000","0.0000","0.0000","0.0000","0.0000","0.0000"
"5910.0","15:13:15.845","2221000.0000","1.3107","60561.0000","-0.0500","-0.0050","-1.0000","0.0000","0.0000","0.0000","0.0000","0.0000"
"5911.0","15:13:15.846","2221000.0000","1.3107","60561.0000","-0.0500","-0.0050","-1.0000","0.0000","0.0000","0.0000","0.0000","0.0000"
"5912.0","15:13:15.847","2220255.0000","1.2294","60561.0000","-0.0500","-0.0050","-1.0000","0.0000","0.0000","0.0000","0.0000","0.0000"
"5913.0","15:13:15.848","2221716.0000","1.3887","60561.0000","-0.0500","-0.0050","-1.0000","0.0000","0.0000","0.0000","0.0000","0.0000"
"5914.0","15:13:15.849","2221796.0000","1.3974","60561.0000","-0.0500","-0.0050","-1.0000","0.0000","0.0000","0.0000","0.0000","0.0000"
"5915.0","15:13:15.850","2223016.0000","1.5304","60561.0000","-0.0500","-0.0050","-1.0000","0.0000","0.0000","0.0000","0.0000","0.0000"
"5916.0","15:13:15.851","2223326.0000","1.5642","60561.0000","-0.0500","-0.0050","-1.0000","0.0000","0.0000","0.0000","0.0000","0.0000"
"5917.0","15:13:15.852","2224709.0000","1.7150","60561.0000","-0.0500","-0.0050","-1.0000","0.0000","0.0000","0.0000","0.0000","0.0000"
"5918.0","15:13:15.853","2225064.0000","1.7537","60561.0000","-0.0500","-0.0050","-1.0000","0.0000","0.0000","0.0000","0.0000","0.0000"
"5919.0","15:13:15.854","2226192.0000","1.8767","60561.0000","-0.0500","-0.0050","-1.0000","0.0000","0.0000","0.0000","0.0000","0.0000"
"5920.0","15:13:15.855","2226206.0000","1.8782","60561.0000","-0.0500","-0.0050","-1.0000","0.0000","0.0000","0.0000","0.0000","0.0000"
"5921.0","15:13:15.856","2225353.0000","1.7852","60561.0000","-0.0500","-0.0050","-1.0000","0.0000","0.0000","0.0000","0.0000","0.0000"
"5922.0","15:13:15.857","2225042.0000","1.7513","60561.0000","-0.0500","-0.0050","-1.0000","0.0000","0.0000","0.0000","0.0000","0.0000"
"5923.0","15:13:15.858","2225042.0000","1.7513","60561.0000","-0.0500","-0.0050","-1.0000","0.0000","0.0000","0.0000","0.0000","0.0000"
"5924.0","15:13:15.859","2223778.0000","1.6135","60561.0000","-0.0500","-0.0050","-1.0000","0.0000","0.0000","0.0000","0.0000","0.0000"
"5925.0","15:13:15.860","2223416.0000","1.5741","60561.0000","-0.0500","-0.0050","-1.0000","0.0000","0.0000","0.0000","0.0000","0.0000"
"5926.0","15:13:15.861","2222910.0000","1.5189","60561.0000","-0.0500","-0.0050","-1.0000","0.0000","0.0000","0.0000","0.0000","0.0000"
"5927.0","15:13:15.862","2222403.0000","1.4636","60561.0000","-0.0500","-0.0050","-1.0000","0.0000","0.0000","0.0000","0.0000","0.0000"
"5928.0","15:13:15.863","2222474.0000","1.4714","60561.0000","-0.0500","-0.0050","-1.0000","0.0000","0.0000","0.0000","0.0000","0.0000"
"5929.0","15:13:15.864","2222234.0000","1.4452","60561.0000","-0.0500","-0.0050","-1.0000","0.0000","0.0000","0.0000","0.0000","0.0000"
"5930.0","15:13:15.865","2222528.0000","1.4772","60561.0000","-0.0500","-0.0050","-1.0000","0.0000","0.0000","0.0000","0.0000","0.0000"
"5931.0","15:13:15.866","2222236.0000","1.4454","60561.0000","-0.0500","-0.0050","-1.0000","0.0000","0.0000","0.0000","0.0000","0.0000"
"5932.0","15:13:15.867","2222060.0000","1.4262","60561.0000","-0.0500","-0.0050","-1.0000","0.0000","0.0000","0.0000","0.0000","0.0000"
"5933.0","15:13:15.868","2221123.0000","1.3241","60561.0000","-0.0500","-0.0050","-1.0000","0.0000","0.0000","0.0000","0.0000","0.0000"
"5934.0","15:13:15.869","2221695.0000","1.3864","60561.0000","-0.0500","-0.0050","-1.0000","0.0000","0.0000","0.0000","0.0000","0.0000"
"5935.0","15:13:15.870","2221671.0000","1.3838","60552.0000","-0.0500","-0.0050","-1.0000","0.0000","0.0000","0.0000","0.0000","0.0000"
"5936.0","15:13:15.871","2220559.0000","1.2626","60552.0000","-0.0500","-0.0050","-1.0000","0.0000","0.0000","0.0000","0.0000","0.0000"
"5937.0","15:13:15.872","2220152.0000","1.2182","60552.0000","-0.0500","-0.0050","-1.0000","0.0000","0.0000","0.0000","0.0000","0.0000"
"5938.0","15:13:15.873","2219825.0000","1.1825","60552.0000","-0.0500","-0.0050","-1.0000","0.0000","0.0000","0.0000","0.0000","0.0000"
"5939.0","15:13:15.874","2219637.0000","1.1621","60552.0000","-0.0500","-0.0050","-1.0000","0.0000","0.0000","0.0000","0.0000","0.0000"
"5940.0","15:13:15.875","2220418.0000","1.2472","60552.0000","-0.0500","-0.0050","-1.0000","0.0000","0.0000","0.0000","0.0000","0.0000"
"5941.0","15:13:15.876","2219629.0000","1.1612","60552.0000","-0.0500","-0.0050","-1.0000","0.0000","0.0000","0.0000","0.0000","0.0000"
"5942.0","15:13:15.877","2219521.0000","1.1494","60552.0000","-0.0500","-0.0050","-1.0000","0.0000","0.0000","0.0000","0.0000","0.0000"
"5943.0","15:13:15.878","2220035.0000","1.2055","60552.0000","-0.0500","-0.0050","-1.0000","0.0000","0.0000","0.0000","0.0000","0.0000"
"5944.0","15:13:15.879","2221936.0000","1.4127","60552.0000","-0.0500","-0.0050","-1.0000","0.0000","0.0000","0.0000","0.0000","0.0000"
"5945.0","15:13:15.880","2222902.0000","1.5180","60552.0000","-0.0500","-0.0050","-1.0000","0.0000","0.0000","0.0000","0.0000","0.0000"
"5946.0","15:13:15.881","2224478.0000","1.6898","60552.0000","-0.0500","-0.0050","-1.0000","0.0000","0.0000","0.0000","0.0000","0.0000"
"5947.0","15:13:15.882","2225827.0000","1.8369","60552.0000","-0.0500","-0.0050","-1.0000","0.0000","0.0000","0.0000","0.0000","0.0000"
"5948.0","15:13:15.883","2226566.0000","1.9175","60552.0000","-0.0500","-0.0050","-1.0000","0.0000","0.0000","0.0000","0.0000","0.0000"
"5949.0","15:13:15.884","2227315.0000","1.9991","60552.0000","-0.0500","-0.0050","-1.0000","0.0000","0.0000","0.0000","0.0000","0.0000"
"5950.0","15:13:15.885","2227240.0000","1.9909","60552.0000","-0.0500","-0.0050","-1.0000","0.0000","0.0000","0.0000","0.0000","0.0000"
"5951.0","15:13:15.886","2227637.0000","2.0342","60552.0000","-0.0500","-0.0050","-1.0000","0.0000","0.0000","0.0000","0.0000","0.0000"
"5952.0","15:13:15.887","2227832.0000","2.0555","60552.0000","-0.0500","-0.0050","-1.0000","0.0000","0.0000","0.0000","0.0000","0.0000"
"5953.0","15:13:15.888","2226944.0000","1.9586","60552.0000","-0.0500","-0.0050","-1.0000","0.0000","0.0000","0.0000","0.0000","0.0000"
"5954.0","15:13:15.889","2226361.0000","1.8951","60552.0000","-0.0500","-0.0050","-1.0000","0.0000","0.0000","0.0000","0.0000","0.0000"
"5955.0","15:13:15.890","2226218.0000","1.8795","60552.0000","-0.0500","-0.0050","-1.0000","0.0000","0.0000","0.0000","0.0000","0.0000"
"5956.0","15:13:15.891","2225453.0000","1.7961","60552.0000","-0.0500","-0.0050","-1.0000","0.0000","0.0000","0.0000","0.0000","0.0000"
"5957.0","15:13:15.892","2224557.0000","1.6984","60552.0000","-0.0500","-0.0050","-1.0000","0.0000","0.0000","0.0000","0.0000","0.0000"
"5958.0","15:13:15.893","2224557.0000","1.6984","60552.0000","-0.0500","-0.0050","-1.0000","0.0000","0.0000","0.0000","0.0000","0.0000"
"5959.0","15:13:15.894","2223809.0000","1.6169","60552.0000","-0.0500","-0.0050","-1.0000","0.0000","0.0000","0.0000","0.0000","0.0000"
"5960.0","15:13:15.895","2223262.0000","1.5572","60552.0000","-0.0500","-0.0050","-1.0000","0.0000","0.0000","0.0000","0.0000","0.0000"
"5961.0","15:13:15.896","2222732.0000","1.4995","60552.0000","-0.0500","-0.0050","-1.0000","0.0000","0.0000","0.0000","0.0000","0.0000"
"5962.0","15:13:15.897","2222973.0000","1.5257","60552.0000","-0.0500","-0.0050","-1.0000","0.0000","0.0000","0.0000","0.0000","0.0000"
"5963.0","15:13:15.898","2222596.0000","1.4846","60552.0000","-0.0500","-0.0050","-1.0000","0.0000","0.0000","0.0000","0.0000","0.0000"
"5964.0","15:13:15.899","2223011.0000","1.5299","60552.0000","-0.0500","-0.0050","-1.0000","0.0000","0.0000","0.0000","0.0000","0.0000"
"5965.0","15:13:15.900","2223521.0000","1.5855","60552.0000","-0.0500","-0.0050","-1.0000","0.0000","0.0000","0.0000","0.0000","0.0000"
"5966.0","15:13:15.901","2222836.0000","1.5108","60552.0000","-0.0500","-0.0050","-1.0000","0.0000","0.0000","0.0000","0.0000","0.0000"
"5967.0","15:13:15.902","2222651.0000","1.4906","60552.0000","-0.0500","-0.0050","-1.0000","0.0000","0.0000","0.0000","0.0000","0.0000"
"5968.0","15:13:15.903","2223263.0000","1.5574","60552.0000","-0.0500","-0.0050","-1.0000","0.0000","0.0000","0.0000","0.0000","0.0000"
"5969.0","15:13:15.904","2224170.0000","1.6563","60552.0000","-0.0500","-0.0050","-1.0000","0.0000","0.0000","0.0000","0.0000","0.0000"
"5970.0","15:13:15.905","2224142.0000","1.6532","60552.0000","-0.0500","-0.0050","-1.0000","0.0000","0.0000","0.0000","0.0000","0.0000"
"5971.0","15:13:15.906","2224569.0000","1.6998","60552.0000","-0.0500","-0.0050","-1.0000","0.0000","0.0000","0.0000","0.0000","0.0000"
"5972.0","15:13:15.907","2224406.0000","1.6820","60552.0000","-0.0500","-0.0050","-1.0000","0.0000","0.0000","0.0000","0.0000","0.0000"
"5973.0","15:13:15.908","2223227.0000","1.5534","60552.0000","-0.0500","-0.0050","-1.0000","0.0000","0.0000","0.0000","0.0000","0.0000"
"5974.0","15:13:15.909","2223469.0000","1.5798","60552.0000","-0.0500","-0.0050","-1.0000","0.0000","0.0000","0.0000","0.0000","0.0000"
"5975.0","15:13:15.910","2222878.0000","1.5154","60552.0000","-0.0500","-0.0050","-1.0000","0.0000","0.0000","0.0000","0.0000","0.0000"
"5976.0","15:13:15.911","2222566.0000","1.4814","60552.0000","-0.0500","-0.0050","-1.0000","0.0000","0.0000","0.0000","0.0000","0.0000"
"5977.0","15:13:15.912","2222941.0000","1.5222","60552.0000","-0.0500","-0.0050","-1.0000","0.0000","0.0000","0.0000","0.0000","0.0000"
"5978.0","15:13:15.913","2222874.0000","1.5150","60552.0000","-0.0500","-0.0050","-1.0000","0.0000","0.0000","0.0000","0.0000","0.0000"
"5979.0","15:13:15.914","2222585.0000","1.4834","60552.0000","-0.0500","-0.0050","-1.0000","0.0000","0.0000","0.0000","0.0000","0.0000"
"5980.0","15:13:15.915","2222681.0000","1.4939","60552.0000","-0.0500","-0.0050","-1.0000","0.0000","0.0000","0.0000","0.0000","0.0000"
"5981.0","15:13:15.916","2222199.0000","1.4414","60552.0000","-0.0500","-0.0050","-1.0000","0.0000","0.0000","0.0000","0.0000","0.0000"
"5982.0","15:13:15.917","2221916.0000","1.4105","60552.0000","-0.0500","-0.0050","-1.0000","0.0000","0.0000","0.0000","0.0000","0.0000"
"5983.0","15:13:15.918","2221998.0000","1.4195","60552.0000","-0.0500","-0.0050","-1.0000","0.0000","0.0000","0.0000","0.0000","0.0000"
"5984.0","15:13:15.919","2221339.0000","1.3476","60552.0000","-0.0500","-0.0050","-1.0000","0.0000","0.0000","0.0000","0.0000","0.0000"
"5985.0","15:13:15.920","2221530.0000","1.3684","60552.0000","-0.0500","-0.0050","-1.0000","0.0000","0.0000","0.0000","0.0000","0.0000"
"5986.0","15:13:15.921","2222780.0000","1.5047","60552.0000","-0.0500","-0.0050","-1.0000","0.0000","0.0000","0.0000","0.0000","0.0000"
"5987.0","15:13:15.922","2221811.0000","1.3991","60552.0000","-0.0500","-0.0050","-1.0000","0.0000","0.0000","0.0000","0.0000","0.0000"
"5988.0","15:13:15.923","2221479.0000","1.3629","60552.0000","-0.0500","-0.0050","-1.0000","0.0000","0.0000","0.0000","0.0000","0.0000"
"5989.0","15:13:15.924","2221476.0000","1.3626","60552.0000","-0.0500","-0.0050","-1.0000","0.0000","0.0000","0.0000","0.0000","0.0000"
"5990.0","15:13:15.925","2222296.0000","1.4519","60552.0000","-0.0500","-0.0050","-1.0000","0.0000","0.0000","0.0000","0.0000","0.0000"
"5991.0","15:13:15.926","2222318.0000","1.4543","60552.0000","-0.0500","-0.0050","-1.0000","0.0000","0.0000","0.0000","0.0000","0.0000"
"5992.0","15:13:15.927","2222029.0000","1.4228","60552.0000","-0.0500","-0.0050","-1.0000","0.0000","0.0000","0.0000","0.0000","0.0000"
"5993.0","15:13:15.928","2222178.0000","1.4391","60552.0000","-0.0500","-0.0050","-1.0000","0.0000","0.0000","0.0000","0.0000","0.0000"
"5994.0","15:13:15.929","2221420.0000","1.3564","60552.0000","-0.0500","-0.0050","-1.0000","0.0000","0.0000","0.0000","0.0000","0.0000"
"5995.0","15:13:15.930","2222466.0000","1.4705","60559.0000","-0.0500","-0.0050","-1.0000","0.0000","0.0000","0.0000","0.0000","0.0000"
"5996.0","15:13:15.931","2222581.0000","1.4830","60559.0000","-0.0500","-0.0050","-1.0000","0.0000","0.0000","0.0000","0.0000","0.0000"
"5997.0","15:13:15.932","2223002.0000","1.5289","60559.0000","-0.0500","-0.0050","-1.0000","0.0000","0.0000","0.0000","0.0000","0.0000"
"5998.0","15:13:15.933","2222488.0000","1.4729","60559.0000","-0.0500","-0.0050","-1.0000","0.0000","0.0000","0.0000","0.0000","0.0000"
"5999.0","15:13:15.934","2223148.0000","1.5448","60559.0000","-0.0500","-0.0050","-1.0000","0.0000","0.0000","0.0000","0.0000","0.0000"
"6000.0","15:13:15.935","2223266.0000","1.5577","60559.0000","-0.0500","-0.0050","-1.0000","0.0000","0.0000","0.0000","0.0000","0.0000"
"6001.0","15:13:15.936","2221519.0000","1.3673","60559.0000","-0.0500","-0.0050","-1.0000","0.0000","0.0000","0.0000","0.0000","0.0000"
"6002.0","15:13:15.937","2222970.0000","1.5254","60559.0000","-0.0500","-0.0050","-1.0000","0.0000","0.0000","0.0000","0.0000","0.0000"
"6003.0","15:13:15.938","2223869.0000","1.6234","60559.0000","-0.0500","-0.0050","-1.0000","0.0000","0.0000","0.0000","0.0000","0.0000"
"6004.0","15:13:15.939","2223869.0000","1.6234","60559.0000","-0.0500","-0.0050","-1.0000","0.0000","0.0000","0.0000","0.0000","0.0000"
"6005.0","15:13:15.940","2223472.0000","1.5801","60559.0000","-0.0500","-0.0050","-1.0000","0.0000","0.0000","0.0000","0.0000","0.0000"
"6006.0","15:13:15.941","2223627.0000","1.5970","60559.0000","-0.0500","-0.0050","-1.0000","0.0000","0.0000","0.0000","0.0000","0.0000"
"6007.0","15:13:15.942","2223877.0000","1.6243","60559.0000","-0.0500","-0.0050","-1.0000","0.0000","0.0000","0.0000","0.0000","0.0000"
"6008.0","15:13:15.943","2223940.0000","1.6312","60559.0000","-0.0500","-0.0050","-1.0000","0.0000","0.0000","0.0000","0.0000","0.0000"
"6009.0","15:13:15.944","2224758.0000","1.7203","60559.0000","-0.0500","-0.0050","-1.0000","0.0000","0.0000","0.0000","0.0000","0.0000"
"6010.0","15:13:15.945","2224147.0000","1.6537","60559.0000","-0.0500","-0.0050","-1.0000","0.0000","0.0000","0.0000","0.0000","0.0000"
"6011.0","15:13:15.946","2225000.0000","1.7467","60559.0000","-0.0500","-0.0050","-1.0000","0.0000","0.0000","0.0000","0.0000","0.0000"
"6012.0","15:13:15.947","2224405.0000","1.6819","60559.0000","-0.0500","-0.0050","-1.0000","0.0000","0.0000","0.0000","0.0000","0.0000"
"6013.0","15:13:15.948","2224893.0000","1.7351","60559.0000","-0.0500","-0.0050","-1.0000","0.0000","0.0000","0.0000","0.0000","0.0000"
"6014.0","15:13:15.949","2224193.0000","1.6588","60559.0000","-0.0500","-0.0050","-1.0000","0.0000","0.0000","0.0000","0.0000","0.0000"
"6015.0","15:13:15.950","2224314.0000","1.6720","60559.0000","-0.0500","-0.0050","-1.0000","0.0000","0.0000","0.0000","0.0000","0.0000"
"6016.0","15:13:15.951","2225124.0000","1.7602","60559.0000","-0.0500","-0.0050","-1.0000","0.0000","0.0000","0.0000","0.0000","0.0000"
"6017.0","15:13:15.952","2225277.0000","1.7769","60559.0000","-0.0500","-0.0050","-1.0000","0.0000","0.0000","0.0000","0.0000","0.0000"
"6018.0","15:13:15.953","2226363.0000","1.8953","60559.0000","-0.0500","-0.0050","-1.0000","0.0000","0.0000","0.0000","0.0000","0.0000"
"6019.0","15:13:15.954","2226692.0000","1.9312","60559.0000","-0.0500","-0.0050","-1.0000","0.0000","0.0000","0.0000","0.0000","0.0000"
"6020.0","15:13:15.955","2226412.0000","1.9007","60559.0000","-0.0500","-0.0050","-1.0000","0.0000","0.0000","0.0000","0.0000","0.0000"
"6021.0","15:13:15.956","2225968.0000","1.8522","60559.0000","-0.0500","-0.0050","-1.0000","0.0000","0.0000","0.0000","0.0000","0.0000"
"6022.0","15:13:15.957","2227094.0000","1.9750","60559.0000","-0.0500","-0.0050","-1.0000","0.0000","0.0000","0.0000","0.0000","0.0000"
"6023.0","15:13:15.958","2226664.0000","1.9282","60559.0000","-0.0500","-0.0050","-1.0000","0.0000","0.0000","0.0000","0.0000","0.0000"
"6024.0","15:13:15.959","2225527.0000","1.8042","60559.0000","-0.0500","-0.0050","-1.0000","0.0000","0.0000","0.0000","0.0000","0.0000"
"6025.0","15:13:15.960","2225535.0000","1.8050","60559.0000","-0.0500","-0.0050","-1.0000","0.0000","0.0000","0.0000","0.0000","0.0000"
"6026.0","15:13:15.961","2224619.0000","1.7052","60559.0000","-0.0500","-0.0050","-1.0000","0.0000","0.0000","0.0000","0.0000","0.0000"
"6027.0","15:13:15.962","2224982.0000","1.7448","60559.0000","-0.0500","-0.0050","-1.0000","0.0000","0.0000","0.0000","0.0000","0.0000"
"6028.0","15:13:15.963","2225103.0000","1.7580","60559.0000","-0.0500","-0.0050","-1.0000","0.0000","0.0000","0.0000","0.0000","0.0000"
"6029.0","15:13:15.964","2224080.0000","1.6464","60559.0000","-0.0500","-0.0050","-1.0000","0.0000","0.0000","0.0000","0.0000","0.0000"
"6030.0","15:13:15.965","2223550.0000","1.5887","60559.0000","-0.0500","-0.0050","-1.0000","0.0000","0.0000","0.0000","0.0000","0.0000"
"6031.0","15:13:15.966","2223704.0000","1.6054","60559.0000","-0.0500","-0.0050","-1.0000","0.0000","0.0000","0.0000","0.0000","0.0000"
"6032.0","15:13:15.967","2222185.0000","1.4399","60559.0000","-0.0500","-0.0050","-1.0000","0.0000","0.0000","0.0000","0.0000","0.0000"
"6033.0","15:13:15.968","2221738.0000","1.3911","60559.0000","-0.0500","-0.0050","-1.0000","0.0000","0.0000","0.0000","0.0000","0.0000"
"6034.0","15:13:15.969","2222063.0000","1.4265","60559.0000","-0.0500","-0.0050","-1.0000","0.0000","0.0000","0.0000","0.0000","0.0000"
"6035.0","15:13:15.970","2222342.0000","1.4570","60559.0000","-0.0500","-0.0050","-1.0000","0.0000","0.0000","0.0000","0.0000","0.0000"
"6036.0","15:13:15.971","2221407.0000","1.3550","60559.0000","-0.0500","-0.0050","-1.0000","0.0000","0.0000","0.0000","0.0000","0.0000"
"6037.0","15:13:15.972","2221947.0000","1.4139","60559.0000","-0.0500","-0.0050","-1.0000","0.0000","0.0000","0.0000","0.0000","0.0000"
"6038.0","15:13:15.973","2222754.0000","1.5019","60559.0000","-0.0500","-0.0050","-1.0000","0.0000","0.0000","0.0000","0.0000","0.0000"
"6039.0","15:13:15.974","2221668.0000","1.3835","60559.0000","-0.0500","-0.0050","-1.0000","0.0000","0.0000","0.0000","0.0000","0.0000"
"6040.0","15:13:15.975","2222360.0000","1.4589","60559.0000","-0.0500","-0.0050","-1.0000","0.0000","0.0000","0.0000","0.0000","0.0000"
"6041.0","15:13:15.976","2220964.0000","1.3067","60559.0000","-0.0500","-0.0050","-1.0000","0.0000","0.0000","0.0000","0.0000","0.0000"
"6042.0","15:13:15.977","2220678.0000","1.2756","60559.0000","-0.0500","-0.0050","-1.0000","0.0000","0.0000","0.0000","0.0000","0.0000"
"6043.0","15:13:15.978","2221734.0000","1.3907","60559.0000","-0.0500","-0.0050","-1.0000","0.0000","0.0000","0.0000","0.0000","0.0000"
"6044.0","15:13:15.979","2220867.0000","1.2962","60559.0000","-0.0500","-0.0050","-1.0000","0.0000","0.0000","0.0000","0.0000","0.0000"
"6045.0","15:13:15.980","2221753.0000","1.3927","60559.0000","-0.0500","-0.0050","-1.0000","0.0000","0.0000","0.0000","0.0000","0.0000"
"6046.0","15:13:15.981","2221803.0000","1.3982","60559.0000","-0.0500","-0.0050","-1.0000","0.0000","0.0000","0.0000","0.0000","0.0000"
"6047.0","15:13:15.982","2222295.0000","1.4518","60559.0000","-0.0500","-0.0050","-1.0000","0.0000","0.0000","0.0000","0.0000","0.0000"
"6048.0","15:13:15.983","2222474.0000","1.4714","60559.0000","-0.0500","-0.0050","-1.0000","0.0000","0.0000","0.0000","0.0000","0.0000"
"6049.0","15:13:15.984","2222027.0000","1.4226","60559.0000","-0.0500","-0.0050","-1.0000","0.0000","0.0000","0.0000","0.0000","0.0000"
"6050.0","15:13:15.985","2222962.0000","1.5246","60559.0000","-0.0500","-0.0050","-1.0000","0.0000","0.0000","0.0000","0.0000","0.0000"
"6051.0","15:13:15.986","2222962.0000","1.5246","60559.0000","-0.0500","-0.0050","-1.0000","0.0000","0.0000","0.0000","0.0000","0.0000"
"6052.0","15:13:15.987","2223664.0000","1.6011","60559.0000","-0.0500","-0.0050","-1.0000","0.0000","0.0000","0.0000","0.0000","0.0000"
"6053.0","15:13:15.988","2223156.0000","1.5457","60559.0000","-0.0500","-0.0050","-1.0000","0.0000","0.0000","0.0000","0.0000","0.0000"
"6054.0","15:13:15.989","2223322.0000","1.5638","60559.0000","-0.0500","-0.0050","-1.0000","0.0000","0.0000","0.0000","0.0000","0.0000"
"6055.0","15:13:15.990","2224204.0000","1.6599","60559.0000","-0.0500","-0.0050","-1.0000","0.0000","0.0000","0.0000","0.0000","0.0000"
"6056.0","15:13:15.991","2224454.0000","1.6872","60560.0000","-0.0500","-0.0050","-1.0000","0.0000","0.0000","0.0000","0.0000","0.0000"
"6057.0","15:13:15.992","2224702.0000","1.7142","60560.0000","-0.0500","-0.0050","-1.0000","0.0000","0.0000","0.0000","0.0000","0.0000"
"6058.0","15:13:15.993","2224397.0000","1.6810","60560.0000","-0.0500","-0.0050","-1.0000","0.0000","0.0000","0.0000","0.0000","0.0000"
"6059.0","15:13:15.994","2224323.0000","1.6729","60560.0000","-0.0500","-0.0050","-1.0000","0.0000","0.0000","0.0000","0.0000","0.0000"
"6060.0","15:13:15.995","2223934.0000","1.6305","60560.0000","-0.0500","-0.0050","-1.0000","0.0000","0.0000","0.0000","0.0000","0.0000"
"6061.0","15:13:15.996","2224950.0000","1.7413","60560.0000","-0.0500","-0.0050","-1.0000","0.0000","0.0000","0.0000","0.0000","0.0000"
"6062.0","15:13:15.997","2223550.0000","1.5887","60560.0000","-0.0500","-0.0050","-1.0000","0.0000","0.0000","0.0000","0.0000","0.0000"
"6063.0","15:13:15.998","2223380.0000","1.5701","60560.0000","-0.0500","-0.0050","-1.0000","0.0000","0.0000","0.0000","0.0000","0.0000"
"6064.0","15:13:15.999","2223726.0000","1.6079","60560.0000","-0.0500","-0.0050","-1.0000","0.0000","0.0000","0.0000","0.0000","0.0000"
"6065.0","15:13:16.0","2223421.0000","1.5746","60560.0000","-0.0500","-0.0050","-1.0000","0.0000","0.0000","0.0000","0.0000","0.0000"
"6066.0","15:13:16.1","2223036.0000","1.5326","60560.0000","-0.0500","-0.0050","-1.0000","0.0000","0.0000","0.0000","0.0000","0.0000"
"6067.0","15:13:16.2","2223344.0000","1.5662","60560.0000","-0.0500","-0.0050","-1.0000","0.0000","0.0000","0.0000","0.0000","0.0000"
"6068.0","15:13:16.3","2222876.0000","1.5152","60560.0000","-0.0500","-0.0050","-1.0000","0.0000","0.0000","0.0000","0.0000","0.0000"
"6069.0","15:13:16.4","2223272.0000","1.5584","60560.0000","-0.0500","-0.0050","-1.0000","0.0000","0.0000","0.0000","0.0000","0.0000"
"6070.0","15:13:16.5","2223112.0000","1.5409","60560.0000","-0.0500","-0.0050","-1.0000","0.0000","0.0000","0.0000","0.0000","0.0000"
"6071.0","15:13:16.6","2223330.0000","1.5647","60560.0000","-0.0500","-0.0050","-1.0000","0.0000","0.0000","0.0000","0.0000","0.0000"
"6072.0","15:13:16.7","2223136.0000","1.5435","60560.0000","-0.0500","-0.0050","-1.0000","0.0000","0.0000","0.0000","0.0000","0.0000"
"6073.0","15:13:16.8","2222955.0000","1.5238","60560.0000","-0.0500","-0.0050","-1.0000","0.0000","0.0000","0.0000","0.0000","0.0000"
"6074.0","15:13:16.9","2223310.0000","1.5625","60560.0000","-0.0500","-0.0050","-1.0000","0.0000","0.0000","0.0000","0.0000","0.0000"
"6075.0","15:13:16.10","2222913.0000","1.5192","60560.0000","-0.0500","-0.0050","-1.0000","0.0000","0.0000","0.0000","0.0000","0.0000"
"6076.0","15:13:16.11","2221914.0000","1.4103","60560.0000","-0.0500","-0.0050","-1.0000","0.0000","0.0000","0.0000","0.0000","0.0000"
"6077.0","15:13:16.12","2221602.0000","1.3763","60560.0000","-0.0500","-0.0050","-1.0000","0.0000","0.0000","0.0000","0.0000","0.0000"
"6078.0","15:13:16.13","2222242.0000","1.4461","60560.0000","-0.0500","-0.0050","-1.0000","0.0000","0.0000","0.0000","0.0000","0.0000"
"6079.0","15:13:16.14","2222563.0000","1.4811","60560.0000","-0.0500","-0.0050","-1.0000","0.0000","0.0000","0.0000","0.0000","0.0000"
"6080.0","15:13:16.15","2222041.0000","1.4242","60560.0000","-0.0500","-0.0050","-1.0000","0.0000","0.0000","0.0000","0.0000","0.0000"
"6081.0","15:13:16.16","2223383.0000","1.5704","60560.0000","-0.0500","-0.0050","-1.0000","0.0000","0.0000","0.0000","0.0000","0.0000"
"6082.0","15:13:16.17","2222700.0000","1.4960","60560.0000","-0.0500","-0.0050","-1.0000","0.0000","0.0000","0.0000","0.0000","0.0000"
"6083.0","15:13:16.18","2223746.0000","1.6100","60560.0000","-0.0500","-0.0050","-1.0000","0.0000","0.0000","0.0000","0.0000","0.0000"
"6084.0","15:13:16.19","2224008.0000","1.6386","60560.0000","-0.0500","-0.0050","-1.0000","0.0000","0.0000","0.0000","0.0000","0.0000"
"6085.0","15:13:16.20","2224810.0000","1.7260","60560.0000","-0.0500","-0.0050","-1.0000","0.0000","0.0000","0.0000","0.0000","0.0000"
"6086.0","15:13:16.21","2224824.0000","1.7275","60560.0000","-0.0500","-0.0050","-1.0000","0.0000","0.0000","0.0000","0.0000","0.0000"
"6087.0","15:13:16.22","2225020.0000","1.7489","60560.0000","-0.0500","-0.0050","-1.0000","0.0000","0.0000","0.0000","0.0000","0.0000"
"6088.0","15:13:16.23","2225226.0000","1.7714","60560.0000","-0.0500","-0.0050","-1.0000","0.0000","0.0000","0.0000","0.0000","0.0000"
"6089.0","15:13:16.24","2224260.0000","1.6661","60560.0000","-0.0500","-0.0050","-1.0000","0.0000","0.0000","0.0000","0.0000","0.0000"
"6090.0","15:13:16.25","2224999.0000","1.7466","60560.0000","-0.0500","-0.0050","-1.0000","0.0000","0.0000","0.0000","0.0000","0.0000"
"6091.0","15:13:16.26","2224984.0000","1.7450","60560.0000","-0.0500","-0.0050","-1.0000","0.0000","0.0000","0.0000","0.0000","0.0000"
"6092.0","15:13:16.27","2224316.0000","1.6722","60560.0000","-0.0500","-0.0050","-1.0000","0.0000","0.0000","0.0000","0.0000","0.0000"
"6093.0","15:13:16.28","2224158.0000","1.6549","60560.0000","-0.0500","-0.0050","-1.0000","0.0000","0.0000","0.0000","0.0000","0.0000"
"6094.0","15:13:16.29","2223476.0000","1.5806","60560.0000","-0.0500","-0.0050","-1.0000","0.0000","0.0000","0.0000","0.0000","0.0000"
"6095.0","15:13:16.30","2223172.0000","1.5475","60560.0000","-0.0500","-0.0050","-1.0000","0.0000","0.0000","0.0000","0.0000","0.0000"
"6096.0","15:13:16.31","2224082.0000","1.6467","60560.0000","-0.0500","-0.0050","-1.0000","0.0000","0.0000","0.0000","0.0000","0.0000"
"6097.0","15:13:16.32","2223821.0000","1.6182","60560.0000","-0.0500","-0.0050","-1.0000","0.0000","0.0000","0.0000","0.0000","0.0000"
"6098.0","15:13:16.33","2223821.0000","1.6182","60560.0000","-0.0500","-0.0050","-1.0000","0.0000","0.0000","0.0000","0.0000","0.0000"
"6099.0","15:13:16.34","2223278.0000","1.5590","60560.0000","-0.0500","-0.0050","-1.0000","0.0000","0.0000","0.0000","0.0000","0.0000"
"6100.0","15:13:16.35","2223702.0000","1.6052","60560.0000","-0.0500","-0.0050","-1.0000","0.0000","0.0000","0.0000","0.0000","0.0000"
"6101.0","15:13:16.36","2222708.0000","1.4969","60560.0000","-0.0500","-0.0050","-1.0000","0.0000","0.0000","0.0000","0.0000","0.0000"
"6102.0","15:13:16.37","2223281.0000","1.5593","60560.0000","-0.0500","-0.0050","-1.0000","0.0000","0.0000","0.0000","0.0000","0.0000"
"6103.0","15:13:16.38","2223353.0000","1.5672","60560.0000","-0.0500","-0.0050","-1.0000","0.0000","0.0000","0.0000","0.0000","0.0000"
"6104.0","15:13:16.39","2224246.0000","1.6645","60560.0000","-0.0500","-0.0050","-1.0000","0.0000","0.0000","0.0000","0.0000","0.0000"
"6105.0","15:13:16.40","2223597.0000","1.5938","60560.0000","-0.0500","-0.0050","-1.0000","0.0000","0.0000","0.0000","0.0000","0.0000"
"6106.0","15:13:16.41","2224164.0000","1.6556","60560.0000","-0.0500","-0.0050","-1.0000","0.0000","0.0000","0.0000","0.0000","0.0000"
"6107.0","15:13:16.42","2224446.0000","1.6863","60560.0000","-0.0500","-0.0050","-1.0000","0.0000","0.0000","0.0000","0.0000","0.0000"
"6108.0","15:13:16.43","2224124.0000","1.6512","60560.0000","-0.0500","-0.0050","-1.0000","0.0000","0.0000","0.0000","0.0000","0.0000"
"6109.0","15:13:16.44","2223421.0000","1.5746","60560.0000","-0.0500","-0.0050","-1.0000","0.0000","0.0000","0.0000","0.0000","0.0000"
"6110.0","15:13:16.45","2223027.0000","1.5316","60560.0000","-0.0500","-0.0050","-1.0000","0.0000","0.0000","0.0000","0.0000","0.0000"
"6111.0","15:13:16.46","2222426.0000","1.4661","60560.0000","-0.0500","-0.0050","-1.0000","0.0000","0.0000","0.0000","0.0000","0.0000"
"6112.0","15:13:16.47","2222695.0000","1.4954","60560.0000","-0.0500","-0.0050","-1.0000","0.0000","0.0000","0.0000","0.0000","0.0000"
"6113.0","15:13:16.48","2222570.0000","1.4818","60560.0000","-0.0500","-0.0050","-1.0000","0.0000","0.0000","0.0000","0.0000","0.0000"
"6114.0","15:13:16.49","2222955.0000","1.5238","60560.0000","-0.0500","-0.0050","-1.0000","0.0000","0.0000","0.0000","0.0000","0.0000"
"6115.0","15:13:16.50","2222627.0000","1.4880","60560.0000","-0.0500","-0.0050","-1.0000","0.0000","0.0000","0.0000","0.0000","0.0000"
"6116.0","15:13:16.51","2222782.0000","1.5049","60569.0000","-0.0500","-0.0050","-1.0000","0.0000","0.0000","0.0000","0.0000","0.0000"
"6117.0","15:13:16.52","2221683.0000","1.3851","60569.0000","-0.0500","-0.0050","-1.0000","0.0000","0.0000","0.0000","0.0000","0.0000"
"6118.0","15:13:16.53","2220734.0000","1.2816","60569.0000","-0.0500","-0.0050","-1.0000","0.0000","0.0000","0.0000","0.0000","0.0000"
"6119.0","15:13:16.54","2220658.0000","1.2734","60569.0000","-0.0500","-0.0050","-1.0000","0.0000","0.0000","0.0000","0.0000","0.0000"
"6120.0","15:13:16.55","2221576.0000","1.3735","60569.0000","-0.0500","-0.0050","-1.0000","0.0000","0.0000","0.0000","0.0000","0.0000"
"6121.0","15:13:16.56","2221117.0000","1.3234","60569.0000","-0.0500","-0.0050","-1.0000","0.0000","0.0000","0.0000","0.0000","0.0000"
"6122.0","15:13:16.57","2220994.0000","1.3100","60569.0000","-0.0500","-0.0050","-1.0000","0.0000","0.0000","0.0000","0.0000","0.0000"
"6123.0","15:13:16.58","2221725.0000","1.3897","60569.0000","-0.0500","-0.0050","-1.0000","0.0000","0.0000","0.0000","0.0000","0.0000"
"6124.0","15:13:16.59","2220872.0000","1.2967","60569.0000","-0.0500","-0.0050","-1.0000","0.0000","0.0000","0.0000","0.0000","0.0000"
"6125.0","15:13:16.60","2220874.0000","1.2969","60569.0000","-0.0500","-0.0050","-1.0000","0.0000","0.0000","0.0000","0.0000","0.0000"
"6126.0","15:13:16.61","2220068.0000","1.2091","60569.0000","-0.0500","-0.0050","-1.0000","0.0000","0.0000","0.0000","0.0000","0.0000"
"6127.0","15:13:16.62","2220875.0000","1.2970","60569.0000","-0.0500","-0.0050","-1.0000","0.0000","0.0000","0.0000","0.0000","0.0000"
"6128.0","15:13:16.63","2221404.0000","1.3547","60569.0000","-0.0500","-0.0050","-1.0000","0.0000","0.0000","0.0000","0.0000","0.0000"
"6129.0","15:13:16.64","2222295.0000","1.4518","60569.0000","-0.0500","-0.0050","-1.0000","0.0000","0.0000","0.0000","0.0000","0.0000"
"6130.0","15:13:16.65","2221688.0000","1.3857","60569.0000","-0.0500","-0.0050","-1.0000","0.0000","0.0000","0.0000","0.0000","0.0000"
"6131.0","15:13:16.66","2222467.0000","1.4706","60569.0000","-0.0500","-0.0050","-1.0000","0.0000","0.0000","0.0000","0.0000","0.0000"
"6132.0","15:13:16.67","2222288.0000","1.4511","60569.0000","-0.0500","-0.0050","-1.0000","0.0000","0.0000","0.0000","0.0000","0.0000"
"6133.0","15:13:16.68","2222953.0000","1.5236","60569.0000","-0.0500","-0.0050","-1.0000","0.0000","0.0000","0.0000","0.0000","0.0000"
"6134.0","15:13:16.69","2222763.0000","1.5028","60569.0000","-0.0500","-0.0050","-1.0000","0.0000","0.0000","0.0000","0.0000","0.0000"
"6135.0","15:13:16.70","2223345.0000","1.5663","60569.0000","-0.0500","-0.0050","-1.0000","0.0000","0.0000","0.0000","0.0000","0.0000"
"6136.0","15:13:16.71","2224992.0000","1.7458","60569.0000","-0.0500","-0.0050","-1.0000","0.0000","0.0000","0.0000","0.0000","0.0000"
"6137.0","15:13:16.72","2224687.0000","1.7126","60569.0000","-0.0500","-0.0050","-1.0000","0.0000","0.0000","0.0000","0.0000","0.0000"
"6138.0","15:13:16.73","2224925.0000","1.7386","60569.0000","-0.0500","-0.0050","-1.0000","0.0000","0.0000","0.0000","0.0000","0.0000"
"6139.0","15:13:16.74","2224591.0000","1.7021","60569.0000","-0.0500","-0.0050","-1.0000","0.0000","0.0000","0.0000","0.0000","0.0000"
"6140.0","15:13:16.75","2224666.0000","1.7103","60569.0000","-0.0500","-0.0050","-1.0000","0.0000","0.0000","0.0000","0.0000","0.0000"
"6141.0","15:13:16.76","2224610.0000","1.7042","60569.0000","-0.0500","-0.0050","-1.0000","0.0000","0.0000","0.0000","0.0000","0.0000"
"6142.0","15:13:16.77","2224468.0000","1.6887","60569.0000","-0.0500","-0.0050","-1.0000","0.0000","0.0000","0.0000","0.0000","0.0000"
"6143.0","15:13:16.78","2224670.0000","1.7108","60569.0000","-0.0500","-0.0050","-1.0000","0.0000","0.0000","0.0000","0.0000","0.0000"
"6144.0","15:13:16.79","2225080.0000","1.7555","60569.0000","-0.0500","-0.0050","-1.0000","0.0000","0.0000","0.0000","0.0000","0.0000"
"6145.0","15:13:16.80","2225080.0000","1.7555","60569.0000","-0.0500","-0.0050","-1.0000","0.0000","0.0000","0.0000","0.0000","0.0000"
"6146.0","15:13:16.81","2224004.0000","1.6382","60569.0000","-0.0500","-0.0050","-1.0000","0.0000","0.0000","0.0000","0.0000","0.0000"
"6147.0","15:13:16.82","2224164.0000","1.6556","60569.0000","-0.0500","-0.0050","-1.0000","0.0000","0.0000","0.0000","0.0000","0.0000"
"6148.0","15:13:16.83","2224599.0000","1.7030","60569.0000","-0.0500","-0.0050","-1.0000","0.0000","0.0000","0.0000","0.0000","0.0000"
"6149.0","15:13:16.84","2224182.0000","1.6576","60569.0000","-0.0500","-0.0050","-1.0000","0.0000","0.0000","0.0000","0.0000","0.0000"
"6150.0","15:13:16.85","2224177.0000","1.6570","60569.0000","-0.0500","-0.0050","-1.0000","0.0000","0.0000","0.0000","0.0000","0.0000"
"6151.0","15:13:16.86","2223655.0000","1.6001","60569.0000","-0.0500","-0.0050","-1.0000","0.0000","0.0000","0.0000","0.0000","0.0000"
"6152.0","15:13:16.87","2224040.0000","1.6421","60569.0000","-0.0500","-0.0050","-1.0000","0.0000","0.0000","0.0000","0.0000","0.0000"
"6153.0","15:13:16.88","2223714.0000","1.6065","60569.0000","-0.0500","-0.0050","-1.0000","0.0000","0.0000","0.0000","0.0000","0.0000"
"6154.0","15:13:16.89","2223497.0000","1.5829","60569.0000","-0.0500","-0.0050","-1.0000","0.0000","0.0000","0.0000","0.0000","0.0000"
"6155.0","15:13:16.90","2223618.0000","1.5960","60569.0000","-0.0500","-0.0050","-1.0000","0.0000","0.0000","0.0000","0.0000","0.0000"
"6156.0","15:13:16.91","2224571.0000","1.6999","60569.0000","-0.0500","-0.0050","-1.0000","0.0000","0.0000","0.0000","0.0000","0.0000"
"6157.0","15:13:16.92","2224531.0000","1.6956","60569.0000","-0.0500","-0.0050","-1.0000","0.0000","0.0000","0.0000","0.0000","0.0000"
"6158.0","15:13:16.93","2224036.0000","1.6416","60569.0000","-0.0500","-0.0050","-1.0000","0.0000","0.0000","0.0000","0.0000","0.0000"
"6159.0","15:13:16.94","2223642.0000","1.5987","60569.0000","-0.0500","-0.0050","-1.0000","0.0000","0.0000","0.0000","0.0000","0.0000"
"6160.0","15:13:16.95","2223566.0000","1.5904","60569.0000","-0.0500","-0.0050","-1.0000","0.0000","0.0000","0.0000","0.0000","0.0000"
"6161.0","15:13:16.96","2223593.0000","1.5933","60569.0000","-0.0500","-0.0050","-1.0000","0.0000","0.0000","0.0000","0.0000","0.0000"
"6162.0","15:13:16.97","2223443.0000","1.5770","60569.0000","-0.0500","-0.0050","-1.0000","0.0000","0.0000","0.0000","0.0000","0.0000"
"6163.0","15:13:16.98","2224095.0000","1.6481","60569.0000","-0.0500","-0.0050","-1.0000","0.0000","0.0000","0.0000","0.0000","0.0000"
"6164.0","15:13:16.99","2223364.0000","1.5684","60569.0000","-0.0500","-0.0050","-1.0000","0.0000","0.0000","0.0000","0.0000","0.0000"
"6165.0","15:13:16.100","2223793.0000","1.6151","60569.0000","-0.0500","-0.0050","-1.0000","0.0000","0.0000","0.0000","0.0000","0.0000"
"6166.0","15:13:16.101","2222590.0000","1.4840","60569.0000","-0.0500","-0.0050","-1.0000","0.0000","0.0000","0.0000","0.0000","0.0000"
"6167.0","15:13:16.102","2222519.0000","1.4762","60569.0000","-0.0500","-0.0050","-1.0000","0.0000","0.0000","0.0000","0.0000","0.0000"
"6168.0","15:13:16.103","2222848.0000","1.5121","60569.0000","-0.0500","-0.0050","-1.0000","0.0000","0.0000","0.0000","0.0000","0.0000"
"6169.0","15:13:16.104","2222575.0000","1.4824","60569.0000","-0.0500","-0.0050","-1.0000","0.0000","0.0000","0.0000","0.0000","0.0000"
"6170.0","15:13:16.105","2223630.0000","1.5974","60569.0000","-0.0500","-0.0050","-1.0000","0.0000","0.0000","0.0000","0.0000","0.0000"
"6171.0","15:13:16.106","2223156.0000","1.5457","60569.0000","-0.0500","-0.0050","-1.0000","0.0000","0.0000","0.0000","0.0000","0.0000"
"6172.0","15:13:16.107","2222272.0000","1.4493","60569.0000","-0.0500","-0.0050","-1.0000","0.0000","0.0000","0.0000","0.0000","0.0000"
"6173.0","15:13:16.108","2222531.0000","1.4776","60569.0000","-0.0500","-0.0050","-1.0000","0.0000","0.0000","0.0000","0.0000","0.0000"
"6174.0","15:13:16.109","2222171.0000","1.4383","60569.0000","-0.0500","-0.0050","-1.0000","0.0000","0.0000","0.0000","0.0000","0.0000"
"6175.0","15:13:16.110","2221114.0000","1.3231","60569.0000","-0.0500","-0.0050","-1.0000","0.0000","0.0000","0.0000","0.0000","0.0000"
"6176.0","15:13:16.111","2220465.0000","1.2523","60569.0000","-0.0500","-0.0050","-1.0000","0.0000","0.0000","0.0000","0.0000","0.0000"
"6177.0","15:13:16.112","2221330.0000","1.3466","60562.0000","-0.0500","-0.0050","-1.0000","0.0000","0.0000","0.0000","0.0000","0.0000"
"6178.0","15:13:16.113","2220700.0000","1.2779","60562.0000","-0.0500","-0.0050","-1.0000","0.0000","0.0000","0.0000","0.0000","0.0000"
"6179.0","15:13:16.114","2220118.0000","1.2145","60562.0000","-0.0500","-0.0050","-1.0000","0.0000","0.0000","0.0000","0.0000","0.0000"
"6180.0","15:13:16.115","2221497.0000","1.3648","60562.0000","-0.0500","-0.0050","-1.0000","0.0000","0.0000","0.0000","0.0000","0.0000"
"6181.0","15:13:16.116","2221036.0000","1.3146","60562.0000","-0.0500","-0.0050","-1.0000","0.0000","0.0000","0.0000","0.0000","0.0000"
"6182.0","15:13:16.117","2221401.0000","1.3544","60562.0000","-0.0500","-0.0050","-1.0000","0.0000","0.0000","0.0000","0.0000","0.0000"
"6183.0","15:13:16.118","2221276.0000","1.3407","60562.0000","-0.0500","-0.0050","-1.0000","0.0000","0.0000","0.0000","0.0000","0.0000"
"6184.0","15:13:16.119","2221156.0000","1.3276","60562.0000","-0.0500","-0.0050","-1.0000","0.0000","0.0000","0.0000","0.0000","0.0000"
"6185.0","15:13:16.120","2221255.0000","1.3385","60562.0000","-0.0500","-0.0050","-1.0000","0.0000","0.0000","0.0000","0.0000","0.0000"
"6186.0","15:13:16.121","2221585.0000","1.3745","60562.0000","-0.0500","-0.0050","-1.0000","0.0000","0.0000","0.0000","0.0000","0.0000"
"6187.0","15:13:16.122","2221838.0000","1.4020","60562.0000","-0.0500","-0.0050","-1.0000","0.0000","0.0000","0.0000","0.0000","0.0000"
"6188.0","15:13:16.123","2221583.0000","1.3742","60562.0000","-0.0500","-0.0050","-1.0000","0.0000","0.0000","0.0000","0.0000","0.0000"
"6189.0","15:13:16.124","2222384.0000","1.4615","60562.0000","-0.0500","-0.0050","-1.0000","0.0000","0.0000","0.0000","0.0000","0.0000"
"6190.0","15:13:16.125","2222191.0000","1.4405","60562.0000","-0.0500","-0.0050","-1.0000","0.0000","0.0000","0.0000","0.0000","0.0000"
"6191.0","15:13:16.126","2221616.0000","1.3778","60562.0000","-0.0500","-0.0050","-1.0000","0.0000","0.0000","0.0000","0.0000","0.0000"
"6192.0","15:13:16.127","2221616.0000","1.3778","60562.0000","-0.0500","-0.0050","-1.0000","0.0000","0.0000","0.0000","0.0000","0.0000"
"6193.0","15:13:16.128","2221892.0000","1.4079","60562.0000","-0.0500","-0.0050","-1.0000","0.0000","0.0000","0.0000","0.0000","0.0000"
"6194.0","15:13:16.129","2221430.0000","1.3576","60562.0000","-0.0500","-0.0050","-1.0000","0.0000","0.0000","0.0000","0.0000","0.0000"
"6195.0","15:13:16.130","2222372.0000","1.4602","60562.0000","-0.0500","-0.0050","-1.0000","0.0000","0.0000","0.0000","0.0000","0.0000"
"6196.0","15:13:16.131","2221328.0000","1.3464","60562.0000","-0.0500","-0.0050","-1.0000","0.0000","0.0000","0.0000","0.0000","0.0000"
"6197.0","15:13:16.132","2221236.0000","1.3364","60562.0000","-0.0500","-0.0050","-1.0000","0.0000","0.0000","0.0000","0.0000","0.0000"
"6198.0","15:13:16.133","2221262.0000","1.3392","60562.0000","-0.0500","-0.0050","-1.0000","0.0000","0.0000","0.0000","0.0000","0.0000"
"6199.0","15:13:16.134","2221760.0000","1.3935","60562.0000","-0.0500","-0.0050","-1.0000","0.0000","0.0000","0.0000","0.0000","0.0000"
"6200.0","15:13:16.135","2222192.0000","1.4406","60562.0000","-0.0500","-0.0050","-1.0000","0.0000","0.0000","0.0000","0.0000","0.0000"
"6201.0","15:13:16.136","2222607.0000","1.4859","60562.0000","-0.0500","-0.0050","-1.0000","0.0000","0.0000","0.0000","0.0000","0.0000"
"6202.0","15:13:16.137","2222941.0000","1.5222","60562.0000","-0.0500","-0.0050","-1.0000","0.0000","0.0000","0.0000","0.0000","0.0000"
"6203.0","15:13:16.138","2224519.0000","1.6943","60562.0000","-0.0500","-0.0050","-1.0000","0.0000","0.0000","0.0000","0.0000","0.0000"
"6204.0","15:13:16.139","2224475.0000","1.6895","60562.0000","-0.0500","-0.0050","-1.0000","0.0000","0.0000","0.0000","0.0000","0.0000"
"6205.0","15:13:16.140","2225423.0000","1.7928","60562.0000","-0.0500","-0.0050","-1.0000","0.0000","0.0000","0.0000","0.0000","0.0000"
"6206.0","15:13:16.141","2225627.0000","1.8151","60562.0000","-0.0500","-0.0050","-1.0000","0.0000","0.0000","0.0000","0.0000","0.0000"
"6207.0","15:13:16.142","2225759.0000","1.8295","60562.0000","-0.0500","-0.0050","-1.0000","0.0000","0.0000","0.0000","0.0000","0.0000"
"6208.0","15:13:16.143","2225730.0000","1.8263","60562.0000","-0.0500","-0.0050","-1.0000","0.0000","0.0000","0.0000","0.0000","0.0000"
"6209.0","15:13:16.144","2225106.0000","1.7583","60562.0000","-0.0500","-0.0050","-1.0000","0.0000","0.0000","0.0000","0.0000","0.0000"
"6210.0","15:13:16.145","2225258.0000","1.7749","60562.0000","-0.0500","-0.0050","-1.0000","0.0000","0.0000","0.0000","0.0000","0.0000"
"6211.0","15:13:16.146","2225690.0000","1.8219","60562.0000","-0.0500","-0.0050","-1.0000","0.0000","0.0000","0.0000","0.0000","0.0000"
"6212.0","15:13:16.147","2225716.0000","1.8248","60562.0000","-0.0500","-0.0050","-1.0000","0.0000","0.0000","0.0000","0.0000","0.0000"
"6213.0","15:13:16.148","2226889.0000","1.9526","60562.0000","-0.0500","-0.0050","-1.0000","0.0000","0.0000","0.0000","0.0000","0.0000"
"6214.0","15:13:16.149","2225681.0000","1.8210","60562.0000","-0.0500","-0.0050","-1.0000","0.0000","0.0000","0.0000","0.0000","0.0000"
"6215.0","15:13:16.150","2225526.0000","1.8041","60562.0000","-0.0500","-0.0050","-1.0000","0.0000","0.0000","0.0000","0.0000","0.0000"
"6216.0","15:13:16.151","2225971.0000","1.8526","60562.0000","-0.0500","-0.0050","-1.0000","0.0000","0.0000","0.0000","0.0000","0.0000"
"6217.0","15:13:16.152","2224487.0000","1.6908","60562.0000","-0.0500","-0.0050","-1.0000","0.0000","0.0000","0.0000","0.0000","0.0000"
"6218.0","15:13:16.153","2224284.0000","1.6687","60562.0000","-0.0500","-0.0050","-1.0000","0.0000","0.0000","0.0000","0.0000","0.0000"
"6219.0","15:13:16.154","2224319.0000","1.6725","60562.0000","-0.0500","-0.0050","-1.0000","0.0000","0.0000","0.0000","0.0000","0.0000"
"6220.0","15:13:16.155","2224126.0000","1.6514","60562.0000","-0.0500","-0.0050","-1.0000","0.0000","0.0000","0.0000","0.0000","0.0000"
"6221.0","15:13:16.156","2223940.0000","1.6312","60562.0000","-0.0500","-0.0050","-1.0000","0.0000","0.0000","0.0000","0.0000","0.0000"
"6222.0","15:13:16.157","2224259.0000","1.6660","60562.0000","-0.0500","-0.0050","-1.0000","0.0000","0.0000","0.0000","0.0000","0.0000"
"6223.0","15:13:16.158","2223470.0000","1.5799","60562.0000","-0.0500","-0.0050","-1.0000","0.0000","0.0000","0.0000","0.0000","0.0000"
"6224.0","15:13:16.159","2221936.0000","1.4127","60562.0000","-0.0500","-0.0050","-1.0000","0.0000","0.0000","0.0000","0.0000","0.0000"
"6225.0","15:13:16.160","2221240.0000","1.3368","60562.0000","-0.0500","-0.0050","-1.0000","0.0000","0.0000","0.0000","0.0000","0.0000"
"6226.0","15:13:16.161","2222152.0000","1.4362","60562.0000","-0.0500","-0.0050","-1.0000","0.0000","0.0000","0.0000","0.0000","0.0000"
"6227.0","15:13:16.162","2220783.0000","1.2870","60562.0000","-0.0500","-0.0050","-1.0000","0.0000","0.0000","0.0000","0.0000","0.0000"
"6228.0","15:13:16.163","2221297.0000","1.3430","60562.0000","-0.0500","-0.0050","-1.0000","0.0000","0.0000","0.0000","0.0000","0.0000"
"6229.0","15:13:16.164","2220807.0000","1.2896","60562.0000","-0.0500","-0.0050","-1.0000","0.0000","0.0000","0.0000","0.0000","0.0000"
"6230.0","15:13:16.165","2220762.0000","1.2847","60562.0000","-0.0500","-0.0050","-1.0000","0.0000","0.0000","0.0000","0.0000","0.0000"
"6231.0","15:13:16.166","2220658.0000","1.2734","60562.0000","-0.0500","-0.0050","-1.0000","0.0000","0.0000","0.0000","0.0000","0.0000"
"6232.0","15:13:16.167","2220004.0000","1.2021","60562.0000","-0.0500","-0.0050","-1.0000","0.0000","0.0000","0.0000","0.0000","0.0000"
"6233.0","15:13:16.168","2220257.0000","1.2297","60562.0000","-0.0500","-0.0050","-1.0000","0.0000","0.0000","0.0000","0.0000","0.0000"
"6234.0","15:13:16.169","2219605.0000","1.1586","60562.0000","-0.0500","-0.0050","-1.0000","0.0000","0.0000","0.0000","0.0000","0.0000"
"6235.0","15:13:16.170","2220440.0000","1.2496","60562.0000","-0.0500","-0.0050","-1.0000","0.0000","0.0000","0.0000","0.0000","0.0000"
"6236.0","15:13:16.171","2220978.0000","1.3082","60562.0000","-0.0500","-0.0050","-1.0000","0.0000","0.0000","0.0000","0.0000","0.0000"
"6237.0","15:13:16.172","2221130.0000","1.3248","60567.0000","-0.0500","-0.0050","-1.0000","0.0000","0.0000","0.0000","0.0000","0.0000"
"6238.0","15:13:16.173","2221465.0000","1.3614","60567.0000","-0.0500","-0.0050","-1.0000","0.0000","0.0000","0.0000","0.0000","0.0000"
"6239.0","15:13:16.174","2221465.0000","1.3614","60567.0000","-0.0500","-0.0050","-1.0000","0.0000","0.0000","0.0000","0.0000","0.0000"
"6240.0","15:13:16.175","2221694.0000","1.3863","60567.0000","-0.0500","-0.0050","-1.0000","0.0000","0.0000","0.0000","0.0000","0.0000"
"6241.0","15:13:16.176","2221878.0000","1.4064","60567.0000","-0.0500","-0.0050","-1.0000","0.0000","0.0000","0.0000","0.0000","0.0000"
"6242.0","15:13:16.177","2223679.0000","1.6027","60567.0000","-0.0500","-0.0050","-1.0000","0.0000","0.0000","0.0000","0.0000","0.0000"
"6243.0","15:13:16.178","2222516.0000","1.4759","60567.0000","-0.0500","-0.0050","-1.0000","0.0000","0.0000","0.0000","0.0000","0.0000"
"6244.0","15:13:16.179","2222909.0000","1.5188","60567.0000","-0.0500","-0.0050","-1.0000","0.0000","0.0000","0.0000","0.0000","0.0000"
"6245.0","15:13:16.180","2223722.0000","1.6074","60567.0000","-0.0500","-0.0050","-1.0000","0.0000","0.0000","0.0000","0.0000","0.0000"
"6246.0","15:13:16.181","2224457.0000","1.6875","60567.0000","-0.0500","-0.0050","-1.0000","0.0000","0.0000","0.0000","0.0000","0.0000"
"6247.0","15:13:16.182","2224392.0000","1.6804","60567.0000","-0.0500","-0.0050","-1.0000","0.0000","0.0000","0.0000","0.0000","0.0000"
"6248.0","15:13:16.183","2224215.0000","1.6611","60567.0000","-0.0500","-0.0050","-1.0000","0.0000","0.0000","0.0000","0.0000","0.0000"
"6249.0","15:13:16.184","2224151.0000","1.6542","60567.0000","-0.0500","-0.0050","-1.0000","0.0000","0.0000","0.0000","0.0000","0.0000"
"6250.0","15:13:16.185","2223370.0000","1.5690","60567.0000","-0.0500","-0.0050","-1.0000","0.0000","0.0000","0.0000","0.0000","0.0000"
"6251.0","15:13:16.186","2223440.0000","1.5766","60567.0000","-0.0500","-0.0050","-1.0000","0.0000","0.0000","0.0000","0.0000","0.0000"
"6252.0","15:13:16.187","2223322.0000","1.5638","60567.0000","-0.0500","-0.0050","-1.0000","0.0000","0.0000","0.0000","0.0000","0.0000"
"6253.0","15:13:16.188","2222969.0000","1.5253","60567.0000","-0.0500","-0.0050","-1.0000","0.0000","0.0000","0.0000","0.0000","0.0000"
"6254.0","15:13:16.189","2222221.0000","1.4438","60567.0000","-0.0500","-0.0050","-1.0000","0.0000","0.0000","0.0000","0.0000","0.0000"
"6255.0","15:13:16.190","2222440.0000","1.4677","60567.0000","-0.0500","-0.0050","-1.0000","0.0000","0.0000","0.0000","0.0000","0.0000"
"6256.0","15:13:16.191","2222379.0000","1.4610","60567.0000","-0.0500","-0.0050","-1.0000","0.0000","0.0000","0.0000","0.0000","0.0000"
"6257.0","15:13:16.192","2222295.0000","1.4518","60567.0000","-0.0500","-0.0050","-1.0000","0.0000","0.0000","0.0000","0.0000","0.0000"
"6258.0","15:13:16.193","2223009.0000","1.5297","60567.0000","-0.0500","-0.0050","-1.0000","0.0000","0.0000","0.0000","0.0000","0.0000"
"6259.0","15:13:16.194","2223427.0000","1.5753","60567.0000","-0.0500","-0.0050","-1.0000","0.0000","0.0000","0.0000","0.0000","0.0000"
"6260.0","15:13:16.195","2222712.0000","1.4973","60567.0000","-0.0500","-0.0050","-1.0000","0.0000","0.0000","0.0000","0.0000","0.0000"
"6261.0","15:13:16.196","2222660.0000","1.4916","60567.0000","-0.0500","-0.0050","-1.0000","0.0000","0.0000","0.0000","0.0000","0.0000"
"6262.0","15:13:16.197","2223288.0000","1.5601","60567.0000","-0.0500","-0.0050","-1.0000","0.0000","0.0000","0.0000","0.0000","0.0000"
"6263.0","15:13:16.198","2222658.0000","1.4914","60567.0000","-0.0500","-0.0050","-1.0000","0.0000","0.0000","0.0000","0.0000","0.0000"
"6264.0","15:13:16.199","2222721.0000","1.4983","60567.0000","-0.0500","-0.0050","-1.0000","0.0000","0.0000","0.0000","0.0000","0.0000"
"6265.0","15:13:16.200","2222259.0000","1.4479","60567.0000","-0.0500","-0.0050","-1.0000","0.0000","0.0000","0.0000","0.0000","0.0000"
"6266.0","15:13:16.201","2222706.0000","1.4966","60567.0000","-0.0500","-0.0050","-1.0000","0.0000","0.0000","0.0000","0.0000","0.0000"
"6267.0","15:13:16.202","2222319.0000","1.4545","60567.0000","-0.0500","-0.0050","-1.0000","0.0000","0.0000","0.0000","0.0000","0.0000"
"6268.0","15:13:16.203","2221802.0000","1.3981","60567.0000","-0.0500","-0.0050","-1.0000","0.0000","0.0000","0.0000","0.0000","0.0000"
"6269.0","15:13:16.204","2223437.0000","1.5763","60567.0000","-0.0500","-0.0050","-1.0000","0.0000","0.0000","0.0000","0.0000","0.0000"
"6270.0","15:13:16.205","2222993.0000","1.5279","60567.0000","-0.0500","-0.0050","-1.0000","0.0000","0.0000","0.0000","0.0000","0.0000"
"6271.0","15:13:16.206","2222913.0000","1.5192","60567.0000","-0.0500","-0.0050","-1.0000","0.0000","0.0000","0.0000","0.0000","0.0000"
"6272.0","15:13:16.207","2222679.0000","1.4937","60567.0000","-0.0500","-0.0050","-1.0000","0.0000","0.0000","0.0000","0.0000","0.0000"
"6273.0","15:13:16.208","2223634.0000","1.5978","60567.0000","-0.0500","-0.0050","-1.0000","0.0000","0.0000","0.0000","0.0000","0.0000"
"6274.0","15:13:16.209","2223733.0000","1.6086","60567.0000","-0.0500","-0.0050","-1.0000","0.0000","0.0000","0.0000","0.0000","0.0000"
"6275.0","15:13:16.210","2222796.0000","1.5065","60567.0000","-0.0500","-0.0050","-1.0000","0.0000","0.0000","0.0000","0.0000","0.0000"
"6276.0","15:13:16.211","2222120.0000","1.4327","60567.0000","-0.0500","-0.0050","-1.0000","0.0000","0.0000","0.0000","0.0000","0.0000"
"6277.0","15:13:16.212","2221468.0000","1.3617","60567.0000","-0.0500","-0.0050","-1.0000","0.0000","0.0000","0.0000","0.0000","0.0000"
"6278.0","15:13:16.213","2221499.0000","1.3651","60567.0000","-0.0500","-0.0050","-1.0000","0.0000","0.0000","0.0000","0.0000","0.0000"
"6279.0","15:13:16.214","2221857.0000","1.4041","60567.0000","-0.0500","-0.0050","-1.0000","0.0000","0.0000","0.0000","0.0000","0.0000"
"6280.0","15:13:16.215","2222530.0000","1.4775","60567.0000","-0.0500","-0.0050","-1.0000","0.0000","0.0000","0.0000","0.0000","0.0000"
"6281.0","15:13:16.216","2222241.0000","1.4459","60567.0000","-0.0500","-0.0050","-1.0000","0.0000","0.0000","0.0000","0.0000","0.0000"
"6282.0","15:13:16.217","2222232.0000","1.4450","60567.0000","-0.0500","-0.0050","-1.0000","0.0000","0.0000","0.0000","0.0000","0.0000"
"6283.0","15:13:16.218","2222097.0000","1.4302","60567.0000","-0.0500","-0.0050","-1.0000","0.0000","0.0000","0.0000","0.0000","0.0000"
"6284.0","15:13:16.219","2222335.0000","1.4562","60567.0000","-0.0500","-0.0050","-1.0000","0.0000","0.0000","0.0000","0.0000","0.0000"
"6285.0","15:13:16.220","2222335.0000","1.4562","60567.0000","-0.0500","-0.0050","-1.0000","0.0000","0.0000","0.0000","0.0000","0.0000"
"6286.0","15:13:16.221","2222224.0000","1.4441","60567.0000","-0.0500","-0.0050","-1.0000","0.0000","0.0000","0.0000","0.0000","0.0000"
"6287.0","15:13:16.222","2221864.0000","1.4049","60567.0000","-0.0500","-0.0050","-1.0000","0.0000","0.0000","0.0000","0.0000","0.0000"
"6288.0","15:13:16.223","2222586.0000","1.4836","60567.0000","-0.0500","-0.0050","-1.0000","0.0000","0.0000","0.0000","0.0000","0.0000"
"6289.0","15:13:16.224","2221972.0000","1.4166","60567.0000","-0.0500","-0.0050","-1.0000","0.0000","0.0000","0.0000","0.0000","0.0000"
"6290.0","15:13:16.225","2221070.0000","1.3183","60567.0000","-0.0500","-0.0050","-1.0000","0.0000","0.0000","0.0000","0.0000","0.0000"
"6291.0","15:13:16.226","2221141.0000","1.3260","60567.0000","-0.0500","-0.0050","-1.0000","0.0000","0.0000","0.0000","0.0000","0.0000"
"6292.0","15:13:16.227","2220753.0000","1.2837","60567.0000","-0.0500","-0.0050","-1.0000","0.0000","0.0000","0.0000","0.0000","0.0000"
"6293.0","15:13:16.228","2221026.0000","1.3135","60567.0000","-0.0500","-0.0050","-1.0000","0.0000","0.0000","0.0000","0.0000","0.0000"
"6294.0","15:13:16.229","2220936.0000","1.3037","60567.0000","-0.0500","-0.0050","-1.0000","0.0000","0.0000","0.0000","0.0000","0.0000"
"6295.0","15:13:16.230","2221946.0000","1.4138","60567.0000","-0.0500","-0.0050","-1.0000","0.0000","0.0000","0.0000","0.0000","0.0000"
"6296.0","15:13:16.231","2222468.0000","1.4707","60567.0000","-0.0500","-0.0050","-1.0000","0.0000","0.0000","0.0000","0.0000","0.0000"
"6297.0","15:13:16.232","2223035.0000","1.5325","60567.0000","-0.0500","-0.0050","-1.0000","0.0000","0.0000","0.0000","0.0000","0.0000"
"6298.0","15:13:16.233","2223085.0000","1.5380","60557.0000","-0.0500","-0.0050","-1.0000","0.0000","0.0000","0.0000","0.0000","0.0000"
"6299.0","15:13:16.234","2222874.0000","1.5150","60557.0000","-0.0500","-0.0050","-1.0000","0.0000","0.0000","0.0000","0.0000","0.0000"
"6300.0","15:13:16.235","2224064.0000","1.6447","60557.0000","-0.0500","-0.0050","-1.0000","0.0000","0.0000","0.0000","0.0000","0.0000"
"6301.0","15:13:16.236","2223839.0000","1.6201","60557.0000","-0.0500","-0.0050","-1.0000","0.0000","0.0000","0.0000","0.0000","0.0000"
"6302.0","15:13:16.237","2224784.0000","1.7232","60557.0000","-0.0500","-0.0050","-1.0000","0.0000","0.0000","0.0000","0.0000","0.0000"
"6303.0","15:13:16.238","2225146.0000","1.7627","60557.0000","-0.0500","-0.0050","-1.0000","0.0000","0.0000","0.0000","0.0000","0.0000"
"6304.0","15:13:16.239","2225354.0000","1.7853","60557.0000","-0.0500","-0.0050","-1.0000","0.0000","0.0000","0.0000","0.0000","0.0000"
"6305.0","15:13:16.240","2225647.0000","1.8172","60557.0000","-0.0500","-0.0050","-1.0000","0.0000","0.0000","0.0000","0.0000","0.0000"
"6306.0","15:13:16.241","2225654.0000","1.8180","60557.0000","-0.0500","-0.0050","-1.0000","0.0000","0.0000","0.0000","0.0000","0.0000"
"6307.0","15:13:16.242","2225693.0000","1.8223","60557.0000","-0.0500","-0.0050","-1.0000","0.0000","0.0000","0.0000","0.0000","0.0000"
"6308.0","15:13:16.243","2224364.0000","1.6774","60557.0000","-0.0500","-0.0050","-1.0000","0.0000","0.0000","0.0000","0.0000","0.0000"
"6309.0","15:13:16.244","2224036.0000","1.6416","60557.0000","-0.0500","-0.0050","-1.0000","0.0000","0.0000","0.0000","0.0000","0.0000"
"6310.0","15:13:16.245","2224626.0000","1.7060","60557.0000","-0.0500","-0.0050","-1.0000","0.0000","0.0000","0.0000","0.0000","0.0000"
"6311.0","15:13:16.246","2223665.0000","1.6012","60557.0000","-0.0500","-0.0050","-1.0000","0.0000","0.0000","0.0000","0.0000","0.0000"
"6312.0","15:13:16.247","2223821.0000","1.6182","60557.0000","-0.0500","-0.0050","-1.0000","0.0000","0.0000","0.0000","0.0000","0.0000"
"6313.0","15:13:16.248","2224300.0000","1.6704","60557.0000","-0.0500","-0.0050","-1.0000","0.0000","0.0000","0.0000","0.0000","0.0000"
"6314.0","15:13:16.249","2223688.0000","1.6037","60557.0000","-0.0500","-0.0050","-1.0000","0.0000","0.0000","0.0000","0.0000","0.0000"
"6315.0","15:13:16.250","2224156.0000","1.6547","60557.0000","-0.0500","-0.0050","-1.0000","0.0000","0.0000","0.0000","0.0000","0.0000"
"6316.0","15:13:16.251","2223330.0000","1.5647","60557.0000","-0.0500","-0.0050","-1.0000","0.0000","0.0000","0.0000","0.0000","0.0000"
"6317.0","15:13:16.252","2223156.0000","1.5457","60557.0000","-0.0500","-0.0050","-1.0000","0.0000","0.0000","0.0000","0.0000","0.0000"
"6318.0","15:13:16.253","2224032.0000","1.6412","60557.0000","-0.0500","-0.0050","-1.0000","0.0000","0.0000","0.0000","0.0000","0.0000"
"6319.0","15:13:16.254","2224208.0000","1.6604","60557.0000","-0.0500","-0.0050","-1.0000","0.0000","0.0000","0.0000","0.0000","0.0000"
"6320.0","15:13:16.255","2224113.0000","1.6501","60557.0000","-0.0500","-0.0050","-1.0000","0.0000","0.0000","0.0000","0.0000","0.0000"
"6321.0","15:13:16.256","2224486.0000","1.6907","60557.0000","-0.0500","-0.0050","-1.0000","0.0000","0.0000","0.0000","0.0000","0.0000"
"6322.0","15:13:16.257","2224439.0000","1.6856","60557.0000","-0.0500","-0.0050","-1.0000","0.0000","0.0000","0.0000","0.0000","0.0000"
"6323.0","15:13:16.258","2223980.0000","1.6355","60557.0000","-0.0500","-0.0050","-1.0000","0.0000","0.0000","0.0000","0.0000","0.0000"
"6324.0","15:13:16.259","2223937.0000","1.6308","60557.0000","-0.0500","-0.0050","-1.0000","0.0000","0.0000","0.0000","0.0000","0.0000"
"6325.0","15:13:16.260","2223053.0000","1.5345","60557.0000","-0.0500","-0.0050","-1.0000","0.0000","0.0000","0.0000","0.0000","0.0000"
"6326.0","15:13:16.261","2222966.0000","1.5250","60557.0000","-0.0500","-0.0050","-1.0000","0.0000","0.0000","0.0000","0.0000","0.0000"
"6327.0","15:13:16.262","2222804.0000","1.5073","60557.0000","-0.0500","-0.0050","-1.0000","0.0000","0.0000","0.0000","0.0000","0.0000"
"6328.0","15:13:16.263","2223129.0000","1.5428","60557.0000","-0.0500","-0.0050","-1.0000","0.0000","0.0000","0.0000","0.0000","0.0000"
"6329.0","15:13:16.264","2222505.0000","1.4747","60557.0000","-0.0500","-0.0050","-1.0000","0.0000","0.0000","0.0000","0.0000","0.0000"
"6330.0","15:13:16.265","2222567.0000","1.4815","60557.0000","-0.0500","-0.0050","-1.0000","0.0000","0.0000","0.0000","0.0000","0.0000"
"6331.0","15:13:16.266","2222320.0000","1.4546","60557.0000","-0.0500","-0.0050","-1.0000","0.0000","0.0000","0.0000","0.0000","0.0000"
"6332.0","15:13:16.267","2222320.0000","1.4546","60557.0000","-0.0500","-0.0050","-1.0000","0.0000","0.0000","0.0000","0.0000","0.0000"
"6333.0","15:13:16.268","2222646.0000","1.4901","60557.0000","-0.0500","-0.0050","-1.0000","0.0000","0.0000","0.0000","0.0000","0.0000"
"6334.0","15:13:16.269","2221573.0000","1.3731","60557.0000","-0.0500","-0.0050","-1.0000","0.0000","0.0000","0.0000","0.0000","0.0000"
"6335.0","15:13:16.270","2222045.0000","1.4246","60557.0000","-0.0500","-0.0050","-1.0000","0.0000","0.0000","0.0000","0.0000","0.0000"
"6336.0","15:13:16.271","2222250.0000","1.4469","60557.0000","-0.0500","-0.0050","-1.0000","0.0000","0.0000","0.0000","0.0000","0.0000"
"6337.0","15:13:16.272","2221140.0000","1.3259","60557.0000","-0.0500","-0.0050","-1.0000","0.0000","0.0000","0.0000","0.0000","0.0000"
"6338.0","15:13:16.273","2221755.0000","1.3930","60557.0000","-0.0500","-0.0050","-1.0000","0.0000","0.0000","0.0000","0.0000","0.0000"
"6339.0","15:13:16.274","2221848.0000","1.4031","60557.0000","-0.0500","-0.0050","-1.0000","0.0000","0.0000","0.0000","0.0000","0.0000"
"6340.0","15:13:16.275","2221364.0000","1.3504","60557.0000","-0.0500","-0.0050","-1.0000","0.0000","0.0000","0.0000","0.0000","0.0000"
"6341.0","15:13:16.276","2220523.0000","1.2587","60557.0000","-0.0500","-0.0050","-1.0000","0.0000","0.0000","0.0000","0.0000","0.0000"
"6342.0","15:13:16.277","2220237.0000","1.2275","60557.0000","-0.0500","-0.0050","-1.0000","0.0000","0.0000","0.0000","0.0000","0.0000"
"6343.0","15:13:16.278","2220873.0000","1.2968","60557.0000","-0.0500","-0.0050","-1.0000","0.0000","0.0000","0.0000","0.0000","0.0000"
"6344.0","15:13:16.279","2220576.0000","1.2644","60557.0000","-0.0500","-0.0050","-1.0000","0.0000","0.0000","0.0000","0.0000","0.0000"
"6345.0","15:13:16.280","2220860.0000","1.2954","60557.0000","-0.0500","-0.0050","-1.0000","0.0000","0.0000","0.0000","0.0000","0.0000"
"6346.0","15:13:16.281","2220488.0000","1.2548","60557.0000","-0.0500","-0.0050","-1.0000","0.0000","0.0000","0.0000","0.0000","0.0000"
"6347.0","15:13:16.282","2220833.0000","1.2925","60557.0000","-0.0500","-0.0050","-1.0000","0.0000","0.0000","0.0000","0.0000","0.0000"
"6348.0","15:13:16.283","2220447.0000","1.2504","60557.0000","-0.0500","-0.0050","-1.0000","0.0000","0.0000","0.0000","0.0000","0.0000"
"6349.0","15:13:16.284","2221028.0000","1.3137","60557.0000","-0.0500","-0.0050","-1.0000","0.0000","0.0000","0.0000","0.0000","0.0000"
"6350.0","15:13:16.285","2221566.0000","1.3724","60557.0000","-0.0500","-0.0050","-1.0000","0.0000","0.0000","0.0000","0.0000","0.0000"
"6351.0","15:13:16.286","2220695.0000","1.2774","60557.0000","-0.0500","-0.0050","-1.0000","0.0000","0.0000","0.0000","0.0000","0.0000"
"6352.0","15:13:16.287","2221651.0000","1.3816","60557.0000","-0.0500","-0.0050","-1.0000","0.0000","0.0000","0.0000","0.0000","0.0000"
"6353.0","15:13:16.288","2222475.0000","1.4715","60557.0000","-0.0500","-0.0050","-1.0000","0.0000","0.0000","0.0000","0.0000","0.0000"
"6354.0","15:13:16.289","2222962.0000","1.5246","60557.0000","-0.0500","-0.0050","-1.0000","0.0000","0.0000","0.0000","0.0000","0.0000"
"6355.0","15:13:16.290","2222237.0000","1.4455","60557.0000","-0.0500","-0.0050","-1.0000","0.0000","0.0000","0.0000","0.0000","0.0000"
"6356.0","15:13:16.291","2222854.0000","1.5128","60557.0000","-0.0500","-0.0050","-1.0000","0.0000","0.0000","0.0000","0.0000","0.0000"
"6357.0","15:13:16.292","2222975.0000","1.5260","60557.0000","-0.0500","-0.0050","-1.0000","0.0000","0.0000","0.0000","0.0000","0.0000"
"6358.0","15:13:16.293","2221709.0000","1.3880","60560.0000","-0.0500","-0.0050","-1.0000","0.0000","0.0000","0.0000","0.0000","0.0000"
"6359.0","15:13:16.294","2222468.0000","1.4707","60560.0000","-0.0500","-0.0050","-1.0000","0.0000","0.0000","0.0000","0.0000","0.0000"
"6360.0","15:13:16.295","2222368.0000","1.4598","60560.0000","-0.0500","-0.0050","-1.0000","0.0000","0.0000","0.0000","0.0000","0.0000"
"6361.0","15:13:16.296","2223218.0000","1.5525","60560.0000","-0.0500","-0.0050","-1.0000","0.0000","0.0000","0.0000","0.0000","0.0000"
"6362.0","15:13:16.297","2223070.0000","1.5363","60560.0000","-0.0500","-0.0050","-1.0000","0.0000","0.0000","0.0000","0.0000","0.0000"
"6363.0","15:13:16.298","2222842.0000","1.5115","60560.0000","-0.0500","-0.0050","-1.0000","0.0000","0.0000","0.0000","0.0000","0.0000"
"6364.0","15:13:16.299","2223149.0000","1.5450","60560.0000","-0.0500","-0.0050","-1.0000","0.0000","0.0000","0.0000","0.0000","0.0000"
"6365.0","15:13:16.300","2222491.0000","1.4732","60560.0000","-0.0500","-0.0050","-1.0000","0.0000","0.0000","0.0000","0.0000","0.0000"
"6366.0","15:13:16.301","2223075.0000","1.5369","60560.0000","-0.0500","-0.0050","-1.0000","0.0000","0.0000","0.0000","0.0000","0.0000"
"6367.0","15:13:16.302","2222360.0000","1.4589","60560.0000","-0.0500","-0.0050","-1.0000","0.0000","0.0000","0.0000","0.0000","0.0000"
"6368.0","15:13:16.303","2222668.0000","1.4925","60560.0000","-0.0500","-0.0050","-1.0000","0.0000","0.0000","0.0000","0.0000","0.0000"
"6369.0","15:13:16.304","2222528.0000","1.4772","60560.0000","-0.0500","-0.0050","-1.0000","0.0000","0.0000","0.0000","0.0000","0.0000"
"6370.0","15:13:16.305","2222262.0000","1.4483","60560.0000","-0.0500","-0.0050","-1.0000","0.0000","0.0000","0.0000","0.0000","0.0000"
"6371.0","15:13:16.306","2222176.0000","1.4389","60560.0000","-0.0500","-0.0050","-1.0000","0.0000","0.0000","0.0000","0.0000","0.0000"
"6372.0","15:13:16.307","2221689.0000","1.3858","60560.0000","-0.0500","-0.0050","-1.0000","0.0000","0.0000","0.0000","0.0000","0.0000"
"6373.0","15:13:16.308","2221921.0000","1.4111","60560.0000","-0.0500","-0.0050","-1.0000","0.0000","0.0000","0.0000","0.0000","0.0000"
"6374.0","15:13:16.309","2221963.0000","1.4156","60560.0000","-0.0500","-0.0050","-1.0000","0.0000","0.0000","0.0000","0.0000","0.0000"
"6375.0","15:13:16.310","2222830.0000","1.5102","60560.0000","-0.0500","-0.0050","-1.0000","0.0000","0.0000","0.0000","0.0000","0.0000"
"6376.0","15:13:16.311","2222009.0000","1.4207","60560.0000","-0.0500","-0.0050","-1.0000","0.0000","0.0000","0.0000","0.0000","0.0000"
"6377.0","15:13:16.312","2220998.0000","1.3104","60560.0000","-0.0500","-0.0050","-1.0000","0.0000","0.0000","0.0000","0.0000","0.0000"
"6378.0","15:13:16.313","2220998.0000","1.3104","60560.0000","-0.0500","-0.0050","-1.0000","0.0000","0.0000","0.0000","0.0000","0.0000"
"6379.0","15:13:16.314","2222126.0000","1.4334","60560.0000","-0.0500","-0.0050","-1.0000","0.0000","0.0000","0.0000","0.0000","0.0000"
"6380.0","15:13:16.315","2221775.0000","1.3952","60560.0000","-0.0500","-0.0050","-1.0000","0.0000","0.0000","0.0000","0.0000","0.0000"
"6381.0","15:13:16.316","2222145.0000","1.4355","60560.0000","-0.0500","-0.0050","-1.0000","0.0000","0.0000","0.0000","0.0000","0.0000"
"6382.0","15:13:16.317","2221832.0000","1.4014","60560.0000","-0.0500","-0.0050","-1.0000","0.0000","0.0000","0.0000","0.0000","0.0000"
"6383.0","15:13:16.318","2222407.0000","1.4640","60560.0000","-0.0500","-0.0050","-1.0000","0.0000","0.0000","0.0000","0.0000","0.0000"
"6384.0","15:13:16.319","2221634.0000","1.3798","60560.0000","-0.0500","-0.0050","-1.0000","0.0000","0.0000","0.0000","0.0000","0.0000"
"6385.0","15:13:16.320","2221687.0000","1.3855","60560.0000","-0.0500","-0.0050","-1.0000","0.0000","0.0000","0.0000","0.0000","0.0000"
"6386.0","15:13:16.321","2222245.0000","1.4464","60560.0000","-0.0500","-0.0050","-1.0000","0.0000","0.0000","0.0000","0.0000","0.0000"
"6387.0","15:13:16.322","2222501.0000","1.4743","60560.0000","-0.0500","-0.0050","-1.0000","0.0000","0.0000","0.0000","0.0000","0.0000"
"6388.0","15:13:16.323","2222997.0000","1.5284","60560.0000","-0.0500","-0.0050","-1.0000","0.0000","0.0000","0.0000","0.0000","0.0000"
"6389.0","15:13:16.324","2223240.0000","1.5549","60560.0000","-0.0500","-0.0050","-1.0000","0.0000","0.0000","0.0000","0.0000","0.0000"
"6390.0","15:13:16.325","2222735.0000","1.4998","60560.0000","-0.0500","-0.0050","-1.0000","0.0000","0.0000","0.0000","0.0000","0.0000"
"6391.0","15:13:16.326","2222728.0000","1.4990","60560.0000","-0.0500","-0.0050","-1.0000","0.0000","0.0000","0.0000","0.0000","0.0000"
"6392.0","15:13:16.327","2221415.0000","1.3559","60560.0000","-0.0500","-0.0050","-1.0000","0.0000","0.0000","0.0000","0.0000","0.0000"
"6393.0","15:13:16.328","2220670.0000","1.2747","60560.0000","-0.0500","-0.0050","-1.0000","0.0000","0.0000","0.0000","0.0000","0.0000"
"6394.0","15:13:16.329","2220558.0000","1.2625","60560.0000","-0.0500","-0.0050","-1.0000","0.0000","0.0000","0.0000","0.0000","0.0000"
"6395.0","15:13:16.330","2221111.0000","1.3228","60560.0000","-0.0500","-0.0050","-1.0000","0.0000","0.0000","0.0000","0.0000","0.0000"
"6396.0","15:13:16.331","2220367.0000","1.2416","60560.0000","-0.0500","-0.0050","-1.0000","0.0000","0.0000","0.0000","0.0000","0.0000"
"6397.0","15:13:16.332","2221008.0000","1.3115","60560.0000","-0.0500","-0.0050","-1.0000","0.0000","0.0000","0.0000","0.0000","0.0000"
"6398.0","15:13:16.333","2221774.0000","1.3950","60560.0000","-0.0500","-0.0050","-1.0000","0.0000","0.0000","0.0000","0.0000","0.0000"
"6399.0","15:13:16.334","2221366.0000","1.3505","60560.0000","-0.0500","-0.0050","-1.0000","0.0000","0.0000","0.0000","0.0000","0.0000"
"6400.0","15:13:16.335","2221596.0000","1.3756","60560.0000","-0.0500","-0.0050","-1.0000","0.0000","0.0000","0.0000","0.0000","0.0000"
"6401.0","15:13:16.336","2223319.0000","1.5635","60560.0000","-0.0500","-0.0050","-1.0000","0.0000","0.0000","0.0000","0.0000","0.0000"
"6402.0","15:13:16.337","2224264.0000","1.6665","60560.0000","-0.0500","-0.0050","-1.0000","0.0000","0.0000","0.0000","0.0000","0.0000"
"6403.0","15:13:16.338","2225641.0000","1.8166","60560.0000","-0.0500","-0.0050","-1.0000","0.0000","0.0000","0.0000","0.0000","0.0000"
"6404.0","15:13:16.339","2225389.0000","1.7891","60560.0000","-0.0500","-0.0050","-1.0000","0.0000","0.0000","0.0000","0.0000","0.0000"
"6405.0","15:13:16.340","2225439.0000","1.7946","60560.0000","-0.0500","-0.0050","-1.0000","0.0000","0.0000","0.0000","0.0000","0.0000"
"6406.0","15:13:16.341","2225910.0000","1.8459","60560.0000","-0.0500","-0.0050","-1.0000","0.0000","0.0000","0.0000","0.0000","0.0000"
"6407.0","15:13:16.342","2225385.0000","1.7887","60560.0000","-0.0500","-0.0050","-1.0000","0.0000","0.0000","0.0000","0.0000","0.0000"
"6408.0","15:13:16.343","2225098.0000","1.7574","60560.0000","-0.0500","-0.0050","-1.0000","0.0000","0.0000","0.0000","0.0000","0.0000"
"6409.0","15:13:16.344","2225850.0000","1.8394","60560.0000","-0.0500","-0.0050","-1.0000","0.0000","0.0000","0.0000","0.0000","0.0000"
"6410.0","15:13:16.345","2225197.0000","1.7682","60560.0000","-0.0500","-0.0050","-1.0000","0.0000","0.0000","0.0000","0.0000","0.0000"
"6411.0","15:13:16.346","2224764.0000","1.7210","60560.0000","-0.0500","-0.0050","-1.0000","0.0000","0.0000","0.0000","0.0000","0.0000"
"6412.0","15:13:16.347","2225356.0000","1.7855","60560.0000","-0.0500","-0.0050","-1.0000","0.0000","0.0000","0.0000","0.0000","0.0000"
"6413.0","15:13:16.348","2225007.0000","1.7475","60560.0000","-0.0500","-0.0050","-1.0000","0.0000","0.0000","0.0000","0.0000","0.0000"
"6414.0","15:13:16.349","2225204.0000","1.7690","60560.0000","-0.0500","-0.0050","-1.0000","0.0000","0.0000","0.0000","0.0000","0.0000"
"6415.0","15:13:16.350","2225224.0000","1.7712","60560.0000","-0.0500","-0.0050","-1.0000","0.0000","0.0000","0.0000","0.0000","0.0000"
"6416.0","15:13:16.351","2223597.0000","1.5938","60560.0000","-0.0500","-0.0050","-1.0000","0.0000","0.0000","0.0000","0.0000","0.0000"
"6417.0","15:13:16.352","2224741.0000","1.7185","60560.0000","-0.0500","-0.0050","-1.0000","0.0000","0.0000","0.0000","0.0000","0.0000"
"6418.0","15:13:16.353","2225658.0000","1.8184","60556.0000","-0.0500","-0.0050","-1.0000","0.0000","0.0000","0.0000","0.0000","0.0000"
"6419.0","15:13:16.354","2224964.0000","1.7428","60556.0000","-0.0500","-0.0050","-1.0000","0.0000","0.0000","0.0000","0.0000","0.0000"
"6420.0","15:13:16.355","2224930.0000","1.7391","60556.0000","-0.0500","-0.0050","-1.0000","0.0000","0.0000","0.0000","0.0000","0.0000"
"6421.0","15:13:16.356","2224354.0000","1.6763","60556.0000","-0.0500","-0.0050","-1.0000","0.0000","0.0000","0.0000","0.0000","0.0000"
"6422.0","15:13:16.357","2224874.0000","1.7330","60556.0000","-0.0500","-0.0050","-1.0000","0.0000","0.0000","0.0000","0.0000","0.0000"
"6423.0","15:13:16.358","2223937.0000","1.6308","60556.0000","-0.0500","-0.0050","-1.0000","0.0000","0.0000","0.0000","0.0000","0.0000"
"6424.0","15:13:16.359","2223803.0000","1.6163","60556.0000","-0.0500","-0.0050","-1.0000","0.0000","0.0000","0.0000","0.0000","0.0000"
"6425.0","15:13:16.360","2223803.0000","1.6163","60556.0000","-0.0500","-0.0050","-1.0000","0.0000","0.0000","0.0000","0.0000","0.0000"
"6426.0","15:13:16.361","2222196.0000","1.4411","60556.0000","-0.0500","-0.0050","-1.0000","0.0000","0.0000","0.0000","0.0000","0.0000"
"6427.0","15:13:16.362","2222127.0000","1.4335","60556.0000","-0.0500","-0.0050","-1.0000","0.0000","0.0000","0.0000","0.0000","0.0000"
"6428.0","15:13:16.363","2221926.0000","1.4116","60556.0000","-0.0500","-0.0050","-1.0000","0.0000","0.0000","0.0000","0.0000","0.0000"
"6429.0","15:13:16.364","2221365.0000","1.3504","60556.0000","-0.0500","-0.0050","-1.0000","0.0000","0.0000","0.0000","0.0000","0.0000"
"6430.0","15:13:16.365","2220804.0000","1.2893","60556.0000","-0.0500","-0.0050","-1.0000","0.0000","0.0000","0.0000","0.0000","0.0000"
"6431.0","15:13:16.366","2221204.0000","1.3329","60556.0000","-0.0500","-0.0050","-1.0000","0.0000","0.0000","0.0000","0.0000","0.0000"
"6432.0","15:13:16.367","2220925.0000","1.3025","60556.0000","-0.0500","-0.0050","-1.0000","0.0000","0.0000","0.0000","0.0000","0.0000"
"6433.0","15:13:16.368","2220638.0000","1.2712","60556.0000","-0.0500","-0.0050","-1.0000","0.0000","0.0000","0.0000","0.0000","0.0000"
"6434.0","15:13:16.369","2220359.0000","1.2408","60556.0000","-0.0500","-0.0050","-1.0000","0.0000","0.0000","0.0000","0.0000","0.0000"
"6435.0","15:13:16.370","2220166.0000","1.2197","60556.0000","-0.0500","-0.0050","-1.0000","0.0000","0.0000","0.0000","0.0000","0.0000"
"6436.0","15:13:16.371","2220378.0000","1.2428","60556.0000","-0.0500","-0.0050","-1.0000","0.0000","0.0000","0.0000","0.0000","0.0000"
"6437.0","15:13:16.372","2220475.0000","1.2534","60556.0000","-0.0500","-0.0050","-1.0000","0.0000","0.0000","0.0000","0.0000","0.0000"
"6438.0","15:13:16.373","2220468.0000","1.2527","60556.0000","-0.0500","-0.0050","-1.0000","0.0000","0.0000","0.0000","0.0000","0.0000"
"6439.0","15:13:16.374","2221468.0000","1.3617","60556.0000","-0.0500","-0.0050","-1.0000","0.0000","0.0000","0.0000","0.0000","0.0000"
"6440.0","15:13:16.375","2222394.0000","1.4626","60556.0000","-0.0500","-0.0050","-1.0000","0.0000","0.0000","0.0000","0.0000","0.0000"
"6441.0","15:13:16.376","2222284.0000","1.4506","60556.0000","-0.0500","-0.0050","-1.0000","0.0000","0.0000","0.0000","0.0000","0.0000"
"6442.0","15:13:16.377","2221806.0000","1.3985","60556.0000","-0.0500","-0.0050","-1.0000","0.0000","0.0000","0.0000","0.0000","0.0000"
"6443.0","15:13:16.378","2222290.0000","1.4513","60556.0000","-0.0500","-0.0050","-1.0000","0.0000","0.0000","0.0000","0.0000","0.0000"
"6444.0","15:13:16.379","2222102.0000","1.4308","60556.0000","-0.0500","-0.0050","-1.0000","0.0000","0.0000","0.0000","0.0000","0.0000"
"6445.0","15:13:16.380","2222644.0000","1.4899","60556.0000","-0.0500","-0.0050","-1.0000","0.0000","0.0000","0.0000","0.0000","0.0000"
"6446.0","15:13:16.381","2223733.0000","1.6086","60556.0000","-0.0500","-0.0050","-1.0000","0.0000","0.0000","0.0000","0.0000","0.0000"
"6447.0","15:13:16.382","2223681.0000","1.6029","60556.0000","-0.0500","-0.0050","-1.0000","0.0000","0.0000","0.0000","0.0000","0.0000"
"6448.0","15:13:16.383","2223730.0000","1.6083","60556.0000","-0.0500","-0.0050","-1.0000","0.0000","0.0000","0.0000","0.0000","0.0000"
"6449.0","15:13:16.384","2223621.0000","1.5964","60556.0000","-0.0500","-0.0050","-1.0000","0.0000","0.0000","0.0000","0.0000","0.0000"
"6450.0","15:13:16.385","2223654.0000","1.6000","60556.0000","-0.0500","-0.0050","-1.0000","0.0000","0.0000","0.0000","0.0000","0.0000"
"6451.0","15:13:16.386","2224228.0000","1.6626","60556.0000","-0.0500","-0.0050","-1.0000","0.0000","0.0000","0.0000","0.0000","0.0000"
"6452.0","15:13:16.387","2224303.0000","1.6707","60556.0000","-0.0500","-0.0050","-1.0000","0.0000","0.0000","0.0000","0.0000","0.0000"
"6453.0","15:13:16.388","2224198.0000","1.6593","60556.0000","-0.0500","-0.0050","-1.0000","0.0000","0.0000","0.0000","0.0000","0.0000"
"6454.0","15:13:16.389","2224143.0000","1.6533","60556.0000","-0.0500","-0.0050","-1.0000","0.0000","0.0000","0.0000","0.0000","0.0000"
"6455.0","15:13:16.390","2223926.0000","1.6296","60556.0000","-0.0500","-0.0050","-1.0000","0.0000","0.0000","0.0000","0.0000","0.0000"
"6456.0","15:13:16.391","2224184.0000","1.6578","60556.0000","-0.0500","-0.0050","-1.0000","0.0000","0.0000","0.0000","0.0000","0.0000"
"6457.0","15:13:16.392","2224527.0000","1.6952","60556.0000","-0.0500","-0.0050","-1.0000","0.0000","0.0000","0.0000","0.0000","0.0000"
"6458.0","15:13:16.393","2223832.0000","1.6194","60556.0000","-0.0500","-0.0050","-1.0000","0.0000","0.0000","0.0000","0.0000","0.0000"
"6459.0","15:13:16.394","2223644.0000","1.5989","60556.0000","-0.0500","-0.0050","-1.0000","0.0000","0.0000","0.0000","0.0000","0.0000"
"6460.0","15:13:16.395","2223758.0000","1.6113","60556.0000","-0.0500","-0.0050","-1.0000","0.0000","0.0000","0.0000","0.0000","0.0000"
"6461.0","15:13:16.396","2223696.0000","1.6046","60556.0000","-0.0500","-0.0050","-1.0000","0.0000","0.0000","0.0000","0.0000","0.0000"
"6462.0","15:13:16.397","2224313.0000","1.6718","60556.0000","-0.0500","-0.0050","-1.0000","0.0000","0.0000","0.0000","0.0000","0.0000"
"6463.0","15:13:16.398","2224490.0000","1.6911","60556.0000","-0.0500","-0.0050","-1.0000","0.0000","0.0000","0.0000","0.0000","0.0000"
"6464.0","15:13:16.399","2224262.0000","1.6663","60556.0000","-0.0500","-0.0050","-1.0000","0.0000","0.0000","0.0000","0.0000","0.0000"
"6465.0","15:13:16.400","2223768.0000","1.6124","60556.0000","-0.0500","-0.0050","-1.0000","0.0000","0.0000","0.0000","0.0000","0.0000"
"6466.0","15:13:16.401","2224200.0000","1.6595","60556.0000","-0.0500","-0.0050","-1.0000","0.0000","0.0000","0.0000","0.0000","0.0000"
"6467.0","15:13:16.402","2223722.0000","1.6074","60556.0000","-0.0500","-0.0050","-1.0000","0.0000","0.0000","0.0000","0.0000","0.0000"
"6468.0","15:13:16.403","2224049.0000","1.6430","60556.0000","-0.0500","-0.0050","-1.0000","0.0000","0.0000","0.0000","0.0000","0.0000"
"6469.0","15:13:16.404","2223927.0000","1.6298","60556.0000","-0.0500","-0.0050","-1.0000","0.0000","0.0000","0.0000","0.0000","0.0000"
"6470.0","15:13:16.405","2223755.0000","1.6110","60556.0000","-0.0500","-0.0050","-1.0000","0.0000","0.0000","0.0000","0.0000","0.0000"
"6471.0","15:13:16.406","2224330.0000","1.6737","60556.0000","-0.0500","-0.0050","-1.0000","0.0000","0.0000","0.0000","0.0000","0.0000"
"6472.0","15:13:16.407","2224330.0000","1.6737","60556.0000","-0.0500","-0.0050","-1.0000","0.0000","0.0000","0.0000","0.0000","0.0000"
"6473.0","15:13:16.408","2224433.0000","1.6849","60556.0000","-0.0500","-0.0050","-1.0000","0.0000","0.0000","0.0000","0.0000","0.0000"
"6474.0","15:13:16.409","2223746.0000","1.6100","60556.0000","-0.0500","-0.0050","-1.0000","0.0000","0.0000","0.0000","0.0000","0.0000"
"6475.0","15:13:16.410","2223634.0000","1.5978","60556.0000","-0.0500","-0.0050","-1.0000","0.0000","0.0000","0.0000","0.0000","0.0000"
"6476.0","15:13:16.411","2223292.0000","1.5605","60556.0000","-0.0500","-0.0050","-1.0000","0.0000","0.0000","0.0000","0.0000","0.0000"
"6477.0","15:13:16.412","2223091.0000","1.5386","60556.0000","-0.0500","-0.0050","-1.0000","0.0000","0.0000","0.0000","0.0000","0.0000"
"6478.0","15:13:16.413","2224006.0000","1.6384","60556.0000","-0.0500","-0.0050","-1.0000","0.0000","0.0000","0.0000","0.0000","0.0000"
"6479.0","15:13:16.414","2223758.0000","1.6113","60551.0000","-0.0500","-0.0050","-1.0000","0.0000","0.0000","0.0000","0.0000","0.0000"
"6480.0","15:13:16.415","2223611.0000","1.5953","60551.0000","-0.0500","-0.0050","-1.0000","0.0000","0.0000","0.0000","0.0000","0.0000"
"6481.0","15:13:16.416","2223463.0000","1.5792","60551.0000","-0.0500","-0.0050","-1.0000","0.0000","0.0000","0.0000","0.0000","0.0000"
"6482.0","15:13:16.417","2223428.0000","1.5754","60551.0000","-0.0500","-0.0050","-1.0000","0.0000","0.0000","0.0000","0.0000","0.0000"
"6483.0","15:13:16.418","2223479.0000","1.5809","60551.0000","-0.0500","-0.0050","-1.0000","0.0000","0.0000","0.0000","0.0000","0.0000"
"6484.0","15:13:16.419","2224132.0000","1.6521","60551.0000","-0.0500","-0.0050","-1.0000","0.0000","0.0000","0.0000","0.0000","0.0000"
"6485.0","15:13:16.420","2224365.0000","1.6775","60551.0000","-0.0500","-0.0050","-1.0000","0.0000","0.0000","0.0000","0.0000","0.0000"
"6486.0","15:13:16.421","2223340.0000","1.5657","60551.0000","-0.0500","-0.0050","-1.0000","0.0000","0.0000","0.0000","0.0000","0.0000"
"6487.0","15:13:16.422","2223091.0000","1.5386","60551.0000","-0.0500","-0.0050","-1.0000","0.0000","0.0000","0.0000","0.0000","0.0000"
"6488.0","15:13:16.423","2221519.0000","1.3673","60551.0000","-0.0500","-0.0050","-1.0000","0.0000","0.0000","0.0000","0.0000","0.0000"
"6489.0","15:13:16.424","2220129.0000","1.2157","60551.0000","-0.0500","-0.0050","-1.0000","0.0000","0.0000","0.0000","0.0000","0.0000"
"6490.0","15:13:16.425","2220912.0000","1.3011","60551.0000","-0.0500","-0.0050","-1.0000","0.0000","0.0000","0.0000","0.0000","0.0000"
"6491.0","15:13:16.426","2218912.0000","1.0830","60551.0000","-0.0500","-0.0050","-1.0000","0.0000","0.0000","0.0000","0.0000","0.0000"
"6492.0","15:13:16.427","2218453.0000","1.0330","60551.0000","-0.0500","-0.0050","-1.0000","0.0000","0.0000","0.0000","0.0000","0.0000"
"6493.0","15:13:16.428","2218034.0000","0.9873","60551.0000","-0.0500","-0.0050","-1.0000","0.0000","0.0000","0.0000","0.0000","0.0000"
"6494.0","15:13:16.429","2217838.0000","0.9660","60551.0000","-0.0500","-0.0050","-1.0000","0.0000","0.0000","0.0000","0.0000","0.0000"
"6495.0","15:13:16.430","2218314.0000","1.0179","60551.0000","-0.0500","-0.0050","-1.0000","0.0000","0.0000","0.0000","0.0000","0.0000"
"6496.0","15:13:16.431","2218282.0000","1.0144","60551.0000","-0.0500","-0.0050","-1.0000","0.0000","0.0000","0.0000","0.0000","0.0000"
"6497.0","15:13:16.432","2218498.0000","1.0379","60551.0000","-0.0500","-0.0050","-1.0000","0.0000","0.0000","0.0000","0.0000","0.0000"
"6498.0","15:13:16.433","2219666.0000","1.1652","60551.0000","-0.0500","-0.0050","-1.0000","0.0000","0.0000","0.0000","0.0000","0.0000"
"6499.0","15:13:16.434","2220181.0000","1.2214","60551.0000","-0.0500","-0.0050","-1.0000","0.0000","0.0000","0.0000","0.0000","0.0000"
"6500.0","15:13:16.435","2219534.0000","1.1508","60551.0000","-0.0500","-0.0050","-1.0000","0.0000","0.0000","0.0000","0.0000","0.0000"
"6501.0","15:13:16.436","2220065.0000","1.2087","60551.0000","-0.0500","-0.0050","-1.0000","0.0000","0.0000","0.0000","0.0000","0.0000"
"6502.0","15:13:16.437","2221208.0000","1.3333","60551.0000","-0.0500","-0.0050","-1.0000","0.0000","0.0000","0.0000","0.0000","0.0000"
"6503.0","15:13:16.438","2222286.0000","1.4509","60551.0000","-0.0500","-0.0050","-1.0000","0.0000","0.0000","0.0000","0.0000","0.0000"
"6504.0","15:13:16.439","2222478.0000","1.4718","60551.0000","-0.0500","-0.0050","-1.0000","0.0000","0.0000","0.0000","0.0000","0.0000"
"6505.0","15:13:16.440","2222942.0000","1.5224","60551.0000","-0.0500","-0.0050","-1.0000","0.0000","0.0000","0.0000","0.0000","0.0000"
"6506.0","15:13:16.441","2223561.0000","1.5898","60551.0000","-0.0500","-0.0050","-1.0000","0.0000","0.0000","0.0000","0.0000","0.0000"
"6507.0","15:13:16.442","2224099.0000","1.6485","60551.0000","-0.0500","-0.0050","-1.0000","0.0000","0.0000","0.0000","0.0000","0.0000"
"6508.0","15:13:16.443","2224809.0000","1.7259","60551.0000","-0.0500","-0.0050","-1.0000","0.0000","0.0000","0.0000","0.0000","0.0000"
"6509.0","15:13:16.444","2224378.0000","1.6789","60551.0000","-0.0500","-0.0050","-1.0000","0.0000","0.0000","0.0000","0.0000","0.0000"
"6510.0","15:13:16.445","2225774.0000","1.8311","60551.0000","-0.0500","-0.0050","-1.0000","0.0000","0.0000","0.0000","0.0000","0.0000"
"6511.0","15:13:16.446","2225650.0000","1.8176","60551.0000","-0.0500","-0.0050","-1.0000","0.0000","0.0000","0.0000","0.0000","0.0000"
"6512.0","15:13:16.447","2225365.0000","1.7865","60551.0000","-0.0500","-0.0050","-1.0000","0.0000","0.0000","0.0000","0.0000","0.0000"
"6513.0","15:13:16.448","2226058.0000","1.8621","60551.0000","-0.0500","-0.0050","-1.0000","0.0000","0.0000","0.0000","0.0000","0.0000"
"6514.0","15:13:16.449","2226149.0000","1.8720","60551.0000","-0.0500","-0.0050","-1.0000","0.0000","0.0000","0.0000","0.0000","0.0000"
"6515.0","15:13:16.450","2226907.0000","1.9546","60551.0000","-0.0500","-0.0050","-1.0000","0.0000","0.0000","0.0000","0.0000","0.0000"
"6516.0","15:13:16.451","2226762.0000","1.9388","60551.0000","-0.0500","-0.0050","-1.0000","0.0000","0.0000","0.0000","0.0000","0.0000"
"6517.0","15:13:16.452","2227223.0000","1.9891","60551.0000","-0.0500","-0.0050","-1.0000","0.0000","0.0000","0.0000","0.0000","0.0000"
"6518.0","15:13:16.453","2227223.0000","1.9891","60551.0000","-0.0500","-0.0050","-1.0000","0.0000","0.0000","0.0000","0.0000","0.0000"
"6519.0","15:13:16.454","2227276.0000","1.9948","60551.0000","-0.0500","-0.0050","-1.0000","0.0000","0.0000","0.0000","0.0000","0.0000"
"6520.0","15:13:16.455","2228187.0000","2.0942","60551.0000","-0.0500","-0.0050","-1.0000","0.0000","0.0000","0.0000","0.0000","0.0000"
"6521.0","15:13:16.456","2227623.0000","2.0327","60551.0000","-0.0500","-0.0050","-1.0000","0.0000","0.0000","0.0000","0.0000","0.0000"
"6522.0","15:13:16.457","2227366.0000","2.0047","60551.0000","-0.0500","-0.0050","-1.0000","0.0000","0.0000","0.0000","0.0000","0.0000"
"6523.0","15:13:16.458","2227630.0000","2.0334","60551.0000","-0.0500","-0.0050","-1.0000","0.0000","0.0000","0.0000","0.0000","0.0000"
"6524.0","15:13:16.459","2226568.0000","1.9176","60551.0000","-0.0500","-0.0050","-1.0000","0.0000","0.0000","0.0000","0.0000","0.0000"
"6525.0","15:13:16.460","2226264.0000","1.8845","60551.0000","-0.0500","-0.0050","-1.0000","0.0000","0.0000","0.0000","0.0000","0.0000"
"6526.0","15:13:16.461","2225175.0000","1.7658","60551.0000","-0.0500","-0.0050","-1.0000","0.0000","0.0000","0.0000","0.0000","0.0000"
"6527.0","15:13:16.462","2225396.0000","1.7899","60551.0000","-0.0500","-0.0050","-1.0000","0.0000","0.0000","0.0000","0.0000","0.0000"
"6528.0","15:13:16.463","2225160.0000","1.7642","60551.0000","-0.0500","-0.0050","-1.0000","0.0000","0.0000","0.0000","0.0000","0.0000"
"6529.0","15:13:16.464","2224765.0000","1.7211","60551.0000","-0.0500","-0.0050","-1.0000","0.0000","0.0000","0.0000","0.0000","0.0000"
"6530.0","15:13:16.465","2225147.0000","1.7627","60551.0000","-0.0500","-0.0050","-1.0000","0.0000","0.0000","0.0000","0.0000","0.0000"
"6531.0","15:13:16.466","2223852.0000","1.6216","60551.0000","-0.0500","-0.0050","-1.0000","0.0000","0.0000","0.0000","0.0000","0.0000"
"6532.0","15:13:16.467","2224518.0000","1.6942","60551.0000","-0.0500","-0.0050","-1.0000","0.0000","0.0000","0.0000","0.0000","0.0000"
"6533.0","15:13:16.468","2223459.0000","1.5787","60551.0000","-0.0500","-0.0050","-1.0000","0.0000","0.0000","0.0000","0.0000","0.0000"
"6534.0","15:13:16.469","2223610.0000","1.5952","60551.0000","-0.0500","-0.0050","-1.0000","0.0000","0.0000","0.0000","0.0000","0.0000"
"6535.0","15:13:16.470","2222857.0000","1.5131","60551.0000","-0.0500","-0.0050","-1.0000","0.0000","0.0000","0.0000","0.0000","0.0000"
"6536.0","15:13:16.471","2223577.0000","1.5916","60551.0000","-0.0500","-0.0050","-1.0000","0.0000","0.0000","0.0000","0.0000","0.0000"
"6537.0","15:13:16.472","2223498.0000","1.5830","60551.0000","-0.0500","-0.0050","-1.0000","0.0000","0.0000","0.0000","0.0000","0.0000"
"6538.0","15:13:16.473","2223183.0000","1.5487","60551.0000","-0.0500","-0.0050","-1.0000","0.0000","0.0000","0.0000","0.0000","0.0000"
"6539.0","15:13:16.474","2223433.0000","1.5759","60564.0000","-0.0500","-0.0050","-1.0000","0.0000","0.0000","0.0000","0.0000","0.0000"
"6540.0","15:13:16.475","2223139.0000","1.5438","60564.0000","-0.0500","-0.0050","-1.0000","0.0000","0.0000","0.0000","0.0000","0.0000"
"6541.0","15:13:16.476","2222249.0000","1.4468","60564.0000","-0.0500","-0.0050","-1.0000","0.0000","0.0000","0.0000","0.0000","0.0000"
"6542.0","15:13:16.477","2222185.0000","1.4399","60564.0000","-0.0500","-0.0050","-1.0000","0.0000","0.0000","0.0000","0.0000","0.0000"
"6543.0","15:13:16.478","2221579.0000","1.3738","60564.0000","-0.0500","-0.0050","-1.0000","0.0000","0.0000","0.0000","0.0000","0.0000"
"6544.0","15:13:16.479","2220219.0000","1.2255","60564.0000","-0.0500","-0.0050","-1.0000","0.0000","0.0000","0.0000","0.0000","0.0000"
"6545.0","15:13:16.480","2221250.0000","1.3379","60564.0000","-0.0500","-0.0050","-1.0000","0.0000","0.0000","0.0000","0.0000","0.0000"
"6546.0","15:13:16.481","2221650.0000","1.3815","60564.0000","-0.0500","-0.0050","-1.0000","0.0000","0.0000","0.0000","0.0000","0.0000"
"6547.0","15:13:16.482","2220839.0000","1.2931","60564.0000","-0.0500","-0.0050","-1.0000","0.0000","0.0000","0.0000","0.0000","0.0000"
"6548.0","15:13:16.483","2221032.0000","1.3141","60564.0000","-0.0500","-0.0050","-1.0000","0.0000","0.0000","0.0000","0.0000","0.0000"
"6549.0","15:13:16.484","2221592.0000","1.3752","60564.0000","-0.0500","-0.0050","-1.0000","0.0000","0.0000","0.0000","0.0000","0.0000"
"6550.0","15:13:16.485","2222201.0000","1.4416","60564.0000","-0.0500","-0.0050","-1.0000","0.0000","0.0000","0.0000","0.0000","0.0000"
"6551.0","15:13:16.486","2222550.0000","1.4796","60564.0000","-0.0500","-0.0050","-1.0000","0.0000","0.0000","0.0000","0.0000","0.0000"
"6552.0","15:13:16.487","2222475.0000","1.4715","60564.0000","-0.0500","-0.0050","-1.0000","0.0000","0.0000","0.0000","0.0000","0.0000"
"6553.0","15:13:16.488","2223180.0000","1.5483","60564.0000","-0.0500","-0.0050","-1.0000","0.0000","0.0000","0.0000","0.0000","0.0000"
"6554.0","15:13:16.489","2222801.0000","1.5070","60564.0000","-0.0500","-0.0050","-1.0000","0.0000","0.0000","0.0000","0.0000","0.0000"
"6555.0","15:13:16.490","2222633.0000","1.4887","60564.0000","-0.0500","-0.0050","-1.0000","0.0000","0.0000","0.0000","0.0000","0.0000"
"6556.0","15:13:16.491","2222298.0000","1.4521","60564.0000","-0.0500","-0.0050","-1.0000","0.0000","0.0000","0.0000","0.0000","0.0000"
"6557.0","15:13:16.492","2222656.0000","1.4912","60564.0000","-0.0500","-0.0050","-1.0000","0.0000","0.0000","0.0000","0.0000","0.0000"
"6558.0","15:13:16.493","2222009.0000","1.4207","60564.0000","-0.0500","-0.0050","-1.0000","0.0000","0.0000","0.0000","0.0000","0.0000"
"6559.0","15:13:16.494","2222240.0000","1.4458","60564.0000","-0.0500","-0.0050","-1.0000","0.0000","0.0000","0.0000","0.0000","0.0000"
"6560.0","15:13:16.495","2221608.0000","1.3770","60564.0000","-0.0500","-0.0050","-1.0000","0.0000","0.0000","0.0000","0.0000","0.0000"
"6561.0","15:13:16.496","2222194.0000","1.4408","60564.0000","-0.0500","-0.0050","-1.0000","0.0000","0.0000","0.0000","0.0000","0.0000"
"6562.0","15:13:16.497","2221638.0000","1.3802","60564.0000","-0.0500","-0.0050","-1.0000","0.0000","0.0000","0.0000","0.0000","0.0000"
"6563.0","15:13:16.498","2222481.0000","1.4721","60564.0000","-0.0500","-0.0050","-1.0000","0.0000","0.0000","0.0000","0.0000","0.0000"
"6564.0","15:13:16.499","2222448.0000","1.4685","60564.0000","-0.0500","-0.0050","-1.0000","0.0000","0.0000","0.0000","0.0000","0.0000"
"6565.0","15:13:16.500","2222448.0000","1.4685","60564.0000","-0.0500","-0.0050","-1.0000","0.0000","0.0000","0.0000","0.0000","0.0000"
"6566.0","15:13:16.501","2221719.0000","1.3890","60564.0000","-0.0500","-0.0050","-1.0000","0.0000","0.0000","0.0000","0.0000","0.0000"
"6567.0","15:13:16.502","2223342.0000","1.5660","60564.0000","-0.0500","-0.0050","-1.0000","0.0000","0.0000","0.0000","0.0000","0.0000"
"6568.0","15:13:16.503","2223848.0000","1.6211","60564.0000","-0.0500","-0.0050","-1.0000","0.0000","0.0000","0.0000","0.0000","0.0000"
"6569.0","15:13:16.504","2223253.0000","1.5563","60564.0000","-0.0500","-0.0050","-1.0000","0.0000","0.0000","0.0000","0.0000","0.0000"
"6570.0","15:13:16.505","2223779.0000","1.6136","60564.0000","-0.0500","-0.0050","-1.0000","0.0000","0.0000","0.0000","0.0000","0.0000"
"6571.0","15:13:16.506","2224812.0000","1.7262","60564.0000","-0.0500","-0.0050","-1.0000","0.0000","0.0000","0.0000","0.0000","0.0000"
"6572.0","15:13:16.507","2224057.0000","1.6439","60564.0000","-0.0500","-0.0050","-1.0000","0.0000","0.0000","0.0000","0.0000","0.0000"
"6573.0","15:13:16.508","2224634.0000","1.7068","60564.0000","-0.0500","-0.0050","-1.0000","0.0000","0.0000","0.0000","0.0000","0.0000"
"6574.0","15:13:16.509","2224695.0000","1.7135","60564.0000","-0.0500","-0.0050","-1.0000","0.0000","0.0000","0.0000","0.0000","0.0000"
"6575.0","15:13:16.510","2224146.0000","1.6536","60564.0000","-0.0500","-0.0050","-1.0000","0.0000","0.0000","0.0000","0.0000","0.0000"
"6576.0","15:13:16.511","2224411.0000","1.6825","60564.0000","-0.0500","-0.0050","-1.0000","0.0000","0.0000","0.0000","0.0000","0.0000"
"6577.0","15:13:16.512","2223740.0000","1.6094","60564.0000","-0.0500","-0.0050","-1.0000","0.0000","0.0000","0.0000","0.0000","0.0000"
"6578.0","15:13:16.513","2223802.0000","1.6161","60564.0000","-0.0500","-0.0050","-1.0000","0.0000","0.0000","0.0000","0.0000","0.0000"
"6579.0","15:13:16.514","2223292.0000","1.5605","60564.0000","-0.0500","-0.0050","-1.0000","0.0000","0.0000","0.0000","0.0000","0.0000"
"6580.0","15:13:16.515","2223464.0000","1.5793","60564.0000","-0.0500","-0.0050","-1.0000","0.0000","0.0000","0.0000","0.0000","0.0000"
"6581.0","15:13:16.516","2223740.0000","1.6094","60564.0000","-0.0500","-0.0050","-1.0000","0.0000","0.0000","0.0000","0.0000","0.0000"
"6582.0","15:13:16.517","2223365.0000","1.5685","60564.0000","-0.0500","-0.0050","-1.0000","0.0000","0.0000","0.0000","0.0000","0.0000"
"6583.0","15:13:16.518","2223242.0000","1.5551","60564.0000","-0.0500","-0.0050","-1.0000","0.0000","0.0000","0.0000","0.0000","0.0000"
"6584.0","15:13:16.519","2223593.0000","1.5933","60564.0000","-0.0500","-0.0050","-1.0000","0.0000","0.0000","0.0000","0.0000","0.0000"
"6585.0","15:13:16.520","2223369.0000","1.5689","60564.0000","-0.0500","-0.0050","-1.0000","0.0000","0.0000","0.0000","0.0000","0.0000"
"6586.0","15:13:16.521","2223151.0000","1.5452","60564.0000","-0.0500","-0.0050","-1.0000","0.0000","0.0000","0.0000","0.0000","0.0000"
"6587.0","15:13:16.522","2222478.0000","1.4718","60564.0000","-0.0500","-0.0050","-1.0000","0.0000","0.0000","0.0000","0.0000","0.0000"
"6588.0","15:13:16.523","2223290.0000","1.5603","60564.0000","-0.0500","-0.0050","-1.0000","0.0000","0.0000","0.0000","0.0000","0.0000"
"6589.0","15:13:16.524","2222140.0000","1.4349","60564.0000","-0.0500","-0.0050","-1.0000","0.0000","0.0000","0.0000","0.0000","0.0000"
"6590.0","15:13:16.525","2222778.0000","1.5045","60564.0000","-0.0500","-0.0050","-1.0000","0.0000","0.0000","0.0000","0.0000","0.0000"
"6591.0","15:13:16.526","2222220.0000","1.4437","60564.0000","-0.0500","-0.0050","-1.0000","0.0000","0.0000","0.0000","0.0000","0.0000"
"6592.0","15:13:16.527","2221410.0000","1.3554","60564.0000","-0.0500","-0.0050","-1.0000","0.0000","0.0000","0.0000","0.0000","0.0000"
"6593.0","15:13:16.528","2221568.0000","1.3726","60564.0000","-0.0500","-0.0050","-1.0000","0.0000","0.0000","0.0000","0.0000","0.0000"
"6594.0","15:13:16.529","2221776.0000","1.3952","60564.0000","-0.0500","-0.0050","-1.0000","0.0000","0.0000","0.0000","0.0000","0.0000"
"6595.0","15:13:16.530","2222177.0000","1.4390","60564.0000","-0.0500","-0.0050","-1.0000","0.0000","0.0000","0.0000","0.0000","0.0000"
"6596.0","15:13:16.531","2221466.0000","1.3614","60564.0000","-0.0500","-0.0050","-1.0000","0.0000","0.0000","0.0000","0.0000","0.0000"
"6597.0","15:13:16.532","2220916.0000","1.3015","60564.0000","-0.0500","-0.0050","-1.0000","0.0000","0.0000","0.0000","0.0000","0.0000"
"6598.0","15:13:16.533","2221808.0000","1.3987","60564.0000","-0.0500","-0.0050","-1.0000","0.0000","0.0000","0.0000","0.0000","0.0000"
"6599.0","15:13:16.534","2221722.0000","1.3894","60564.0000","-0.0500","-0.0050","-1.0000","0.0000","0.0000","0.0000","0.0000","0.0000"
"6600.0","15:13:16.535","2221624.0000","1.3787","60554.0000","-0.0500","-0.0050","-1.0000","0.0000","0.0000","0.0000","0.0000","0.0000"
"6601.0","15:13:16.536","2221265.0000","1.3395","60554.0000","-0.0500","-0.0050","-1.0000","0.0000","0.0000","0.0000","0.0000","0.0000"
"6602.0","15:13:16.537","2220975.0000","1.3079","60554.0000","-0.0500","-0.0050","-1.0000","0.0000","0.0000","0.0000","0.0000","0.0000"
"6603.0","15:13:16.538","2221708.0000","1.3878","60554.0000","-0.0500","-0.0050","-1.0000","0.0000","0.0000","0.0000","0.0000","0.0000"
"6604.0","15:13:16.539","2221565.0000","1.3723","60554.0000","-0.0500","-0.0050","-1.0000","0.0000","0.0000","0.0000","0.0000","0.0000"
"6605.0","15:13:16.540","2220650.0000","1.2725","60554.0000","-0.0500","-0.0050","-1.0000","0.0000","0.0000","0.0000","0.0000","0.0000"
"6606.0","15:13:16.541","2220691.0000","1.2770","60554.0000","-0.0500","-0.0050","-1.0000","0.0000","0.0000","0.0000","0.0000","0.0000"
"6607.0","15:13:16.542","2220134.0000","1.2162","60554.0000","-0.0500","-0.0050","-1.0000","0.0000","0.0000","0.0000","0.0000","0.0000"
"6608.0","15:13:16.543","2220486.0000","1.2546","60554.0000","-0.0500","-0.0050","-1.0000","0.0000","0.0000","0.0000","0.0000","0.0000"
"6609.0","15:13:16.544","2219903.0000","1.1911","60554.0000","-0.0500","-0.0050","-1.0000","0.0000","0.0000","0.0000","0.0000","0.0000"
"6610.0","15:13:16.545","2220749.0000","1.2833","60554.0000","-0.0500","-0.0050","-1.0000","0.0000","0.0000","0.0000","0.0000","0.0000"
"6611.0","15:13:16.546","2221056.0000","1.3167","60554.0000","-0.0500","-0.0050","-1.0000","0.0000","0.0000","0.0000","0.0000","0.0000"
"6612.0","15:13:16.547","2221056.0000","1.3167","60554.0000","-0.0500","-0.0050","-1.0000","0.0000","0.0000","0.0000","0.0000","0.0000"
"6613.0","15:13:16.548","2222133.0000","1.4342","60554.0000","-0.0500","-0.0050","-1.0000","0.0000","0.0000","0.0000","0.0000","0.0000"
"6614.0","15:13:16.549","2222814.0000","1.5084","60554.0000","-0.0500","-0.0050","-1.0000","0.0000","0.0000","0.0000","0.0000","0.0000"
"6615.0","15:13:16.550","2222382.0000","1.4613","60554.0000","-0.0500","-0.0050","-1.0000","0.0000","0.0000","0.0000","0.0000","0.0000"
"6616.0","15:13:16.551","2223704.0000","1.6054","60554.0000","-0.0500","-0.0050","-1.0000","0.0000","0.0000","0.0000","0.0000","0.0000"
"6617.0","15:13:16.552","2223750.0000","1.6104","60554.0000","-0.0500","-0.0050","-1.0000","0.0000","0.0000","0.0000","0.0000","0.0000"
"6618.0","15:13:16.553","2224765.0000","1.7211","60554.0000","-0.0500","-0.0050","-1.0000","0.0000","0.0000","0.0000","0.0000","0.0000"
"6619.0","15:13:16.554","2225787.0000","1.8325","60554.0000","-0.0500","-0.0050","-1.0000","0.0000","0.0000","0.0000","0.0000","0.0000"
"6620.0","15:13:16.555","2226218.0000","1.8795","60554.0000","-0.0500","-0.0050","-1.0000","0.0000","0.0000","0.0000","0.0000","0.0000"
"6621.0","15:13:16.556","2226374.0000","1.8965","60554.0000","-0.0500","-0.0050","-1.0000","0.0000","0.0000","0.0000","0.0000","0.0000"
"6622.0","15:13:16.557","2226196.0000","1.8771","60554.0000","-0.0500","-0.0050","-1.0000","0.0000","0.0000","0.0000","0.0000","0.0000"
"6623.0","15:13:16.558","2224918.0000","1.7378","60554.0000","-0.0500","-0.0050","-1.0000","0.0000","0.0000","0.0000","0.0000","0.0000"
"6624.0","15:13:16.559","2224521.0000","1.6945","60554.0000","-0.0500","-0.0050","-1.0000","0.0000","0.0000","0.0000","0.0000","0.0000"
"6625.0","15:13:16.560","2224104.0000","1.6491","60554.0000","-0.0500","-0.0050","-1.0000","0.0000","0.0000","0.0000","0.0000","0.0000"
"6626.0","15:13:16.561","2223816.0000","1.6176","60554.0000","-0.0500","-0.0050","-1.0000","0.0000","0.0000","0.0000","0.0000","0.0000"
"6627.0","15:13:16.562","2223807.0000","1.6167","60554.0000","-0.0500","-0.0050","-1.0000","0.0000","0.0000","0.0000","0.0000","0.0000"
"6628.0","15:13:16.563","2223583.0000","1.5922","60554.0000","-0.0500","-0.0050","-1.0000","0.0000","0.0000","0.0000","0.0000","0.0000"
"6629.0","15:13:16.564","2223598.0000","1.5939","60554.0000","-0.0500","-0.0050","-1.0000","0.0000","0.0000","0.0000","0.0000","0.0000"
"6630.0","15:13:16.565","2223504.0000","1.5836","60554.0000","-0.0500","-0.0050","-1.0000","0.0000","0.0000","0.0000","0.0000","0.0000"
"6631.0","15:13:16.566","2223953.0000","1.6326","60554.0000","-0.0500","-0.0050","-1.0000","0.0000","0.0000","0.0000","0.0000","0.0000"
"6632.0","15:13:16.567","2223460.0000","1.5788","60554.0000","-0.0500","-0.0050","-1.0000","0.0000","0.0000","0.0000","0.0000","0.0000"
"6633.0","15:13:16.568","2223758.0000","1.6113","60554.0000","-0.0500","-0.0050","-1.0000","0.0000","0.0000","0.0000","0.0000","0.0000"
"6634.0","15:13:16.569","2224275.0000","1.6677","60554.0000","-0.0500","-0.0050","-1.0000","0.0000","0.0000","0.0000","0.0000","0.0000"
"6635.0","15:13:16.570","2223486.0000","1.5817","60554.0000","-0.0500","-0.0050","-1.0000","0.0000","0.0000","0.0000","0.0000","0.0000"
"6636.0","15:13:16.571","2224652.0000","1.7088","60554.0000","-0.0500","-0.0050","-1.0000","0.0000","0.0000","0.0000","0.0000","0.0000"
"6637.0","15:13:16.572","2223348.0000","1.5666","60554.0000","-0.0500","-0.0050","-1.0000","0.0000","0.0000","0.0000","0.0000","0.0000"
"6638.0","15:13:16.573","2223317.0000","1.5632","60554.0000","-0.0500","-0.0050","-1.0000","0.0000","0.0000","0.0000","0.0000","0.0000"
"6639.0","15:13:16.574","2223752.0000","1.6107","60554.0000","-0.0500","-0.0050","-1.0000","0.0000","0.0000","0.0000","0.0000","0.0000"
"6640.0","15:13:16.575","2222412.0000","1.4646","60554.0000","-0.0500","-0.0050","-1.0000","0.0000","0.0000","0.0000","0.0000","0.0000"
"6641.0","15:13:16.576","2221212.0000","1.3338","60554.0000","-0.0500","-0.0050","-1.0000","0.0000","0.0000","0.0000","0.0000","0.0000"
"6642.0","15:13:16.577","2221766.0000","1.3942","60554.0000","-0.0500","-0.0050","-1.0000","0.0000","0.0000","0.0000","0.0000","0.0000"
"6643.0","15:13:16.578","2220352.0000","1.2400","60554.0000","-0.0500","-0.0050","-1.0000","0.0000","0.0000","0.0000","0.0000","0.0000"
"6644.0","15:13:16.579","2220641.0000","1.2715","60554.0000","-0.0500","-0.0050","-1.0000","0.0000","0.0000","0.0000","0.0000","0.0000"
"6645.0","15:13:16.580","2220509.0000","1.2572","60554.0000","-0.0500","-0.0050","-1.0000","0.0000","0.0000","0.0000","0.0000","0.0000"
"6646.0","15:13:16.581","2221151.0000","1.3271","60554.0000","-0.0500","-0.0050","-1.0000","0.0000","0.0000","0.0000","0.0000","0.0000"
"6647.0","15:13:16.582","2221658.0000","1.3824","60554.0000","-0.0500","-0.0050","-1.0000","0.0000","0.0000","0.0000","0.0000","0.0000"
"6648.0","15:13:16.583","2221465.0000","1.3614","60554.0000","-0.0500","-0.0050","-1.0000","0.0000","0.0000","0.0000","0.0000","0.0000"
"6649.0","15:13:16.584","2221386.0000","1.3527","60554.0000","-0.0500","-0.0050","-1.0000","0.0000","0.0000","0.0000","0.0000","0.0000"
"6650.0","15:13:16.585","2221716.0000","1.3887","60554.0000","-0.0500","-0.0050","-1.0000","0.0000","0.0000","0.0000","0.0000","0.0000"
"6651.0","15:13:16.586","2222981.0000","1.5266","60554.0000","-0.0500","-0.0050","-1.0000","0.0000","0.0000","0.0000","0.0000","0.0000"
"6652.0","15:13:16.587","2223286.0000","1.5599","60554.0000","-0.0500","-0.0050","-1.0000","0.0000","0.0000","0.0000","0.0000","0.0000"
"6653.0","15:13:16.588","2224232.0000","1.6630","60554.0000","-0.0500","-0.0050","-1.0000","0.0000","0.0000","0.0000","0.0000","0.0000"
"6654.0","15:13:16.589","2224319.0000","1.6725","60554.0000","-0.0500","-0.0050","-1.0000","0.0000","0.0000","0.0000","0.0000","0.0000"
"6655.0","15:13:16.590","2224184.0000","1.6578","60554.0000","-0.0500","-0.0050","-1.0000","0.0000","0.0000","0.0000","0.0000","0.0000"
"6656.0","15:13:16.591","2224396.0000","1.6809","60554.0000","-0.0500","-0.0050","-1.0000","0.0000","0.0000","0.0000","0.0000","0.0000"
"6657.0","15:13:16.592","2223487.0000","1.5818","60554.0000","-0.0500","-0.0050","-1.0000","0.0000","0.0000","0.0000","0.0000","0.0000"
"6658.0","15:13:16.593","2224090.0000","1.6475","60554.0000","-0.0500","-0.0050","-1.0000","0.0000","0.0000","0.0000","0.0000","0.0000"
"6659.0","15:13:16.594","2224090.0000","1.6475","60554.0000","-0.0500","-0.0050","-1.0000","0.0000","0.0000","0.0000","0.0000","0.0000"
"6660.0","15:13:16.595","2224175.0000","1.6568","60558.0000","-0.0500","-0.0050","-1.0000","0.0000","0.0000","0.0000","0.0000","0.0000"
"6661.0","15:13:16.596","2223884.0000","1.6251","60558.0000","-0.0500","-0.0050","-1.0000","0.0000","0.0000","0.0000","0.0000","0.0000"
"6662.0","15:13:16.597","2224149.0000","1.6539","60558.0000","-0.0500","-0.0050","-1.0000","0.0000","0.0000","0.0000","0.0000","0.0000"
"6663.0","15:13:16.598","2223932.0000","1.6303","60558.0000","-0.0500","-0.0050","-1.0000","0.0000","0.0000","0.0000","0.0000","0.0000"
"6664.0","15:13:16.599","2224629.0000","1.7063","60558.0000","-0.0500","-0.0050","-1.0000","0.0000","0.0000","0.0000","0.0000","0.0000"
"6665.0","15:13:16.600","2223499.0000","1.5831","60558.0000","-0.0500","-0.0050","-1.0000","0.0000","0.0000","0.0000","0.0000","0.0000"
"6666.0","15:13:16.601","2223906.0000","1.6275","60558.0000","-0.0500","-0.0050","-1.0000","0.0000","0.0000","0.0000","0.0000","0.0000"
"6667.0","15:13:16.602","2224310.0000","1.6715","60558.0000","-0.0500","-0.0050","-1.0000","0.0000","0.0000","0.0000","0.0000","0.0000"
"6668.0","15:13:16.603","2224706.0000","1.7147","60558.0000","-0.0500","-0.0050","-1.0000","0.0000","0.0000","0.0000","0.0000","0.0000"
"6669.0","15:13:16.604","2223208.0000","1.5514","60558.0000","-0.0500","-0.0050","-1.0000","0.0000","0.0000","0.0000","0.0000","0.0000"
"6670.0","15:13:16.605","2224916.0000","1.7376","60558.0000","-0.0500","-0.0050","-1.0000","0.0000","0.0000","0.0000","0.0000","0.0000"
"6671.0","15:13:16.606","2225191.0000","1.7675","60558.0000","-0.0500","-0.0050","-1.0000","0.0000","0.0000","0.0000","0.0000","0.0000"
"6672.0","15:13:16.607","2223701.0000","1.6051","60558.0000","-0.0500","-0.0050","-1.0000","0.0000","0.0000","0.0000","0.0000","0.0000"
"6673.0","15:13:16.608","2224976.0000","1.7441","60558.0000","-0.0500","-0.0050","-1.0000","0.0000","0.0000","0.0000","0.0000","0.0000"
"6674.0","15:13:16.609","2223512.0000","1.5845","60558.0000","-0.0500","-0.0050","-1.0000","0.0000","0.0000","0.0000","0.0000","0.0000"
"6675.0","15:13:16.610","2223450.0000","1.5778","60558.0000","-0.0500","-0.0050","-1.0000","0.0000","0.0000","0.0000","0.0000","0.0000"
"6676.0","15:13:16.611","2221913.0000","1.4102","60558.0000","-0.0500","-0.0050","-1.0000","0.0000","0.0000","0.0000","0.0000","0.0000"
"6677.0","15:13:16.612","2222598.0000","1.4849","60558.0000","-0.0500","-0.0050","-1.0000","0.0000","0.0000","0.0000","0.0000","0.0000"
"6678.0","15:13:16.613","2221857.0000","1.4041","60558.0000","-0.0500","-0.0050","-1.0000","0.0000","0.0000","0.0000","0.0000","0.0000"
"6679.0","15:13:16.614","2221627.0000","1.3790","60558.0000","-0.0500","-0.0050","-1.0000","0.0000","0.0000","0.0000","0.0000","0.0000"
"6680.0","15:13:16.615","2220711.0000","1.2791","60558.0000","-0.0500","-0.0050","-1.0000","0.0000","0.0000","0.0000","0.0000","0.0000"
"6681.0","15:13:16.616","2220846.0000","1.2939","60558.0000","-0.0500","-0.0050","-1.0000","0.0000","0.0000","0.0000","0.0000","0.0000"
"6682.0","15:13:16.617","2220827.0000","1.2918","60558.0000","-0.0500","-0.0050","-1.0000","0.0000","0.0000","0.0000","0.0000","0.0000"
"6683.0","15:13:16.618","2220557.0000","1.2624","60558.0000","-0.0500","-0.0050","-1.0000","0.0000","0.0000","0.0000","0.0000","0.0000"
"6684.0","15:13:16.619","2220324.0000","1.2369","60558.0000","-0.0500","-0.0050","-1.0000","0.0000","0.0000","0.0000","0.0000","0.0000"
"6685.0","15:13:16.620","2220803.0000","1.2892","60558.0000","-0.0500","-0.0050","-1.0000","0.0000","0.0000","0.0000","0.0000","0.0000"
"6686.0","15:13:16.621","2220330.0000","1.2376","60558.0000","-0.0500","-0.0050","-1.0000","0.0000","0.0000","0.0000","0.0000","0.0000"
"6687.0","15:13:16.622","2220826.0000","1.2917","60558.0000","-0.0500","-0.0050","-1.0000","0.0000","0.0000","0.0000","0.0000","0.0000"
"6688.0","15:13:16.623","2220882.0000","1.2978","60558.0000","-0.0500","-0.0050","-1.0000","0.0000","0.0000","0.0000","0.0000","0.0000"
"6689.0","15:13:16.624","2220032.0000","1.2051","60558.0000","-0.0500","-0.0050","-1.0000","0.0000","0.0000","0.0000","0.0000","0.0000"
"6690.0","15:13:16.625","2220387.0000","1.2438","60558.0000","-0.0500","-0.0050","-1.0000","0.0000","0.0000","0.0000","0.0000","0.0000"
"6691.0","15:13:16.626","2220924.0000","1.3024","60558.0000","-0.0500","-0.0050","-1.0000","0.0000","0.0000","0.0000","0.0000","0.0000"
"6692.0","15:13:16.627","2220346.0000","1.2394","60558.0000","-0.0500","-0.0050","-1.0000","0.0000","0.0000","0.0000","0.0000","0.0000"
"6693.0","15:13:16.628","2220444.0000","1.2500","60558.0000","-0.0500","-0.0050","-1.0000","0.0000","0.0000","0.0000","0.0000","0.0000"
"6694.0","15:13:16.629","2221274.0000","1.3405","60558.0000","-0.0500","-0.0050","-1.0000","0.0000","0.0000","0.0000","0.0000","0.0000"
"6695.0","15:13:16.630","2221742.0000","1.3915","60558.0000","-0.0500","-0.0050","-1.0000","0.0000","0.0000","0.0000","0.0000","0.0000"
"6696.0","15:13:16.631","2221793.0000","1.3971","60558.0000","-0.0500","-0.0050","-1.0000","0.0000","0.0000","0.0000","0.0000","0.0000"
"6697.0","15:13:16.632","2222765.0000","1.5031","60558.0000","-0.0500","-0.0050","-1.0000","0.0000","0.0000","0.0000","0.0000","0.0000"
"6698.0","15:13:16.633","2222695.0000","1.4954","60558.0000","-0.0500","-0.0050","-1.0000","0.0000","0.0000","0.0000","0.0000","0.0000"
"6699.0","15:13:16.634","2223036.0000","1.5326","60558.0000","-0.0500","-0.0050","-1.0000","0.0000","0.0000","0.0000","0.0000","0.0000"
"6700.0","15:13:16.635","2223610.0000","1.5952","60558.0000","-0.0500","-0.0050","-1.0000","0.0000","0.0000","0.0000","0.0000","0.0000"
"6701.0","15:13:16.636","2222243.0000","1.4462","60558.0000","-0.0500","-0.0050","-1.0000","0.0000","0.0000","0.0000","0.0000","0.0000"
"6702.0","15:13:16.637","2224460.0000","1.6879","60558.0000","-0.0500","-0.0050","-1.0000","0.0000","0.0000","0.0000","0.0000","0.0000"
"6703.0","15:13:16.638","2224763.0000","1.7209","60558.0000","-0.0500","-0.0050","-1.0000","0.0000","0.0000","0.0000","0.0000","0.0000"
"6704.0","15:13:16.639","2224737.0000","1.7180","60558.0000","-0.0500","-0.0050","-1.0000","0.0000","0.0000","0.0000","0.0000","0.0000"
"6705.0","15:13:16.640","2224737.0000","1.7180","60558.0000","-0.0500","-0.0050","-1.0000","0.0000","0.0000","0.0000","0.0000","0.0000"
"6706.0","15:13:16.641","2224385.0000","1.6797","60558.0000","-0.0500","-0.0050","-1.0000","0.0000","0.0000","0.0000","0.0000","0.0000"
"6707.0","15:13:16.642","2225720.0000","1.8252","60558.0000","-0.0500","-0.0050","-1.0000","0.0000","0.0000","0.0000","0.0000","0.0000"
"6708.0","15:13:16.643","2225166.0000","1.7648","60558.0000","-0.0500","-0.0050","-1.0000","0.0000","0.0000","0.0000","0.0000","0.0000"
"6709.0","15:13:16.644","2224885.0000","1.7342","60558.0000","-0.0500","-0.0050","-1.0000","0.0000","0.0000","0.0000","0.0000","0.0000"
"6710.0","15:13:16.645","2225205.0000","1.7691","60558.0000","-0.0500","-0.0050","-1.0000","0.0000","0.0000","0.0000","0.0000","0.0000"
"6711.0","15:13:16.646","2225901.0000","1.8450","60558.0000","-0.0500","-0.0050","-1.0000","0.0000","0.0000","0.0000","0.0000","0.0000"
"6712.0","15:13:16.647","2226094.0000","1.8660","60558.0000","-0.0500","-0.0050","-1.0000","0.0000","0.0000","0.0000","0.0000","0.0000"
"6713.0","15:13:16.648","2226121.0000","1.8689","60558.0000","-0.0500","-0.0050","-1.0000","0.0000","0.0000","0.0000","0.0000","0.0000"
"6714.0","15:13:16.649","2226476.0000","1.9076","60558.0000","-0.0500","-0.0050","-1.0000","0.0000","0.0000","0.0000","0.0000","0.0000"
"6715.0","15:13:16.650","2226163.0000","1.8735","60558.0000","-0.0500","-0.0050","-1.0000","0.0000","0.0000","0.0000","0.0000","0.0000"
"6716.0","15:13:16.651","2226064.0000","1.8627","60558.0000","-0.0500","-0.0050","-1.0000","0.0000","0.0000","0.0000","0.0000","0.0000"
"6717.0","15:13:16.652","2225706.0000","1.8237","60558.0000","-0.0500","-0.0050","-1.0000","0.0000","0.0000","0.0000","0.0000","0.0000"
"6718.0","15:13:16.653","2226569.0000","1.9178","60558.0000","-0.0500","-0.0050","-1.0000","0.0000","0.0000","0.0000","0.0000","0.0000"
"6719.0","15:13:16.654","2226694.0000","1.9314","60558.0000","-0.0500","-0.0050","-1.0000","0.0000","0.0000","0.0000","0.0000","0.0000"
"6720.0","15:13:16.655","2227199.0000","1.9864","60558.0000","-0.0500","-0.0050","-1.0000","0.0000","0.0000","0.0000","0.0000","0.0000"
"6721.0","15:13:16.656","2226794.0000","1.9423","60568.0000","-0.0500","-0.0050","-1.0000","0.0000","0.0000","0.0000","0.0000","0.0000"
"6722.0","15:13:16.657","2226261.0000","1.8842","60568.0000","-0.0500","-0.0050","-1.0000","0.0000","0.0000","0.0000","0.0000","0.0000"
"6723.0","15:13:16.658","2226511.0000","1.9114","60568.0000","-0.0500","-0.0050","-1.0000","0.0000","0.0000","0.0000","0.0000","0.0000"
"6724.0","15:13:16.659","2226310.0000","1.8895","60568.0000","-0.0500","-0.0050","-1.0000","0.0000","0.0000","0.0000","0.0000","0.0000"
"6725.0","15:13:16.660","2225085.0000","1.7560","60568.0000","-0.0500","-0.0050","-1.0000","0.0000","0.0000","0.0000","0.0000","0.0000"
"6726.0","15:13:16.661","2225736.0000","1.8270","60568.0000","-0.0500","-0.0050","-1.0000","0.0000","0.0000","0.0000","0.0000","0.0000"
"6727.0","15:13:16.662","2224623.0000","1.7056","60568.0000","-0.0500","-0.0050","-1.0000","0.0000","0.0000","0.0000","0.0000","0.0000"
"6728.0","15:13:16.663","2224686.0000","1.7125","60568.0000","-0.0500","-0.0050","-1.0000","0.0000","0.0000","0.0000","0.0000","0.0000"
"6729.0","15:13:16.664","2225028.0000","1.7498","60568.0000","-0.0500","-0.0050","-1.0000","0.0000","0.0000","0.0000","0.0000","0.0000"
"6730.0","15:13:16.665","2224232.0000","1.6630","60568.0000","-0.0500","-0.0050","-1.0000","0.0000","0.0000","0.0000","0.0000","0.0000"
"6731.0","15:13:16.666","2224136.0000","1.6526","60568.0000","-0.0500","-0.0050","-1.0000","0.0000","0.0000","0.0000","0.0000","0.0000"
"6732.0","15:13:16.667","2223796.0000","1.6154","60568.0000","-0.0500","-0.0050","-1.0000","0.0000","0.0000","0.0000","0.0000","0.0000"
"6733.0","15:13:16.668","2223721.0000","1.6073","60568.0000","-0.0500","-0.0050","-1.0000","0.0000","0.0000","0.0000","0.0000","0.0000"
"6734.0","15:13:16.669","2223659.0000","1.6005","60568.0000","-0.0500","-0.0050","-1.0000","0.0000","0.0000","0.0000","0.0000","0.0000"
"6735.0","15:13:16.670","2223654.0000","1.6000","60568.0000","-0.0500","-0.0050","-1.0000","0.0000","0.0000","0.0000","0.0000","0.0000"
"6736.0","15:13:16.671","2223426.0000","1.5751","60568.0000","-0.0500","-0.0050","-1.0000","0.0000","0.0000","0.0000","0.0000","0.0000"
"6737.0","15:13:16.672","2223339.0000","1.5657","60568.0000","-0.0500","-0.0050","-1.0000","0.0000","0.0000","0.0000","0.0000","0.0000"
"6738.0","15:13:16.673","2223170.0000","1.5472","60568.0000","-0.0500","-0.0050","-1.0000","0.0000","0.0000","0.0000","0.0000","0.0000"
"6739.0","15:13:16.674","2222452.0000","1.4690","60568.0000","-0.0500","-0.0050","-1.0000","0.0000","0.0000","0.0000","0.0000","0.0000"
"6740.0","15:13:16.675","2222621.0000","1.4874","60568.0000","-0.0500","-0.0050","-1.0000","0.0000","0.0000","0.0000","0.0000","0.0000"
"6741.0","15:13:16.676","2222320.0000","1.4546","60568.0000","-0.0500","-0.0050","-1.0000","0.0000","0.0000","0.0000","0.0000","0.0000"
"6742.0","15:13:16.677","2221317.0000","1.3452","60568.0000","-0.0500","-0.0050","-1.0000","0.0000","0.0000","0.0000","0.0000","0.0000"
"6743.0","15:13:16.678","2221090.0000","1.3205","60568.0000","-0.0500","-0.0050","-1.0000","0.0000","0.0000","0.0000","0.0000","0.0000"
"6744.0","15:13:16.679","2221397.0000","1.3539","60568.0000","-0.0500","-0.0050","-1.0000","0.0000","0.0000","0.0000","0.0000","0.0000"
"6745.0","15:13:16.680","2221349.0000","1.3487","60568.0000","-0.0500","-0.0050","-1.0000","0.0000","0.0000","0.0000","0.0000","0.0000"
"6746.0","15:13:16.681","2220038.0000","1.2058","60568.0000","-0.0500","-0.0050","-1.0000","0.0000","0.0000","0.0000","0.0000","0.0000"
"6747.0","15:13:16.682","2220871.0000","1.2966","60568.0000","-0.0500","-0.0050","-1.0000","0.0000","0.0000","0.0000","0.0000","0.0000"
"6748.0","15:13:16.683","2220486.0000","1.2546","60568.0000","-0.0500","-0.0050","-1.0000","0.0000","0.0000","0.0000","0.0000","0.0000"
"6749.0","15:13:16.684","2220770.0000","1.2856","60568.0000","-0.0500","-0.0050","-1.0000","0.0000","0.0000","0.0000","0.0000","0.0000"
"6750.0","15:13:16.685","2220218.0000","1.2254","60568.0000","-0.0500","-0.0050","-1.0000","0.0000","0.0000","0.0000","0.0000","0.0000"
"6751.0","15:13:16.686","2220627.0000","1.2700","60568.0000","-0.0500","-0.0050","-1.0000","0.0000","0.0000","0.0000","0.0000","0.0000"
"6752.0","15:13:16.687","2220627.0000","1.2700","60568.0000","-0.0500","-0.0050","-1.0000","0.0000","0.0000","0.0000","0.0000","0.0000"
"6753.0","15:13:16.688","2220623.0000","1.2696","60568.0000","-0.0500","-0.0050","-1.0000","0.0000","0.0000","0.0000","0.0000","0.0000"
"6754.0","15:13:16.689","2220805.0000","1.2894","60568.0000","-0.0500","-0.0050","-1.0000","0.0000","0.0000","0.0000","0.0000","0.0000"
"6755.0","15:13:16.690","2220702.0000","1.2782","60568.0000","-0.0500","-0.0050","-1.0000","0.0000","0.0000","0.0000","0.0000","0.0000"
"6756.0","15:13:16.691","2221316.0000","1.3451","60568.0000","-0.0500","-0.0050","-1.0000","0.0000","0.0000","0.0000","0.0000","0.0000"
"6757.0","15:13:16.692","2221015.0000","1.3123","60568.0000","-0.0500","-0.0050","-1.0000","0.0000","0.0000","0.0000","0.0000","0.0000"
"6758.0","15:13:16.693","2221304.0000","1.3438","60568.0000","-0.0500","-0.0050","-1.0000","0.0000","0.0000","0.0000","0.0000","0.0000"
"6759.0","15:13:16.694","2220792.0000","1.2880","60568.0000","-0.0500","-0.0050","-1.0000","0.0000","0.0000","0.0000","0.0000","0.0000"
"6760.0","15:13:16.695","2220008.0000","1.2025","60568.0000","-0.0500","-0.0050","-1.0000","0.0000","0.0000","0.0000","0.0000","0.0000"
"6761.0","15:13:16.696","2221012.0000","1.3120","60568.0000","-0.0500","-0.0050","-1.0000","0.0000","0.0000","0.0000","0.0000","0.0000"
"6762.0","15:13:16.697","2221137.0000","1.3256","60568.0000","-0.0500","-0.0050","-1.0000","0.0000","0.0000","0.0000","0.0000","0.0000"
"6763.0","15:13:16.698","2221070.0000","1.3183","60568.0000","-0.0500","-0.0050","-1.0000","0.0000","0.0000","0.0000","0.0000","0.0000"
"6764.0","15:13:16.699","2221143.0000","1.3263","60568.0000","-0.0500","-0.0050","-1.0000","0.0000","0.0000","0.0000","0.0000","0.0000"
"6765.0","15:13:16.700","2221236.0000","1.3364","60568.0000","-0.0500","-0.0050","-1.0000","0.0000","0.0000","0.0000","0.0000","0.0000"
"6766.0","15:13:16.701","2222043.0000","1.4243","60568.0000","-0.0500","-0.0050","-1.0000","0.0000","0.0000","0.0000","0.0000","0.0000"
"6767.0","15:13:16.702","2221599.0000","1.3760","60568.0000","-0.0500","-0.0050","-1.0000","0.0000","0.0000","0.0000","0.0000","0.0000"
"6768.0","15:13:16.703","2221973.0000","1.4167","60568.0000","-0.0500","-0.0050","-1.0000","0.0000","0.0000","0.0000","0.0000","0.0000"
"6769.0","15:13:16.704","2222288.0000","1.4511","60568.0000","-0.0500","-0.0050","-1.0000","0.0000","0.0000","0.0000","0.0000","0.0000"
"6770.0","15:13:16.705","2222399.0000","1.4632","60568.0000","-0.0500","-0.0050","-1.0000","0.0000","0.0000","0.0000","0.0000","0.0000"
"6771.0","15:13:16.706","2222602.0000","1.4853","60568.0000","-0.0500","-0.0050","-1.0000","0.0000","0.0000","0.0000","0.0000","0.0000"
"6772.0","15:13:16.707","2223711.0000","1.6062","60568.0000","-0.0500","-0.0050","-1.0000","0.0000","0.0000","0.0000","0.0000","0.0000"
"6773.0","15:13:16.708","2223205.0000","1.5510","60568.0000","-0.0500","-0.0050","-1.0000","0.0000","0.0000","0.0000","0.0000","0.0000"
"6774.0","15:13:16.709","2222849.0000","1.5122","60568.0000","-0.0500","-0.0050","-1.0000","0.0000","0.0000","0.0000","0.0000","0.0000"
"6775.0","15:13:16.710","2223674.0000","1.6022","60568.0000","-0.0500","-0.0050","-1.0000","0.0000","0.0000","0.0000","0.0000","0.0000"
"6776.0","15:13:16.711","2223159.0000","1.5460","60568.0000","-0.0500","-0.0050","-1.0000","0.0000","0.0000","0.0000","0.0000","0.0000"
"6777.0","15:13:16.712","2223880.0000","1.6246","60568.0000","-0.0500","-0.0050","-1.0000","0.0000","0.0000","0.0000","0.0000","0.0000"
"6778.0","15:13:16.713","2224035.0000","1.6415","60568.0000","-0.0500","-0.0050","-1.0000","0.0000","0.0000","0.0000","0.0000","0.0000"
"6779.0","15:13:16.714","2223798.0000","1.6157","60568.0000","-0.0500","-0.0050","-1.0000","0.0000","0.0000","0.0000","0.0000","0.0000"
"6780.0","15:13:16.715","2223256.0000","1.5566","60568.0000","-0.0500","-0.0050","-1.0000","0.0000","0.0000","0.0000","0.0000","0.0000"
"6781.0","15:13:16.716","2223066.0000","1.5359","60560.0000","-0.0500","-0.0050","-1.0000","0.0000","0.0000","0.0000","0.0000","0.0000"
"6782.0","15:13:16.717","2224223.0000","1.6620","60560.0000","-0.0500","-0.0050","-1.0000","0.0000","0.0000","0.0000","0.0000","0.0000"
"6783.0","15:13:16.718","2223305.0000","1.5619","60560.0000","-0.0500","-0.0050","-1.0000","0.0000","0.0000","0.0000","0.0000","0.0000"
"6784.0","15:13:16.719","2223423.0000","1.5748","60560.0000","-0.0500","-0.0050","-1.0000","0.0000","0.0000","0.0000","0.0000","0.0000"
"6785.0","15:13:16.720","2223592.0000","1.5932","60560.0000","-0.0500","-0.0050","-1.0000","0.0000","0.0000","0.0000","0.0000","0.0000"
"6786.0","15:13:16.721","2224239.0000","1.6638","60560.0000","-0.0500","-0.0050","-1.0000","0.0000","0.0000","0.0000","0.0000","0.0000"
"6787.0","15:13:16.722","2224785.0000","1.7233","60560.0000","-0.0500","-0.0050","-1.0000","0.0000","0.0000","0.0000","0.0000","0.0000"
"6788.0","15:13:16.723","2224504.0000","1.6927","60560.0000","-0.0500","-0.0050","-1.0000","0.0000","0.0000","0.0000","0.0000","0.0000"
"6789.0","15:13:16.724","2224021.0000","1.6400","60560.0000","-0.0500","-0.0050","-1.0000","0.0000","0.0000","0.0000","0.0000","0.0000"
"6790.0","15:13:16.725","2223383.0000","1.5704","60560.0000","-0.0500","-0.0050","-1.0000","0.0000","0.0000","0.0000","0.0000","0.0000"
"6791.0","15:13:16.726","2222473.0000","1.4712","60560.0000","-0.0500","-0.0050","-1.0000","0.0000","0.0000","0.0000","0.0000","0.0000"
"6792.0","15:13:16.727","2221241.0000","1.3369","60560.0000","-0.0500","-0.0050","-1.0000","0.0000","0.0000","0.0000","0.0000","0.0000"
"6793.0","15:13:16.728","2220509.0000","1.2572","60560.0000","-0.0500","-0.0050","-1.0000","0.0000","0.0000","0.0000","0.0000","0.0000"
"6794.0","15:13:16.729","2220874.0000","1.2969","60560.0000","-0.0500","-0.0050","-1.0000","0.0000","0.0000","0.0000","0.0000","0.0000"
"6795.0","15:13:16.730","2219890.0000","1.1896","60560.0000","-0.0500","-0.0050","-1.0000","0.0000","0.0000","0.0000","0.0000","0.0000"
"6796.0","15:13:16.731","2220064.0000","1.2086","60560.0000","-0.0500","-0.0050","-1.0000","0.0000","0.0000","0.0000","0.0000","0.0000"
"6797.0","15:13:16.732","2219832.0000","1.1833","60560.0000","-0.0500","-0.0050","-1.0000","0.0000","0.0000","0.0000","0.0000","0.0000"
"6798.0","15:13:16.733","2219293.0000","1.1246","60560.0000","-0.0500","-0.0050","-1.0000","0.0000","0.0000","0.0000","0.0000","0.0000"
"6799.0","15:13:16.734","2219293.0000","1.1246","60560.0000","-0.0500","-0.0050","-1.0000","0.0000","0.0000","0.0000","0.0000","0.0000"
"6800.0","15:13:16.735","2219180.0000","1.1122","60560.0000","-0.0500","-0.0050","-1.0000","0.0000","0.0000","0.0000","0.0000","0.0000"
"6801.0","15:13:16.736","2220125.0000","1.2153","60560.0000","-0.0500","-0.0050","-1.0000","0.0000","0.0000","0.0000","0.0000","0.0000"
"6802.0","15:13:16.737","2220524.0000","1.2588","60560.0000","-0.0500","-0.0050","-1.0000","0.0000","0.0000","0.0000","0.0000","0.0000"
"6803.0","15:13:16.738","2220500.0000","1.2562","60560.0000","-0.0500","-0.0050","-1.0000","0.0000","0.0000","0.0000","0.0000","0.0000"
"6804.0","15:13:16.739","2221036.0000","1.3146","60560.0000","-0.0500","-0.0050","-1.0000","0.0000","0.0000","0.0000","0.0000","0.0000"
"6805.0","15:13:16.740","2222044.0000","1.4245","60560.0000","-0.0500","-0.0050","-1.0000","0.0000","0.0000","0.0000","0.0000","0.0000"
"6806.0","15:13:16.741","2222330.0000","1.4556","60560.0000","-0.0500","-0.0050","-1.0000","0.0000","0.0000","0.0000","0.0000","0.0000"
"6807.0","15:13:16.742","2222615.0000","1.4867","60560.0000","-0.0500","-0.0050","-1.0000","0.0000","0.0000","0.0000","0.0000","0.0000"
"6808.0","15:13:16.743","2221960.0000","1.4153","60560.0000","-0.0500","-0.0050","-1.0000","0.0000","0.0000","0.0000","0.0000","0.0000"
"6809.0","15:13:16.744","2221742.0000","1.3915","60560.0000","-0.0500","-0.0050","-1.0000","0.0000","0.0000","0.0000","0.0000","0.0000"
"6810.0","15:13:16.745","2222045.0000","1.4246","60560.0000","-0.0500","-0.0050","-1.0000","0.0000","0.0000","0.0000","0.0000","0.0000"
"6811.0","15:13:16.746","2222580.0000","1.4829","60560.0000","-0.0500","-0.0050","-1.0000","0.0000","0.0000","0.0000","0.0000","0.0000"
"6812.0","15:13:16.747","2224037.0000","1.6417","60560.0000","-0.0500","-0.0050","-1.0000","0.0000","0.0000","0.0000","0.0000","0.0000"
"6813.0","15:13:16.748","2224233.0000","1.6631","60560.0000","-0.0500","-0.0050","-1.0000","0.0000","0.0000","0.0000","0.0000","0.0000"
"6814.0","15:13:16.749","2224566.0000","1.6994","60560.0000","-0.0500","-0.0050","-1.0000","0.0000","0.0000","0.0000","0.0000","0.0000"
"6815.0","15:13:16.750","2224288.0000","1.6691","60560.0000","-0.0500","-0.0050","-1.0000","0.0000","0.0000","0.0000","0.0000","0.0000"
"6816.0","15:13:16.751","2224483.0000","1.6904","60560.0000","-0.0500","-0.0050","-1.0000","0.0000","0.0000","0.0000","0.0000","0.0000"
"6817.0","15:13:16.752","2224321.0000","1.6727","60560.0000","-0.0500","-0.0050","-1.0000","0.0000","0.0000","0.0000","0.0000","0.0000"
"6818.0","15:13:16.753","2222900.0000","1.5178","60560.0000","-0.0500","-0.0050","-1.0000","0.0000","0.0000","0.0000","0.0000","0.0000"
"6819.0","15:13:16.754","2223424.0000","1.5749","60560.0000","-0.0500","-0.0050","-1.0000","0.0000","0.0000","0.0000","0.0000","0.0000"
"6820.0","15:13:16.755","2224172.0000","1.6564","60560.0000","-0.0500","-0.0050","-1.0000","0.0000","0.0000","0.0000","0.0000","0.0000"
"6821.0","15:13:16.756","2223770.0000","1.6126","60560.0000","-0.0500","-0.0050","-1.0000","0.0000","0.0000","0.0000","0.0000","0.0000"
"6822.0","15:13:16.757","2223100.0000","1.5396","60560.0000","-0.0500","-0.0050","-1.0000","0.0000","0.0000","0.0000","0.0000","0.0000"
"6823.0","15:13:16.758","2223276.0000","1.5588","60560.0000","-0.0500","-0.0050","-1.0000","0.0000","0.0000","0.0000","0.0000","0.0000"
"6824.0","15:13:16.759","2222650.0000","1.4905","60560.0000","-0.0500","-0.0050","-1.0000","0.0000","0.0000","0.0000","0.0000","0.0000"
"6825.0","15:13:16.760","2222270.0000","1.4491","60560.0000","-0.0500","-0.0050","-1.0000","0.0000","0.0000","0.0000","0.0000","0.0000"
"6826.0","15:13:16.761","2221877.0000","1.4063","60560.0000","-0.0500","-0.0050","-1.0000","0.0000","0.0000","0.0000","0.0000","0.0000"
"6827.0","15:13:16.762","2222018.0000","1.4216","60560.0000","-0.0500","-0.0050","-1.0000","0.0000","0.0000","0.0000","0.0000","0.0000"
"6828.0","15:13:16.763","2223100.0000","1.5396","60560.0000","-0.0500","-0.0050","-1.0000","0.0000","0.0000","0.0000","0.0000","0.0000"
"6829.0","15:13:16.764","2222815.0000","1.5085","60560.0000","-0.0500","-0.0050","-1.0000","0.0000","0.0000","0.0000","0.0000","0.0000"
"6830.0","15:13:16.765","2222566.0000","1.4814","60560.0000","-0.0500","-0.0050","-1.0000","0.0000","0.0000","0.0000","0.0000","0.0000"
"6831.0","15:13:16.766","2222165.0000","1.4377","60560.0000","-0.0500","-0.0050","-1.0000","0.0000","0.0000","0.0000","0.0000","0.0000"
"6832.0","15:13:16.767","2221720.0000","1.3892","60560.0000","-0.0500","-0.0050","-1.0000","0.0000","0.0000","0.0000","0.0000","0.0000"
"6833.0","15:13:16.768","2221578.0000","1.3736","60560.0000","-0.0500","-0.0050","-1.0000","0.0000","0.0000","0.0000","0.0000","0.0000"
"6834.0","15:13:16.769","2220378.0000","1.2428","60560.0000","-0.0500","-0.0050","-1.0000","0.0000","0.0000","0.0000","0.0000","0.0000"
"6835.0","15:13:16.770","2220977.0000","1.3082","60560.0000","-0.0500","-0.0050","-1.0000","0.0000","0.0000","0.0000","0.0000","0.0000"
"6836.0","15:13:16.771","2221407.0000","1.3550","60560.0000","-0.0500","-0.0050","-1.0000","0.0000","0.0000","0.0000","0.0000","0.0000"
"6837.0","15:13:16.772","2221308.0000","1.3442","60560.0000","-0.0500","-0.0050","-1.0000","0.0000","0.0000","0.0000","0.0000","0.0000"
"6838.0","15:13:16.773","2221776.0000","1.3952","60560.0000","-0.0500","-0.0050","-1.0000","0.0000","0.0000","0.0000","0.0000","0.0000"
"6839.0","15:13:16.774","2223182.0000","1.5485","60560.0000","-0.0500","-0.0050","-1.0000","0.0000","0.0000","0.0000","0.0000","0.0000"
"6840.0","15:13:16.775","2223043.0000","1.5334","60560.0000","-0.0500","-0.0050","-1.0000","0.0000","0.0000","0.0000","0.0000","0.0000"
"6841.0","15:13:16.776","2222795.0000","1.5063","60560.0000","-0.0500","-0.0050","-1.0000","0.0000","0.0000","0.0000","0.0000","0.0000"
"6842.0","15:13:16.777","2222976.0000","1.5261","60554.0000","-0.0500","-0.0050","-1.0000","0.0000","0.0000","0.0000","0.0000","0.0000"
"6843.0","15:13:16.778","2223161.0000","1.5462","60554.0000","-0.0500","-0.0050","-1.0000","0.0000","0.0000","0.0000","0.0000","0.0000"
"6844.0","15:13:16.779","2223800.0000","1.6159","60554.0000","-0.0500","-0.0050","-1.0000","0.0000","0.0000","0.0000","0.0000","0.0000"
"6845.0","15:13:16.780","2223728.0000","1.6081","60554.0000","-0.0500","-0.0050","-1.0000","0.0000","0.0000","0.0000","0.0000","0.0000"
"6846.0","15:13:16.781","2223728.0000","1.6081","60554.0000","-0.0500","-0.0050","-1.0000","0.0000","0.0000","0.0000","0.0000","0.0000"
"6847.0","15:13:16.782","2224351.0000","1.6760","60554.0000","-0.0500","-0.0050","-1.0000","0.0000","0.0000","0.0000","0.0000","0.0000"
"6848.0","15:13:16.783","2223692.0000","1.6041","60554.0000","-0.0500","-0.0050","-1.0000","0.0000","0.0000","0.0000","0.0000","0.0000"
"6849.0","15:13:16.784","2223497.0000","1.5829","60554.0000","-0.0500","-0.0050","-1.0000","0.0000","0.0000","0.0000","0.0000","0.0000"
"6850.0","15:13:16.785","2223588.0000","1.5928","60554.0000","-0.0500","-0.0050","-1.0000","0.0000","0.0000","0.0000","0.0000","0.0000"
"6851.0","15:13:16.786","2222878.0000","1.5154","60554.0000","-0.0500","-0.0050","-1.0000","0.0000","0.0000","0.0000","0.0000","0.0000"
"6852.0","15:13:16.787","2224088.0000","1.6473","60554.0000","-0.0500","-0.0050","-1.0000","0.0000","0.0000","0.0000","0.0000","0.0000"
"6853.0","15:13:16.788","2224630.0000","1.7064","60554.0000","-0.0500","-0.0050","-1.0000","0.0000","0.0000","0.0000","0.0000","0.0000"
"6854.0","15:13:16.789","2225078.0000","1.7552","60554.0000","-0.0500","-0.0050","-1.0000","0.0000","0.0000","0.0000","0.0000","0.0000"
"6855.0","15:13:16.790","2224513.0000","1.6936","60554.0000","-0.0500","-0.0050","-1.0000","0.0000","0.0000","0.0000","0.0000","0.0000"
"6856.0","15:13:16.791","2224475.0000","1.6895","60554.0000","-0.0500","-0.0050","-1.0000","0.0000","0.0000","0.0000","0.0000","0.0000"
"6857.0","15:13:16.792","2223501.0000","1.5833","60554.0000","-0.0500","-0.0050","-1.0000","0.0000","0.0000","0.0000","0.0000","0.0000"
"6858.0","15:13:16.793","2223566.0000","1.5904","60554.0000","-0.0500","-0.0050","-1.0000","0.0000","0.0000","0.0000","0.0000","0.0000"
"6859.0","15:13:16.794","2223702.0000","1.6052","60554.0000","-0.0500","-0.0050","-1.0000","0.0000","0.0000","0.0000","0.0000","0.0000"
"6860.0","15:13:16.795","2222856.0000","1.5130","60554.0000","-0.0500","-0.0050","-1.0000","0.0000","0.0000","0.0000","0.0000","0.0000"
"6861.0","15:13:16.796","2222623.0000","1.4876","60554.0000","-0.0500","-0.0050","-1.0000","0.0000","0.0000","0.0000","0.0000","0.0000"
"6862.0","15:13:16.797","2221859.0000","1.4043","60554.0000","-0.0500","-0.0050","-1.0000","0.0000","0.0000","0.0000","0.0000","0.0000"
"6863.0","15:13:16.798","2222163.0000","1.4374","60554.0000","-0.0500","-0.0050","-1.0000","0.0000","0.0000","0.0000","0.0000","0.0000"
"6864.0","15:13:16.799","2222176.0000","1.4389","60554.0000","-0.0500","-0.0050","-1.0000","0.0000","0.0000","0.0000","0.0000","0.0000"
"6865.0","15:13:16.800","2222091.0000","1.4296","60554.0000","-0.0500","-0.0050","-1.0000","0.0000","0.0000","0.0000","0.0000","0.0000"
"6866.0","15:13:16.801","2221617.0000","1.3779","60554.0000","-0.0500","-0.0050","-1.0000","0.0000","0.0000","0.0000","0.0000","0.0000"
"6867.0","15:13:16.802","2221488.0000","1.3639","60554.0000","-0.0500","-0.0050","-1.0000","0.0000","0.0000","0.0000","0.0000","0.0000"
"6868.0","15:13:16.803","2222606.0000","1.4857","60554.0000","-0.0500","-0.0050","-1.0000","0.0000","0.0000","0.0000","0.0000","0.0000"
"6869.0","15:13:16.804","2223252.0000","1.5562","60554.0000","-0.0500","-0.0050","-1.0000","0.0000","0.0000","0.0000","0.0000","0.0000"
"6870.0","15:13:16.805","2222635.0000","1.4889","60554.0000","-0.0500","-0.0050","-1.0000","0.0000","0.0000","0.0000","0.0000","0.0000"
"6871.0","15:13:16.806","2223139.0000","1.5438","60554.0000","-0.0500","-0.0050","-1.0000","0.0000","0.0000","0.0000","0.0000","0.0000"
"6872.0","15:13:16.807","2223874.0000","1.6240","60554.0000","-0.0500","-0.0050","-1.0000","0.0000","0.0000","0.0000","0.0000","0.0000"
"6873.0","15:13:16.808","2224846.0000","1.7299","60554.0000","-0.0500","-0.0050","-1.0000","0.0000","0.0000","0.0000","0.0000","0.0000"
"6874.0","15:13:16.809","2224056.0000","1.6438","60554.0000","-0.0500","-0.0050","-1.0000","0.0000","0.0000","0.0000","0.0000","0.0000"
"6875.0","15:13:16.810","2222833.0000","1.5105","60554.0000","-0.0500","-0.0050","-1.0000","0.0000","0.0000","0.0000","0.0000","0.0000"
"6876.0","15:13:16.811","2222804.0000","1.5073","60554.0000","-0.0500","-0.0050","-1.0000","0.0000","0.0000","0.0000","0.0000","0.0000"
"6877.0","15:13:16.812","2223786.0000","1.6144","60554.0000","-0.0500","-0.0050","-1.0000","0.0000","0.0000","0.0000","0.0000","0.0000"
"6878.0","15:13:16.813","2223944.0000","1.6316","60554.0000","-0.0500","-0.0050","-1.0000","0.0000","0.0000","0.0000","0.0000","0.0000"
"6879.0","15:13:16.814","2222894.0000","1.5171","60554.0000","-0.0500","-0.0050","-1.0000","0.0000","0.0000","0.0000","0.0000","0.0000"
"6880.0","15:13:16.815","2223261.0000","1.5572","60554.0000","-0.0500","-0.0050","-1.0000","0.0000","0.0000","0.0000","0.0000","0.0000"
"6881.0","15:13:16.816","2222808.0000","1.5078","60554.0000","-0.0500","-0.0050","-1.0000","0.0000","0.0000","0.0000","0.0000","0.0000"
"6882.0","15:13:16.817","2223883.0000","1.6250","60554.0000","-0.0500","-0.0050","-1.0000","0.0000","0.0000","0.0000","0.0000","0.0000"
"6883.0","15:13:16.818","2223132.0000","1.5431","60554.0000","-0.0500","-0.0050","-1.0000","0.0000","0.0000","0.0000","0.0000","0.0000"
"6884.0","15:13:16.819","2222845.0000","1.5118","60554.0000","-0.0500","-0.0050","-1.0000","0.0000","0.0000","0.0000","0.0000","0.0000"
"6885.0","15:13:16.820","2223248.0000","1.5557","60554.0000","-0.0500","-0.0050","-1.0000","0.0000","0.0000","0.0000","0.0000","0.0000"
"6886.0","15:13:16.821","2223467.0000","1.5796","60554.0000","-0.0500","-0.0050","-1.0000","0.0000","0.0000","0.0000","0.0000","0.0000"
"6887.0","15:13:16.822","2223479.0000","1.5809","60554.0000","-0.0500","-0.0050","-1.0000","0.0000","0.0000","0.0000","0.0000","0.0000"
"6888.0","15:13:16.823","2223277.0000","1.5589","60554.0000","-0.0500","-0.0050","-1.0000","0.0000","0.0000","0.0000","0.0000","0.0000"
"6889.0","15:13:16.824","2222509.0000","1.4752","60554.0000","-0.0500","-0.0050","-1.0000","0.0000","0.0000","0.0000","0.0000","0.0000"
"6890.0","15:13:16.825","2221821.0000","1.4002","60554.0000","-0.0500","-0.0050","-1.0000","0.0000","0.0000","0.0000","0.0000","0.0000"
"6891.0","15:13:16.826","2222249.0000","1.4468","60554.0000","-0.0500","-0.0050","-1.0000","0.0000","0.0000","0.0000","0.0000","0.0000"
"6892.0","15:13:16.827","2222249.0000","1.4468","60554.0000","-0.0500","-0.0050","-1.0000","0.0000","0.0000","0.0000","0.0000","0.0000"
"6893.0","15:13:16.828","2222404.0000","1.4637","60554.0000","-0.0500","-0.0050","-1.0000","0.0000","0.0000","0.0000","0.0000","0.0000"
"6894.0","15:13:16.829","2222531.0000","1.4776","60554.0000","-0.0500","-0.0050","-1.0000","0.0000","0.0000","0.0000","0.0000","0.0000"
"6895.0","15:13:16.830","2222830.0000","1.5102","60554.0000","-0.0500","-0.0050","-1.0000","0.0000","0.0000","0.0000","0.0000","0.0000"
"6896.0","15:13:16.831","2222839.0000","1.5112","60554.0000","-0.0500","-0.0050","-1.0000","0.0000","0.0000","0.0000","0.0000","0.0000"
"6897.0","15:13:16.832","2223202.0000","1.5507","60554.0000","-0.0500","-0.0050","-1.0000","0.0000","0.0000","0.0000","0.0000","0.0000"
"6898.0","15:13:16.833","2223072.0000","1.5365","60554.0000","-0.0500","-0.0050","-1.0000","0.0000","0.0000","0.0000","0.0000","0.0000"
"6899.0","15:13:16.834","2222890.0000","1.5167","60554.0000","-0.0500","-0.0050","-1.0000","0.0000","0.0000","0.0000","0.0000","0.0000"
"6900.0","15:13:16.835","2222865.0000","1.5140","60554.0000","-0.0500","-0.0050","-1.0000","0.0000","0.0000","0.0000","0.0000","0.0000"
"6901.0","15:13:16.836","2222244.0000","1.4463","60554.0000","-0.0500","-0.0050","-1.0000","0.0000","0.0000","0.0000","0.0000","0.0000"
"6902.0","15:13:16.837","2222395.0000","1.4627","60551.0000","-0.0500","-0.0050","-1.0000","0.0000","0.0000","0.0000","0.0000","0.0000"
"6903.0","15:13:16.838","2222190.0000","1.4404","60551.0000","-0.0500","-0.0050","-1.0000","0.0000","0.0000","0.0000","0.0000","0.0000"
"6904.0","15:13:16.839","2221812.0000","1.3992","60551.0000","-0.0500","-0.0050","-1.0000","0.0000","0.0000","0.0000","0.0000","0.0000"
"6905.0","15:13:16.840","2221277.0000","1.3408","60551.0000","-0.0500","-0.0050","-1.0000","0.0000","0.0000","0.0000","0.0000","0.0000"
"6906.0","15:13:16.841","2221844.0000","1.4027","60551.0000","-0.0500","-0.0050","-1.0000","0.0000","0.0000","0.0000","0.0000","0.0000"
"6907.0","15:13:16.842","2221756.0000","1.3931","60551.0000","-0.0500","-0.0050","-1.0000","0.0000","0.0000","0.0000","0.0000","0.0000"
"6908.0","15:13:16.843","2221993.0000","1.4189","60551.0000","-0.0500","-0.0050","-1.0000","0.0000","0.0000","0.0000","0.0000","0.0000"
"6909.0","15:13:16.844","2221297.0000","1.3430","60551.0000","-0.0500","-0.0050","-1.0000","0.0000","0.0000","0.0000","0.0000","0.0000"
"6910.0","15:13:16.845","2221090.0000","1.3205","60551.0000","-0.0500","-0.0050","-1.0000","0.0000","0.0000","0.0000","0.0000","0.0000"
"6911.0","15:13:16.846","2221556.0000","1.3713","60551.0000","-0.0500","-0.0050","-1.0000","0.0000","0.0000","0.0000","0.0000","0.0000"
"6912.0","15:13:16.847","2221685.0000","1.3853","60551.0000","-0.0500","-0.0050","-1.0000","0.0000","0.0000","0.0000","0.0000","0.0000"
"6913.0","15:13:16.848","2221470.0000","1.3619","60551.0000","-0.0500","-0.0050","-1.0000","0.0000","0.0000","0.0000","0.0000","0.0000"
"6914.0","15:13:16.849","2221424.0000","1.3569","60551.0000","-0.0500","-0.0050","-1.0000","0.0000","0.0000","0.0000","0.0000","0.0000"
"6915.0","15:13:16.850","2221614.0000","1.3776","60551.0000","-0.0500","-0.0050","-1.0000","0.0000","0.0000","0.0000","0.0000","0.0000"
"6916.0","15:13:16.851","2222022.0000","1.4221","60551.0000","-0.0500","-0.0050","-1.0000","0.0000","0.0000","0.0000","0.0000","0.0000"
"6917.0","15:13:16.852","2221986.0000","1.4181","60551.0000","-0.0500","-0.0050","-1.0000","0.0000","0.0000","0.0000","0.0000","0.0000"
"6918.0","15:13:16.853","2222686.0000","1.4945","60551.0000","-0.0500","-0.0050","-1.0000","0.0000","0.0000","0.0000","0.0000","0.0000"
"6919.0","15:13:16.854","2224382.0000","1.6794","60551.0000","-0.0500","-0.0050","-1.0000","0.0000","0.0000","0.0000","0.0000","0.0000"
"6920.0","15:13:16.855","2224395.0000","1.6808","60551.0000","-0.0500","-0.0050","-1.0000","0.0000","0.0000","0.0000","0.0000","0.0000"
"6921.0","15:13:16.856","2224301.0000","1.6705","60551.0000","-0.0500","-0.0050","-1.0000","0.0000","0.0000","0.0000","0.0000","0.0000"
"6922.0","15:13:16.857","2225547.0000","1.8064","60551.0000","-0.0500","-0.0050","-1.0000","0.0000","0.0000","0.0000","0.0000","0.0000"
"6923.0","15:13:16.858","2226120.0000","1.8688","60551.0000","-0.0500","-0.0050","-1.0000","0.0000","0.0000","0.0000","0.0000","0.0000"
"6924.0","15:13:16.859","2225771.0000","1.8308","60551.0000","-0.0500","-0.0050","-1.0000","0.0000","0.0000","0.0000","0.0000","0.0000"
"6925.0","15:13:16.860","2225911.0000","1.8460","60551.0000","-0.0500","-0.0050","-1.0000","0.0000","0.0000","0.0000","0.0000","0.0000"
"6926.0","15:13:16.861","2225996.0000","1.8553","60551.0000","-0.0500","-0.0050","-1.0000","0.0000","0.0000","0.0000","0.0000","0.0000"
"6927.0","15:13:16.862","2225917.0000","1.8467","60551.0000","-0.0500","-0.0050","-1.0000","0.0000","0.0000","0.0000","0.0000","0.0000"
"6928.0","15:13:16.863","2226846.0000","1.9480","60551.0000","-0.0500","-0.0050","-1.0000","0.0000","0.0000","0.0000","0.0000","0.0000"
"6929.0","15:13:16.864","2226730.0000","1.9353","60551.0000","-0.0500","-0.0050","-1.0000","0.0000","0.0000","0.0000","0.0000","0.0000"
"6930.0","15:13:16.865","2226758.0000","1.9384","60551.0000","-0.0500","-0.0050","-1.0000","0.0000","0.0000","0.0000","0.0000","0.0000"
"6931.0","15:13:16.866","2226496.0000","1.9098","60551.0000","-0.0500","-0.0050","-1.0000","0.0000","0.0000","0.0000","0.0000","0.0000"
"6932.0","15:13:16.867","2225815.0000","1.8356","60551.0000","-0.0500","-0.0050","-1.0000","0.0000","0.0000","0.0000","0.0000","0.0000"
"6933.0","15:13:16.868","2226511.0000","1.9114","60551.0000","-0.0500","-0.0050","-1.0000","0.0000","0.0000","0.0000","0.0000","0.0000"
"6934.0","15:13:16.869","2225770.0000","1.8307","60551.0000","-0.0500","-0.0050","-1.0000","0.0000","0.0000","0.0000","0.0000","0.0000"
"6935.0","15:13:16.870","2224882.0000","1.7339","60551.0000","-0.0500","-0.0050","-1.0000","0.0000","0.0000","0.0000","0.0000","0.0000"
"6936.0","15:13:16.871","2224583.0000","1.7013","60551.0000","-0.0500","-0.0050","-1.0000","0.0000","0.0000","0.0000","0.0000","0.0000"
"6937.0","15:13:16.872","2225687.0000","1.8216","60551.0000","-0.0500","-0.0050","-1.0000","0.0000","0.0000","0.0000","0.0000","0.0000"
"6938.0","15:13:16.873","2225565.0000","1.8083","60551.0000","-0.0500","-0.0050","-1.0000","0.0000","0.0000","0.0000","0.0000","0.0000"
"6939.0","15:13:16.874","2225564.0000","1.8082","60551.0000","-0.0500","-0.0050","-1.0000","0.0000","0.0000","0.0000","0.0000","0.0000"
"6940.0","15:13:16.875","2225564.0000","1.8082","60551.0000","-0.0500","-0.0050","-1.0000","0.0000","0.0000","0.0000","0.0000","0.0000"
"6941.0","15:13:16.876","2225742.0000","1.8276","60551.0000","-0.0500","-0.0050","-1.0000","0.0000","0.0000","0.0000","0.0000","0.0000"
"6942.0","15:13:16.877","2224867.0000","1.7322","60551.0000","-0.0500","-0.0050","-1.0000","0.0000","0.0000","0.0000","0.0000","0.0000"
"6943.0","15:13:16.878","2225101.0000","1.7577","60551.0000","-0.0500","-0.0050","-1.0000","0.0000","0.0000","0.0000","0.0000","0.0000"
"6944.0","15:13:16.879","2224459.0000","1.6877","60551.0000","-0.0500","-0.0050","-1.0000","0.0000","0.0000","0.0000","0.0000","0.0000"
"6945.0","15:13:16.880","2223774.0000","1.6131","60551.0000","-0.0500","-0.0050","-1.0000","0.0000","0.0000","0.0000","0.0000","0.0000"
"6946.0","15:13:16.881","2223930.0000","1.6301","60551.0000","-0.0500","-0.0050","-1.0000","0.0000","0.0000","0.0000","0.0000","0.0000"
"6947.0","15:13:16.882","2224191.0000","1.6585","60551.0000","-0.0500","-0.0050","-1.0000","0.0000","0.0000","0.0000","0.0000","0.0000"
"6948.0","15:13:16.883","2223229.0000","1.5537","60551.0000","-0.0500","-0.0050","-1.0000","0.0000","0.0000","0.0000","0.0000","0.0000"
"6949.0","15:13:16.884","2221990.0000","1.4186","60551.0000","-0.0500","-0.0050","-1.0000","0.0000","0.0000","0.0000","0.0000","0.0000"
"6950.0","15:13:16.885","2222005.0000","1.4202","60551.0000","-0.0500","-0.0050","-1.0000","0.0000","0.0000","0.0000","0.0000","0.0000"
"6951.0","15:13:16.886","2222560.0000","1.4807","60551.0000","-0.0500","-0.0050","-1.0000","0.0000","0.0000","0.0000","0.0000","0.0000"
"6952.0","15:13:16.887","2220917.0000","1.3016","60551.0000","-0.0500","-0.0050","-1.0000","0.0000","0.0000","0.0000","0.0000","0.0000"
"6953.0","15:13:16.888","2221396.0000","1.3538","60551.0000","-0.0500","-0.0050","-1.0000","0.0000","0.0000","0.0000","0.0000","0.0000"
"6954.0","15:13:16.889","2221037.0000","1.3147","60551.0000","-0.0500","-0.0050","-1.0000","0.0000","0.0000","0.0000","0.0000","0.0000"
"6955.0","15:13:16.890","2221160.0000","1.3281","60551.0000","-0.0500","-0.0050","-1.0000","0.0000","0.0000","0.0000","0.0000","0.0000"
"6956.0","15:13:16.891","2221564.0000","1.3721","60551.0000","-0.0500","-0.0050","-1.0000","0.0000","0.0000","0.0000","0.0000","0.0000"
"6957.0","15:13:16.892","2221141.0000","1.3260","60551.0000","-0.0500","-0.0050","-1.0000","0.0000","0.0000","0.0000","0.0000","0.0000"
"6958.0","15:13:16.893","2220450.0000","1.2507","60551.0000","-0.0500","-0.0050","-1.0000","0.0000","0.0000","0.0000","0.0000","0.0000"
"6959.0","15:13:16.894","2220766.0000","1.2851","60551.0000","-0.0500","-0.0050","-1.0000","0.0000","0.0000","0.0000","0.0000","0.0000"
"6960.0","15:13:16.895","2218896.0000","1.0813","60551.0000","-0.0500","-0.0050","-1.0000","0.0000","0.0000","0.0000","0.0000","0.0000"
"6961.0","15:13:16.896","2219915.0000","1.1924","60551.0000","-0.0500","-0.0050","-1.0000","0.0000","0.0000","0.0000","0.0000","0.0000"
"6962.0","15:13:16.897","2219587.0000","1.1566","60559.0000","-0.0500","-0.0050","-1.0000","0.0000","0.0000","0.0000","0.0000","0.0000"
"6963.0","15:13:16.898","2219386.0000","1.1347","60559.0000","-0.0500","-0.0050","-1.0000","0.0000","0.0000","0.0000","0.0000","0.0000"
"6964.0","15:13:16.899","2219026.0000","1.0955","60559.0000","-0.0500","-0.0050","-1.0000","0.0000","0.0000","0.0000","0.0000","0.0000"
"6965.0","15:13:16.900","2218620.0000","1.0512","60559.0000","-0.0500","-0.0050","-1.0000","0.0000","0.0000","0.0000","0.0000","0.0000"
"6966.0","15:13:16.901","2218721.0000","1.0622","60559.0000","-0.0500","-0.0050","-1.0000","0.0000","0.0000","0.0000","0.0000","0.0000"
"6967.0","15:13:16.902","2219554.0000","1.1530","60559.0000","-0.0500","-0.0050","-1.0000","0.0000","0.0000","0.0000","0.0000","0.0000"
"6968.0","15:13:16.903","2219982.0000","1.1997","60559.0000","-0.0500","-0.0050","-1.0000","0.0000","0.0000","0.0000","0.0000","0.0000"
"6969.0","15:13:16.904","2220066.0000","1.2088","60559.0000","-0.0500","-0.0050","-1.0000","0.0000","0.0000","0.0000","0.0000","0.0000"
"6970.0","15:13:16.905","2221564.0000","1.3721","60559.0000","-0.0500","-0.0050","-1.0000","0.0000","0.0000","0.0000","0.0000","0.0000"
"6971.0","15:13:16.906","2221494.0000","1.3645","60559.0000","-0.0500","-0.0050","-1.0000","0.0000","0.0000","0.0000","0.0000","0.0000"
"6972.0","15:13:16.907","2221917.0000","1.4106","60559.0000","-0.0500","-0.0050","-1.0000","0.0000","0.0000","0.0000","0.0000","0.0000"
"6973.0","15:13:16.908","2222182.0000","1.4395","60559.0000","-0.0500","-0.0050","-1.0000","0.0000","0.0000","0.0000","0.0000","0.0000"
"6974.0","15:13:16.909","2221838.0000","1.4020","60559.0000","-0.0500","-0.0050","-1.0000","0.0000","0.0000","0.0000","0.0000","0.0000"
"6975.0","15:13:16.910","2221624.0000","1.3787","60559.0000","-0.0500","-0.0050","-1.0000","0.0000","0.0000","0.0000","0.0000","0.0000"
"6976.0","15:13:16.911","2221991.0000","1.4187","60559.0000","-0.0500","-0.0050","-1.0000","0.0000","0.0000","0.0000","0.0000","0.0000"
"6977.0","15:13:16.912","2221257.0000","1.3387","60559.0000","-0.0500","-0.0050","-1.0000","0.0000","0.0000","0.0000","0.0000","0.0000"
"6978.0","15:13:16.913","2221828.0000","1.4009","60559.0000","-0.0500","-0.0050","-1.0000","0.0000","0.0000","0.0000","0.0000","0.0000"
"6979.0","15:13:16.914","2223098.0000","1.5394","60559.0000","-0.0500","-0.0050","-1.0000","0.0000","0.0000","0.0000","0.0000","0.0000"
"6980.0","15:13:16.915","2223070.0000","1.5363","60559.0000","-0.0500","-0.0050","-1.0000","0.0000","0.0000","0.0000","0.0000","0.0000"
"6981.0","15:13:16.916","2222380.0000","1.4611","60559.0000","-0.0500","-0.0050","-1.0000","0.0000","0.0000","0.0000","0.0000","0.0000"
"6982.0","15:13:16.917","2222797.0000","1.5066","60559.0000","-0.0500","-0.0050","-1.0000","0.0000","0.0000","0.0000","0.0000","0.0000"
"6983.0","15:13:16.918","2222532.0000","1.4777","60559.0000","-0.0500","-0.0050","-1.0000","0.0000","0.0000","0.0000","0.0000","0.0000"
"6984.0","15:13:16.919","2222385.0000","1.4616","60559.0000","-0.0500","-0.0050","-1.0000","0.0000","0.0000","0.0000","0.0000","0.0000"
"6985.0","15:13:16.920","2222516.0000","1.4759","60559.0000","-0.0500","-0.0050","-1.0000","0.0000","0.0000","0.0000","0.0000","0.0000"
"6986.0","15:13:16.921","2222516.0000","1.4759","60559.0000","-0.0500","-0.0050","-1.0000","0.0000","0.0000","0.0000","0.0000","0.0000"
"6987.0","15:13:16.922","2222310.0000","1.4535","60559.0000","-0.0500","-0.0050","-1.0000","0.0000","0.0000","0.0000","0.0000","0.0000"
"6988.0","15:13:16.923","2223422.0000","1.5747","60559.0000","-0.0500","-0.0050","-1.0000","0.0000","0.0000","0.0000","0.0000","0.0000"
"6989.0","15:13:16.924","2222561.0000","1.4808","60559.0000","-0.0500","-0.0050","-1.0000","0.0000","0.0000","0.0000","0.0000","0.0000"
"6990.0","15:13:16.925","2222724.0000","1.4986","60559.0000","-0.0500","-0.0050","-1.0000","0.0000","0.0000","0.0000","0.0000","0.0000"
"6991.0","15:13:16.926","2222590.0000","1.4840","60559.0000","-0.0500","-0.0050","-1.0000","0.0000","0.0000","0.0000","0.0000","0.0000"
"6992.0","15:13:16.927","2221019.0000","1.3127","60559.0000","-0.0500","-0.0050","-1.0000","0.0000","0.0000","0.0000","0.0000","0.0000"
"6993.0","15:13:16.928","2221647.0000","1.3812","60559.0000","-0.0500","-0.0050","-1.0000","0.0000","0.0000","0.0000","0.0000","0.0000"
"6994.0","15:13:16.929","2221872.0000","1.4057","60559.0000","-0.0500","-0.0050","-1.0000","0.0000","0.0000","0.0000","0.0000","0.0000"
"6995.0","15:13:16.930","2221184.0000","1.3307","60559.0000","-0.0500","-0.0050","-1.0000","0.0000","0.0000","0.0000","0.0000","0.0000"
"6996.0","15:13:16.931","2221986.0000","1.4181","60559.0000","-0.0500","-0.0050","-1.0000","0.0000","0.0000","0.0000","0.0000","0.0000"
"6997.0","15:13:16.932","2223151.0000","1.5452","60559.0000","-0.0500","-0.0050","-1.0000","0.0000","0.0000","0.0000","0.0000","0.0000"
"6998.0","15:13:16.933","2222248.0000","1.4467","60559.0000","-0.0500","-0.0050","-1.0000","0.0000","0.0000","0.0000","0.0000","0.0000"
"6999.0","15:13:16.934","2222059.0000","1.4261","60559.0000","-0.0500","-0.0050","-1.0000","0.0000","0.0000","0.0000","0.0000","0.0000"
"7000.0","15:13:16.935","2222653.0000","1.4909","60559.0000","-0.0500","-0.0050","-1.0000","0.0000","0.0000","0.0000","0.0000","0.0000"
"7001.0","15:13:16.936","2224030.0000","1.6410","60559.0000","-0.0500","-0.0050","-1.0000","0.0000","0.0000","0.0000","0.0000","0.0000"
"7002.0","15:13:16.937","2223091.0000","1.5386","60559.0000","-0.0500","-0.0050","-1.0000","0.0000","0.0000","0.0000","0.0000","0.0000"
"7003.0","15:13:16.938","2223259.0000","1.5569","60559.0000","-0.0500","-0.0050","-1.0000","0.0000","0.0000","0.0000","0.0000","0.0000"
"7004.0","15:13:16.939","2222147.0000","1.4357","60559.0000","-0.0500","-0.0050","-1.0000","0.0000","0.0000","0.0000","0.0000","0.0000"
"7005.0","15:13:16.940","2222170.0000","1.4382","60559.0000","-0.0500","-0.0050","-1.0000","0.0000","0.0000","0.0000","0.0000","0.0000"
"7006.0","15:13:16.941","2221694.0000","1.3863","60559.0000","-0.0500","-0.0050","-1.0000","0.0000","0.0000","0.0000","0.0000","0.0000"
"7007.0","15:13:16.942","2221084.0000","1.3198","60559.0000","-0.0500","-0.0050","-1.0000","0.0000","0.0000","0.0000","0.0000","0.0000"
"7008.0","15:13:16.943","2220538.0000","1.2603","60559.0000","-0.0500","-0.0050","-1.0000","0.0000","0.0000","0.0000","0.0000","0.0000"
"7009.0","15:13:16.944","2219713.0000","1.1703","60559.0000","-0.0500","-0.0050","-1.0000","0.0000","0.0000","0.0000","0.0000","0.0000"
"7010.0","15:13:16.945","2219382.0000","1.1343","60559.0000","-0.0500","-0.0050","-1.0000","0.0000","0.0000","0.0000","0.0000","0.0000"
"7011.0","15:13:16.946","2219194.0000","1.1138","60559.0000","-0.0500","-0.0050","-1.0000","0.0000","0.0000","0.0000","0.0000","0.0000"
"7012.0","15:13:16.947","2219817.0000","1.1817","60559.0000","-0.0500","-0.0050","-1.0000","0.0000","0.0000","0.0000","0.0000","0.0000"
"7013.0","15:13:16.948","2220748.0000","1.2832","60559.0000","-0.0500","-0.0050","-1.0000","0.0000","0.0000","0.0000","0.0000","0.0000"
"7014.0","15:13:16.949","2220990.0000","1.3096","60559.0000","-0.0500","-0.0050","-1.0000","0.0000","0.0000","0.0000","0.0000","0.0000"
"7015.0","15:13:16.950","2221043.0000","1.3154","60559.0000","-0.0500","-0.0050","-1.0000","0.0000","0.0000","0.0000","0.0000","0.0000"
"7016.0","15:13:16.951","2221141.0000","1.3260","60559.0000","-0.0500","-0.0050","-1.0000","0.0000","0.0000","0.0000","0.0000","0.0000"
"7017.0","15:13:16.952","2222140.0000","1.4349","60559.0000","-0.0500","-0.0050","-1.0000","0.0000","0.0000","0.0000","0.0000","0.0000"
"7018.0","15:13:16.953","2222610.0000","1.4862","60559.0000","-0.0500","-0.0050","-1.0000","0.0000","0.0000","0.0000","0.0000","0.0000"
"7019.0","15:13:16.954","2223054.0000","1.5346","60559.0000","-0.0500","-0.0050","-1.0000","0.0000","0.0000","0.0000","0.0000","0.0000"
"7020.0","15:13:16.955","2224151.0000","1.6542","60559.0000","-0.0500","-0.0050","-1.0000","0.0000","0.0000","0.0000","0.0000","0.0000"
"7021.0","15:13:16.956","2223015.0000","1.5303","60559.0000","-0.0500","-0.0050","-1.0000","0.0000","0.0000","0.0000","0.0000","0.0000"
"7022.0","15:13:16.957","2223115.0000","1.5412","60559.0000","-0.0500","-0.0050","-1.0000","0.0000","0.0000","0.0000","0.0000","0.0000"
"7023.0","15:13:16.958","2222850.0000","1.5123","60552.0000","-0.0500","-0.0050","-1.0000","0.0000","0.0000","0.0000","0.0000","0.0000"
"7024.0","15:13:16.959","2222452.0000","1.4690","60552.0000","-0.0500","-0.0050","-1.0000","0.0000","0.0000","0.0000","0.0000","0.0000"
"7025.0","15:13:16.960","2222484.0000","1.4724","60552.0000","-0.0500","-0.0050","-1.0000","0.0000","0.0000","0.0000","0.0000","0.0000"
"7026.0","15:13:16.961","2222104.0000","1.4310","60552.0000","-0.0500","-0.0050","-1.0000","0.0000","0.0000","0.0000","0.0000","0.0000"
"7027.0","15:13:16.962","2222244.0000","1.4463","60552.0000","-0.0500","-0.0050","-1.0000","0.0000","0.0000","0.0000","0.0000","0.0000"
"7028.0","15:13:16.963","2222002.0000","1.4199","60552.0000","-0.0500","-0.0050","-1.0000","0.0000","0.0000","0.0000","0.0000","0.0000"
"7029.0","15:13:16.964","2222444.0000","1.4681","60552.0000","-0.0500","-0.0050","-1.0000","0.0000","0.0000","0.0000","0.0000","0.0000"
"7030.0","15:13:16.965","2222416.0000","1.4650","60552.0000","-0.0500","-0.0050","-1.0000","0.0000","0.0000","0.0000","0.0000","0.0000"
"7031.0","15:13:16.966","2222449.0000","1.4686","60552.0000","-0.0500","-0.0050","-1.0000","0.0000","0.0000","0.0000","0.0000","0.0000"
"7032.0","15:13:16.967","2223477.0000","1.5807","60552.0000","-0.0500","-0.0050","-1.0000","0.0000","0.0000","0.0000","0.0000","0.0000"
"7033.0","15:13:16.968","2223477.0000","1.5807","60552.0000","-0.0500","-0.0050","-1.0000","0.0000","0.0000","0.0000","0.0000","0.0000"
"7034.0","15:13:16.969","2223081.0000","1.5375","60552.0000","-0.0500","-0.0050","-1.0000","0.0000","0.0000","0.0000","0.0000","0.0000"
"7035.0","15:13:16.970","2222576.0000","1.4825","60552.0000","-0.0500","-0.0050","-1.0000","0.0000","0.0000","0.0000","0.0000","0.0000"
"7036.0","15:13:16.971","2223489.0000","1.5820","60552.0000","-0.0500","-0.0050","-1.0000","0.0000","0.0000","0.0000","0.0000","0.0000"
"7037.0","15:13:16.972","2223091.0000","1.5386","60552.0000","-0.0500","-0.0050","-1.0000","0.0000","0.0000","0.0000","0.0000","0.0000"
"7038.0","15:13:16.973","2222555.0000","1.4802","60552.0000","-0.0500","-0.0050","-1.0000","0.0000","0.0000","0.0000","0.0000","0.0000"
"7039.0","15:13:16.974","2222365.0000","1.4595","60552.0000","-0.0500","-0.0050","-1.0000","0.0000","0.0000","0.0000","0.0000","0.0000"
"7040.0","15:13:16.975","2222624.0000","1.4877","60552.0000","-0.0500","-0.0050","-1.0000","0.0000","0.0000","0.0000","0.0000","0.0000"
"7041.0","15:13:16.976","2221434.0000","1.3580","60552.0000","-0.0500","-0.0050","-1.0000","0.0000","0.0000","0.0000","0.0000","0.0000"
"7042.0","15:13:16.977","2220525.0000","1.2589","60552.0000","-0.0500","-0.0050","-1.0000","0.0000","0.0000","0.0000","0.0000","0.0000"
"7043.0","15:13:16.978","2219848.0000","1.1851","60552.0000","-0.0500","-0.0050","-1.0000","0.0000","0.0000","0.0000","0.0000","0.0000"
"7044.0","15:13:16.979","2219530.0000","1.1504","60552.0000","-0.0500","-0.0050","-1.0000","0.0000","0.0000","0.0000","0.0000","0.0000"
"7045.0","15:13:16.980","2219945.0000","1.1956","60552.0000","-0.0500","-0.0050","-1.0000","0.0000","0.0000","0.0000","0.0000","0.0000"
"7046.0","15:13:16.981","2220078.0000","1.2101","60552.0000","-0.0500","-0.0050","-1.0000","0.0000","0.0000","0.0000","0.0000","0.0000"
"7047.0","15:13:16.982","2219592.0000","1.1571","60552.0000","-0.0500","-0.0050","-1.0000","0.0000","0.0000","0.0000","0.0000","0.0000"
"7048.0","15:13:16.983","2220229.0000","1.2266","60552.0000","-0.0500","-0.0050","-1.0000","0.0000","0.0000","0.0000","0.0000","0.0000"
"7049.0","15:13:16.984","2220654.0000","1.2729","60552.0000","-0.0500","-0.0050","-1.0000","0.0000","0.0000","0.0000","0.0000","0.0000"
"7050.0","15:13:16.985","2222792.0000","1.5060","60552.0000","-0.0500","-0.0050","-1.0000","0.0000","0.0000","0.0000","0.0000","0.0000"
"7051.0","15:13:16.986","2223172.0000","1.5475","60552.0000","-0.0500","-0.0050","-1.0000","0.0000","0.0000","0.0000","0.0000","0.0000"
"7052.0","15:13:16.987","2224074.0000","1.6458","60552.0000","-0.0500","-0.0050","-1.0000","0.0000","0.0000","0.0000","0.0000","0.0000"
"7053.0","15:13:16.988","2225104.0000","1.7581","60552.0000","-0.0500","-0.0050","-1.0000","0.0000","0.0000","0.0000","0.0000","0.0000"
"7054.0","15:13:16.989","2225251.0000","1.7741","60552.0000","-0.0500","-0.0050","-1.0000","0.0000","0.0000","0.0000","0.0000","0.0000"
"7055.0","15:13:16.990","2225287.0000","1.7780","60552.0000","-0.0500","-0.0050","-1.0000","0.0000","0.0000","0.0000","0.0000","0.0000"
"7056.0","15:13:16.991","2225317.0000","1.7813","60552.0000","-0.0500","-0.0050","-1.0000","0.0000","0.0000","0.0000","0.0000","0.0000"
"7057.0","15:13:16.992","2224482.0000","1.6902","60552.0000","-0.0500","-0.0050","-1.0000","0.0000","0.0000","0.0000","0.0000","0.0000"
"7058.0","15:13:16.993","2224894.0000","1.7352","60552.0000","-0.0500","-0.0050","-1.0000","0.0000","0.0000","0.0000","0.0000","0.0000"
"7059.0","15:13:16.994","2223876.0000","1.6242","60552.0000","-0.0500","-0.0050","-1.0000","0.0000","0.0000","0.0000","0.0000","0.0000"
"7060.0","15:13:16.995","2222742.0000","1.5006","60552.0000","-0.0500","-0.0050","-1.0000","0.0000","0.0000","0.0000","0.0000","0.0000"
"7061.0","15:13:16.996","2223523.0000","1.5857","60552.0000","-0.0500","-0.0050","-1.0000","0.0000","0.0000","0.0000","0.0000","0.0000"
"7062.0","15:13:16.997","2223463.0000","1.5792","60552.0000","-0.0500","-0.0050","-1.0000","0.0000","0.0000","0.0000","0.0000","0.0000"
"7063.0","15:13:16.998","2224206.0000","1.6602","60552.0000","-0.0500","-0.0050","-1.0000","0.0000","0.0000","0.0000","0.0000","0.0000"
"7064.0","15:13:16.999","2224382.0000","1.6794","60552.0000","-0.0500","-0.0050","-1.0000","0.0000","0.0000","0.0000","0.0000","0.0000"
"7065.0","15:13:17.0","2224151.0000","1.6542","60552.0000","-0.0500","-0.0050","-1.0000","0.0000","0.0000","0.0000","0.0000","0.0000"
"7066.0","15:13:17.1","2225080.0000","1.7555","60552.0000","-0.0500","-0.0050","-1.0000","0.0000","0.0000","0.0000","0.0000","0.0000"
"7067.0","15:13:17.2","2224944.0000","1.7406","60552.0000","-0.0500","-0.0050","-1.0000","0.0000","0.0000","0.0000","0.0000","0.0000"
"7068.0","15:13:17.3","2224368.0000","1.6778","60552.0000","-0.0500","-0.0050","-1.0000","0.0000","0.0000","0.0000","0.0000","0.0000"
"7069.0","15:13:17.4","2224669.0000","1.7106","60552.0000","-0.0500","-0.0050","-1.0000","0.0000","0.0000","0.0000","0.0000","0.0000"
"7070.0","15:13:17.5","2225425.0000","1.7931","60552.0000","-0.0500","-0.0050","-1.0000","0.0000","0.0000","0.0000","0.0000","0.0000"
"7071.0","15:13:17.6","2225054.0000","1.7526","60552.0000","-0.0500","-0.0050","-1.0000","0.0000","0.0000","0.0000","0.0000","0.0000"
"7072.0","15:13:17.7","2224521.0000","1.6945","60552.0000","-0.0500","-0.0050","-1.0000","0.0000","0.0000","0.0000","0.0000","0.0000"
"7073.0","15:13:17.8","2224496.0000","1.6918","60552.0000","-0.0500","-0.0050","-1.0000","0.0000","0.0000","0.0000","0.0000","0.0000"
"7074.0","15:13:17.9","2223802.0000","1.6161","60552.0000","-0.0500","-0.0050","-1.0000","0.0000","0.0000","0.0000","0.0000","0.0000"
"7075.0","15:13:17.10","2223810.0000","1.6170","60552.0000","-0.0500","-0.0050","-1.0000","0.0000","0.0000","0.0000","0.0000","0.0000"
"7076.0","15:13:17.11","2223781.0000","1.6138","60552.0000","-0.0500","-0.0050","-1.0000","0.0000","0.0000","0.0000","0.0000","0.0000"
"7077.0","15:13:17.12","2222778.0000","1.5045","60552.0000","-0.0500","-0.0050","-1.0000","0.0000","0.0000","0.0000","0.0000","0.0000"
"7078.0","15:13:17.13","2223143.0000","1.5443","60552.0000","-0.0500","-0.0050","-1.0000","0.0000","0.0000","0.0000","0.0000","0.0000"
"7079.0","15:13:17.14","2223270.0000","1.5581","60552.0000","-0.0500","-0.0050","-1.0000","0.0000","0.0000","0.0000","0.0000","0.0000"
"7080.0","15:13:17.15","2223270.0000","1.5581","60552.0000","-0.0500","-0.0050","-1.0000","0.0000","0.0000","0.0000","0.0000","0.0000"
"7081.0","15:13:17.16","2222625.0000","1.4878","60552.0000","-0.0500","-0.0050","-1.0000","0.0000","0.0000","0.0000","0.0000","0.0000"
"7082.0","15:13:17.17","2222510.0000","1.4753","60552.0000","-0.0500","-0.0050","-1.0000","0.0000","0.0000","0.0000","0.0000","0.0000"
"7083.0","15:13:17.18","2222167.0000","1.4379","60564.0000","-0.0500","-0.0050","-1.0000","0.0000","0.0000","0.0000","0.0000","0.0000"
"7084.0","15:13:17.19","2221833.0000","1.4015","60564.0000","-0.0500","-0.0050","-1.0000","0.0000","0.0000","0.0000","0.0000","0.0000"
"7085.0","15:13:17.20","2222228.0000","1.4445","60564.0000","-0.0500","-0.0050","-1.0000","0.0000","0.0000","0.0000","0.0000","0.0000"
"7086.0","15:13:17.21","2222675.0000","1.4933","60564.0000","-0.0500","-0.0050","-1.0000","0.0000","0.0000","0.0000","0.0000","0.0000"
"7087.0","15:13:17.22","2222915.0000","1.5194","60564.0000","-0.0500","-0.0050","-1.0000","0.0000","0.0000","0.0000","0.0000","0.0000"
"7088.0","15:13:17.23","2222548.0000","1.4794","60564.0000","-0.0500","-0.0050","-1.0000","0.0000","0.0000","0.0000","0.0000","0.0000"
"7089.0","15:13:17.24","2222472.0000","1.4711","60564.0000","-0.0500","-0.0050","-1.0000","0.0000","0.0000","0.0000","0.0000","0.0000"
"7090.0","15:13:17.25","2222546.0000","1.4792","60564.0000","-0.0500","-0.0050","-1.0000","0.0000","0.0000","0.0000","0.0000","0.0000"
"7091.0","15:13:17.26","2223575.0000","1.5914","60564.0000","-0.0500","-0.0050","-1.0000","0.0000","0.0000","0.0000","0.0000","0.0000"
"7092.0","15:13:17.27","2223404.0000","1.5727","60564.0000","-0.0500","-0.0050","-1.0000","0.0000","0.0000","0.0000","0.0000","0.0000"
"7093.0","15:13:17.28","2223176.0000","1.5479","60564.0000","-0.0500","-0.0050","-1.0000","0.0000","0.0000","0.0000","0.0000","0.0000"
"7094.0","15:13:17.29","2224645.0000","1.7080","60564.0000","-0.0500","-0.0050","-1.0000","0.0000","0.0000","0.0000","0.0000","0.0000"
"7095.0","15:13:17.30","2224964.0000","1.7428","60564.0000","-0.0500","-0.0050","-1.0000","0.0000","0.0000","0.0000","0.0000","0.0000"
"7096.0","15:13:17.31","2224427.0000","1.6842","60564.0000","-0.0500","-0.0050","-1.0000","0.0000","0.0000","0.0000","0.0000","0.0000"
"7097.0","15:13:17.32","2224515.0000","1.6939","60564.0000","-0.0500","-0.0050","-1.0000","0.0000","0.0000","0.0000","0.0000","0.0000"
"7098.0","15:13:17.33","2224910.0000","1.7369","60564.0000","-0.0500","-0.0050","-1.0000","0.0000","0.0000","0.0000","0.0000","0.0000"
"7099.0","15:13:17.34","2224841.0000","1.7294","60564.0000","-0.0500","-0.0050","-1.0000","0.0000","0.0000","0.0000","0.0000","0.0000"
"7100.0","15:13:17.35","2224714.0000","1.7155","60564.0000","-0.0500","-0.0050","-1.0000","0.0000","0.0000","0.0000","0.0000","0.0000"
"7101.0","15:13:17.36","2225237.0000","1.7726","60564.0000","-0.0500","-0.0050","-1.0000","0.0000","0.0000","0.0000","0.0000","0.0000"
"7102.0","15:13:17.37","2225522.0000","1.8037","60564.0000","-0.0500","-0.0050","-1.0000","0.0000","0.0000","0.0000","0.0000","0.0000"
"7103.0","15:13:17.38","2225284.0000","1.7777","60564.0000","-0.0500","-0.0050","-1.0000","0.0000","0.0000","0.0000","0.0000","0.0000"
"7104.0","15:13:17.39","2226387.0000","1.8979","60564.0000","-0.0500","-0.0050","-1.0000","0.0000","0.0000","0.0000","0.0000","0.0000"
"7105.0","15:13:17.40","2225830.0000","1.8372","60564.0000","-0.0500","-0.0050","-1.0000","0.0000","0.0000","0.0000","0.0000","0.0000"
"7106.0","15:13:17.41","2226406.0000","1.9000","60564.0000","-0.0500","-0.0050","-1.0000","0.0000","0.0000","0.0000","0.0000","0.0000"
"7107.0","15:13:17.42","2226933.0000","1.9575","60564.0000","-0.0500","-0.0050","-1.0000","0.0000","0.0000","0.0000","0.0000","0.0000"
"7108.0","15:13:17.43","2226643.0000","1.9258","60564.0000","-0.0500","-0.0050","-1.0000","0.0000","0.0000","0.0000","0.0000","0.0000"
"7109.0","15:13:17.44","2226733.0000","1.9357","60564.0000","-0.0500","-0.0050","-1.0000","0.0000","0.0000","0.0000","0.0000","0.0000"
"7110.0","15:13:17.45","2227080.0000","1.9735","60564.0000","-0.0500","-0.0050","-1.0000","0.0000","0.0000","0.0000","0.0000","0.0000"
"7111.0","15:13:17.46","2227356.0000","2.0036","60564.0000","-0.0500","-0.0050","-1.0000","0.0000","0.0000","0.0000","0.0000","0.0000"
"7112.0","15:13:17.47","2227671.0000","2.0379","60564.0000","-0.0500","-0.0050","-1.0000","0.0000","0.0000","0.0000","0.0000","0.0000"
"7113.0","15:13:17.48","2226722.0000","1.9345","60564.0000","-0.0500","-0.0050","-1.0000","0.0000","0.0000","0.0000","0.0000","0.0000"
"7114.0","15:13:17.49","2225403.0000","1.7906","60564.0000","-0.0500","-0.0050","-1.0000","0.0000","0.0000","0.0000","0.0000","0.0000"
"7115.0","15:13:17.50","2224268.0000","1.6669","60564.0000","-0.0500","-0.0050","-1.0000","0.0000","0.0000","0.0000","0.0000","0.0000"
"7116.0","15:13:17.51","2223044.0000","1.5335","60564.0000","-0.0500","-0.0050","-1.0000","0.0000","0.0000","0.0000","0.0000","0.0000"
"7117.0","15:13:17.52","2221269.0000","1.3400","60564.0000","-0.0500","-0.0050","-1.0000","0.0000","0.0000","0.0000","0.0000","0.0000"
"7118.0","15:13:17.53","2219725.0000","1.1717","60564.0000","-0.0500","-0.0050","-1.0000","0.0000","0.0000","0.0000","0.0000","0.0000"
"7119.0","15:13:17.54","2219286.0000","1.1238","60564.0000","-0.0500","-0.0050","-1.0000","0.0000","0.0000","0.0000","0.0000","0.0000"
"7120.0","15:13:17.55","2218591.0000","1.0480","60564.0000","-0.0500","-0.0050","-1.0000","0.0000","0.0000","0.0000","0.0000","0.0000"
"7121.0","15:13:17.56","2217553.0000","0.9349","60564.0000","-0.0500","-0.0050","-1.0000","0.0000","0.0000","0.0000","0.0000","0.0000"
"7122.0","15:13:17.57","2217146.0000","0.8905","60564.0000","-0.0500","-0.0050","-1.0000","0.0000","0.0000","0.0000","0.0000","0.0000"
"7123.0","15:13:17.58","2217202.0000","0.8966","60564.0000","-0.0500","-0.0050","-1.0000","0.0000","0.0000","0.0000","0.0000","0.0000"
"7124.0","15:13:17.59","2216796.0000","0.8524","60564.0000","-0.0500","-0.0050","-1.0000","0.0000","0.0000","0.0000","0.0000","0.0000"
"7125.0","15:13:17.60","2216780.0000","0.8506","60564.0000","-0.0500","-0.0050","-1.0000","0.0000","0.0000","0.0000","0.0000","0.0000"
"7126.0","15:13:17.61","2216780.0000","0.8506","60564.0000","-0.0500","-0.0050","-1.0000","0.0000","0.0000","0.0000","0.0000","0.0000"
"7127.0","15:13:17.62","2215683.0000","0.7310","60564.0000","-0.0500","-0.0050","-1.0000","0.0000","0.0000","0.0000","0.0000","0.0000"
"7128.0","15:13:17.63","2216452.0000","0.8149","60564.0000","-0.0500","-0.0050","-1.0000","0.0000","0.0000","0.0000","0.0000","0.0000"
"7129.0","15:13:17.64","2217019.0000","0.8766","60564.0000","-0.0500","-0.0050","-1.0000","0.0000","0.0000","0.0000","0.0000","0.0000"
"7130.0","15:13:17.65","2216742.0000","0.8465","60564.0000","-0.0500","-0.0050","-1.0000","0.0000","0.0000","0.0000","0.0000","0.0000"
"7131.0","15:13:17.66","2217968.0000","0.9801","60564.0000","-0.0500","-0.0050","-1.0000","0.0000","0.0000","0.0000","0.0000","0.0000"
"7132.0","15:13:17.67","2219148.0000","1.1087","60564.0000","-0.0500","-0.0050","-1.0000","0.0000","0.0000","0.0000","0.0000","0.0000"
"7133.0","15:13:17.68","2219649.0000","1.1634","60564.0000","-0.0500","-0.0050","-1.0000","0.0000","0.0000","0.0000","0.0000","0.0000"
"7134.0","15:13:17.69","2219284.0000","1.1236","60564.0000","-0.0500","-0.0050","-1.0000","0.0000","0.0000","0.0000","0.0000","0.0000"
"7135.0","15:13:17.70","2220402.0000","1.2455","60564.0000","-0.0500","-0.0050","-1.0000","0.0000","0.0000","0.0000","0.0000","0.0000"
"7136.0","15:13:17.71","2222555.0000","1.4802","60564.0000","-0.0500","-0.0050","-1.0000","0.0000","0.0000","0.0000","0.0000","0.0000"
"7137.0","15:13:17.72","2222504.0000","1.4746","60564.0000","-0.0500","-0.0050","-1.0000","0.0000","0.0000","0.0000","0.0000","0.0000"
"7138.0","15:13:17.73","2223317.0000","1.5632","60564.0000","-0.0500","-0.0050","-1.0000","0.0000","0.0000","0.0000","0.0000","0.0000"
"7139.0","15:13:17.74","2223979.0000","1.6354","60564.0000","-0.0500","-0.0050","-1.0000","0.0000","0.0000","0.0000","0.0000","0.0000"
"7140.0","15:13:17.75","2225342.0000","1.7840","60564.0000","-0.0500","-0.0050","-1.0000","0.0000","0.0000","0.0000","0.0000","0.0000"
"7141.0","15:13:17.76","2225718.0000","1.8250","60564.0000","-0.0500","-0.0050","-1.0000","0.0000","0.0000","0.0000","0.0000","0.0000"
"7142.0","15:13:17.77","2225272.0000","1.7764","60564.0000","-0.0500","-0.0050","-1.0000","0.0000","0.0000","0.0000","0.0000","0.0000"
"7143.0","15:13:17.78","2225937.0000","1.8489","60564.0000","-0.0500","-0.0050","-1.0000","0.0000","0.0000","0.0000","0.0000","0.0000"
"7144.0","15:13:17.79","2226159.0000","1.8731","60555.0000","-0.0500","-0.0050","-1.0000","0.0000","0.0000","0.0000","0.0000","0.0000"
"7145.0","15:13:17.80","2226702.0000","1.9323","60555.0000","-0.0500","-0.0050","-1.0000","0.0000","0.0000","0.0000","0.0000","0.0000"
"7146.0","15:13:17.81","2226550.0000","1.9157","60555.0000","-0.0500","-0.0050","-1.0000","0.0000","0.0000","0.0000","0.0000","0.0000"
"7147.0","15:13:17.82","2226492.0000","1.9094","60555.0000","-0.0500","-0.0050","-1.0000","0.0000","0.0000","0.0000","0.0000","0.0000"
"7148.0","15:13:17.83","2226548.0000","1.9155","60555.0000","-0.0500","-0.0050","-1.0000","0.0000","0.0000","0.0000","0.0000","0.0000"
"7149.0","15:13:17.84","2225516.0000","1.8030","60555.0000","-0.0500","-0.0050","-1.0000","0.0000","0.0000","0.0000","0.0000","0.0000"
"7150.0","15:13:17.85","2225344.0000","1.7843","60555.0000","-0.0500","-0.0050","-1.0000","0.0000","0.0000","0.0000","0.0000","0.0000"
"7151.0","15:13:17.86","2225980.0000","1.8536","60555.0000","-0.0500","-0.0050","-1.0000","0.0000","0.0000","0.0000","0.0000","0.0000"
"7152.0","15:13:17.87","2225695.0000","1.8225","60555.0000","-0.0500","-0.0050","-1.0000","0.0000","0.0000","0.0000","0.0000","0.0000"
"7153.0","15:13:17.88","2225416.0000","1.7921","60555.0000","-0.0500","-0.0050","-1.0000","0.0000","0.0000","0.0000","0.0000","0.0000"
"7154.0","15:13:17.89","2225132.0000","1.7611","60555.0000","-0.0500","-0.0050","-1.0000","0.0000","0.0000","0.0000","0.0000","0.0000"
"7155.0","15:13:17.90","2224724.0000","1.7167","60555.0000","-0.0500","-0.0050","-1.0000","0.0000","0.0000","0.0000","0.0000","0.0000"
"7156.0","15:13:17.91","2224421.0000","1.6836","60555.0000","-0.0500","-0.0050","-1.0000","0.0000","0.0000","0.0000","0.0000","0.0000"
"7157.0","15:13:17.92","2224581.0000","1.7011","60555.0000","-0.0500","-0.0050","-1.0000","0.0000","0.0000","0.0000","0.0000","0.0000"
"7158.0","15:13:17.93","2223358.0000","1.5677","60555.0000","-0.0500","-0.0050","-1.0000","0.0000","0.0000","0.0000","0.0000","0.0000"
"7159.0","15:13:17.94","2222516.0000","1.4759","60555.0000","-0.0500","-0.0050","-1.0000","0.0000","0.0000","0.0000","0.0000","0.0000"
"7160.0","15:13:17.95","2223221.0000","1.5528","60555.0000","-0.0500","-0.0050","-1.0000","0.0000","0.0000","0.0000","0.0000","0.0000"
"7161.0","15:13:17.96","2223463.0000","1.5792","60555.0000","-0.0500","-0.0050","-1.0000","0.0000","0.0000","0.0000","0.0000","0.0000"
"7162.0","15:13:17.97","2223488.0000","1.5819","60555.0000","-0.0500","-0.0050","-1.0000","0.0000","0.0000","0.0000","0.0000","0.0000"
"7163.0","15:13:17.98","2222986.0000","1.5272","60555.0000","-0.0500","-0.0050","-1.0000","0.0000","0.0000","0.0000","0.0000","0.0000"
"7164.0","15:13:17.99","2222970.0000","1.5254","60555.0000","-0.0500","-0.0050","-1.0000","0.0000","0.0000","0.0000","0.0000","0.0000"
"7165.0","15:13:17.100","2222789.0000","1.5057","60555.0000","-0.0500","-0.0050","-1.0000","0.0000","0.0000","0.0000","0.0000","0.0000"
"7166.0","15:13:17.101","2222774.0000","1.5040","60555.0000","-0.0500","-0.0050","-1.0000","0.0000","0.0000","0.0000","0.0000","0.0000"
"7167.0","15:13:17.102","2222516.0000","1.4759","60555.0000","-0.0500","-0.0050","-1.0000","0.0000","0.0000","0.0000","0.0000","0.0000"
"7168.0","15:13:17.103","2222554.0000","1.4801","60555.0000","-0.0500","-0.0050","-1.0000","0.0000","0.0000","0.0000","0.0000","0.0000"
"7169.0","15:13:17.104","2222071.0000","1.4274","60555.0000","-0.0500","-0.0050","-1.0000","0.0000","0.0000","0.0000","0.0000","0.0000"
"7170.0","15:13:17.105","2221670.0000","1.3837","60555.0000","-0.0500","-0.0050","-1.0000","0.0000","0.0000","0.0000","0.0000","0.0000"
"7171.0","15:13:17.106","2221843.0000","1.4026","60555.0000","-0.0500","-0.0050","-1.0000","0.0000","0.0000","0.0000","0.0000","0.0000"
"7172.0","15:13:17.107","2222189.0000","1.4403","60555.0000","-0.0500","-0.0050","-1.0000","0.0000","0.0000","0.0000","0.0000","0.0000"
"7173.0","15:13:17.108","2222189.0000","1.4403","60555.0000","-0.0500","-0.0050","-1.0000","0.0000","0.0000","0.0000","0.0000","0.0000"
"7174.0","15:13:17.109","2220679.0000","1.2757","60555.0000","-0.0500","-0.0050","-1.0000","0.0000","0.0000","0.0000","0.0000","0.0000"
"7175.0","15:13:17.110","2220848.0000","1.2941","60555.0000","-0.0500","-0.0050","-1.0000","0.0000","0.0000","0.0000","0.0000","0.0000"
"7176.0","15:13:17.111","2220377.0000","1.2428","60555.0000","-0.0500","-0.0050","-1.0000","0.0000","0.0000","0.0000","0.0000","0.0000"
"7177.0","15:13:17.112","2219789.0000","1.1787","60555.0000","-0.0500","-0.0050","-1.0000","0.0000","0.0000","0.0000","0.0000","0.0000"
"7178.0","15:13:17.113","2219388.0000","1.1349","60555.0000","-0.0500","-0.0050","-1.0000","0.0000","0.0000","0.0000","0.0000","0.0000"
"7179.0","15:13:17.114","2219716.0000","1.1707","60555.0000","-0.0500","-0.0050","-1.0000","0.0000","0.0000","0.0000","0.0000","0.0000"
"7180.0","15:13:17.115","2219804.0000","1.1803","60555.0000","-0.0500","-0.0050","-1.0000","0.0000","0.0000","0.0000","0.0000","0.0000"
"7181.0","15:13:17.116","2219824.0000","1.1825","60555.0000","-0.0500","-0.0050","-1.0000","0.0000","0.0000","0.0000","0.0000","0.0000"
"7182.0","15:13:17.117","2220018.0000","1.2036","60555.0000","-0.0500","-0.0050","-1.0000","0.0000","0.0000","0.0000","0.0000","0.0000"
"7183.0","15:13:17.118","2218998.0000","1.0924","60555.0000","-0.0500","-0.0050","-1.0000","0.0000","0.0000","0.0000","0.0000","0.0000"
"7184.0","15:13:17.119","2218943.0000","1.0864","60555.0000","-0.0500","-0.0050","-1.0000","0.0000","0.0000","0.0000","0.0000","0.0000"
"7185.0","15:13:17.120","2221005.0000","1.3112","60555.0000","-0.0500","-0.0050","-1.0000","0.0000","0.0000","0.0000","0.0000","0.0000"
"7186.0","15:13:17.121","2220436.0000","1.2491","60555.0000","-0.0500","-0.0050","-1.0000","0.0000","0.0000","0.0000","0.0000","0.0000"
"7187.0","15:13:17.122","2220704.0000","1.2784","60555.0000","-0.0500","-0.0050","-1.0000","0.0000","0.0000","0.0000","0.0000","0.0000"
"7188.0","15:13:17.123","2220320.0000","1.2365","60555.0000","-0.0500","-0.0050","-1.0000","0.0000","0.0000","0.0000","0.0000","0.0000"
"7189.0","15:13:17.124","2220795.0000","1.2883","60555.0000","-0.0500","-0.0050","-1.0000","0.0000","0.0000","0.0000","0.0000","0.0000"
"7190.0","15:13:17.125","2220855.0000","1.2948","60555.0000","-0.0500","-0.0050","-1.0000","0.0000","0.0000","0.0000","0.0000","0.0000"
"7191.0","15:13:17.126","2220907.0000","1.3005","60555.0000","-0.0500","-0.0050","-1.0000","0.0000","0.0000","0.0000","0.0000","0.0000"
"7192.0","15:13:17.127","2220769.0000","1.2855","60555.0000","-0.0500","-0.0050","-1.0000","0.0000","0.0000","0.0000","0.0000","0.0000"
"7193.0","15:13:17.128","2220642.0000","1.2716","60555.0000","-0.0500","-0.0050","-1.0000","0.0000","0.0000","0.0000","0.0000","0.0000"
"7194.0","15:13:17.129","2221296.0000","1.3429","60555.0000","-0.0500","-0.0050","-1.0000","0.0000","0.0000","0.0000","0.0000","0.0000"
"7195.0","15:13:17.130","2221901.0000","1.4089","60555.0000","-0.0500","-0.0050","-1.0000","0.0000","0.0000","0.0000","0.0000","0.0000"
"7196.0","15:13:17.131","2221884.0000","1.4070","60555.0000","-0.0500","-0.0050","-1.0000","0.0000","0.0000","0.0000","0.0000","0.0000"
"7197.0","15:13:17.132","2221620.0000","1.3783","60555.0000","-0.0500","-0.0050","-1.0000","0.0000","0.0000","0.0000","0.0000","0.0000"
"7198.0","15:13:17.133","2221635.0000","1.3799","60555.0000","-0.0500","-0.0050","-1.0000","0.0000","0.0000","0.0000","0.0000","0.0000"
"7199.0","15:13:17.134","2222274.0000","1.4496","60555.0000","-0.0500","-0.0050","-1.0000","0.0000","0.0000","0.0000","0.0000","0.0000"
"7200.0","15:13:17.135","2221886.0000","1.4073","60555.0000","-0.0500","-0.0050","-1.0000","0.0000","0.0000","0.0000","0.0000","0.0000"
"7201.0","15:13:17.136","2221338.0000","1.3475","60555.0000","-0.0500","-0.0050","-1.0000","0.0000","0.0000","0.0000","0.0000","0.0000"
"7202.0","15:13:17.137","2222297.0000","1.4521","60555.0000","-0.0500","-0.0050","-1.0000","0.0000","0.0000","0.0000","0.0000","0.0000"
"7203.0","15:13:17.138","2223084.0000","1.5378","60555.0000","-0.0500","-0.0050","-1.0000","0.0000","0.0000","0.0000","0.0000","0.0000"
"7204.0","15:13:17.139","2222494.0000","1.4735","60555.0000","-0.0500","-0.0050","-1.0000","0.0000","0.0000","0.0000","0.0000","0.0000"
"7205.0","15:13:17.140","2221830.0000","1.4011","60555.0000","-0.0500","-0.0050","-1.0000","0.0000","0.0000","0.0000","0.0000","0.0000"
"7206.0","15:13:17.141","2221301.0000","1.3435","60555.0000","-0.0500","-0.0050","-1.0000","0.0000","0.0000","0.0000","0.0000","0.0000"
"7207.0","15:13:17.142","2222225.0000","1.4442","60555.0000","-0.0500","-0.0050","-1.0000","0.0000","0.0000","0.0000","0.0000","0.0000"
"7208.0","15:13:17.143","2220949.0000","1.3051","60555.0000","-0.0500","-0.0050","-1.0000","0.0000","0.0000","0.0000","0.0000","0.0000"
"7209.0","15:13:17.144","2221740.0000","1.3914","60555.0000","-0.0500","-0.0050","-1.0000","0.0000","0.0000","0.0000","0.0000","0.0000"
"7210.0","15:13:17.145","2221596.0000","1.3756","60555.0000","-0.0500","-0.0050","-1.0000","0.0000","0.0000","0.0000","0.0000","0.0000"
"7211.0","15:13:17.146","2221590.0000","1.3750","60555.0000","-0.0500","-0.0050","-1.0000","0.0000","0.0000","0.0000","0.0000","0.0000"
"7212.0","15:13:17.147","2223093.0000","1.5388","60555.0000","-0.0500","-0.0050","-1.0000","0.0000","0.0000","0.0000","0.0000","0.0000"
"7213.0","15:13:17.148","2223529.0000","1.5863","60555.0000","-0.0500","-0.0050","-1.0000","0.0000","0.0000","0.0000","0.0000","0.0000"
"7214.0","15:13:17.149","2223213.0000","1.5519","60555.0000","-0.0500","-0.0050","-1.0000","0.0000","0.0000","0.0000","0.0000","0.0000"
"7215.0","15:13:17.150","2223657.0000","1.6003","60555.0000","-0.0500","-0.0050","-1.0000","0.0000","0.0000","0.0000","0.0000","0.0000"
"7216.0","15:13:17.151","2223284.0000","1.5597","60555.0000","-0.0500","-0.0050","-1.0000","0.0000","0.0000","0.0000","0.0000","0.0000"
"7217.0","15:13:17.152","2223699.0000","1.6049","60555.0000","-0.0500","-0.0050","-1.0000","0.0000","0.0000","0.0000","0.0000","0.0000"
"7218.0","15:13:17.153","2225937.0000","1.8489","60555.0000","-0.0500","-0.0050","-1.0000","0.0000","0.0000","0.0000","0.0000","0.0000"
"7219.0","15:13:17.154","2225937.0000","1.8489","60555.0000","-0.0500","-0.0050","-1.0000","0.0000","0.0000","0.0000","0.0000","0.0000"
"7220.0","15:13:17.155","2227039.0000","1.9690","60555.0000","-0.0500","-0.0050","-1.0000","0.0000","0.0000","0.0000","0.0000","0.0000"
"7221.0","15:13:17.156","2226355.0000","1.8944","60555.0000","-0.0500","-0.0050","-1.0000","0.0000","0.0000","0.0000","0.0000","0.0000"
"7222.0","15:13:17.157","2226419.0000","1.9014","60555.0000","-0.0500","-0.0050","-1.0000","0.0000","0.0000","0.0000","0.0000","0.0000"
"7223.0","15:13:17.158","2225327.0000","1.7824","60555.0000","-0.0500","-0.0050","-1.0000","0.0000","0.0000","0.0000","0.0000","0.0000"
"7224.0","15:13:17.159","2224953.0000","1.7416","60555.0000","-0.0500","-0.0050","-1.0000","0.0000","0.0000","0.0000","0.0000","0.0000"
"7225.0","15:13:17.160","2225693.0000","1.8223","60555.0000","-0.0500","-0.0050","-1.0000","0.0000","0.0000","0.0000","0.0000","0.0000"
"7226.0","15:13:17.161","2225134.0000","1.7613","60555.0000","-0.0500","-0.0050","-1.0000","0.0000","0.0000","0.0000","0.0000","0.0000"
"7227.0","15:13:17.162","2224148.0000","1.6539","60555.0000","-0.0500","-0.0050","-1.0000","0.0000","0.0000","0.0000","0.0000","0.0000"
"7228.0","15:13:17.163","2222991.0000","1.5277","60555.0000","-0.0500","-0.0050","-1.0000","0.0000","0.0000","0.0000","0.0000","0.0000"
"7229.0","15:13:17.164","2223521.0000","1.5855","60555.0000","-0.0500","-0.0050","-1.0000","0.0000","0.0000","0.0000","0.0000","0.0000"
"7230.0","15:13:17.165","2223006.0000","1.5294","60555.0000","-0.0500","-0.0050","-1.0000","0.0000","0.0000","0.0000","0.0000","0.0000"
"7231.0","15:13:17.166","2223202.0000","1.5507","60555.0000","-0.0500","-0.0050","-1.0000","0.0000","0.0000","0.0000","0.0000","0.0000"
"7232.0","15:13:17.167","2223028.0000","1.5318","60555.0000","-0.0500","-0.0050","-1.0000","0.0000","0.0000","0.0000","0.0000","0.0000"
"7233.0","15:13:17.168","2222882.0000","1.5159","60555.0000","-0.0500","-0.0050","-1.0000","0.0000","0.0000","0.0000","0.0000","0.0000"
"7234.0","15:13:17.169","2222423.0000","1.4658","60555.0000","-0.0500","-0.0050","-1.0000","0.0000","0.0000","0.0000","0.0000","0.0000"
"7235.0","15:13:17.170","2222108.0000","1.4315","60555.0000","-0.0500","-0.0050","-1.0000","0.0000","0.0000","0.0000","0.0000","0.0000"
"7236.0","15:13:17.171","2222360.0000","1.4589","60555.0000","-0.0500","-0.0050","-1.0000","0.0000","0.0000","0.0000","0.0000","0.0000"
"7237.0","15:13:17.172","2222362.0000","1.4591","60555.0000","-0.0500","-0.0050","-1.0000","0.0000","0.0000","0.0000","0.0000","0.0000"
"7238.0","15:13:17.173","2221224.0000","1.3351","60555.0000","-0.0500","-0.0050","-1.0000","0.0000","0.0000","0.0000","0.0000","0.0000"
"7239.0","15:13:17.174","2220366.0000","1.2415","60555.0000","-0.0500","-0.0050","-1.0000","0.0000","0.0000","0.0000","0.0000","0.0000"
"7240.0","15:13:17.175","2219880.0000","1.1886","60555.0000","-0.0500","-0.0050","-1.0000","0.0000","0.0000","0.0000","0.0000","0.0000"
"7241.0","15:13:17.176","2218938.0000","1.0858","60555.0000","-0.0500","-0.0050","-1.0000","0.0000","0.0000","0.0000","0.0000","0.0000"
"7242.0","15:13:17.177","2218358.0000","1.0226","60555.0000","-0.0500","-0.0050","-1.0000","0.0000","0.0000","0.0000","0.0000","0.0000"
"7243.0","15:13:17.178","2217153.0000","0.8913","60555.0000","-0.0500","-0.0050","-1.0000","0.0000","0.0000","0.0000","0.0000","0.0000"
"7244.0","15:13:17.179","2217741.0000","0.9554","60555.0000","-0.0500","-0.0050","-1.0000","0.0000","0.0000","0.0000","0.0000","0.0000"
"7245.0","15:13:17.180","2217720.0000","0.9531","60555.0000","-0.0500","-0.0050","-1.0000","0.0000","0.0000","0.0000","0.0000","0.0000"
"7246.0","15:13:17.181","2218655.0000","1.0550","60555.0000","-0.0500","-0.0050","-1.0000","0.0000","0.0000","0.0000","0.0000","0.0000"
"7247.0","15:13:17.182","2218531.0000","1.0415","60555.0000","-0.0500","-0.0050","-1.0000","0.0000","0.0000","0.0000","0.0000","0.0000"
"7248.0","15:13:17.183","2219023.0000","1.0951","60555.0000","-0.0500","-0.0050","-1.0000","0.0000","0.0000","0.0000","0.0000","0.0000"
"7249.0","15:13:17.184","2219644.0000","1.1628","60555.0000","-0.0500","-0.0050","-1.0000","0.0000","0.0000","0.0000","0.0000","0.0000"
"7250.0","15:13:17.185","2220039.0000","1.2059","60555.0000","-0.0500","-0.0050","-1.0000","0.0000","0.0000","0.0000","0.0000","0.0000"
"7251.0","15:13:17.186","2221545.0000","1.3701","60555.0000","-0.0500","-0.0050","-1.0000","0.0000","0.0000","0.0000","0.0000","0.0000"
"7252.0","15:13:17.187","2223554.0000","1.5891","60555.0000","-0.0500","-0.0050","-1.0000","0.0000","0.0000","0.0000","0.0000","0.0000"
"7253.0","15:13:17.188","2224100.0000","1.6486","60555.0000","-0.0500","-0.0050","-1.0000","0.0000","0.0000","0.0000","0.0000","0.0000"
"7254.0","15:13:17.189","2224232.0000","1.6630","60555.0000","-0.0500","-0.0050","-1.0000","0.0000","0.0000","0.0000","0.0000","0.0000"
"7255.0","15:13:17.190","2224061.0000","1.6444","60555.0000","-0.0500","-0.0050","-1.0000","0.0000","0.0000","0.0000","0.0000","0.0000"
"7256.0","15:13:17.191","2224437.0000","1.6854","60555.0000","-0.0500","-0.0050","-1.0000","0.0000","0.0000","0.0000","0.0000","0.0000"
"7257.0","15:13:17.192","2224149.0000","1.6539","60555.0000","-0.0500","-0.0050","-1.0000","0.0000","0.0000","0.0000","0.0000","0.0000"
"7258.0","15:13:17.193","2224601.0000","1.7032","60555.0000","-0.0500","-0.0050","-1.0000","0.0000","0.0000","0.0000","0.0000","0.0000"
"7259.0","15:13:17.194","2223960.0000","1.6333","60555.0000","-0.0500","-0.0050","-1.0000","0.0000","0.0000","0.0000","0.0000","0.0000"
"7260.0","15:13:17.195","2224044.0000","1.6425","60555.0000","-0.0500","-0.0050","-1.0000","0.0000","0.0000","0.0000","0.0000","0.0000"
"7261.0","15:13:17.196","2224806.0000","1.7256","60555.0000","-0.0500","-0.0050","-1.0000","0.0000","0.0000","0.0000","0.0000","0.0000"
"7262.0","15:13:17.197","2224144.0000","1.6534","60555.0000","-0.0500","-0.0050","-1.0000","0.0000","0.0000","0.0000","0.0000","0.0000"
"7263.0","15:13:17.198","2224601.0000","1.7032","60555.0000","-0.0500","-0.0050","-1.0000","0.0000","0.0000","0.0000","0.0000","0.0000"
"7264.0","15:13:17.199","2223540.0000","1.5876","60555.0000","-0.0500","-0.0050","-1.0000","0.0000","0.0000","0.0000","0.0000","0.0000"
"7265.0","15:13:17.200","2223358.0000","1.5677","60554.0000","-0.0500","-0.0050","-1.0000","0.0000","0.0000","0.0000","0.0000","0.0000"
"7266.0","15:13:17.201","2223358.0000","1.5677","60554.0000","-0.0500","-0.0050","-1.0000","0.0000","0.0000","0.0000","0.0000","0.0000"
"7267.0","15:13:17.202","2223678.0000","1.6026","60554.0000","-0.0500","-0.0050","-1.0000","0.0000","0.0000","0.0000","0.0000","0.0000"
"7268.0","15:13:17.203","2223905.0000","1.6273","60554.0000","-0.0500","-0.0050","-1.0000","0.0000","0.0000","0.0000","0.0000","0.0000"
"7269.0","15:13:17.204","2224126.0000","1.6514","60554.0000","-0.0500","-0.0050","-1.0000","0.0000","0.0000","0.0000","0.0000","0.0000"
"7270.0","15:13:17.205","2224899.0000","1.7357","60554.0000","-0.0500","-0.0050","-1.0000","0.0000","0.0000","0.0000","0.0000","0.0000"
"7271.0","15:13:17.206","2224146.0000","1.6536","60554.0000","-0.0500","-0.0050","-1.0000","0.0000","0.0000","0.0000","0.0000","0.0000"
"7272.0","15:13:17.207","2223756.0000","1.6111","60554.0000","-0.0500","-0.0050","-1.0000","0.0000","0.0000","0.0000","0.0000","0.0000"
"7273.0","15:13:17.208","2223743.0000","1.6097","60554.0000","-0.0500","-0.0050","-1.0000","0.0000","0.0000","0.0000","0.0000","0.0000"
"7274.0","15:13:17.209","2223792.0000","1.6150","60554.0000","-0.0500","-0.0050","-1.0000","0.0000","0.0000","0.0000","0.0000","0.0000"
"7275.0","15:13:17.210","2222738.0000","1.5001","60554.0000","-0.0500","-0.0050","-1.0000","0.0000","0.0000","0.0000","0.0000","0.0000"
"7276.0","15:13:17.211","2222757.0000","1.5022","60554.0000","-0.0500","-0.0050","-1.0000","0.0000","0.0000","0.0000","0.0000","0.0000"
"7277.0","15:13:17.212","2221959.0000","1.4152","60554.0000","-0.0500","-0.0050","-1.0000","0.0000","0.0000","0.0000","0.0000","0.0000"
"7278.0","15:13:17.213","2222309.0000","1.4534","60554.0000","-0.0500","-0.0050","-1.0000","0.0000","0.0000","0.0000","0.0000","0.0000"
"7279.0","15:13:17.214","2222074.0000","1.4277","60554.0000","-0.0500","-0.0050","-1.0000","0.0000","0.0000","0.0000","0.0000","0.0000"
"7280.0","15:13:17.215","2221331.0000","1.3467","60554.0000","-0.0500","-0.0050","-1.0000","0.0000","0.0000","0.0000","0.0000","0.0000"
"7281.0","15:13:17.216","2221160.0000","1.3281","60554.0000","-0.0500","-0.0050","-1.0000","0.0000","0.0000","0.0000","0.0000","0.0000"
"7282.0","15:13:17.217","2222283.0000","1.4505","60554.0000","-0.0500","-0.0050","-1.0000","0.0000","0.0000","0.0000","0.0000","0.0000"
"7283.0","15:13:17.218","2222122.0000","1.4330","60554.0000","-0.0500","-0.0050","-1.0000","0.0000","0.0000","0.0000","0.0000","0.0000"
"7284.0","15:13:17.219","2221588.0000","1.3748","60554.0000","-0.0500","-0.0050","-1.0000","0.0000","0.0000","0.0000","0.0000","0.0000"
"7285.0","15:13:17.220","2222151.0000","1.4361","60554.0000","-0.0500","-0.0050","-1.0000","0.0000","0.0000","0.0000","0.0000","0.0000"
"7286.0","15:13:17.221","2223188.0000","1.5492","60554.0000","-0.0500","-0.0050","-1.0000","0.0000","0.0000","0.0000","0.0000","0.0000"
"7287.0","15:13:17.222","2222700.0000","1.4960","60554.0000","-0.0500","-0.0050","-1.0000","0.0000","0.0000","0.0000","0.0000","0.0000"
"7288.0","15:13:17.223","2223048.0000","1.5339","60554.0000","-0.0500","-0.0050","-1.0000","0.0000","0.0000","0.0000","0.0000","0.0000"
"7289.0","15:13:17.224","2222308.0000","1.4533","60554.0000","-0.0500","-0.0050","-1.0000","0.0000","0.0000","0.0000","0.0000","0.0000"
"7290.0","15:13:17.225","2222561.0000","1.4808","60554.0000","-0.0500","-0.0050","-1.0000","0.0000","0.0000","0.0000","0.0000","0.0000"
"7291.0","15:13:17.226","2221825.0000","1.4006","60554.0000","-0.0500","-0.0050","-1.0000","0.0000","0.0000","0.0000","0.0000","0.0000"
"7292.0","15:13:17.227","2222144.0000","1.4354","60554.0000","-0.0500","-0.0050","-1.0000","0.0000","0.0000","0.0000","0.0000","0.0000"
"7293.0","15:13:17.228","2222112.0000","1.4319","60554.0000","-0.0500","-0.0050","-1.0000","0.0000","0.0000","0.0000","0.0000","0.0000"
"7294.0","15:13:17.229","2222302.0000","1.4526","60554.0000","-0.0500","-0.0050","-1.0000","0.0000","0.0000","0.0000","0.0000","0.0000"
"7295.0","15:13:17.230","2222071.0000","1.4274","60554.0000","-0.0500","-0.0050","-1.0000","0.0000","0.0000","0.0000","0.0000","0.0000"
"7296.0","15:13:17.231","2221162.0000","1.3283","60554.0000","-0.0500","-0.0050","-1.0000","0.0000","0.0000","0.0000","0.0000","0.0000"
"7297.0","15:13:17.232","2221482.0000","1.3632","60554.0000","-0.0500","-0.0050","-1.0000","0.0000","0.0000","0.0000","0.0000","0.0000"
"7298.0","15:13:17.233","2222293.0000","1.4516","60554.0000","-0.0500","-0.0050","-1.0000","0.0000","0.0000","0.0000","0.0000","0.0000"
"7299.0","15:13:17.234","2221912.0000","1.4101","60554.0000","-0.0500","-0.0050","-1.0000","0.0000","0.0000","0.0000","0.0000","0.0000"
"7300.0","15:13:17.235","2222153.0000","1.4364","60554.0000","-0.0500","-0.0050","-1.0000","0.0000","0.0000","0.0000","0.0000","0.0000"
"7301.0","15:13:17.236","2222254.0000","1.4474","60554.0000","-0.0500","-0.0050","-1.0000","0.0000","0.0000","0.0000","0.0000","0.0000"
"7302.0","15:13:17.237","2222294.0000","1.4517","60554.0000","-0.0500","-0.0050","-1.0000","0.0000","0.0000","0.0000","0.0000","0.0000"
"7303.0","15:13:17.238","2222371.0000","1.4601","60554.0000","-0.0500","-0.0050","-1.0000","0.0000","0.0000","0.0000","0.0000","0.0000"
"7304.0","15:13:17.239","2222280.0000","1.4502","60554.0000","-0.0500","-0.0050","-1.0000","0.0000","0.0000","0.0000","0.0000","0.0000"
"7305.0","15:13:17.240","2222749.0000","1.5013","60554.0000","-0.0500","-0.0050","-1.0000","0.0000","0.0000","0.0000","0.0000","0.0000"
"7306.0","15:13:17.241","2222372.0000","1.4602","60554.0000","-0.0500","-0.0050","-1.0000","0.0000","0.0000","0.0000","0.0000","0.0000"
"7307.0","15:13:17.242","2222115.0000","1.4322","60554.0000","-0.0500","-0.0050","-1.0000","0.0000","0.0000","0.0000","0.0000","0.0000"
"7308.0","15:13:17.243","2222682.0000","1.4940","60554.0000","-0.0500","-0.0050","-1.0000","0.0000","0.0000","0.0000","0.0000","0.0000"
"7309.0","15:13:17.244","2222657.0000","1.4913","60554.0000","-0.0500","-0.0050","-1.0000","0.0000","0.0000","0.0000","0.0000","0.0000"
"7310.0","15:13:17.245","2223018.0000","1.5306","60554.0000","-0.0500","-0.0050","-1.0000","0.0000","0.0000","0.0000","0.0000","0.0000"
"7311.0","15:13:17.246","2223384.0000","1.5706","60554.0000","-0.0500","-0.0050","-1.0000","0.0000","0.0000","0.0000","0.0000","0.0000"
"7312.0","15:13:17.247","2224455.0000","1.6873","60554.0000","-0.0500","-0.0050","-1.0000","0.0000","0.0000","0.0000","0.0000","0.0000"
"7313.0","15:13:17.248","2224455.0000","1.6873","60554.0000","-0.0500","-0.0050","-1.0000","0.0000","0.0000","0.0000","0.0000","0.0000"
"7314.0","15:13:17.249","2225920.0000","1.8470","60554.0000","-0.0500","-0.0050","-1.0000","0.0000","0.0000","0.0000","0.0000","0.0000"
"7315.0","15:13:17.250","2227101.0000","1.9758","60554.0000","-0.0500","-0.0050","-1.0000","0.0000","0.0000","0.0000","0.0000","0.0000"
"7316.0","15:13:17.251","2228240.0000","2.0999","60554.0000","-0.0500","-0.0050","-1.0000","0.0000","0.0000","0.0000","0.0000","0.0000"
"7317.0","15:13:17.252","2229148.0000","2.1989","60554.0000","-0.0500","-0.0050","-1.0000","0.0000","0.0000","0.0000","0.0000","0.0000"
"7318.0","15:13:17.253","2229419.0000","2.2285","60554.0000","-0.0500","-0.0050","-1.0000","0.0000","0.0000","0.0000","0.0000","0.0000"
"7319.0","15:13:17.254","2230424.0000","2.3380","60554.0000","-0.0500","-0.0050","-1.0000","0.0000","0.0000","0.0000","0.0000","0.0000"
"7320.0","15:13:17.255","2230698.0000","2.3679","60554.0000","-0.0500","-0.0050","-1.0000","0.0000","0.0000","0.0000","0.0000","0.0000"
"7321.0","15:13:17.256","2229711.0000","2.2603","60554.0000","-0.0500","-0.0050","-1.0000","0.0000","0.0000","0.0000","0.0000","0.0000"
"7322.0","15:13:17.257","2228257.0000","2.1018","60554.0000","-0.0500","-0.0050","-1.0000","0.0000","0.0000","0.0000","0.0000","0.0000"
"7323.0","15:13:17.258","2226909.0000","1.9548","60554.0000","-0.0500","-0.0050","-1.0000","0.0000","0.0000","0.0000","0.0000","0.0000"
"7324.0","15:13:17.259","2224838.0000","1.7291","60554.0000","-0.0500","-0.0050","-1.0000","0.0000","0.0000","0.0000","0.0000","0.0000"
"7325.0","15:13:17.260","2222832.0000","1.5104","60550.0000","-0.0500","-0.0050","-1.0000","0.0000","0.0000","0.0000","0.0000","0.0000"
"7326.0","15:13:17.261","2221823.0000","1.4004","60550.0000","-0.0500","-0.0050","-1.0000","0.0000","0.0000","0.0000","0.0000","0.0000"
"7327.0","15:13:17.262","2220113.0000","1.2140","60550.0000","-0.0500","-0.0050","-1.0000","0.0000","0.0000","0.0000","0.0000","0.0000"
"7328.0","15:13:17.263","2219235.0000","1.1183","60550.0000","-0.0500","-0.0050","-1.0000","0.0000","0.0000","0.0000","0.0000","0.0000"
"7329.0","15:13:17.264","2218505.0000","1.0386","60550.0000","-0.0500","-0.0050","-1.0000","0.0000","0.0000","0.0000","0.0000","0.0000"
"7330.0","15:13:17.265","2218226.0000","1.0082","60550.0000","-0.0500","-0.0050","-1.0000","0.0000","0.0000","0.0000","0.0000","0.0000"
"7331.0","15:13:17.266","2217014.0000","0.8761","60550.0000","-0.0500","-0.0050","-1.0000","0.0000","0.0000","0.0000","0.0000","0.0000"
"7332.0","15:13:17.267","2216746.0000","0.8469","60550.0000","-0.0500","-0.0050","-1.0000","0.0000","0.0000","0.0000","0.0000","0.0000"
"7333.0","15:13:17.268","2216421.0000","0.8115","60550.0000","-0.0500","-0.0050","-1.0000","0.0000","0.0000","0.0000","0.0000","0.0000"
"7334.0","15:13:17.269","2217366.0000","0.9145","60550.0000","-0.0500","-0.0050","-1.0000","0.0000","0.0000","0.0000","0.0000","0.0000"
"7335.0","15:13:17.270","2217299.0000","0.9072","60550.0000","-0.0500","-0.0050","-1.0000","0.0000","0.0000","0.0000","0.0000","0.0000"
"7336.0","15:13:17.271","2218362.0000","1.0231","60550.0000","-0.0500","-0.0050","-1.0000","0.0000","0.0000","0.0000","0.0000","0.0000"
"7337.0","15:13:17.272","2217793.0000","0.9610","60550.0000","-0.0500","-0.0050","-1.0000","0.0000","0.0000","0.0000","0.0000","0.0000"
"7338.0","15:13:17.273","2217746.0000","0.9559","60550.0000","-0.0500","-0.0050","-1.0000","0.0000","0.0000","0.0000","0.0000","0.0000"
"7339.0","15:13:17.274","2218372.0000","1.0242","60550.0000","-0.0500","-0.0050","-1.0000","0.0000","0.0000","0.0000","0.0000","0.0000"
"7340.0","15:13:17.275","2218979.0000","1.0903","60550.0000","-0.0500","-0.0050","-1.0000","0.0000","0.0000","0.0000","0.0000","0.0000"
"7341.0","15:13:17.276","2219657.0000","1.1643","60550.0000","-0.0500","-0.0050","-1.0000","0.0000","0.0000","0.0000","0.0000","0.0000"
"7342.0","15:13:17.277","2219968.0000","1.1981","60550.0000","-0.0500","-0.0050","-1.0000","0.0000","0.0000","0.0000","0.0000","0.0000"
"7343.0","15:13:17.278","2219733.0000","1.1725","60550.0000","-0.0500","-0.0050","-1.0000","0.0000","0.0000","0.0000","0.0000","0.0000"
"7344.0","15:13:17.279","2221457.0000","1.3605","60550.0000","-0.0500","-0.0050","-1.0000","0.0000","0.0000","0.0000","0.0000","0.0000"
"7345.0","15:13:17.280","2222162.0000","1.4374","60550.0000","-0.0500","-0.0050","-1.0000","0.0000","0.0000","0.0000","0.0000","0.0000"
"7346.0","15:13:17.281","2224474.0000","1.6894","60550.0000","-0.0500","-0.0050","-1.0000","0.0000","0.0000","0.0000","0.0000","0.0000"
"7347.0","15:13:17.282","2223958.0000","1.6332","60550.0000","-0.0500","-0.0050","-1.0000","0.0000","0.0000","0.0000","0.0000","0.0000"
"7348.0","15:13:17.283","2225034.0000","1.7505","60550.0000","-0.0500","-0.0050","-1.0000","0.0000","0.0000","0.0000","0.0000","0.0000"
"7349.0","15:13:17.284","2226092.0000","1.8658","60550.0000","-0.0500","-0.0050","-1.0000","0.0000","0.0000","0.0000","0.0000","0.0000"
"7350.0","15:13:17.285","2226422.0000","1.9017","60550.0000","-0.0500","-0.0050","-1.0000","0.0000","0.0000","0.0000","0.0000","0.0000"
"7351.0","15:13:17.286","2227163.0000","1.9826","60550.0000","-0.0500","-0.0050","-1.0000","0.0000","0.0000","0.0000","0.0000","0.0000"
"7352.0","15:13:17.287","2227961.0000","2.0695","60550.0000","-0.0500","-0.0050","-1.0000","0.0000","0.0000","0.0000","0.0000","0.0000"
"7353.0","15:13:17.288","2228719.0000","2.1522","60550.0000","-0.0500","-0.0050","-1.0000","0.0000","0.0000","0.0000","0.0000","0.0000"
"7354.0","15:13:17.289","2227902.0000","2.0631","60550.0000","-0.0500","-0.0050","-1.0000","0.0000","0.0000","0.0000","0.0000","0.0000"
"7355.0","15:13:17.290","2227502.0000","2.0195","60550.0000","-0.0500","-0.0050","-1.0000","0.0000","0.0000","0.0000","0.0000","0.0000"
"7356.0","15:13:17.291","2227755.0000","2.0471","60550.0000","-0.0500","-0.0050","-1.0000","0.0000","0.0000","0.0000","0.0000","0.0000"
"7357.0","15:13:17.292","2226505.0000","1.9108","60550.0000","-0.0500","-0.0050","-1.0000","0.0000","0.0000","0.0000","0.0000","0.0000"
"7358.0","15:13:17.293","2226444.0000","1.9041","60550.0000","-0.0500","-0.0050","-1.0000","0.0000","0.0000","0.0000","0.0000","0.0000"
"7359.0","15:13:17.294","2226444.0000","1.9041","60550.0000","-0.0500","-0.0050","-1.0000","0.0000","0.0000","0.0000","0.0000","0.0000"
"7360.0","15:13:17.295","2225314.0000","1.7809","60550.0000","-0.0500","-0.0050","-1.0000","0.0000","0.0000","0.0000","0.0000","0.0000"
"7361.0","15:13:17.296","2224430.0000","1.6846","60550.0000","-0.0500","-0.0050","-1.0000","0.0000","0.0000","0.0000","0.0000","0.0000"
"7362.0","15:13:17.297","2225680.0000","1.8209","60550.0000","-0.0500","-0.0050","-1.0000","0.0000","0.0000","0.0000","0.0000","0.0000"
"7363.0","15:13:17.298","2225186.0000","1.7670","60550.0000","-0.0500","-0.0050","-1.0000","0.0000","0.0000","0.0000","0.0000","0.0000"
"7364.0","15:13:17.299","2224745.0000","1.7189","60550.0000","-0.0500","-0.0050","-1.0000","0.0000","0.0000","0.0000","0.0000","0.0000"
"7365.0","15:13:17.300","2224454.0000","1.6872","60550.0000","-0.0500","-0.0050","-1.0000","0.0000","0.0000","0.0000","0.0000","0.0000"
"7366.0","15:13:17.301","2224202.0000","1.6598","60550.0000","-0.0500","-0.0050","-1.0000","0.0000","0.0000","0.0000","0.0000","0.0000"
"7367.0","15:13:17.302","2223894.0000","1.6261","60550.0000","-0.0500","-0.0050","-1.0000","0.0000","0.0000","0.0000","0.0000","0.0000"
"7368.0","15:13:17.303","2224593.0000","1.7024","60550.0000","-0.0500","-0.0050","-1.0000","0.0000","0.0000","0.0000","0.0000","0.0000"
"7369.0","15:13:17.304","2223389.0000","1.5711","60550.0000","-0.0500","-0.0050","-1.0000","0.0000","0.0000","0.0000","0.0000","0.0000"
"7370.0","15:13:17.305","2223869.0000","1.6234","60550.0000","-0.0500","-0.0050","-1.0000","0.0000","0.0000","0.0000","0.0000","0.0000"
"7371.0","15:13:17.306","2224411.0000","1.6825","60550.0000","-0.0500","-0.0050","-1.0000","0.0000","0.0000","0.0000","0.0000","0.0000"
"7372.0","15:13:17.307","2224249.0000","1.6648","60550.0000","-0.0500","-0.0050","-1.0000","0.0000","0.0000","0.0000","0.0000","0.0000"
"7373.0","15:13:17.308","2224052.0000","1.6434","60550.0000","-0.0500","-0.0050","-1.0000","0.0000","0.0000","0.0000","0.0000","0.0000"
"7374.0","15:13:17.309","2222868.0000","1.5143","60550.0000","-0.0500","-0.0050","-1.0000","0.0000","0.0000","0.0000","0.0000","0.0000"
"7375.0","15:13:17.310","2222807.0000","1.5077","60550.0000","-0.0500","-0.0050","-1.0000","0.0000","0.0000","0.0000","0.0000","0.0000"
"7376.0","15:13:17.311","2222544.0000","1.4790","60550.0000","-0.0500","-0.0050","-1.0000","0.0000","0.0000","0.0000","0.0000","0.0000"
"7377.0","15:13:17.312","2222903.0000","1.5181","60550.0000","-0.0500","-0.0050","-1.0000","0.0000","0.0000","0.0000","0.0000","0.0000"
"7378.0","15:13:17.313","2221242.0000","1.3370","60550.0000","-0.0500","-0.0050","-1.0000","0.0000","0.0000","0.0000","0.0000","0.0000"
"7379.0","15:13:17.314","2220721.0000","1.2803","60550.0000","-0.0500","-0.0050","-1.0000","0.0000","0.0000","0.0000","0.0000","0.0000"
"7380.0","15:13:17.315","2222291.0000","1.4514","60550.0000","-0.0500","-0.0050","-1.0000","0.0000","0.0000","0.0000","0.0000","0.0000"
"7381.0","15:13:17.316","2221702.0000","1.3872","60550.0000","-0.0500","-0.0050","-1.0000","0.0000","0.0000","0.0000","0.0000","0.0000"
"7382.0","15:13:17.317","2221666.0000","1.3833","60550.0000","-0.0500","-0.0050","-1.0000","0.0000","0.0000","0.0000","0.0000","0.0000"
"7383.0","15:13:17.318","2221500.0000","1.3652","60550.0000","-0.0500","-0.0050","-1.0000","0.0000","0.0000","0.0000","0.0000","0.0000"
"7384.0","15:13:17.319","2221032.0000","1.3141","60550.0000","-0.0500","-0.0050","-1.0000","0.0000","0.0000","0.0000","0.0000","0.0000"
"7385.0","15:13:17.320","2221351.0000","1.3489","60550.0000","-0.0500","-0.0050","-1.0000","0.0000","0.0000","0.0000","0.0000","0.0000"
"7386.0","15:13:17.321","2221372.0000","1.3512","60559.0000","-0.0500","-0.0050","-1.0000","0.0000","0.0000","0.0000","0.0000","0.0000"
"7387.0","15:13:17.322","2222377.0000","1.4608","60559.0000","-0.0500","-0.0050","-1.0000","0.0000","0.0000","0.0000","0.0000","0.0000"
"7388.0","15:13:17.323","2221510.0000","1.3663","60559.0000","-0.0500","-0.0050","-1.0000","0.0000","0.0000","0.0000","0.0000","0.0000"
"7389.0","15:13:17.324","2221338.0000","1.3475","60559.0000","-0.0500","-0.0050","-1.0000","0.0000","0.0000","0.0000","0.0000","0.0000"
"7390.0","15:13:17.325","2221834.0000","1.4016","60559.0000","-0.0500","-0.0050","-1.0000","0.0000","0.0000","0.0000","0.0000","0.0000"
"7391.0","15:13:17.326","2221002.0000","1.3109","60559.0000","-0.0500","-0.0050","-1.0000","0.0000","0.0000","0.0000","0.0000","0.0000"
"7392.0","15:13:17.327","2221209.0000","1.3335","60559.0000","-0.0500","-0.0050","-1.0000","0.0000","0.0000","0.0000","0.0000","0.0000"
"7393.0","15:13:17.328","2220871.0000","1.2966","60559.0000","-0.0500","-0.0050","-1.0000","0.0000","0.0000","0.0000","0.0000","0.0000"
"7394.0","15:13:17.329","2221678.0000","1.3846","60559.0000","-0.0500","-0.0050","-1.0000","0.0000","0.0000","0.0000","0.0000","0.0000"
"7395.0","15:13:17.330","2221664.0000","1.3830","60559.0000","-0.0500","-0.0050","-1.0000","0.0000","0.0000","0.0000","0.0000","0.0000"
"7396.0","15:13:17.331","2222398.0000","1.4631","60559.0000","-0.0500","-0.0050","-1.0000","0.0000","0.0000","0.0000","0.0000","0.0000"
"7397.0","15:13:17.332","2222431.0000","1.4667","60559.0000","-0.0500","-0.0050","-1.0000","0.0000","0.0000","0.0000","0.0000","0.0000"
"7398.0","15:13:17.333","2222279.0000","1.4501","60559.0000","-0.0500","-0.0050","-1.0000","0.0000","0.0000","0.0000","0.0000","0.0000"
"7399.0","15:13:17.334","2223447.0000","1.5774","60559.0000","-0.0500","-0.0050","-1.0000","0.0000","0.0000","0.0000","0.0000","0.0000"
"7400.0","15:13:17.335","2223980.0000","1.6355","60559.0000","-0.0500","-0.0050","-1.0000","0.0000","0.0000","0.0000","0.0000","0.0000"
"7401.0","15:13:17.336","2222698.0000","1.4958","60559.0000","-0.0500","-0.0050","-1.0000","0.0000","0.0000","0.0000","0.0000","0.0000"
"7402.0","15:13:17.337","2223571.0000","1.5910","60559.0000","-0.0500","-0.0050","-1.0000","0.0000","0.0000","0.0000","0.0000","0.0000"
"7403.0","15:13:17.338","2223461.0000","1.5790","60559.0000","-0.0500","-0.0050","-1.0000","0.0000","0.0000","0.0000","0.0000","0.0000"
"7404.0","15:13:17.339","2223447.0000","1.5774","60559.0000","-0.0500","-0.0050","-1.0000","0.0000","0.0000","0.0000","0.0000","0.0000"
"7405.0","15:13:17.340","2223616.0000","1.5958","60559.0000","-0.0500","-0.0050","-1.0000","0.0000","0.0000","0.0000","0.0000","0.0000"
"7406.0","15:13:17.341","2223616.0000","1.5958","60559.0000","-0.0500","-0.0050","-1.0000","0.0000","0.0000","0.0000","0.0000","0.0000"
"7407.0","15:13:17.342","2223857.0000","1.6221","60559.0000","-0.0500","-0.0050","-1.0000","0.0000","0.0000","0.0000","0.0000","0.0000"
"7408.0","15:13:17.343","2223487.0000","1.5818","60559.0000","-0.0500","-0.0050","-1.0000","0.0000","0.0000","0.0000","0.0000","0.0000"
"7409.0","15:13:17.344","2222991.0000","1.5277","60559.0000","-0.0500","-0.0050","-1.0000","0.0000","0.0000","0.0000","0.0000","0.0000"
"7410.0","15:13:17.345","2222811.0000","1.5081","60559.0000","-0.0500","-0.0050","-1.0000","0.0000","0.0000","0.0000","0.0000","0.0000"
"7411.0","15:13:17.346","2223608.0000","1.5950","60559.0000","-0.0500","-0.0050","-1.0000","0.0000","0.0000","0.0000","0.0000","0.0000"
"7412.0","15:13:17.347","2223741.0000","1.6095","60559.0000","-0.0500","-0.0050","-1.0000","0.0000","0.0000","0.0000","0.0000","0.0000"
"7413.0","15:13:17.348","2223569.0000","1.5907","60559.0000","-0.0500","-0.0050","-1.0000","0.0000","0.0000","0.0000","0.0000","0.0000"
"7414.0","15:13:17.349","2222506.0000","1.4749","60559.0000","-0.0500","-0.0050","-1.0000","0.0000","0.0000","0.0000","0.0000","0.0000"
"7415.0","15:13:17.350","2223581.0000","1.5920","60559.0000","-0.0500","-0.0050","-1.0000","0.0000","0.0000","0.0000","0.0000","0.0000"
"7416.0","15:13:17.351","2223732.0000","1.6085","60559.0000","-0.0500","-0.0050","-1.0000","0.0000","0.0000","0.0000","0.0000","0.0000"
"7417.0","15:13:17.352","2223405.0000","1.5728","60559.0000","-0.0500","-0.0050","-1.0000","0.0000","0.0000","0.0000","0.0000","0.0000"
"7418.0","15:13:17.353","2223930.0000","1.6301","60559.0000","-0.0500","-0.0050","-1.0000","0.0000","0.0000","0.0000","0.0000","0.0000"
"7419.0","15:13:17.354","2222996.0000","1.5283","60559.0000","-0.0500","-0.0050","-1.0000","0.0000","0.0000","0.0000","0.0000","0.0000"
"7420.0","15:13:17.355","2222811.0000","1.5081","60559.0000","-0.0500","-0.0050","-1.0000","0.0000","0.0000","0.0000","0.0000","0.0000"
"7421.0","15:13:17.356","2223988.0000","1.6364","60559.0000","-0.0500","-0.0050","-1.0000","0.0000","0.0000","0.0000","0.0000","0.0000"
"7422.0","15:13:17.357","2223075.0000","1.5369","60559.0000","-0.0500","-0.0050","-1.0000","0.0000","0.0000","0.0000","0.0000","0.0000"
"7423.0","15:13:17.358","2222480.0000","1.4720","60559.0000","-0.0500","-0.0050","-1.0000","0.0000","0.0000","0.0000","0.0000","0.0000"
"7424.0","15:13:17.359","2222049.0000","1.4250","60559.0000","-0.0500","-0.0050","-1.0000","0.0000","0.0000","0.0000","0.0000","0.0000"
"7425.0","15:13:17.360","2222370.0000","1.4600","60559.0000","-0.0500","-0.0050","-1.0000","0.0000","0.0000","0.0000","0.0000","0.0000"
"7426.0","15:13:17.361","2221043.0000","1.3154","60559.0000","-0.0500","-0.0050","-1.0000","0.0000","0.0000","0.0000","0.0000","0.0000"
"7427.0","15:13:17.362","2220782.0000","1.2869","60559.0000","-0.0500","-0.0050","-1.0000","0.0000","0.0000","0.0000","0.0000","0.0000"
"7428.0","15:13:17.363","2221119.0000","1.3236","60559.0000","-0.0500","-0.0050","-1.0000","0.0000","0.0000","0.0000","0.0000","0.0000"
"7429.0","15:13:17.364","2221299.0000","1.3433","60559.0000","-0.0500","-0.0050","-1.0000","0.0000","0.0000","0.0000","0.0000","0.0000"
"7430.0","15:13:17.365","2220747.0000","1.2831","60559.0000","-0.0500","-0.0050","-1.0000","0.0000","0.0000","0.0000","0.0000","0.0000"
"7431.0","15:13:17.366","2220873.0000","1.2968","60559.0000","-0.0500","-0.0050","-1.0000","0.0000","0.0000","0.0000","0.0000","0.0000"
"7432.0","15:13:17.367","2221494.0000","1.3645","60559.0000","-0.0500","-0.0050","-1.0000","0.0000","0.0000","0.0000","0.0000","0.0000"
"7433.0","15:13:17.368","2222506.0000","1.4749","60559.0000","-0.0500","-0.0050","-1.0000","0.0000","0.0000","0.0000","0.0000","0.0000"
"7434.0","15:13:17.369","2223013.0000","1.5301","60559.0000","-0.0500","-0.0050","-1.0000","0.0000","0.0000","0.0000","0.0000","0.0000"
"7435.0","15:13:17.370","2223289.0000","1.5602","60559.0000","-0.0500","-0.0050","-1.0000","0.0000","0.0000","0.0000","0.0000","0.0000"
"7436.0","15:13:17.371","2224252.0000","1.6652","60559.0000","-0.0500","-0.0050","-1.0000","0.0000","0.0000","0.0000","0.0000","0.0000"
"7437.0","15:13:17.372","2224124.0000","1.6512","60559.0000","-0.0500","-0.0050","-1.0000","0.0000","0.0000","0.0000","0.0000","0.0000"
"7438.0","15:13:17.373","2224061.0000","1.6444","60559.0000","-0.0500","-0.0050","-1.0000","0.0000","0.0000","0.0000","0.0000","0.0000"
"7439.0","15:13:17.374","2224509.0000","1.6932","60559.0000","-0.0500","-0.0050","-1.0000","0.0000","0.0000","0.0000","0.0000","0.0000"
"7440.0","15:13:17.375","2224162.0000","1.6554","60559.0000","-0.0500","-0.0050","-1.0000","0.0000","0.0000","0.0000","0.0000","0.0000"
"7441.0","15:13:17.376","2223719.0000","1.6071","60559.0000","-0.0500","-0.0050","-1.0000","0.0000","0.0000","0.0000","0.0000","0.0000"
"7442.0","15:13:17.377","2223605.0000","1.5947","60559.0000","-0.0500","-0.0050","-1.0000","0.0000","0.0000","0.0000","0.0000","0.0000"
"7443.0","15:13:17.378","2223213.0000","1.5519","60559.0000","-0.0500","-0.0050","-1.0000","0.0000","0.0000","0.0000","0.0000","0.0000"
"7444.0","15:13:17.379","2223076.0000","1.5370","60559.0000","-0.0500","-0.0050","-1.0000","0.0000","0.0000","0.0000","0.0000","0.0000"
"7445.0","15:13:17.380","2223023.0000","1.5312","60559.0000","-0.0500","-0.0050","-1.0000","0.0000","0.0000","0.0000","0.0000","0.0000"
"7446.0","15:13:17.381","2223112.0000","1.5409","60556.0000","-0.0500","-0.0050","-1.0000","0.0000","0.0000","0.0000","0.0000","0.0000"
"7447.0","15:13:17.382","2222790.0000","1.5058","60556.0000","-0.0500","-0.0050","-1.0000","0.0000","0.0000","0.0000","0.0000","0.0000"
"7448.0","15:13:17.383","2222618.0000","1.4871","60556.0000","-0.0500","-0.0050","-1.0000","0.0000","0.0000","0.0000","0.0000","0.0000"
"7449.0","15:13:17.384","2221589.0000","1.3749","60556.0000","-0.0500","-0.0050","-1.0000","0.0000","0.0000","0.0000","0.0000","0.0000"
"7450.0","15:13:17.385","2221323.0000","1.3459","60556.0000","-0.0500","-0.0050","-1.0000","0.0000","0.0000","0.0000","0.0000","0.0000"
"7451.0","15:13:17.386","2221187.0000","1.3310","60556.0000","-0.0500","-0.0050","-1.0000","0.0000","0.0000","0.0000","0.0000","0.0000"
"7452.0","15:13:17.387","2220838.0000","1.2930","60556.0000","-0.0500","-0.0050","-1.0000","0.0000","0.0000","0.0000","0.0000","0.0000"
"7453.0","15:13:17.388","2220838.0000","1.2930","60556.0000","-0.0500","-0.0050","-1.0000","0.0000","0.0000","0.0000","0.0000","0.0000"
"7454.0","15:13:17.389","2221477.0000","1.3627","60556.0000","-0.0500","-0.0050","-1.0000","0.0000","0.0000","0.0000","0.0000","0.0000"
"7455.0","15:13:17.390","2220709.0000","1.2789","60556.0000","-0.0500","-0.0050","-1.0000","0.0000","0.0000","0.0000","0.0000","0.0000"
"7456.0","15:13:17.391","2220900.0000","1.2998","60556.0000","-0.0500","-0.0050","-1.0000","0.0000","0.0000","0.0000","0.0000","0.0000"
"7457.0","15:13:17.392","2220636.0000","1.2710","60556.0000","-0.0500","-0.0050","-1.0000","0.0000","0.0000","0.0000","0.0000","0.0000"
"7458.0","15:13:17.393","2220500.0000","1.2562","60556.0000","-0.0500","-0.0050","-1.0000","0.0000","0.0000","0.0000","0.0000","0.0000"
"7459.0","15:13:17.394","2220453.0000","1.2510","60556.0000","-0.0500","-0.0050","-1.0000","0.0000","0.0000","0.0000","0.0000","0.0000"
"7460.0","15:13:17.395","2220955.0000","1.3057","60556.0000","-0.0500","-0.0050","-1.0000","0.0000","0.0000","0.0000","0.0000","0.0000"
"7461.0","15:13:17.396","2221114.0000","1.3231","60556.0000","-0.0500","-0.0050","-1.0000","0.0000","0.0000","0.0000","0.0000","0.0000"
"7462.0","15:13:17.397","2220494.0000","1.2555","60556.0000","-0.0500","-0.0050","-1.0000","0.0000","0.0000","0.0000","0.0000","0.0000"
"7463.0","15:13:17.398","2221172.0000","1.3294","60556.0000","-0.0500","-0.0050","-1.0000","0.0000","0.0000","0.0000","0.0000","0.0000"
"7464.0","15:13:17.399","2219944.0000","1.1955","60556.0000","-0.0500","-0.0050","-1.0000","0.0000","0.0000","0.0000","0.0000","0.0000"
"7465.0","15:13:17.400","2220524.0000","1.2588","60556.0000","-0.0500","-0.0050","-1.0000","0.0000","0.0000","0.0000","0.0000","0.0000"
"7466.0","15:13:17.401","2220890.0000","1.2987","60556.0000","-0.0500","-0.0050","-1.0000","0.0000","0.0000","0.0000","0.0000","0.0000"
"7467.0","15:13:17.402","2220696.0000","1.2775","60556.0000","-0.0500","-0.0050","-1.0000","0.0000","0.0000","0.0000","0.0000","0.0000"
"7468.0","15:13:17.403","2222031.0000","1.4230","60556.0000","-0.0500","-0.0050","-1.0000","0.0000","0.0000","0.0000","0.0000","0.0000"
"7469.0","15:13:17.404","2222396.0000","1.4628","60556.0000","-0.0500","-0.0050","-1.0000","0.0000","0.0000","0.0000","0.0000","0.0000"
"7470.0","15:13:17.405","2222700.0000","1.4960","60556.0000","-0.0500","-0.0050","-1.0000","0.0000","0.0000","0.0000","0.0000","0.0000"
"7471.0","15:13:17.406","2222791.0000","1.5059","60556.0000","-0.0500","-0.0050","-1.0000","0.0000","0.0000","0.0000","0.0000","0.0000"
"7472.0","15:13:17.407","2223667.0000","1.6014","60556.0000","-0.0500","-0.0050","-1.0000","0.0000","0.0000","0.0000","0.0000","0.0000"
"7473.0","15:13:17.408","2223926.0000","1.6296","60556.0000","-0.0500","-0.0050","-1.0000","0.0000","0.0000","0.0000","0.0000","0.0000"
"7474.0","15:13:17.409","2223992.0000","1.6368","60556.0000","-0.0500","-0.0050","-1.0000","0.0000","0.0000","0.0000","0.0000","0.0000"
"7475.0","15:13:17.410","2225346.0000","1.7844","60556.0000","-0.0500","-0.0050","-1.0000","0.0000","0.0000","0.0000","0.0000","0.0000"
"7476.0","15:13:17.411","2225312.0000","1.7808","60556.0000","-0.0500","-0.0050","-1.0000","0.0000","0.0000","0.0000","0.0000","0.0000"
"7477.0","15:13:17.412","2225104.0000","1.7581","60556.0000","-0.0500","-0.0050","-1.0000","0.0000","0.0000","0.0000","0.0000","0.0000"
"7478.0","15:13:17.413","2224879.0000","1.7336","60556.0000","-0.0500","-0.0050","-1.0000","0.0000","0.0000","0.0000","0.0000","0.0000"
"7479.0","15:13:17.414","2224575.0000","1.7004","60556.0000","-0.0500","-0.0050","-1.0000","0.0000","0.0000","0.0000","0.0000","0.0000"
"7480.0","15:13:17.415","2224443.0000","1.6860","60556.0000","-0.0500","-0.0050","-1.0000","0.0000","0.0000","0.0000","0.0000","0.0000"
"7481.0","15:13:17.416","2224037.0000","1.6417","60556.0000","-0.0500","-0.0050","-1.0000","0.0000","0.0000","0.0000","0.0000","0.0000"
"7482.0","15:13:17.417","2223076.0000","1.5370","60556.0000","-0.0500","-0.0050","-1.0000","0.0000","0.0000","0.0000","0.0000","0.0000"
"7483.0","15:13:17.418","2223088.0000","1.5383","60556.0000","-0.0500","-0.0050","-1.0000","0.0000","0.0000","0.0000","0.0000","0.0000"
"7484.0","15:13:17.419","2223232.0000","1.5540","60556.0000","-0.0500","-0.0050","-1.0000","0.0000","0.0000","0.0000","0.0000","0.0000"
"7485.0","15:13:17.420","2222564.0000","1.4812","60556.0000","-0.0500","-0.0050","-1.0000","0.0000","0.0000","0.0000","0.0000","0.0000"
"7486.0","15:13:17.421","2223038.0000","1.5328","60556.0000","-0.0500","-0.0050","-1.0000","0.0000","0.0000","0.0000","0.0000","0.0000"
"7487.0","15:13:17.422","2223160.0000","1.5461","60556.0000","-0.0500","-0.0050","-1.0000","0.0000","0.0000","0.0000","0.0000","0.0000"
"7488.0","15:13:17.423","2223731.0000","1.6084","60556.0000","-0.0500","-0.0050","-1.0000","0.0000","0.0000","0.0000","0.0000","0.0000"
"7489.0","15:13:17.424","2223253.0000","1.5563","60556.0000","-0.0500","-0.0050","-1.0000","0.0000","0.0000","0.0000","0.0000","0.0000"
"7490.0","15:13:17.425","2223905.0000","1.6273","60556.0000","-0.0500","-0.0050","-1.0000","0.0000","0.0000","0.0000","0.0000","0.0000"
"7491.0","15:13:17.426","2222900.0000","1.5178","60556.0000","-0.0500","-0.0050","-1.0000","0.0000","0.0000","0.0000","0.0000","0.0000"
"7492.0","15:13:17.427","2221925.0000","1.4115","60556.0000","-0.0500","-0.0050","-1.0000","0.0000","0.0000","0.0000","0.0000","0.0000"
"7493.0","15:13:17.428","2221812.0000","1.3992","60556.0000","-0.0500","-0.0050","-1.0000","0.0000","0.0000","0.0000","0.0000","0.0000"
"7494.0","15:13:17.429","2221866.0000","1.4051","60556.0000","-0.0500","-0.0050","-1.0000","0.0000","0.0000","0.0000","0.0000","0.0000"
"7495.0","15:13:17.430","2222153.0000","1.4364","60556.0000","-0.0500","-0.0050","-1.0000","0.0000","0.0000","0.0000","0.0000","0.0000"
"7496.0","15:13:17.431","2222239.0000","1.4457","60556.0000","-0.0500","-0.0050","-1.0000","0.0000","0.0000","0.0000","0.0000","0.0000"
"7497.0","15:13:17.432","2221513.0000","1.3666","60556.0000","-0.0500","-0.0050","-1.0000","0.0000","0.0000","0.0000","0.0000","0.0000"
"7498.0","15:13:17.433","2221516.0000","1.3669","60556.0000","-0.0500","-0.0050","-1.0000","0.0000","0.0000","0.0000","0.0000","0.0000"
"7499.0","15:13:17.434","2221516.0000","1.3669","60556.0000","-0.0500","-0.0050","-1.0000","0.0000","0.0000","0.0000","0.0000","0.0000"
"7500.0","15:13:17.435","2220844.0000","1.2936","60556.0000","-0.0500","-0.0050","-1.0000","0.0000","0.0000","0.0000","0.0000","0.0000"
"7501.0","15:13:17.436","2221538.0000","1.3693","60556.0000","-0.0500","-0.0050","-1.0000","0.0000","0.0000","0.0000","0.0000","0.0000"
"7502.0","15:13:17.437","2222034.0000","1.4234","60556.0000","-0.0500","-0.0050","-1.0000","0.0000","0.0000","0.0000","0.0000","0.0000"
"7503.0","15:13:17.438","2222263.0000","1.4483","60556.0000","-0.0500","-0.0050","-1.0000","0.0000","0.0000","0.0000","0.0000","0.0000"
"7504.0","15:13:17.439","2222758.0000","1.5023","60556.0000","-0.0500","-0.0050","-1.0000","0.0000","0.0000","0.0000","0.0000","0.0000"
"7505.0","15:13:17.440","2223064.0000","1.5357","60556.0000","-0.0500","-0.0050","-1.0000","0.0000","0.0000","0.0000","0.0000","0.0000"
"7506.0","15:13:17.441","2223490.0000","1.5821","60571.0000","-0.0500","-0.0050","-1.0000","0.0000","0.0000","0.0000","0.0000","0.0000"
"7507.0","15:13:17.442","2223274.0000","1.5585","60571.0000","-0.0500","-0.0050","-1.0000","0.0000","0.0000","0.0000","0.0000","0.0000"
"7508.0","15:13:17.443","2223034.0000","1.5324","60571.0000","-0.0500","-0.0050","-1.0000","0.0000","0.0000","0.0000","0.0000","0.0000"
"7509.0","15:13:17.444","2223443.0000","1.5770","60571.0000","-0.0500","-0.0050","-1.0000","0.0000","0.0000","0.0000","0.0000","0.0000"
"7510.0","15:13:17.445","2222938.0000","1.5219","60571.0000","-0.0500","-0.0050","-1.0000","0.0000","0.0000","0.0000","0.0000","0.0000"
"7511.0","15:13:17.446","2223622.0000","1.5965","60571.0000","-0.0500","-0.0050","-1.0000","0.0000","0.0000","0.0000","0.0000","0.0000"
"7512.0","15:13:17.447","2223752.0000","1.6107","60571.0000","-0.0500","-0.0050","-1.0000","0.0000","0.0000","0.0000","0.0000","0.0000"
"7513.0","15:13:17.448","2223329.0000","1.5646","60571.0000","-0.0500","-0.0050","-1.0000","0.0000","0.0000","0.0000","0.0000","0.0000"
"7514.0","15:13:17.449","2223612.0000","1.5954","60571.0000","-0.0500","-0.0050","-1.0000","0.0000","0.0000","0.0000","0.0000","0.0000"
"7515.0","15:13:17.450","2223526.0000","1.5860","60571.0000","-0.0500","-0.0050","-1.0000","0.0000","0.0000","0.0000","0.0000","0.0000"
"7516.0","15:13:17.451","2223553.0000","1.5890","60571.0000","-0.0500","-0.0050","-1.0000","0.0000","0.0000","0.0000","0.0000","0.0000"
"7517.0","15:13:17.452","2224610.0000","1.7042","60571.0000","-0.0500","-0.0050","-1.0000","0.0000","0.0000","0.0000","0.0000","0.0000"
"7518.0","15:13:17.453","2225058.0000","1.7530","60571.0000","-0.0500","-0.0050","-1.0000","0.0000","0.0000","0.0000","0.0000","0.0000"
"7519.0","15:13:17.454","2225747.0000","1.8281","60571.0000","-0.0500","-0.0050","-1.0000","0.0000","0.0000","0.0000","0.0000","0.0000"
"7520.0","15:13:17.455","2225988.0000","1.8544","60571.0000","-0.0500","-0.0050","-1.0000","0.0000","0.0000","0.0000","0.0000","0.0000"
"7521.0","15:13:17.456","2226745.0000","1.9370","60571.0000","-0.0500","-0.0050","-1.0000","0.0000","0.0000","0.0000","0.0000","0.0000"
"7522.0","15:13:17.457","2226518.0000","1.9122","60571.0000","-0.0500","-0.0050","-1.0000","0.0000","0.0000","0.0000","0.0000","0.0000"
"7523.0","15:13:17.458","2227754.0000","2.0470","60571.0000","-0.0500","-0.0050","-1.0000","0.0000","0.0000","0.0000","0.0000","0.0000"
"7524.0","15:13:17.459","2227861.0000","2.0586","60571.0000","-0.0500","-0.0050","-1.0000","0.0000","0.0000","0.0000","0.0000","0.0000"
"7525.0","15:13:17.460","2226374.0000","1.8965","60571.0000","-0.0500","-0.0050","-1.0000","0.0000","0.0000","0.0000","0.0000","0.0000"
"7526.0","15:13:17.461","2225887.0000","1.8434","60571.0000","-0.0500","-0.0050","-1.0000","0.0000","0.0000","0.0000","0.0000","0.0000"
"7527.0","15:13:17.462","2225693.0000","1.8223","60571.0000","-0.0500","-0.0050","-1.0000","0.0000","0.0000","0.0000","0.0000","0.0000"
"7528.0","15:13:17.463","2224231.0000","1.6629","60571.0000","-0.0500","-0.0050","-1.0000","0.0000","0.0000","0.0000","0.0000","0.0000"
"7529.0","15:13:17.464","2223546.0000","1.5882","60571.0000","-0.0500","-0.0050","-1.0000","0.0000","0.0000","0.0000","0.0000","0.0000"
"7530.0","15:13:17.465","2223054.0000","1.5346","60571.0000","-0.0500","-0.0050","-1.0000","0.0000","0.0000","0.0000","0.0000","0.0000"
"7531.0","15:13:17.466","2221733.0000","1.3905","60571.0000","-0.0500","-0.0050","-1.0000","0.0000","0.0000","0.0000","0.0000","0.0000"
"7532.0","15:13:17.467","2220231.0000","1.2268","60571.0000","-0.0500","-0.0050","-1.0000","0.0000","0.0000","0.0000","0.0000","0.0000"
"7533.0","15:13:17.468","2219076.0000","1.1009","60571.0000","-0.0500","-0.0050","-1.0000","0.0000","0.0000","0.0000","0.0000","0.0000"
"7534.0","15:13:17.469","2218162.0000","1.0013","60571.0000","-0.0500","-0.0050","-1.0000","0.0000","0.0000","0.0000","0.0000","0.0000"
"7535.0","15:13:17.470","2219158.0000","1.1099","60571.0000","-0.0500","-0.0050","-1.0000","0.0000","0.0000","0.0000","0.0000","0.0000"
"7536.0","15:13:17.471","2218629.0000","1.0522","60571.0000","-0.0500","-0.0050","-1.0000","0.0000","0.0000","0.0000","0.0000","0.0000"
"7537.0","15:13:17.472","2217718.0000","0.9529","60571.0000","-0.0500","-0.0050","-1.0000","0.0000","0.0000","0.0000","0.0000","0.0000"
"7538.0","15:13:17.473","2218348.0000","1.0216","60571.0000","-0.0500","-0.0050","-1.0000","0.0000","0.0000","0.0000","0.0000","0.0000"
"7539.0","15:13:17.474","2219386.0000","1.1347","60571.0000","-0.0500","-0.0050","-1.0000","0.0000","0.0000","0.0000","0.0000","0.0000"
"7540.0","15:13:17.475","2219703.0000","1.1693","60571.0000","-0.0500","-0.0050","-1.0000","0.0000","0.0000","0.0000","0.0000","0.0000"
"7541.0","15:13:17.476","2219094.0000","1.1029","60571.0000","-0.0500","-0.0050","-1.0000","0.0000","0.0000","0.0000","0.0000","0.0000"
"7542.0","15:13:17.477","2219428.0000","1.1393","60571.0000","-0.0500","-0.0050","-1.0000","0.0000","0.0000","0.0000","0.0000","0.0000"
"7543.0","15:13:17.478","2220119.0000","1.2146","60571.0000","-0.0500","-0.0050","-1.0000","0.0000","0.0000","0.0000","0.0000","0.0000"
"7544.0","15:13:17.479","2220232.0000","1.2269","60571.0000","-0.0500","-0.0050","-1.0000","0.0000","0.0000","0.0000","0.0000","0.0000"
"7545.0","15:13:17.480","2220283.0000","1.2325","60571.0000","-0.0500","-0.0050","-1.0000","0.0000","0.0000","0.0000","0.0000","0.0000"
"7546.0","15:13:17.481","2220283.0000","1.2325","60571.0000","-0.0500","-0.0050","-1.0000","0.0000","0.0000","0.0000","0.0000","0.0000"
"7547.0","15:13:17.482","2219706.0000","1.1696","60571.0000","-0.0500","-0.0050","-1.0000","0.0000","0.0000","0.0000","0.0000","0.0000"
"7548.0","15:13:17.483","2219697.0000","1.1686","60571.0000","-0.0500","-0.0050","-1.0000","0.0000","0.0000","0.0000","0.0000","0.0000"
"7549.0","15:13:17.484","2220618.0000","1.2690","60571.0000","-0.0500","-0.0050","-1.0000","0.0000","0.0000","0.0000","0.0000","0.0000"
"7550.0","15:13:17.485","2221044.0000","1.3154","60571.0000","-0.0500","-0.0050","-1.0000","0.0000","0.0000","0.0000","0.0000","0.0000"
"7551.0","15:13:17.486","2221673.0000","1.3840","60571.0000","-0.0500","-0.0050","-1.0000","0.0000","0.0000","0.0000","0.0000","0.0000"
"7552.0","15:13:17.487","2223024.0000","1.5313","60571.0000","-0.0500","-0.0050","-1.0000","0.0000","0.0000","0.0000","0.0000","0.0000"
"7553.0","15:13:17.488","2223788.0000","1.6146","60571.0000","-0.0500","-0.0050","-1.0000","0.0000","0.0000","0.0000","0.0000","0.0000"
"7554.0","15:13:17.489","2224886.0000","1.7343","60571.0000","-0.0500","-0.0050","-1.0000","0.0000","0.0000","0.0000","0.0000","0.0000"
"7555.0","15:13:17.490","2226374.0000","1.8965","60571.0000","-0.0500","-0.0050","-1.0000","0.0000","0.0000","0.0000","0.0000","0.0000"
"7556.0","15:13:17.491","2225908.0000","1.8457","60571.0000","-0.0500","-0.0050","-1.0000","0.0000","0.0000","0.0000","0.0000","0.0000"
"7557.0","15:13:17.492","2227240.0000","1.9909","60571.0000","-0.0500","-0.0050","-1.0000","0.0000","0.0000","0.0000","0.0000","0.0000"
"7558.0","15:13:17.493","2227677.0000","2.0386","60571.0000","-0.0500","-0.0050","-1.0000","0.0000","0.0000","0.0000","0.0000","0.0000"
"7559.0","15:13:17.494","2227675.0000","2.0383","60571.0000","-0.0500","-0.0050","-1.0000","0.0000","0.0000","0.0000","0.0000","0.0000"
"7560.0","15:13:17.495","2228061.0000","2.0804","60571.0000","-0.0500","-0.0050","-1.0000","0.0000","0.0000","0.0000","0.0000","0.0000"
"7561.0","15:13:17.496","2227532.0000","2.0227","60571.0000","-0.0500","-0.0050","-1.0000","0.0000","0.0000","0.0000","0.0000","0.0000"
"7562.0","15:13:17.497","2227389.0000","2.0072","60571.0000","-0.0500","-0.0050","-1.0000","0.0000","0.0000","0.0000","0.0000","0.0000"
"7563.0","15:13:17.498","2226613.0000","1.9226","60571.0000","-0.0500","-0.0050","-1.0000","0.0000","0.0000","0.0000","0.0000","0.0000"
"7564.0","15:13:17.499","2226038.0000","1.8599","60571.0000","-0.0500","-0.0050","-1.0000","0.0000","0.0000","0.0000","0.0000","0.0000"
"7565.0","15:13:17.500","2225981.0000","1.8537","60571.0000","-0.0500","-0.0050","-1.0000","0.0000","0.0000","0.0000","0.0000","0.0000"
"7566.0","15:13:17.501","2225395.0000","1.7898","60571.0000","-0.0500","-0.0050","-1.0000","0.0000","0.0000","0.0000","0.0000","0.0000"
"7567.0","15:13:17.502","2226226.0000","1.8804","60561.0000","-0.0500","-0.0050","-1.0000","0.0000","0.0000","0.0000","0.0000","0.0000"
"7568.0","15:13:17.503","2225785.0000","1.8323","60561.0000","-0.0500","-0.0050","-1.0000","0.0000","0.0000","0.0000","0.0000","0.0000"
"7569.0","15:13:17.504","2225624.0000","1.8147","60561.0000","-0.0500","-0.0050","-1.0000","0.0000","0.0000","0.0000","0.0000","0.0000"
"7570.0","15:13:17.505","2225561.0000","1.8079","60561.0000","-0.0500","-0.0050","-1.0000","0.0000","0.0000","0.0000","0.0000","0.0000"
"7571.0","15:13:17.506","2224654.0000","1.7090","60561.0000","-0.0500","-0.0050","-1.0000","0.0000","0.0000","0.0000","0.0000","0.0000"
"7572.0","15:13:17.507","2225068.0000","1.7541","60561.0000","-0.0500","-0.0050","-1.0000","0.0000","0.0000","0.0000","0.0000","0.0000"
"7573.0","15:13:17.508","2225001.0000","1.7468","60561.0000","-0.0500","-0.0050","-1.0000","0.0000","0.0000","0.0000","0.0000","0.0000"
"7574.0","15:13:17.509","2224953.0000","1.7416","60561.0000","-0.0500","-0.0050","-1.0000","0.0000","0.0000","0.0000","0.0000","0.0000"
"7575.0","15:13:17.510","2224448.0000","1.6865","60561.0000","-0.0500","-0.0050","-1.0000","0.0000","0.0000","0.0000","0.0000","0.0000"
"7576.0","15:13:17.511","2222373.0000","1.4603","60561.0000","-0.0500","-0.0050","-1.0000","0.0000","0.0000","0.0000","0.0000","0.0000"
"7577.0","15:13:17.512","2222651.0000","1.4906","60561.0000","-0.0500","-0.0050","-1.0000","0.0000","0.0000","0.0000","0.0000","0.0000"
"7578.0","15:13:17.513","2222438.0000","1.4674","60561.0000","-0.0500","-0.0050","-1.0000","0.0000","0.0000","0.0000","0.0000","0.0000"
"7579.0","15:13:17.514","2221871.0000","1.4056","60561.0000","-0.0500","-0.0050","-1.0000","0.0000","0.0000","0.0000","0.0000","0.0000"
"7580.0","15:13:17.515","2220924.0000","1.3024","60561.0000","-0.0500","-0.0050","-1.0000","0.0000","0.0000","0.0000","0.0000","0.0000"
"7581.0","15:13:17.516","2220866.0000","1.2960","60561.0000","-0.0500","-0.0050","-1.0000","0.0000","0.0000","0.0000","0.0000","0.0000"
"7582.0","15:13:17.517","2221148.0000","1.3268","60561.0000","-0.0500","-0.0050","-1.0000","0.0000","0.0000","0.0000","0.0000","0.0000"
"7583.0","15:13:17.518","2220423.0000","1.2478","60561.0000","-0.0500","-0.0050","-1.0000","0.0000","0.0000","0.0000","0.0000","0.0000"
"7584.0","15:13:17.519","2219827.0000","1.1828","60561.0000","-0.0500","-0.0050","-1.0000","0.0000","0.0000","0.0000","0.0000","0.0000"
"7585.0","15:13:17.520","2220388.0000","1.2439","60561.0000","-0.0500","-0.0050","-1.0000","0.0000","0.0000","0.0000","0.0000","0.0000"
"7586.0","15:13:17.521","2221168.0000","1.3290","60561.0000","-0.0500","-0.0050","-1.0000","0.0000","0.0000","0.0000","0.0000","0.0000"
"7587.0","15:13:17.522","2220377.0000","1.2428","60561.0000","-0.0500","-0.0050","-1.0000","0.0000","0.0000","0.0000","0.0000","0.0000"
"7588.0","15:13:17.523","2220529.0000","1.2593","60561.0000","-0.0500","-0.0050","-1.0000","0.0000","0.0000","0.0000","0.0000","0.0000"
"7589.0","15:13:17.524","2219635.0000","1.1618","60561.0000","-0.0500","-0.0050","-1.0000","0.0000","0.0000","0.0000","0.0000","0.0000"
"7590.0","15:13:17.525","2218684.0000","1.0582","60561.0000","-0.0500","-0.0050","-1.0000","0.0000","0.0000","0.0000","0.0000","0.0000"
"7591.0","15:13:17.526","2218960.0000","1.0883","60561.0000","-0.0500","-0.0050","-1.0000","0.0000","0.0000","0.0000","0.0000","0.0000"
"7592.0","15:13:17.527","2217886.0000","0.9712","60561.0000","-0.0500","-0.0050","-1.0000","0.0000","0.0000","0.0000","0.0000","0.0000"
"7593.0","15:13:17.528","2217886.0000","0.9712","60561.0000","-0.0500","-0.0050","-1.0000","0.0000","0.0000","0.0000","0.0000","0.0000"
"7594.0","15:13:17.529","2218330.0000","1.0196","60561.0000","-0.0500","-0.0050","-1.0000","0.0000","0.0000","0.0000","0.0000","0.0000"
"7595.0","15:13:17.530","2218774.0000","1.0680","60561.0000","-0.0500","-0.0050","-1.0000","0.0000","0.0000","0.0000","0.0000","0.0000"
"7596.0","15:13:17.531","2219087.0000","1.1021","60561.0000","-0.0500","-0.0050","-1.0000","0.0000","0.0000","0.0000","0.0000","0.0000"
"7597.0","15:13:17.532","2218831.0000","1.0742","60561.0000","-0.0500","-0.0050","-1.0000","0.0000","0.0000","0.0000","0.0000","0.0000"
"7598.0","15:13:17.533","2218866.0000","1.0780","60561.0000","-0.0500","-0.0050","-1.0000","0.0000","0.0000","0.0000","0.0000","0.0000"
"7599.0","15:13:17.534","2219770.0000","1.1766","60561.0000","-0.0500","-0.0050","-1.0000","0.0000","0.0000","0.0000","0.0000","0.0000"
"7600.0","15:13:17.535","2219673.0000","1.1660","60561.0000","-0.0500","-0.0050","-1.0000","0.0000","0.0000","0.0000","0.0000","0.0000"
"7601.0","15:13:17.536","2220875.0000","1.2970","60561.0000","-0.0500","-0.0050","-1.0000","0.0000","0.0000","0.0000","0.0000","0.0000"
"7602.0","15:13:17.537","2221052.0000","1.3163","60561.0000","-0.0500","-0.0050","-1.0000","0.0000","0.0000","0.0000","0.0000","0.0000"
"7603.0","15:13:17.538","2221522.0000","1.3676","60561.0000","-0.0500","-0.0050","-1.0000","0.0000","0.0000","0.0000","0.0000","0.0000"
"7604.0","15:13:17.539","2222334.0000","1.4561","60561.0000","-0.0500","-0.0050","-1.0000","0.0000","0.0000","0.0000","0.0000","0.0000"
"7605.0","15:13:17.540","2222190.0000","1.4404","60561.0000","-0.0500","-0.0050","-1.0000","0.0000","0.0000","0.0000","0.0000","0.0000"
"7606.0","15:13:17.541","2222532.0000","1.4777","60561.0000","-0.0500","-0.0050","-1.0000","0.0000","0.0000","0.0000","0.0000","0.0000"
"7607.0","15:13:17.542","2221549.0000","1.3705","60561.0000","-0.0500","-0.0050","-1.0000","0.0000","0.0000","0.0000","0.0000","0.0000"
"7608.0","15:13:17.543","2221857.0000","1.4041","60561.0000","-0.0500","-0.0050","-1.0000","0.0000","0.0000","0.0000","0.0000","0.0000"
"7609.0","15:13:17.544","2222872.0000","1.5147","60561.0000","-0.0500","-0.0050","-1.0000","0.0000","0.0000","0.0000","0.0000","0.0000"
"7610.0","15:13:17.545","2222458.0000","1.4696","60561.0000","-0.0500","-0.0050","-1.0000","0.0000","0.0000","0.0000","0.0000","0.0000"
"7611.0","15:13:17.546","2222425.0000","1.4660","60561.0000","-0.0500","-0.0050","-1.0000","0.0000","0.0000","0.0000","0.0000","0.0000"
"7612.0","15:13:17.547","2222595.0000","1.4846","60561.0000","-0.0500","-0.0050","-1.0000","0.0000","0.0000","0.0000","0.0000","0.0000"
"7613.0","15:13:17.548","2222718.0000","1.4980","60561.0000","-0.0500","-0.0050","-1.0000","0.0000","0.0000","0.0000","0.0000","0.0000"
"7614.0","15:13:17.549","2222634.0000","1.4888","60561.0000","-0.0500","-0.0050","-1.0000","0.0000","0.0000","0.0000","0.0000","0.0000"
"7615.0","15:13:17.550","2223247.0000","1.5556","60561.0000","-0.0500","-0.0050","-1.0000","0.0000","0.0000","0.0000","0.0000","0.0000"
"7616.0","15:13:17.551","2222266.0000","1.4487","60561.0000","-0.0500","-0.0050","-1.0000","0.0000","0.0000","0.0000","0.0000","0.0000"
"7617.0","15:13:17.552","2222725.0000","1.4987","60561.0000","-0.0500","-0.0050","-1.0000","0.0000","0.0000","0.0000","0.0000","0.0000"
"7618.0","15:13:17.553","2222891.0000","1.5168","60561.0000","-0.0500","-0.0050","-1.0000","0.0000","0.0000","0.0000","0.0000","0.0000"
"7619.0","15:13:17.554","2222440.0000","1.4677","60561.0000","-0.0500","-0.0050","-1.0000","0.0000","0.0000","0.0000","0.0000","0.0000"
"7620.0","15:13:17.555","2223481.0000","1.5811","60561.0000","-0.0500","-0.0050","-1.0000","0.0000","0.0000","0.0000","0.0000","0.0000"
"7621.0","15:13:17.556","2223475.0000","1.5805","60561.0000","-0.0500","-0.0050","-1.0000","0.0000","0.0000","0.0000","0.0000","0.0000"
"7622.0","15:13:17.557","2222152.0000","1.4362","60561.0000","-0.0500","-0.0050","-1.0000","0.0000","0.0000","0.0000","0.0000","0.0000"
"7623.0","15:13:17.558","2222168.0000","1.4380","60561.0000","-0.0500","-0.0050","-1.0000","0.0000","0.0000","0.0000","0.0000","0.0000"
"7624.0","15:13:17.559","2222694.0000","1.4953","60561.0000","-0.0500","-0.0050","-1.0000","0.0000","0.0000","0.0000","0.0000","0.0000"
"7625.0","15:13:17.560","2223603.0000","1.5944","60561.0000","-0.0500","-0.0050","-1.0000","0.0000","0.0000","0.0000","0.0000","0.0000"
"7626.0","15:13:17.561","2222604.0000","1.4855","60561.0000","-0.0500","-0.0050","-1.0000","0.0000","0.0000","0.0000","0.0000","0.0000"
"7627.0","15:13:17.562","2222156.0000","1.4367","60553.0000","-0.0500","-0.0050","-1.0000","0.0000","0.0000","0.0000","0.0000","0.0000"
"7628.0","15:13:17.563","2222279.0000","1.4501","60553.0000","-0.0500","-0.0050","-1.0000","0.0000","0.0000","0.0000","0.0000","0.0000"
"7629.0","15:13:17.564","2223043.0000","1.5334","60553.0000","-0.0500","-0.0050","-1.0000","0.0000","0.0000","0.0000","0.0000","0.0000"
"7630.0","15:13:17.565","2224332.0000","1.6739","60553.0000","-0.0500","-0.0050","-1.0000","0.0000","0.0000","0.0000","0.0000","0.0000"
"7631.0","15:13:17.566","2225033.0000","1.7503","60553.0000","-0.0500","-0.0050","-1.0000","0.0000","0.0000","0.0000","0.0000","0.0000"
"7632.0","15:13:17.567","2224918.0000","1.7378","60553.0000","-0.0500","-0.0050","-1.0000","0.0000","0.0000","0.0000","0.0000","0.0000"
"7633.0","15:13:17.568","2225044.0000","1.7515","60553.0000","-0.0500","-0.0050","-1.0000","0.0000","0.0000","0.0000","0.0000","0.0000"
"7634.0","15:13:17.569","2225825.0000","1.8367","60553.0000","-0.0500","-0.0050","-1.0000","0.0000","0.0000","0.0000","0.0000","0.0000"
"7635.0","15:13:17.570","2224692.0000","1.7132","60553.0000","-0.0500","-0.0050","-1.0000","0.0000","0.0000","0.0000","0.0000","0.0000"
"7636.0","15:13:17.571","2225589.0000","1.8109","60553.0000","-0.0500","-0.0050","-1.0000","0.0000","0.0000","0.0000","0.0000","0.0000"
"7637.0","15:13:17.572","2226401.0000","1.8995","60553.0000","-0.0500","-0.0050","-1.0000","0.0000","0.0000","0.0000","0.0000","0.0000"
"7638.0","15:13:17.573","2225822.0000","1.8363","60553.0000","-0.0500","-0.0050","-1.0000","0.0000","0.0000","0.0000","0.0000","0.0000"
"7639.0","15:13:17.574","2225822.0000","1.8363","60553.0000","-0.0500","-0.0050","-1.0000","0.0000","0.0000","0.0000","0.0000","0.0000"
"7640.0","15:13:17.575","2226068.0000","1.8632","60553.0000","-0.0500","-0.0050","-1.0000","0.0000","0.0000","0.0000","0.0000","0.0000"
"7641.0","15:13:17.576","2226612.0000","1.9225","60553.0000","-0.0500","-0.0050","-1.0000","0.0000","0.0000","0.0000","0.0000","0.0000"
"7642.0","15:13:17.577","2225550.0000","1.8067","60553.0000","-0.0500","-0.0050","-1.0000","0.0000","0.0000","0.0000","0.0000","0.0000"
"7643.0","15:13:17.578","2223704.0000","1.6054","60553.0000","-0.0500","-0.0050","-1.0000","0.0000","0.0000","0.0000","0.0000","0.0000"
"7644.0","15:13:17.579","2223593.0000","1.5933","60553.0000","-0.0500","-0.0050","-1.0000","0.0000","0.0000","0.0000","0.0000","0.0000"
"7645.0","15:13:17.580","2222664.0000","1.4921","60553.0000","-0.0500","-0.0050","-1.0000","0.0000","0.0000","0.0000","0.0000","0.0000"
"7646.0","15:13:17.581","2222124.0000","1.4332","60553.0000","-0.0500","-0.0050","-1.0000","0.0000","0.0000","0.0000","0.0000","0.0000"
"7647.0","15:13:17.582","2222995.0000","1.5281","60553.0000","-0.0500","-0.0050","-1.0000","0.0000","0.0000","0.0000","0.0000","0.0000"
"7648.0","15:13:17.583","2222111.0000","1.4318","60553.0000","-0.0500","-0.0050","-1.0000","0.0000","0.0000","0.0000","0.0000","0.0000"
"7649.0","15:13:17.584","2221853.0000","1.4036","60553.0000","-0.0500","-0.0050","-1.0000","0.0000","0.0000","0.0000","0.0000","0.0000"
"7650.0","15:13:17.585","2221097.0000","1.3212","60553.0000","-0.0500","-0.0050","-1.0000","0.0000","0.0000","0.0000","0.0000","0.0000"
"7651.0","15:13:17.586","2220929.0000","1.3029","60553.0000","-0.0500","-0.0050","-1.0000","0.0000","0.0000","0.0000","0.0000","0.0000"
"7652.0","15:13:17.587","2220466.0000","1.2525","60553.0000","-0.0500","-0.0050","-1.0000","0.0000","0.0000","0.0000","0.0000","0.0000"
"7653.0","15:13:17.588","2219760.0000","1.1755","60553.0000","-0.0500","-0.0050","-1.0000","0.0000","0.0000","0.0000","0.0000","0.0000"
"7654.0","15:13:17.589","2219386.0000","1.1347","60553.0000","-0.0500","-0.0050","-1.0000","0.0000","0.0000","0.0000","0.0000","0.0000"
"7655.0","15:13:17.590","2219455.0000","1.1422","60553.0000","-0.0500","-0.0050","-1.0000","0.0000","0.0000","0.0000","0.0000","0.0000"
"7656.0","15:13:17.591","2219184.0000","1.1127","60553.0000","-0.0500","-0.0050","-1.0000","0.0000","0.0000","0.0000","0.0000","0.0000"
"7657.0","15:13:17.592","2219085.0000","1.1019","60553.0000","-0.0500","-0.0050","-1.0000","0.0000","0.0000","0.0000","0.0000","0.0000"
"7658.0","15:13:17.593","2218143.0000","0.9992","60553.0000","-0.0500","-0.0050","-1.0000","0.0000","0.0000","0.0000","0.0000","0.0000"
"7659.0","15:13:17.594","2218286.0000","1.0148","60553.0000","-0.0500","-0.0050","-1.0000","0.0000","0.0000","0.0000","0.0000","0.0000"
"7660.0","15:13:17.595","2218764.0000","1.0669","60553.0000","-0.0500","-0.0050","-1.0000","0.0000","0.0000","0.0000","0.0000","0.0000"
"7661.0","15:13:17.596","2219162.0000","1.1103","60553.0000","-0.0500","-0.0050","-1.0000","0.0000","0.0000","0.0000","0.0000","0.0000"
"7662.0","15:13:17.597","2219180.0000","1.1122","60553.0000","-0.0500","-0.0050","-1.0000","0.0000","0.0000","0.0000","0.0000","0.0000"
"7663.0","15:13:17.598","2219745.0000","1.1738","60553.0000","-0.0500","-0.0050","-1.0000","0.0000","0.0000","0.0000","0.0000","0.0000"
"7664.0","15:13:17.599","2220445.0000","1.2501","60553.0000","-0.0500","-0.0050","-1.0000","0.0000","0.0000","0.0000","0.0000","0.0000"
"7665.0","15:13:17.600","2220320.0000","1.2365","60553.0000","-0.0500","-0.0050","-1.0000","0.0000","0.0000","0.0000","0.0000","0.0000"
"7666.0","15:13:17.601","2221219.0000","1.3345","60553.0000","-0.0500","-0.0050","-1.0000","0.0000","0.0000","0.0000","0.0000","0.0000"
"7667.0","15:13:17.602","2221250.0000","1.3379","60553.0000","-0.0500","-0.0050","-1.0000","0.0000","0.0000","0.0000","0.0000","0.0000"
"7668.0","15:13:17.603","2222658.0000","1.4914","60553.0000","-0.0500","-0.0050","-1.0000","0.0000","0.0000","0.0000","0.0000","0.0000"
"7669.0","15:13:17.604","2223318.0000","1.5634","60553.0000","-0.0500","-0.0050","-1.0000","0.0000","0.0000","0.0000","0.0000","0.0000"
"7670.0","15:13:17.605","2223231.0000","1.5539","60553.0000","-0.0500","-0.0050","-1.0000","0.0000","0.0000","0.0000","0.0000","0.0000"
"7671.0","15:13:17.606","2224069.0000","1.6452","60553.0000","-0.0500","-0.0050","-1.0000","0.0000","0.0000","0.0000","0.0000","0.0000"
"7672.0","15:13:17.607","2224072.0000","1.6456","60553.0000","-0.0500","-0.0050","-1.0000","0.0000","0.0000","0.0000","0.0000","0.0000"
"7673.0","15:13:17.608","2224551.0000","1.6978","60553.0000","-0.0500","-0.0050","-1.0000","0.0000","0.0000","0.0000","0.0000","0.0000"
"7674.0","15:13:17.609","2223944.0000","1.6316","60553.0000","-0.0500","-0.0050","-1.0000","0.0000","0.0000","0.0000","0.0000","0.0000"
"7675.0","15:13:17.610","2224887.0000","1.7344","60553.0000","-0.0500","-0.0050","-1.0000","0.0000","0.0000","0.0000","0.0000","0.0000"
"7676.0","15:13:17.611","2223358.0000","1.5677","60553.0000","-0.0500","-0.0050","-1.0000","0.0000","0.0000","0.0000","0.0000","0.0000"
"7677.0","15:13:17.612","2223876.0000","1.6242","60553.0000","-0.0500","-0.0050","-1.0000","0.0000","0.0000","0.0000","0.0000","0.0000"
"7678.0","15:13:17.613","2224471.0000","1.6891","60553.0000","-0.0500","-0.0050","-1.0000","0.0000","0.0000","0.0000","0.0000","0.0000"
"7679.0","15:13:17.614","2224140.0000","1.6530","60553.0000","-0.0500","-0.0050","-1.0000","0.0000","0.0000","0.0000","0.0000","0.0000"
"7680.0","15:13:17.615","2224628.0000","1.7062","60553.0000","-0.0500","-0.0050","-1.0000","0.0000","0.0000","0.0000","0.0000","0.0000"
"7681.0","15:13:17.616","2224673.0000","1.7111","60553.0000","-0.0500","-0.0050","-1.0000","0.0000","0.0000","0.0000","0.0000","0.0000"
"7682.0","15:13:17.617","2223985.0000","1.6361","60553.0000","-0.0500","-0.0050","-1.0000","0.0000","0.0000","0.0000","0.0000","0.0000"
"7683.0","15:13:17.618","2224048.0000","1.6429","60553.0000","-0.0500","-0.0050","-1.0000","0.0000","0.0000","0.0000","0.0000","0.0000"
"7684.0","15:13:17.619","2224198.0000","1.6593","60553.0000","-0.0500","-0.0050","-1.0000","0.0000","0.0000","0.0000","0.0000","0.0000"
"7685.0","15:13:17.620","2224122.0000","1.6510","60553.0000","-0.0500","-0.0050","-1.0000","0.0000","0.0000","0.0000","0.0000","0.0000"
"7686.0","15:13:17.621","2224122.0000","1.6510","60553.0000","-0.0500","-0.0050","-1.0000","0.0000","0.0000","0.0000","0.0000","0.0000"
"7687.0","15:13:17.622","2223998.0000","1.6375","60553.0000","-0.0500","-0.0050","-1.0000","0.0000","0.0000","0.0000","0.0000","0.0000"
"7688.0","15:13:17.623","2223510.0000","1.5843","60550.0000","-0.0500","-0.0050","-1.0000","0.0000","0.0000","0.0000","0.0000","0.0000"
"7689.0","15:13:17.624","2222719.0000","1.4981","60550.0000","-0.0500","-0.0050","-1.0000","0.0000","0.0000","0.0000","0.0000","0.0000"
"7690.0","15:13:17.625","2223598.0000","1.5939","60550.0000","-0.0500","-0.0050","-1.0000","0.0000","0.0000","0.0000","0.0000","0.0000"
"7691.0","15:13:17.626","2223168.0000","1.5470","60550.0000","-0.0500","-0.0050","-1.0000","0.0000","0.0000","0.0000","0.0000","0.0000"
"7692.0","15:13:17.627","2222468.0000","1.4707","60550.0000","-0.0500","-0.0050","-1.0000","0.0000","0.0000","0.0000","0.0000","0.0000"
"7693.0","15:13:17.628","2222962.0000","1.5246","60550.0000","-0.0500","-0.0050","-1.0000","0.0000","0.0000","0.0000","0.0000","0.0000"
"7694.0","15:13:17.629","2222153.0000","1.4364","60550.0000","-0.0500","-0.0050","-1.0000","0.0000","0.0000","0.0000","0.0000","0.0000"
"7695.0","15:13:17.630","2222356.0000","1.4585","60550.0000","-0.0500","-0.0050","-1.0000","0.0000","0.0000","0.0000","0.0000","0.0000"
"7696.0","15:13:17.631","2222496.0000","1.4737","60550.0000","-0.0500","-0.0050","-1.0000","0.0000","0.0000","0.0000","0.0000","0.0000"
"7697.0","15:13:17.632","2222384.0000","1.4615","60550.0000","-0.0500","-0.0050","-1.0000","0.0000","0.0000","0.0000","0.0000","0.0000"
"7698.0","15:13:17.633","2223104.0000","1.5400","60550.0000","-0.0500","-0.0050","-1.0000","0.0000","0.0000","0.0000","0.0000","0.0000"
"7699.0","15:13:17.634","2223460.0000","1.5788","60550.0000","-0.0500","-0.0050","-1.0000","0.0000","0.0000","0.0000","0.0000","0.0000"
"7700.0","15:13:17.635","2223430.0000","1.5756","60550.0000","-0.0500","-0.0050","-1.0000","0.0000","0.0000","0.0000","0.0000","0.0000"
"7701.0","15:13:17.636","2223111.0000","1.5408","60550.0000","-0.0500","-0.0050","-1.0000","0.0000","0.0000","0.0000","0.0000","0.0000"
"7702.0","15:13:17.637","2224240.0000","1.6639","60550.0000","-0.0500","-0.0050","-1.0000","0.0000","0.0000","0.0000","0.0000","0.0000"
"7703.0","15:13:17.638","2225180.0000","1.7664","60550.0000","-0.0500","-0.0050","-1.0000","0.0000","0.0000","0.0000","0.0000","0.0000"
"7704.0","15:13:17.639","2225227.0000","1.7715","60550.0000","-0.0500","-0.0050","-1.0000","0.0000","0.0000","0.0000","0.0000","0.0000"
"7705.0","15:13:17.640","2224811.0000","1.7261","60550.0000","-0.0500","-0.0050","-1.0000","0.0000","0.0000","0.0000","0.0000","0.0000"
"7706.0","15:13:17.641","2224515.0000","1.6939","60550.0000","-0.0500","-0.0050","-1.0000","0.0000","0.0000","0.0000","0.0000","0.0000"
"7707.0","15:13:17.642","2224636.0000","1.7070","60550.0000","-0.0500","-0.0050","-1.0000","0.0000","0.0000","0.0000","0.0000","0.0000"
"7708.0","15:13:17.643","2223568.0000","1.5906","60550.0000","-0.0500","-0.0050","-1.0000","0.0000","0.0000","0.0000","0.0000","0.0000"
"7709.0","15:13:17.644","2224066.0000","1.6449","60550.0000","-0.0500","-0.0050","-1.0000","0.0000","0.0000","0.0000","0.0000","0.0000"
"7710.0","15:13:17.645","2224062.0000","1.6445","60550.0000","-0.0500","-0.0050","-1.0000","0.0000","0.0000","0.0000","0.0000","0.0000"
"7711.0","15:13:17.646","2223631.0000","1.5975","60550.0000","-0.0500","-0.0050","-1.0000","0.0000","0.0000","0.0000","0.0000","0.0000"
"7712.0","15:13:17.647","2223802.0000","1.6161","60550.0000","-0.0500","-0.0050","-1.0000","0.0000","0.0000","0.0000","0.0000","0.0000"
"7713.0","15:13:17.648","2224233.0000","1.6631","60550.0000","-0.0500","-0.0050","-1.0000","0.0000","0.0000","0.0000","0.0000","0.0000"
"7714.0","15:13:17.649","2223889.0000","1.6256","60550.0000","-0.0500","-0.0050","-1.0000","0.0000","0.0000","0.0000","0.0000","0.0000"
"7715.0","15:13:17.650","2224056.0000","1.6438","60550.0000","-0.0500","-0.0050","-1.0000","0.0000","0.0000","0.0000","0.0000","0.0000"
"7716.0","15:13:17.651","2224957.0000","1.7421","60550.0000","-0.0500","-0.0050","-1.0000","0.0000","0.0000","0.0000","0.0000","0.0000"
"7717.0","15:13:17.652","2224921.0000","1.7381","60550.0000","-0.0500","-0.0050","-1.0000","0.0000","0.0000","0.0000","0.0000","0.0000"
"7718.0","15:13:17.653","2224808.0000","1.7258","60550.0000","-0.0500","-0.0050","-1.0000","0.0000","0.0000","0.0000","0.0000","0.0000"
"7719.0","15:13:17.654","2225170.0000","1.7653","60550.0000","-0.0500","-0.0050","-1.0000","0.0000","0.0000","0.0000","0.0000","0.0000"
"7720.0","15:13:17.655","2225220.0000","1.7707","60550.0000","-0.0500","-0.0050","-1.0000","0.0000","0.0000","0.0000","0.0000","0.0000"
"7721.0","15:13:17.656","2226273.0000","1.8855","60550.0000","-0.0500","-0.0050","-1.0000","0.0000","0.0000","0.0000","0.0000","0.0000"
"7722.0","15:13:17.657","2226948.0000","1.9591","60550.0000","-0.0500","-0.0050","-1.0000","0.0000","0.0000","0.0000","0.0000","0.0000"
"7723.0","15:13:17.658","2226605.0000","1.9217","60550.0000","-0.0500","-0.0050","-1.0000","0.0000","0.0000","0.0000","0.0000","0.0000"
"7724.0","15:13:17.659","2226691.0000","1.9311","60550.0000","-0.0500","-0.0050","-1.0000","0.0000","0.0000","0.0000","0.0000","0.0000"
"7725.0","15:13:17.660","2227063.0000","1.9716","60550.0000","-0.0500","-0.0050","-1.0000","0.0000","0.0000","0.0000","0.0000","0.0000"
"7726.0","15:13:17.661","2227915.0000","2.0645","60550.0000","-0.0500","-0.0050","-1.0000","0.0000","0.0000","0.0000","0.0000","0.0000"
"7727.0","15:13:17.662","2228093.0000","2.0839","60550.0000","-0.0500","-0.0050","-1.0000","0.0000","0.0000","0.0000","0.0000","0.0000"
"7728.0","15:13:17.663","2229483.0000","2.2354","60550.0000","-0.0500","-0.0050","-1.0000","0.0000","0.0000","0.0000","0.0000","0.0000"
"7729.0","15:13:17.664","2228753.0000","2.1559","60550.0000","-0.0500","-0.0050","-1.0000","0.0000","0.0000","0.0000","0.0000","0.0000"
"7730.0","15:13:17.665","2228622.0000","2.1416","60550.0000","-0.0500","-0.0050","-1.0000","0.0000","0.0000","0.0000","0.0000","0.0000"
"7731.0","15:13:17.666","2228322.0000","2.1089","60550.0000","-0.0500","-0.0050","-1.0000","0.0000","0.0000","0.0000","0.0000","0.0000"
"7732.0","15:13:17.667","2227809.0000","2.0530","60550.0000","-0.0500","-0.0050","-1.0000","0.0000","0.0000","0.0000","0.0000","0.0000"
"7733.0","15:13:17.668","2227809.0000","2.0530","60550.0000","-0.0500","-0.0050","-1.0000","0.0000","0.0000","0.0000","0.0000","0.0000"
"7734.0","15:13:17.669","2226531.0000","1.9136","60550.0000","-0.0500","-0.0050","-1.0000","0.0000","0.0000","0.0000","0.0000","0.0000"
"7735.0","15:13:17.670","2224916.0000","1.7376","60550.0000","-0.0500","-0.0050","-1.0000","0.0000","0.0000","0.0000","0.0000","0.0000"
"7736.0","15:13:17.671","2223065.0000","1.5358","60550.0000","-0.0500","-0.0050","-1.0000","0.0000","0.0000","0.0000","0.0000","0.0000"
"7737.0","15:13:17.672","2221531.0000","1.3686","60550.0000","-0.0500","-0.0050","-1.0000","0.0000","0.0000","0.0000","0.0000","0.0000"
"7738.0","15:13:17.673","2219097.0000","1.1032","60550.0000","-0.0500","-0.0050","-1.0000","0.0000","0.0000","0.0000","0.0000","0.0000"
"7739.0","15:13:17.674","2218082.0000","0.9926","60550.0000","-0.0500","-0.0050","-1.0000","0.0000","0.0000","0.0000","0.0000","0.0000"
"7740.0","15:13:17.675","2216994.0000","0.8740","60550.0000","-0.0500","-0.0050","-1.0000","0.0000","0.0000","0.0000","0.0000","0.0000"
"7741.0","15:13:17.676","2216258.0000","0.7937","60550.0000","-0.0500","-0.0050","-1.0000","0.0000","0.0000","0.0000","0.0000","0.0000"
"7742.0","15:13:17.677","2215403.0000","0.7005","60550.0000","-0.0500","-0.0050","-1.0000","0.0000","0.0000","0.0000","0.0000","0.0000"
"7743.0","15:13:17.678","2215550.0000","0.7165","60550.0000","-0.0500","-0.0050","-1.0000","0.0000","0.0000","0.0000","0.0000","0.0000"
"7744.0","15:13:17.679","2214993.0000","0.6558","60550.0000","-0.0500","-0.0050","-1.0000","0.0000","0.0000","0.0000","0.0000","0.0000"
"7745.0","15:13:17.680","2214462.0000","0.5979","60550.0000","-0.0500","-0.0050","-1.0000","0.0000","0.0000","0.0000","0.0000","0.0000"
"7746.0","15:13:17.681","2214900.0000","0.6457","60550.0000","-0.0500","-0.0050","-1.0000","0.0000","0.0000","0.0000","0.0000","0.0000"
"7747.0","15:13:17.682","2215672.0000","0.7298","60550.0000","-0.0500","-0.0050","-1.0000","0.0000","0.0000","0.0000","0.0000","0.0000"
"7748.0","15:13:17.683","2214622.0000","0.6153","60559.0000","-0.0500","-0.0050","-1.0000","0.0000","0.0000","0.0000","0.0000","0.0000"
"7749.0","15:13:17.684","2215580.0000","0.7198","60559.0000","-0.0500","-0.0050","-1.0000","0.0000","0.0000","0.0000","0.0000","0.0000"
"7750.0","15:13:17.685","2215966.0000","0.7619","60559.0000","-0.0500","-0.0050","-1.0000","0.0000","0.0000","0.0000","0.0000","0.0000"
"7751.0","15:13:17.686","2216958.0000","0.8700","60559.0000","-0.0500","-0.0050","-1.0000","0.0000","0.0000","0.0000","0.0000","0.0000"
"7752.0","15:13:17.687","2218473.0000","1.0352","60559.0000","-0.0500","-0.0050","-1.0000","0.0000","0.0000","0.0000","0.0000","0.0000"
"7753.0","15:13:17.688","2218452.0000","1.0329","60559.0000","-0.0500","-0.0050","-1.0000","0.0000","0.0000","0.0000","0.0000","0.0000"
"7754.0","15:13:17.689","2218830.0000","1.0741","60559.0000","-0.0500","-0.0050","-1.0000","0.0000","0.0000","0.0000","0.0000","0.0000"
"7755.0","15:13:17.690","2220323.0000","1.2369","60559.0000","-0.0500","-0.0050","-1.0000","0.0000","0.0000","0.0000","0.0000","0.0000"
"7756.0","15:13:17.691","2221602.0000","1.3763","60559.0000","-0.0500","-0.0050","-1.0000","0.0000","0.0000","0.0000","0.0000","0.0000"
"7757.0","15:13:17.692","2223112.0000","1.5409","60559.0000","-0.0500","-0.0050","-1.0000","0.0000","0.0000","0.0000","0.0000","0.0000"
"7758.0","15:13:17.693","2222751.0000","1.5015","60559.0000","-0.0500","-0.0050","-1.0000","0.0000","0.0000","0.0000","0.0000","0.0000"
"7759.0","15:13:17.694","2222614.0000","1.4866","60559.0000","-0.0500","-0.0050","-1.0000","0.0000","0.0000","0.0000","0.0000","0.0000"
"7760.0","15:13:17.695","2224769.0000","1.7215","60559.0000","-0.0500","-0.0050","-1.0000","0.0000","0.0000","0.0000","0.0000","0.0000"
"7761.0","15:13:17.696","2224358.0000","1.6767","60559.0000","-0.0500","-0.0050","-1.0000","0.0000","0.0000","0.0000","0.0000","0.0000"
"7762.0","15:13:17.697","2225435.0000","1.7941","60559.0000","-0.0500","-0.0050","-1.0000","0.0000","0.0000","0.0000","0.0000","0.0000"
"7763.0","15:13:17.698","2226405.0000","1.8999","60559.0000","-0.0500","-0.0050","-1.0000","0.0000","0.0000","0.0000","0.0000","0.0000"
"7764.0","15:13:17.699","2227019.0000","1.9668","60559.0000","-0.0500","-0.0050","-1.0000","0.0000","0.0000","0.0000","0.0000","0.0000"
"7765.0","15:13:17.700","2228137.0000","2.0887","60559.0000","-0.0500","-0.0050","-1.0000","0.0000","0.0000","0.0000","0.0000","0.0000"
"7766.0","15:13:17.701","2227926.0000","2.0657","60559.0000","-0.0500","-0.0050","-1.0000","0.0000","0.0000","0.0000","0.0000","0.0000"
"7767.0","15:13:17.702","2230476.0000","2.3437","60559.0000","-0.0500","-0.0050","-1.0000","0.0000","0.0000","0.0000","0.0000","0.0000"
"7768.0","15:13:17.703","2231183.0000","2.4208","60559.0000","-0.0500","-0.0050","-1.0000","0.0000","0.0000","0.0000","0.0000","0.0000"
"7769.0","15:13:17.704","2231099.0000","2.4116","60559.0000","-0.0500","-0.0050","-1.0000","0.0000","0.0000","0.0000","0.0000","0.0000"
"7770.0","15:13:17.705","2231504.0000","2.4558","60559.0000","-0.0500","-0.0050","-1.0000","0.0000","0.0000","0.0000","0.0000","0.0000"
"7771.0","15:13:17.706","2230269.0000","2.3211","60559.0000","-0.0500","-0.0050","-1.0000","0.0000","0.0000","0.0000","0.0000","0.0000"
"7772.0","15:13:17.707","2229522.0000","2.2397","60559.0000","-0.0500","-0.0050","-1.0000","0.0000","0.0000","0.0000","0.0000","0.0000"
"7773.0","15:13:17.708","2228329.0000","2.1096","60559.0000","-0.0500","-0.0050","-1.0000","0.0000","0.0000","0.0000","0.0000","0.0000"
"7774.0","15:13:17.709","2227784.0000","2.0502","60559.0000","-0.0500","-0.0050","-1.0000","0.0000","0.0000","0.0000","0.0000","0.0000"
"7775.0","15:13:17.710","2227309.0000","1.9985","60559.0000","-0.0500","-0.0050","-1.0000","0.0000","0.0000","0.0000","0.0000","0.0000"
"7776.0","15:13:17.711","2225664.0000","1.8191","60559.0000","-0.0500","-0.0050","-1.0000","0.0000","0.0000","0.0000","0.0000","0.0000"
"7777.0","15:13:17.712","2224714.0000","1.7155","60559.0000","-0.0500","-0.0050","-1.0000","0.0000","0.0000","0.0000","0.0000","0.0000"
"7778.0","15:13:17.713","2223798.0000","1.6157","60559.0000","-0.0500","-0.0050","-1.0000","0.0000","0.0000","0.0000","0.0000","0.0000"
"7779.0","15:13:17.714","2223798.0000","1.6157","60559.0000","-0.0500","-0.0050","-1.0000","0.0000","0.0000","0.0000","0.0000","0.0000"
"7780.0","15:13:17.715","2223535.0000","1.5870","60559.0000","-0.0500","-0.0050","-1.0000","0.0000","0.0000","0.0000","0.0000","0.0000"
"7781.0","15:13:17.716","2222649.0000","1.4904","60559.0000","-0.0500","-0.0050","-1.0000","0.0000","0.0000","0.0000","0.0000","0.0000"
"7782.0","15:13:17.717","2222108.0000","1.4315","60559.0000","-0.0500","-0.0050","-1.0000","0.0000","0.0000","0.0000","0.0000","0.0000"
"7783.0","15:13:17.718","2222789.0000","1.5057","60559.0000","-0.0500","-0.0050","-1.0000","0.0000","0.0000","0.0000","0.0000","0.0000"
"7784.0","15:13:17.719","2221425.0000","1.3570","60559.0000","-0.0500","-0.0050","-1.0000","0.0000","0.0000","0.0000","0.0000","0.0000"
"7785.0","15:13:17.720","2221709.0000","1.3880","60559.0000","-0.0500","-0.0050","-1.0000","0.0000","0.0000","0.0000","0.0000","0.0000"
"7786.0","15:13:17.721","2222039.0000","1.4239","60559.0000","-0.0500","-0.0050","-1.0000","0.0000","0.0000","0.0000","0.0000","0.0000"
"7787.0","15:13:17.722","2221642.0000","1.3807","60559.0000","-0.0500","-0.0050","-1.0000","0.0000","0.0000","0.0000","0.0000","0.0000"
"7788.0","15:13:17.723","2221368.0000","1.3508","60559.0000","-0.0500","-0.0050","-1.0000","0.0000","0.0000","0.0000","0.0000","0.0000"
"7789.0","15:13:17.724","2221410.0000","1.3554","60559.0000","-0.0500","-0.0050","-1.0000","0.0000","0.0000","0.0000","0.0000","0.0000"
"7790.0","15:13:17.725","2221374.0000","1.3514","60559.0000","-0.0500","-0.0050","-1.0000","0.0000","0.0000","0.0000","0.0000","0.0000"
"7791.0","15:13:17.726","2221051.0000","1.3162","60559.0000","-0.0500","-0.0050","-1.0000","0.0000","0.0000","0.0000","0.0000","0.0000"
"7792.0","15:13:17.727","2219457.0000","1.1424","60559.0000","-0.0500","-0.0050","-1.0000","0.0000","0.0000","0.0000","0.0000","0.0000"
"7793.0","15:13:17.728","2218164.0000","1.0015","60559.0000","-0.0500","-0.0050","-1.0000","0.0000","0.0000","0.0000","0.0000","0.0000"
"7794.0","15:13:17.729","2218054.0000","0.9895","60559.0000","-0.0500","-0.0050","-1.0000","0.0000","0.0000","0.0000","0.0000","0.0000"
"7795.0","15:13:17.730","2218473.0000","1.0352","60559.0000","-0.0500","-0.0050","-1.0000","0.0000","0.0000","0.0000","0.0000","0.0000"
"7796.0","15:13:17.731","2217610.0000","0.9411","60559.0000","-0.0500","-0.0050","-1.0000","0.0000","0.0000","0.0000","0.0000","0.0000"
"7797.0","15:13:17.732","2216949.0000","0.8690","60559.0000","-0.0500","-0.0050","-1.0000","0.0000","0.0000","0.0000","0.0000","0.0000"
"7798.0","15:13:17.733","2217932.0000","0.9762","60559.0000","-0.0500","-0.0050","-1.0000","0.0000","0.0000","0.0000","0.0000","0.0000"
"7799.0","15:13:17.734","2218051.0000","0.9892","60559.0000","-0.0500","-0.0050","-1.0000","0.0000","0.0000","0.0000","0.0000","0.0000"
"7800.0","15:13:17.735","2218258.0000","1.0117","60559.0000","-0.0500","-0.0050","-1.0000","0.0000","0.0000","0.0000","0.0000","0.0000"
"7801.0","15:13:17.736","2217816.0000","0.9635","60559.0000","-0.0500","-0.0050","-1.0000","0.0000","0.0000","0.0000","0.0000","0.0000"
"7802.0","15:13:17.737","2218048.0000","0.9888","60559.0000","-0.0500","-0.0050","-1.0000","0.0000","0.0000","0.0000","0.0000","0.0000"
"7803.0","15:13:17.738","2218775.0000","1.0681","60559.0000","-0.0500","-0.0050","-1.0000","0.0000","0.0000","0.0000","0.0000","0.0000"
"7804.0","15:13:17.739","2219080.0000","1.1014","60559.0000","-0.0500","-0.0050","-1.0000","0.0000","0.0000","0.0000","0.0000","0.0000"
"7805.0","15:13:17.740","2218339.0000","1.0206","60559.0000","-0.0500","-0.0050","-1.0000","0.0000","0.0000","0.0000","0.0000","0.0000"
"7806.0","15:13:17.741","2218411.0000","1.0284","60559.0000","-0.0500","-0.0050","-1.0000","0.0000","0.0000","0.0000","0.0000","0.0000"
"7807.0","15:13:17.742","2218872.0000","1.0787","60559.0000","-0.0500","-0.0050","-1.0000","0.0000","0.0000","0.0000","0.0000","0.0000"
"7808.0","15:13:17.743","2219008.0000","1.0935","60559.0000","-0.0500","-0.0050","-1.0000","0.0000","0.0000","0.0000","0.0000","0.0000"
"7809.0","15:13:17.744","2218534.0000","1.0418","60566.0000","-0.0500","-0.0050","-1.0000","0.0000","0.0000","0.0000","0.0000","0.0000"
"7810.0","15:13:17.745","2218435.0000","1.0310","60566.0000","-0.0500","-0.0050","-1.0000","0.0000","0.0000","0.0000","0.0000","0.0000"
"7811.0","15:13:17.746","2218835.0000","1.0746","60566.0000","-0.0500","-0.0050","-1.0000","0.0000","0.0000","0.0000","0.0000","0.0000"
"7812.0","15:13:17.747","2218667.0000","1.0563","60566.0000","-0.0500","-0.0050","-1.0000","0.0000","0.0000","0.0000","0.0000","0.0000"
"7813.0","15:13:17.748","2220373.0000","1.2423","60566.0000","-0.0500","-0.0050","-1.0000","0.0000","0.0000","0.0000","0.0000","0.0000"
"7814.0","15:13:17.749","2219648.0000","1.1633","60566.0000","-0.0500","-0.0050","-1.0000","0.0000","0.0000","0.0000","0.0000","0.0000"
"7815.0","15:13:17.750","2220040.0000","1.2060","60566.0000","-0.0500","-0.0050","-1.0000","0.0000","0.0000","0.0000","0.0000","0.0000"
"7816.0","15:13:17.751","2220110.0000","1.2136","60566.0000","-0.0500","-0.0050","-1.0000","0.0000","0.0000","0.0000","0.0000","0.0000"
"7817.0","15:13:17.752","2220698.0000","1.2777","60566.0000","-0.0500","-0.0050","-1.0000","0.0000","0.0000","0.0000","0.0000","0.0000"
"7818.0","15:13:17.753","2221857.0000","1.4041","60566.0000","-0.0500","-0.0050","-1.0000","0.0000","0.0000","0.0000","0.0000","0.0000"
"7819.0","15:13:17.754","2223132.0000","1.5431","60566.0000","-0.0500","-0.0050","-1.0000","0.0000","0.0000","0.0000","0.0000","0.0000"
"7820.0","15:13:17.755","2222376.0000","1.4607","60566.0000","-0.0500","-0.0050","-1.0000","0.0000","0.0000","0.0000","0.0000","0.0000"
"7821.0","15:13:17.756","2222473.0000","1.4712","60566.0000","-0.0500","-0.0050","-1.0000","0.0000","0.0000","0.0000","0.0000","0.0000"
"7822.0","15:13:17.757","2223555.0000","1.5892","60566.0000","-0.0500","-0.0050","-1.0000","0.0000","0.0000","0.0000","0.0000","0.0000"
"7823.0","15:13:17.758","2223286.0000","1.5599","60566.0000","-0.0500","-0.0050","-1.0000","0.0000","0.0000","0.0000","0.0000","0.0000"
"7824.0","15:13:17.759","2222914.0000","1.5193","60566.0000","-0.0500","-0.0050","-1.0000","0.0000","0.0000","0.0000","0.0000","0.0000"
"7825.0","15:13:17.760","2222622.0000","1.4875","60566.0000","-0.0500","-0.0050","-1.0000","0.0000","0.0000","0.0000","0.0000","0.0000"
"7826.0","15:13:17.761","2222622.0000","1.4875","60566.0000","-0.0500","-0.0050","-1.0000","0.0000","0.0000","0.0000","0.0000","0.0000"
"7827.0","15:13:17.762","2222236.0000","1.4454","60566.0000","-0.0500","-0.0050","-1.0000","0.0000","0.0000","0.0000","0.0000","0.0000"
"7828.0","15:13:17.763","2222900.0000","1.5178","60566.0000","-0.0500","-0.0050","-1.0000","0.0000","0.0000","0.0000","0.0000","0.0000"
"7829.0","15:13:17.764","2222904.0000","1.5182","60566.0000","-0.0500","-0.0050","-1.0000","0.0000","0.0000","0.0000","0.0000","0.0000"
"7830.0","15:13:17.765","2223906.0000","1.6275","60566.0000","-0.0500","-0.0050","-1.0000","0.0000","0.0000","0.0000","0.0000","0.0000"
"7831.0","15:13:17.766","2223237.0000","1.5545","60566.0000","-0.0500","-0.0050","-1.0000","0.0000","0.0000","0.0000","0.0000","0.0000"
"7832.0","15:13:17.767","2222936.0000","1.5217","60566.0000","-0.0500","-0.0050","-1.0000","0.0000","0.0000","0.0000","0.0000","0.0000"
"7833.0","15:13:17.768","2223961.0000","1.6335","60566.0000","-0.0500","-0.0050","-1.0000","0.0000","0.0000","0.0000","0.0000","0.0000"
"7834.0","15:13:17.769","2223533.0000","1.5868","60566.0000","-0.0500","-0.0050","-1.0000","0.0000","0.0000","0.0000","0.0000","0.0000"
"7835.0","15:13:17.770","2224273.0000","1.6675","60566.0000","-0.0500","-0.0050","-1.0000","0.0000","0.0000","0.0000","0.0000","0.0000"
"7836.0","15:13:17.771","2225927.0000","1.8478","60566.0000","-0.0500","-0.0050","-1.0000","0.0000","0.0000","0.0000","0.0000","0.0000"
"7837.0","15:13:17.772","2225358.0000","1.7858","60566.0000","-0.0500","-0.0050","-1.0000","0.0000","0.0000","0.0000","0.0000","0.0000"
"7838.0","15:13:17.773","2224378.0000","1.6789","60566.0000","-0.0500","-0.0050","-1.0000","0.0000","0.0000","0.0000","0.0000","0.0000"
"7839.0","15:13:17.774","2224104.0000","1.6491","60566.0000","-0.0500","-0.0050","-1.0000","0.0000","0.0000","0.0000","0.0000","0.0000"
"7840.0","15:13:17.775","2224647.0000","1.7083","60566.0000","-0.0500","-0.0050","-1.0000","0.0000","0.0000","0.0000","0.0000","0.0000"
"7841.0","15:13:17.776","2223792.0000","1.6150","60566.0000","-0.0500","-0.0050","-1.0000","0.0000","0.0000","0.0000","0.0000","0.0000"
"7842.0","15:13:17.777","2222604.0000","1.4855","60566.0000","-0.0500","-0.0050","-1.0000","0.0000","0.0000","0.0000","0.0000","0.0000"
"7843.0","15:13:17.778","2223861.0000","1.6226","60566.0000","-0.0500","-0.0050","-1.0000","0.0000","0.0000","0.0000","0.0000","0.0000"
"7844.0","15:13:17.779","2222646.0000","1.4901","60566.0000","-0.0500","-0.0050","-1.0000","0.0000","0.0000","0.0000","0.0000","0.0000"
"7845.0","15:13:17.780","2223717.0000","1.6069","60566.0000","-0.0500","-0.0050","-1.0000","0.0000","0.0000","0.0000","0.0000","0.0000"
"7846.0","15:13:17.781","2222694.0000","1.4953","60566.0000","-0.0500","-0.0050","-1.0000","0.0000","0.0000","0.0000","0.0000","0.0000"
"7847.0","15:13:17.782","2221447.0000","1.3594","60566.0000","-0.0500","-0.0050","-1.0000","0.0000","0.0000","0.0000","0.0000","0.0000"
"7848.0","15:13:17.783","2221992.0000","1.4188","60566.0000","-0.0500","-0.0050","-1.0000","0.0000","0.0000","0.0000","0.0000","0.0000"
"7849.0","15:13:17.784","2221457.0000","1.3605","60566.0000","-0.0500","-0.0050","-1.0000","0.0000","0.0000","0.0000","0.0000","0.0000"
"7850.0","15:13:17.785","2222281.0000","1.4503","60566.0000","-0.0500","-0.0050","-1.0000","0.0000","0.0000","0.0000","0.0000","0.0000"
"7851.0","15:13:17.786","2222224.0000","1.4441","60566.0000","-0.0500","-0.0050","-1.0000","0.0000","0.0000","0.0000","0.0000","0.0000"
"7852.0","15:13:17.787","2222281.0000","1.4503","60566.0000","-0.0500","-0.0050","-1.0000","0.0000","0.0000","0.0000","0.0000","0.0000"
"7853.0","15:13:17.788","2222065.0000","1.4268","60566.0000","-0.0500","-0.0050","-1.0000","0.0000","0.0000","0.0000","0.0000","0.0000"
"7854.0","15:13:17.789","2222223.0000","1.4440","60566.0000","-0.0500","-0.0050","-1.0000","0.0000","0.0000","0.0000","0.0000","0.0000"
"7855.0","15:13:17.790","2222047.0000","1.4248","60566.0000","-0.0500","-0.0050","-1.0000","0.0000","0.0000","0.0000","0.0000","0.0000"
"7856.0","15:13:17.791","2222753.0000","1.5018","60566.0000","-0.0500","-0.0050","-1.0000","0.0000","0.0000","0.0000","0.0000","0.0000"
"7857.0","15:13:17.792","2222704.0000","1.4964","60566.0000","-0.0500","-0.0050","-1.0000","0.0000","0.0000","0.0000","0.0000","0.0000"
"7858.0","15:13:17.793","2221748.0000","1.3922","60566.0000","-0.0500","-0.0050","-1.0000","0.0000","0.0000","0.0000","0.0000","0.0000"
"7859.0","15:13:17.794","2222300.0000","1.4524","60566.0000","-0.0500","-0.0050","-1.0000","0.0000","0.0000","0.0000","0.0000","0.0000"
"7860.0","15:13:17.795","2222233.0000","1.4451","60566.0000","-0.0500","-0.0050","-1.0000","0.0000","0.0000","0.0000","0.0000","0.0000"
"7861.0","15:13:17.796","2222953.0000","1.5236","60566.0000","-0.0500","-0.0050","-1.0000","0.0000","0.0000","0.0000","0.0000","0.0000"
"7862.0","15:13:17.797","2222390.0000","1.4622","60566.0000","-0.0500","-0.0050","-1.0000","0.0000","0.0000","0.0000","0.0000","0.0000"
"7863.0","15:13:17.798","2222430.0000","1.4665","60566.0000","-0.0500","-0.0050","-1.0000","0.0000","0.0000","0.0000","0.0000","0.0000"
"7864.0","15:13:17.799","2221648.0000","1.3813","60566.0000","-0.0500","-0.0050","-1.0000","0.0000","0.0000","0.0000","0.0000","0.0000"
"7865.0","15:13:17.800","2220729.0000","1.2811","60566.0000","-0.0500","-0.0050","-1.0000","0.0000","0.0000","0.0000","0.0000","0.0000"
"7866.0","15:13:17.801","2222392.0000","1.4624","60566.0000","-0.0500","-0.0050","-1.0000","0.0000","0.0000","0.0000","0.0000","0.0000"
"7867.0","15:13:17.802","2221817.0000","1.3997","60566.0000","-0.0500","-0.0050","-1.0000","0.0000","0.0000","0.0000","0.0000","0.0000"
"7868.0","15:13:17.803","2222875.0000","1.5150","60566.0000","-0.0500","-0.0050","-1.0000","0.0000","0.0000","0.0000","0.0000","0.0000"
"7869.0","15:13:17.804","2223252.0000","1.5562","60570.0000","-0.0500","-0.0050","-1.0000","0.0000","0.0000","0.0000","0.0000","0.0000"
"7870.0","15:13:17.805","2223267.0000","1.5578","60570.0000","-0.0500","-0.0050","-1.0000","0.0000","0.0000","0.0000","0.0000","0.0000"
"7871.0","15:13:17.806","2223626.0000","1.5969","60570.0000","-0.0500","-0.0050","-1.0000","0.0000","0.0000","0.0000","0.0000","0.0000"
"7872.0","15:13:17.807","2223964.0000","1.6338","60570.0000","-0.0500","-0.0050","-1.0000","0.0000","0.0000","0.0000","0.0000","0.0000"
"7873.0","15:13:17.808","2223964.0000","1.6338","60570.0000","-0.0500","-0.0050","-1.0000","0.0000","0.0000","0.0000","0.0000","0.0000"
"7874.0","15:13:17.809","2224114.0000","1.6501","60570.0000","-0.0500","-0.0050","-1.0000","0.0000","0.0000","0.0000","0.0000","0.0000"
"7875.0","15:13:17.810","2223849.0000","1.6213","60570.0000","-0.0500","-0.0050","-1.0000","0.0000","0.0000","0.0000","0.0000","0.0000"
"7876.0","15:13:17.811","2223696.0000","1.6046","60570.0000","-0.0500","-0.0050","-1.0000","0.0000","0.0000","0.0000","0.0000","0.0000"
"7877.0","15:13:17.812","2223204.0000","1.5509","60570.0000","-0.0500","-0.0050","-1.0000","0.0000","0.0000","0.0000","0.0000","0.0000"
"7878.0","15:13:17.813","2223383.0000","1.5704","60570.0000","-0.0500","-0.0050","-1.0000","0.0000","0.0000","0.0000","0.0000","0.0000"
"7879.0","15:13:17.814","2222661.0000","1.4918","60570.0000","-0.0500","-0.0050","-1.0000","0.0000","0.0000","0.0000","0.0000","0.0000"
"7880.0","15:13:17.815","2222442.0000","1.4678","60570.0000","-0.0500","-0.0050","-1.0000","0.0000","0.0000","0.0000","0.0000","0.0000"
"7881.0","15:13:17.816","2222694.0000","1.4953","60570.0000","-0.0500","-0.0050","-1.0000","0.0000","0.0000","0.0000","0.0000","0.0000"
"7882.0","15:13:17.817","2222855.0000","1.5129","60570.0000","-0.0500","-0.0050","-1.0000","0.0000","0.0000","0.0000","0.0000","0.0000"
"7883.0","15:13:17.818","2222756.0000","1.5021","60570.0000","-0.0500","-0.0050","-1.0000","0.0000","0.0000","0.0000","0.0000","0.0000"
"7884.0","15:13:17.819","2222864.0000","1.5139","60570.0000","-0.0500","-0.0050","-1.0000","0.0000","0.0000","0.0000","0.0000","0.0000"
"7885.0","15:13:17.820","2222584.0000","1.4834","60570.0000","-0.0500","-0.0050","-1.0000","0.0000","0.0000","0.0000","0.0000","0.0000"
"7886.0","15:13:17.821","2223339.0000","1.5657","60570.0000","-0.0500","-0.0050","-1.0000","0.0000","0.0000","0.0000","0.0000","0.0000"
"7887.0","15:13:17.822","2223550.0000","1.5887","60570.0000","-0.0500","-0.0050","-1.0000","0.0000","0.0000","0.0000","0.0000","0.0000"
"7888.0","15:13:17.823","2222920.0000","1.5200","60570.0000","-0.0500","-0.0050","-1.0000","0.0000","0.0000","0.0000","0.0000","0.0000"
"7889.0","15:13:17.824","2222754.0000","1.5019","60570.0000","-0.0500","-0.0050","-1.0000","0.0000","0.0000","0.0000","0.0000","0.0000"
"7890.0","15:13:17.825","2223804.0000","1.6163","60570.0000","-0.0500","-0.0050","-1.0000","0.0000","0.0000","0.0000","0.0000","0.0000"
"7891.0","15:13:17.826","2224112.0000","1.6499","60570.0000","-0.0500","-0.0050","-1.0000","0.0000","0.0000","0.0000","0.0000","0.0000"
"7892.0","15:13:17.827","2223435.0000","1.5761","60570.0000","-0.0500","-0.0050","-1.0000","0.0000","0.0000","0.0000","0.0000","0.0000"
"7893.0","15:13:17.828","2222484.0000","1.4724","60570.0000","-0.0500","-0.0050","-1.0000","0.0000","0.0000","0.0000","0.0000","0.0000"
"7894.0","15:13:17.829","2221976.0000","1.4171","60570.0000","-0.0500","-0.0050","-1.0000","0.0000","0.0000","0.0000","0.0000","0.0000"
"7895.0","15:13:17.830","2221511.0000","1.3664","60570.0000","-0.0500","-0.0050","-1.0000","0.0000","0.0000","0.0000","0.0000","0.0000"
"7896.0","15:13:17.831","2222559.0000","1.4806","60570.0000","-0.0500","-0.0050","-1.0000","0.0000","0.0000","0.0000","0.0000","0.0000"
"7897.0","15:13:17.832","2221936.0000","1.4127","60570.0000","-0.0500","-0.0050","-1.0000","0.0000","0.0000","0.0000","0.0000","0.0000"
"7898.0","15:13:17.833","2221724.0000","1.3896","60570.0000","-0.0500","-0.0050","-1.0000","0.0000","0.0000","0.0000","0.0000","0.0000"
"7899.0","15:13:17.834","2222078.0000","1.4282","60570.0000","-0.0500","-0.0050","-1.0000","0.0000","0.0000","0.0000","0.0000","0.0000"
"7900.0","15:13:17.835","2222430.0000","1.4665","60570.0000","-0.0500","-0.0050","-1.0000","0.0000","0.0000","0.0000","0.0000","0.0000"
"7901.0","15:13:17.836","2223019.0000","1.5308","60570.0000","-0.0500","-0.0050","-1.0000","0.0000","0.0000","0.0000","0.0000","0.0000"
"7902.0","15:13:17.837","2223389.0000","1.5711","60570.0000","-0.0500","-0.0050","-1.0000","0.0000","0.0000","0.0000","0.0000","0.0000"
"7903.0","15:13:17.838","2224314.0000","1.6720","60570.0000","-0.0500","-0.0050","-1.0000","0.0000","0.0000","0.0000","0.0000","0.0000"
"7904.0","15:13:17.839","2223725.0000","1.6077","60570.0000","-0.0500","-0.0050","-1.0000","0.0000","0.0000","0.0000","0.0000","0.0000"
"7905.0","15:13:17.840","2224248.0000","1.6648","60570.0000","-0.0500","-0.0050","-1.0000","0.0000","0.0000","0.0000","0.0000","0.0000"
"7906.0","15:13:17.841","2224386.0000","1.6798","60570.0000","-0.0500","-0.0050","-1.0000","0.0000","0.0000","0.0000","0.0000","0.0000"
"7907.0","15:13:17.842","2223394.0000","1.5716","60570.0000","-0.0500","-0.0050","-1.0000","0.0000","0.0000","0.0000","0.0000","0.0000"
"7908.0","15:13:17.843","2224174.0000","1.6567","60570.0000","-0.0500","-0.0050","-1.0000","0.0000","0.0000","0.0000","0.0000","0.0000"
"7909.0","15:13:17.844","2224422.0000","1.6837","60570.0000","-0.0500","-0.0050","-1.0000","0.0000","0.0000","0.0000","0.0000","0.0000"
"7910.0","15:13:17.845","2224275.0000","1.6677","60570.0000","-0.0500","-0.0050","-1.0000","0.0000","0.0000","0.0000","0.0000","0.0000"
"7911.0","15:13:17.846","2225374.0000","1.7875","60570.0000","-0.0500","-0.0050","-1.0000","0.0000","0.0000","0.0000","0.0000","0.0000"
"7912.0","15:13:17.847","2224950.0000","1.7413","60570.0000","-0.0500","-0.0050","-1.0000","0.0000","0.0000","0.0000","0.0000","0.0000"
"7913.0","15:13:17.848","2226071.0000","1.8635","60570.0000","-0.0500","-0.0050","-1.0000","0.0000","0.0000","0.0000","0.0000","0.0000"
"7914.0","15:13:17.849","2226340.0000","1.8928","60570.0000","-0.0500","-0.0050","-1.0000","0.0000","0.0000","0.0000","0.0000","0.0000"
"7915.0","15:13:17.850","2226803.0000","1.9433","60570.0000","-0.0500","-0.0050","-1.0000","0.0000","0.0000","0.0000","0.0000","0.0000"
"7916.0","15:13:17.851","2227316.0000","1.9992","60570.0000","-0.0500","-0.0050","-1.0000","0.0000","0.0000","0.0000","0.0000","0.0000"
"7917.0","15:13:17.852","2226673.0000","1.9291","60570.0000","-0.0500","-0.0050","-1.0000","0.0000","0.0000","0.0000","0.0000","0.0000"
"7918.0","15:13:17.853","2226100.0000","1.8666","60570.0000","-0.0500","-0.0050","-1.0000","0.0000","0.0000","0.0000","0.0000","0.0000"
"7919.0","15:13:17.854","2225185.0000","1.7669","60570.0000","-0.0500","-0.0050","-1.0000","0.0000","0.0000","0.0000","0.0000","0.0000"
"7920.0","15:13:17.855","2225185.0000","1.7669","60570.0000","-0.0500","-0.0050","-1.0000","0.0000","0.0000","0.0000","0.0000","0.0000"
"7921.0","15:13:17.856","2223722.0000","1.6074","60570.0000","-0.0500","-0.0050","-1.0000","0.0000","0.0000","0.0000","0.0000","0.0000"
"7922.0","15:13:17.857","2222586.0000","1.4836","60570.0000","-0.0500","-0.0050","-1.0000","0.0000","0.0000","0.0000","0.0000","0.0000"
"7923.0","15:13:17.858","2220992.0000","1.3098","60570.0000","-0.0500","-0.0050","-1.0000","0.0000","0.0000","0.0000","0.0000","0.0000"
"7924.0","15:13:17.859","2219014.0000","1.0942","60570.0000","-0.0500","-0.0050","-1.0000","0.0000","0.0000","0.0000","0.0000","0.0000"
"7925.0","15:13:17.860","2217652.0000","0.9457","60570.0000","-0.0500","-0.0050","-1.0000","0.0000","0.0000","0.0000","0.0000","0.0000"
"7926.0","15:13:17.861","2215833.0000","0.7474","60570.0000","-0.0500","-0.0050","-1.0000","0.0000","0.0000","0.0000","0.0000","0.0000"
"7927.0","15:13:17.862","2214912.0000","0.6469","60570.0000","-0.0500","-0.0050","-1.0000","0.0000","0.0000","0.0000","0.0000","0.0000"
"7928.0","15:13:17.863","2214617.0000","0.6148","60570.0000","-0.0500","-0.0050","-1.0000","0.0000","0.0000","0.0000","0.0000","0.0000"
"7929.0","15:13:17.864","2214272.0000","0.5772","60570.0000","-0.0500","-0.0050","-1.0000","0.0000","0.0000","0.0000","0.0000","0.0000"
"7930.0","15:13:17.865","2215252.0000","0.6840","60561.0000","-0.0500","-0.0050","-1.0000","0.0000","0.0000","0.0000","0.0000","0.0000"
"7931.0","15:13:17.866","2215607.0000","0.7227","60561.0000","-0.0500","-0.0050","-1.0000","0.0000","0.0000","0.0000","0.0000","0.0000"
"7932.0","15:13:17.867","2215625.0000","0.7247","60561.0000","-0.0500","-0.0050","-1.0000","0.0000","0.0000","0.0000","0.0000","0.0000"
"7933.0","15:13:17.868","2216629.0000","0.8341","60561.0000","-0.0500","-0.0050","-1.0000","0.0000","0.0000","0.0000","0.0000","0.0000"
"7934.0","15:13:17.869","2216618.0000","0.8330","60561.0000","-0.0500","-0.0050","-1.0000","0.0000","0.0000","0.0000","0.0000","0.0000"
"7935.0","15:13:17.870","2217991.0000","0.9826","60561.0000","-0.0500","-0.0050","-1.0000","0.0000","0.0000","0.0000","0.0000","0.0000"
"7936.0","15:13:17.871","2218182.0000","1.0035","60561.0000","-0.0500","-0.0050","-1.0000","0.0000","0.0000","0.0000","0.0000","0.0000"
"7937.0","15:13:17.872","2217873.0000","0.9698","60561.0000","-0.0500","-0.0050","-1.0000","0.0000","0.0000","0.0000","0.0000","0.0000"
"7938.0","15:13:17.873","2218874.0000","1.0789","60561.0000","-0.0500","-0.0050","-1.0000","0.0000","0.0000","0.0000","0.0000","0.0000"
"7939.0","15:13:17.874","2218826.0000","1.0736","60561.0000","-0.0500","-0.0050","-1.0000","0.0000","0.0000","0.0000","0.0000","0.0000"
"7940.0","15:13:17.875","2220178.0000","1.2210","60561.0000","-0.0500","-0.0050","-1.0000","0.0000","0.0000","0.0000","0.0000","0.0000"
"7941.0","15:13:17.876","2220347.0000","1.2394","60561.0000","-0.0500","-0.0050","-1.0000","0.0000","0.0000","0.0000","0.0000","0.0000"
"7942.0","15:13:17.877","2221519.0000","1.3673","60561.0000","-0.0500","-0.0050","-1.0000","0.0000","0.0000","0.0000","0.0000","0.0000"
"7943.0","15:13:17.878","2222531.0000","1.4776","60561.0000","-0.0500","-0.0050","-1.0000","0.0000","0.0000","0.0000","0.0000","0.0000"
"7944.0","15:13:17.879","2224316.0000","1.6722","60561.0000","-0.0500","-0.0050","-1.0000","0.0000","0.0000","0.0000","0.0000","0.0000"
"7945.0","15:13:17.880","2225487.0000","1.7998","60561.0000","-0.0500","-0.0050","-1.0000","0.0000","0.0000","0.0000","0.0000","0.0000"
"7946.0","15:13:17.881","2227027.0000","1.9677","60561.0000","-0.0500","-0.0050","-1.0000","0.0000","0.0000","0.0000","0.0000","0.0000"
"7947.0","15:13:17.882","2227437.0000","2.0124","60561.0000","-0.0500","-0.0050","-1.0000","0.0000","0.0000","0.0000","0.0000","0.0000"
"7948.0","15:13:17.883","2226900.0000","1.9539","60561.0000","-0.0500","-0.0050","-1.0000","0.0000","0.0000","0.0000","0.0000","0.0000"
"7949.0","15:13:17.884","2228365.0000","2.1136","60561.0000","-0.0500","-0.0050","-1.0000","0.0000","0.0000","0.0000","0.0000","0.0000"
"7950.0","15:13:17.885","2228494.0000","2.1276","60561.0000","-0.0500","-0.0050","-1.0000","0.0000","0.0000","0.0000","0.0000","0.0000"
"7951.0","15:13:17.886","2229344.0000","2.2203","60561.0000","-0.0500","-0.0050","-1.0000","0.0000","0.0000","0.0000","0.0000","0.0000"
"7952.0","15:13:17.887","2229076.0000","2.1911","60561.0000","-0.0500","-0.0050","-1.0000","0.0000","0.0000","0.0000","0.0000","0.0000"
"7953.0","15:13:17.888","2228750.0000","2.1556","60561.0000","-0.0500","-0.0050","-1.0000","0.0000","0.0000","0.0000","0.0000","0.0000"
"7954.0","15:13:17.889","2228927.0000","2.1748","60561.0000","-0.0500","-0.0050","-1.0000","0.0000","0.0000","0.0000","0.0000","0.0000"
"7955.0","15:13:17.890","2228416.0000","2.1191","60561.0000","-0.0500","-0.0050","-1.0000","0.0000","0.0000","0.0000","0.0000","0.0000"
"7956.0","15:13:17.891","2228457.0000","2.1236","60561.0000","-0.0500","-0.0050","-1.0000","0.0000","0.0000","0.0000","0.0000","0.0000"
"7957.0","15:13:17.892","2225769.0000","1.8306","60561.0000","-0.0500","-0.0050","-1.0000","0.0000","0.0000","0.0000","0.0000","0.0000"
"7958.0","15:13:17.893","2225382.0000","1.7884","60561.0000","-0.0500","-0.0050","-1.0000","0.0000","0.0000","0.0000","0.0000","0.0000"
"7959.0","15:13:17.894","2225162.0000","1.7644","60561.0000","-0.0500","-0.0050","-1.0000","0.0000","0.0000","0.0000","0.0000","0.0000"
"7960.0","15:13:17.895","2224240.0000","1.6639","60561.0000","-0.0500","-0.0050","-1.0000","0.0000","0.0000","0.0000","0.0000","0.0000"
"7961.0","15:13:17.896","2224732.0000","1.7175","60561.0000","-0.0500","-0.0050","-1.0000","0.0000","0.0000","0.0000","0.0000","0.0000"
"7962.0","15:13:17.897","2223740.0000","1.6094","60561.0000","-0.0500","-0.0050","-1.0000","0.0000","0.0000","0.0000","0.0000","0.0000"
"7963.0","15:13:17.898","2223417.0000","1.5741","60561.0000","-0.0500","-0.0050","-1.0000","0.0000","0.0000","0.0000","0.0000","0.0000"
"7964.0","15:13:17.899","2223516.0000","1.5850","60561.0000","-0.0500","-0.0050","-1.0000","0.0000","0.0000","0.0000","0.0000","0.0000"
"7965.0","15:13:17.900","2222500.0000","1.4742","60561.0000","-0.0500","-0.0050","-1.0000","0.0000","0.0000","0.0000","0.0000","0.0000"
"7966.0","15:13:17.901","2222500.0000","1.4742","60561.0000","-0.0500","-0.0050","-1.0000","0.0000","0.0000","0.0000","0.0000","0.0000"
"7967.0","15:13:17.902","2224497.0000","1.6919","60561.0000","-0.0500","-0.0050","-1.0000","0.0000","0.0000","0.0000","0.0000","0.0000"
"7968.0","15:13:17.903","2224602.0000","1.7033","60561.0000","-0.0500","-0.0050","-1.0000","0.0000","0.0000","0.0000","0.0000","0.0000"
"7969.0","15:13:17.904","2224828.0000","1.7280","60561.0000","-0.0500","-0.0050","-1.0000","0.0000","0.0000","0.0000","0.0000","0.0000"
"7970.0","15:13:17.905","2225101.0000","1.7577","60561.0000","-0.0500","-0.0050","-1.0000","0.0000","0.0000","0.0000","0.0000","0.0000"
"7971.0","15:13:17.906","2223980.0000","1.6355","60561.0000","-0.0500","-0.0050","-1.0000","0.0000","0.0000","0.0000","0.0000","0.0000"
"7972.0","15:13:17.907","2224611.0000","1.7043","60561.0000","-0.0500","-0.0050","-1.0000","0.0000","0.0000","0.0000","0.0000","0.0000"
"7973.0","15:13:17.908","2223616.0000","1.5958","60561.0000","-0.0500","-0.0050","-1.0000","0.0000","0.0000","0.0000","0.0000","0.0000"
"7974.0","15:13:17.909","2223814.0000","1.6174","60561.0000","-0.0500","-0.0050","-1.0000","0.0000","0.0000","0.0000","0.0000","0.0000"
"7975.0","15:13:17.910","2224175.0000","1.6568","60561.0000","-0.0500","-0.0050","-1.0000","0.0000","0.0000","0.0000","0.0000","0.0000"
"7976.0","15:13:17.911","2223026.0000","1.5315","60561.0000","-0.0500","-0.0050","-1.0000","0.0000","0.0000","0.0000","0.0000","0.0000"
"7977.0","15:13:17.912","2223316.0000","1.5631","60561.0000","-0.0500","-0.0050","-1.0000","0.0000","0.0000","0.0000","0.0000","0.0000"
"7978.0","15:13:17.913","2223390.0000","1.5712","60561.0000","-0.0500","-0.0050","-1.0000","0.0000","0.0000","0.0000","0.0000","0.0000"
"7979.0","15:13:17.914","2223351.0000","1.5669","60561.0000","-0.0500","-0.0050","-1.0000","0.0000","0.0000","0.0000","0.0000","0.0000"
"7980.0","15:13:17.915","2223219.0000","1.5526","60561.0000","-0.0500","-0.0050","-1.0000","0.0000","0.0000","0.0000","0.0000","0.0000"
"7981.0","15:13:17.916","2223430.0000","1.5756","60561.0000","-0.0500","-0.0050","-1.0000","0.0000","0.0000","0.0000","0.0000","0.0000"
"7982.0","15:13:17.917","2222763.0000","1.5028","60561.0000","-0.0500","-0.0050","-1.0000","0.0000","0.0000","0.0000","0.0000","0.0000"
"7983.0","15:13:17.918","2222572.0000","1.4821","60561.0000","-0.0500","-0.0050","-1.0000","0.0000","0.0000","0.0000","0.0000","0.0000"
"7984.0","15:13:17.919","2222396.0000","1.4628","60561.0000","-0.0500","-0.0050","-1.0000","0.0000","0.0000","0.0000","0.0000","0.0000"
"7985.0","15:13:17.920","2222218.0000","1.4434","60561.0000","-0.0500","-0.0050","-1.0000","0.0000","0.0000","0.0000","0.0000","0.0000"
"7986.0","15:13:17.921","2222350.0000","1.4578","60561.0000","-0.0500","-0.0050","-1.0000","0.0000","0.0000","0.0000","0.0000","0.0000"
"7987.0","15:13:17.922","2223024.0000","1.5313","60561.0000","-0.0500","-0.0050","-1.0000","0.0000","0.0000","0.0000","0.0000","0.0000"
"7988.0","15:13:17.923","2222342.0000","1.4570","60561.0000","-0.0500","-0.0050","-1.0000","0.0000","0.0000","0.0000","0.0000","0.0000"
"7989.0","15:13:17.924","2223156.0000","1.5457","60561.0000","-0.0500","-0.0050","-1.0000","0.0000","0.0000","0.0000","0.0000","0.0000"
"7990.0","15:13:17.925","2222365.0000","1.4595","60560.0000","-0.0500","-0.0050","-1.0000","0.0000","0.0000","0.0000","0.0000","0.0000"
"7991.0","15:13:17.926","2221296.0000","1.3429","60560.0000","-0.0500","-0.0050","-1.0000","0.0000","0.0000","0.0000","0.0000","0.0000"
"7992.0","15:13:17.927","2221690.0000","1.3859","60560.0000","-0.0500","-0.0050","-1.0000","0.0000","0.0000","0.0000","0.0000","0.0000"
"7993.0","15:13:17.928","2221332.0000","1.3469","60560.0000","-0.0500","-0.0050","-1.0000","0.0000","0.0000","0.0000","0.0000","0.0000"
"7994.0","15:13:17.929","2221979.0000","1.4174","60560.0000","-0.0500","-0.0050","-1.0000","0.0000","0.0000","0.0000","0.0000","0.0000"
"7995.0","15:13:17.930","2222258.0000","1.4478","60560.0000","-0.0500","-0.0050","-1.0000","0.0000","0.0000","0.0000","0.0000","0.0000"
"7996.0","15:13:17.931","2221954.0000","1.4146","60560.0000","-0.0500","-0.0050","-1.0000","0.0000","0.0000","0.0000","0.0000","0.0000"
"7997.0","15:13:17.932","2221870.0000","1.4055","60560.0000","-0.0500","-0.0050","-1.0000","0.0000","0.0000","0.0000","0.0000","0.0000"
"7998.0","15:13:17.933","2221818.0000","1.3998","60560.0000","-0.0500","-0.0050","-1.0000","0.0000","0.0000","0.0000","0.0000","0.0000"
"7999.0","15:13:17.934","2221506.0000","1.3658","60560.0000","-0.0500","-0.0050","-1.0000","0.0000","0.0000","0.0000","0.0000","0.0000"
"8000.0","15:13:17.935","2220968.0000","1.3072","60560.0000","-0.0500","-0.0050","-1.0000","0.0000","0.0000","0.0000","0.0000","0.0000"
"8001.0","15:13:17.936","2221457.0000","1.3605","60560.0000","-0.0500","-0.0050","-1.0000","0.0000","0.0000","0.0000","0.0000","0.0000"
"8002.0","15:13:17.937","2221414.0000","1.3558","60560.0000","-0.0500","-0.0050","-1.0000","0.0000","0.0000","0.0000","0.0000","0.0000"
"8003.0","15:13:17.938","2222048.0000","1.4249","60560.0000","-0.0500","-0.0050","-1.0000","0.0000","0.0000","0.0000","0.0000","0.0000"
"8004.0","15:13:17.939","2220952.0000","1.3054","60560.0000","-0.0500","-0.0050","-1.0000","0.0000","0.0000","0.0000","0.0000","0.0000"
"8005.0","15:13:17.940","2220504.0000","1.2566","60560.0000","-0.0500","-0.0050","-1.0000","0.0000","0.0000","0.0000","0.0000","0.0000"
"8006.0","15:13:17.941","2220487.0000","1.2547","60560.0000","-0.0500","-0.0050","-1.0000","0.0000","0.0000","0.0000","0.0000","0.0000"
"8007.0","15:13:17.942","2220066.0000","1.2088","60560.0000","-0.0500","-0.0050","-1.0000","0.0000","0.0000","0.0000","0.0000","0.0000"
"8008.0","15:13:17.943","2219149.0000","1.1089","60560.0000","-0.0500","-0.0050","-1.0000","0.0000","0.0000","0.0000","0.0000","0.0000"
"8009.0","15:13:17.944","2218897.0000","1.0814","60560.0000","-0.0500","-0.0050","-1.0000","0.0000","0.0000","0.0000","0.0000","0.0000"
"8010.0","15:13:17.945","2220300.0000","1.2344","60560.0000","-0.0500","-0.0050","-1.0000","0.0000","0.0000","0.0000","0.0000","0.0000"
"8011.0","15:13:17.946","2219645.0000","1.1629","60560.0000","-0.0500","-0.0050","-1.0000","0.0000","0.0000","0.0000","0.0000","0.0000"
"8012.0","15:13:17.947","2220310.0000","1.2354","60560.0000","-0.0500","-0.0050","-1.0000","0.0000","0.0000","0.0000","0.0000","0.0000"
"8013.0","15:13:17.948","2220310.0000","1.2354","60560.0000","-0.0500","-0.0050","-1.0000","0.0000","0.0000","0.0000","0.0000","0.0000"
"8014.0","15:13:17.949","2220460.0000","1.2518","60560.0000","-0.0500","-0.0050","-1.0000","0.0000","0.0000","0.0000","0.0000","0.0000"
"8015.0","15:13:17.950","2220528.0000","1.2592","60560.0000","-0.0500","-0.0050","-1.0000","0.0000","0.0000","0.0000","0.0000","0.0000"
"8016.0","15:13:17.951","2220884.0000","1.2980","60560.0000","-0.0500","-0.0050","-1.0000","0.0000","0.0000","0.0000","0.0000","0.0000"
"8017.0","15:13:17.952","2221618.0000","1.3780","60560.0000","-0.0500","-0.0050","-1.0000","0.0000","0.0000","0.0000","0.0000","0.0000"
"8018.0","15:13:17.953","2222151.0000","1.4361","60560.0000","-0.0500","-0.0050","-1.0000","0.0000","0.0000","0.0000","0.0000","0.0000"
"8019.0","15:13:17.954","2222384.0000","1.4615","60560.0000","-0.0500","-0.0050","-1.0000","0.0000","0.0000","0.0000","0.0000","0.0000"
"8020.0","15:13:17.955","2222850.0000","1.5123","60560.0000","-0.0500","-0.0050","-1.0000","0.0000","0.0000","0.0000","0.0000","0.0000"
"8021.0","15:13:17.956","2223357.0000","1.5676","60560.0000","-0.0500","-0.0050","-1.0000","0.0000","0.0000","0.0000","0.0000","0.0000"
"8022.0","15:13:17.957","2224007.0000","1.6385","60560.0000","-0.0500","-0.0050","-1.0000","0.0000","0.0000","0.0000","0.0000","0.0000"
"8023.0","15:13:17.958","2223763.0000","1.6119","60560.0000","-0.0500","-0.0050","-1.0000","0.0000","0.0000","0.0000","0.0000","0.0000"
"8024.0","15:13:17.959","2223402.0000","1.5725","60560.0000","-0.0500","-0.0050","-1.0000","0.0000","0.0000","0.0000","0.0000","0.0000"
"8025.0","15:13:17.960","2223984.0000","1.6360","60560.0000","-0.0500","-0.0050","-1.0000","0.0000","0.0000","0.0000","0.0000","0.0000"
"8026.0","15:13:17.961","2224305.0000","1.6710","60560.0000","-0.0500","-0.0050","-1.0000","0.0000","0.0000","0.0000","0.0000","0.0000"
"8027.0","15:13:17.962","2223785.0000","1.6143","60560.0000","-0.0500","-0.0050","-1.0000","0.0000","0.0000","0.0000","0.0000","0.0000"
"8028.0","15:13:17.963","2223931.0000","1.6302","60560.0000","-0.0500","-0.0050","-1.0000","0.0000","0.0000","0.0000","0.0000","0.0000"
"8029.0","15:13:17.964","2224298.0000","1.6702","60560.0000","-0.0500","-0.0050","-1.0000","0.0000","0.0000","0.0000","0.0000","0.0000"
"8030.0","15:13:17.965","2224285.0000","1.6688","60560.0000","-0.0500","-0.0050","-1.0000","0.0000","0.0000","0.0000","0.0000","0.0000"
"8031.0","15:13:17.966","2224806.0000","1.7256","60560.0000","-0.0500","-0.0050","-1.0000","0.0000","0.0000","0.0000","0.0000","0.0000"
"8032.0","15:13:17.967","2225073.0000","1.7547","60560.0000","-0.0500","-0.0050","-1.0000","0.0000","0.0000","0.0000","0.0000","0.0000"
"8033.0","15:13:17.968","2223901.0000","1.6269","60560.0000","-0.0500","-0.0050","-1.0000","0.0000","0.0000","0.0000","0.0000","0.0000"
"8034.0","15:13:17.969","2223264.0000","1.5575","60560.0000","-0.0500","-0.0050","-1.0000","0.0000","0.0000","0.0000","0.0000","0.0000"
"8035.0","15:13:17.970","2224346.0000","1.6754","60560.0000","-0.0500","-0.0050","-1.0000","0.0000","0.0000","0.0000","0.0000","0.0000"
"8036.0","15:13:17.971","2223987.0000","1.6363","60560.0000","-0.0500","-0.0050","-1.0000","0.0000","0.0000","0.0000","0.0000","0.0000"
"8037.0","15:13:17.972","2223912.0000","1.6281","60560.0000","-0.0500","-0.0050","-1.0000","0.0000","0.0000","0.0000","0.0000","0.0000"
"8038.0","15:13:17.973","2223737.0000","1.6091","60560.0000","-0.0500","-0.0050","-1.0000","0.0000","0.0000","0.0000","0.0000","0.0000"
"8039.0","15:13:17.974","2222890.0000","1.5167","60560.0000","-0.0500","-0.0050","-1.0000","0.0000","0.0000","0.0000","0.0000","0.0000"
"8040.0","15:13:17.975","2222614.0000","1.4866","60560.0000","-0.0500","-0.0050","-1.0000","0.0000","0.0000","0.0000","0.0000","0.0000"
"8041.0","15:13:17.976","2221365.0000","1.3504","60560.0000","-0.0500","-0.0050","-1.0000","0.0000","0.0000","0.0000","0.0000","0.0000"
"8042.0","15:13:17.977","2222737.0000","1.5000","60560.0000","-0.0500","-0.0050","-1.0000","0.0000","0.0000","0.0000","0.0000","0.0000"
"8043.0","15:13:17.978","2221610.0000","1.3771","60560.0000","-0.0500","-0.0050","-1.0000","0.0000","0.0000","0.0000","0.0000","0.0000"
"8044.0","15:13:17.979","2222014.0000","1.4212","60560.0000","-0.0500","-0.0050","-1.0000","0.0000","0.0000","0.0000","0.0000","0.0000"
"8045.0","15:13:17.980","2222064.0000","1.4267","60560.0000","-0.0500","-0.0050","-1.0000","0.0000","0.0000","0.0000","0.0000","0.0000"
"8046.0","15:13:17.981","2222407.0000","1.4640","60560.0000","-0.0500","-0.0050","-1.0000","0.0000","0.0000","0.0000","0.0000","0.0000"
"8047.0","15:13:17.982","2222603.0000","1.4854","60560.0000","-0.0500","-0.0050","-1.0000","0.0000","0.0000","0.0000","0.0000","0.0000"
"8048.0","15:13:17.983","2222610.0000","1.4862","60560.0000","-0.0500","-0.0050","-1.0000","0.0000","0.0000","0.0000","0.0000","0.0000"
"8049.0","15:13:17.984","2222418.0000","1.4652","60560.0000","-0.0500","-0.0050","-1.0000","0.0000","0.0000","0.0000","0.0000","0.0000"
"8050.0","15:13:17.985","2222853.0000","1.5127","60562.0000","-0.0500","-0.0050","-1.0000","0.0000","0.0000","0.0000","0.0000","0.0000"
"8051.0","15:13:17.986","2223326.0000","1.5642","60562.0000","-0.0500","-0.0050","-1.0000","0.0000","0.0000","0.0000","0.0000","0.0000"
"8052.0","15:13:17.987","2223222.0000","1.5529","60562.0000","-0.0500","-0.0050","-1.0000","0.0000","0.0000","0.0000","0.0000","0.0000"
"8053.0","15:13:17.988","2225189.0000","1.7674","60562.0000","-0.0500","-0.0050","-1.0000","0.0000","0.0000","0.0000","0.0000","0.0000"
"8054.0","15:13:17.989","2224056.0000","1.6438","60562.0000","-0.0500","-0.0050","-1.0000","0.0000","0.0000","0.0000","0.0000","0.0000"
"8055.0","15:13:17.990","2223365.0000","1.5685","60562.0000","-0.0500","-0.0050","-1.0000","0.0000","0.0000","0.0000","0.0000","0.0000"
"8056.0","15:13:17.991","2223735.0000","1.6088","60562.0000","-0.0500","-0.0050","-1.0000","0.0000","0.0000","0.0000","0.0000","0.0000"
"8057.0","15:13:17.992","2222768.0000","1.5034","60562.0000","-0.0500","-0.0050","-1.0000","0.0000","0.0000","0.0000","0.0000","0.0000"
"8058.0","15:13:17.993","2222967.0000","1.5251","60562.0000","-0.0500","-0.0050","-1.0000","0.0000","0.0000","0.0000","0.0000","0.0000"
"8059.0","15:13:17.994","2223024.0000","1.5313","60562.0000","-0.0500","-0.0050","-1.0000","0.0000","0.0000","0.0000","0.0000","0.0000"
"8060.0","15:13:17.995","2223024.0000","1.5313","60562.0000","-0.0500","-0.0050","-1.0000","0.0000","0.0000","0.0000","0.0000","0.0000"
"8061.0","15:13:17.996","2222843.0000","1.5116","60562.0000","-0.0500","-0.0050","-1.0000","0.0000","0.0000","0.0000","0.0000","0.0000"
"8062.0","15:13:17.997","2221846.0000","1.4029","60562.0000","-0.0500","-0.0050","-1.0000","0.0000","0.0000","0.0000","0.0000","0.0000"
"8063.0","15:13:17.998","2221970.0000","1.4164","60562.0000","-0.0500","-0.0050","-1.0000","0.0000","0.0000","0.0000","0.0000","0.0000"
"8064.0","15:13:17.999","2222582.0000","1.4831","60562.0000","-0.0500","-0.0050","-1.0000","0.0000","0.0000","0.0000","0.0000","0.0000"
"8065.0","15:13:18.0","2221566.0000","1.3724","60562.0000","-0.0500","-0.0050","-1.0000","0.0000","0.0000","0.0000","0.0000","0.0000"
"8066.0","15:13:18.1","2221987.0000","1.4183","60562.0000","-0.0500","-0.0050","-1.0000","0.0000","0.0000","0.0000","0.0000","0.0000"
"8067.0","15:13:18.2","2221787.0000","1.3964","60562.0000","-0.0500","-0.0050","-1.0000","0.0000","0.0000","0.0000","0.0000","0.0000"
"8068.0","15:13:18.3","2220680.0000","1.2758","60562.0000","-0.0500","-0.0050","-1.0000","0.0000","0.0000","0.0000","0.0000","0.0000"
"8069.0","15:13:18.4","2221334.0000","1.3471","60562.0000","-0.0500","-0.0050","-1.0000","0.0000","0.0000","0.0000","0.0000","0.0000"
"8070.0","15:13:18.5","2221904.0000","1.4092","60562.0000","-0.0500","-0.0050","-1.0000","0.0000","0.0000","0.0000","0.0000","0.0000"
"8071.0","15:13:18.6","2221484.0000","1.3634","60562.0000","-0.0500","-0.0050","-1.0000","0.0000","0.0000","0.0000","0.0000","0.0000"
"8072.0","15:13:18.7","2220770.0000","1.2856","60562.0000","-0.0500","-0.0050","-1.0000","0.0000","0.0000","0.0000","0.0000","0.0000"
"8073.0","15:13:18.8","2221229.0000","1.3356","60562.0000","-0.0500","-0.0050","-1.0000","0.0000","0.0000","0.0000","0.0000","0.0000"
"8074.0","15:13:18.9","2220873.0000","1.2968","60562.0000","-0.0500","-0.0050","-1.0000","0.0000","0.0000","0.0000","0.0000","0.0000"
"8075.0","15:13:18.10","2221022.0000","1.3131","60562.0000","-0.0500","-0.0050","-1.0000","0.0000","0.0000","0.0000","0.0000","0.0000"
"8076.0","15:13:18.11","2220887.0000","1.2983","60562.0000","-0.0500","-0.0050","-1.0000","0.0000","0.0000","0.0000","0.0000","0.0000"
"8077.0","15:13:18.12","2220502.0000","1.2563","60562.0000","-0.0500","-0.0050","-1.0000","0.0000","0.0000","0.0000","0.0000","0.0000"
"8078.0","15:13:18.13","2221264.0000","1.3395","60562.0000","-0.0500","-0.0050","-1.0000","0.0000","0.0000","0.0000","0.0000","0.0000"
"8079.0","15:13:18.14","2222308.0000","1.4533","60562.0000","-0.0500","-0.0050","-1.0000","0.0000","0.0000","0.0000","0.0000","0.0000"
"8080.0","15:13:18.15","2223190.0000","1.5494","60562.0000","-0.0500","-0.0050","-1.0000","0.0000","0.0000","0.0000","0.0000","0.0000"
"8081.0","15:13:18.16","2222781.0000","1.5048","60562.0000","-0.0500","-0.0050","-1.0000","0.0000","0.0000","0.0000","0.0000","0.0000"
"8082.0","15:13:18.17","2223714.0000","1.6065","60562.0000","-0.0500","-0.0050","-1.0000","0.0000","0.0000","0.0000","0.0000","0.0000"
"8083.0","15:13:18.18","2223260.0000","1.5570","60562.0000","-0.0500","-0.0050","-1.0000","0.0000","0.0000","0.0000","0.0000","0.0000"
"8084.0","15:13:18.19","2223753.0000","1.6108","60562.0000","-0.0500","-0.0050","-1.0000","0.0000","0.0000","0.0000","0.0000","0.0000"
"8085.0","15:13:18.20","2223834.0000","1.6196","60562.0000","-0.0500","-0.0050","-1.0000","0.0000","0.0000","0.0000","0.0000","0.0000"
"8086.0","15:13:18.21","2225052.0000","1.7524","60562.0000","-0.0500","-0.0050","-1.0000","0.0000","0.0000","0.0000","0.0000","0.0000"
"8087.0","15:13:18.22","2224739.0000","1.7183","60562.0000","-0.0500","-0.0050","-1.0000","0.0000","0.0000","0.0000","0.0000","0.0000"
"8088.0","15:13:18.23","2224639.0000","1.7074","60562.0000","-0.0500","-0.0050","-1.0000","0.0000","0.0000","0.0000","0.0000","0.0000"
"8089.0","15:13:18.24","2224855.0000","1.7309","60562.0000","-0.0500","-0.0050","-1.0000","0.0000","0.0000","0.0000","0.0000","0.0000"
"8090.0","15:13:18.25","2224252.0000","1.6652","60562.0000","-0.0500","-0.0050","-1.0000","0.0000","0.0000","0.0000","0.0000","0.0000"
"8091.0","15:13:18.26","2223540.0000","1.5876","60562.0000","-0.0500","-0.0050","-1.0000","0.0000","0.0000","0.0000","0.0000","0.0000"
"8092.0","15:13:18.27","2224268.0000","1.6669","60562.0000","-0.0500","-0.0050","-1.0000","0.0000","0.0000","0.0000","0.0000","0.0000"
"8093.0","15:13:18.28","2223706.0000","1.6057","60562.0000","-0.0500","-0.0050","-1.0000","0.0000","0.0000","0.0000","0.0000","0.0000"
"8094.0","15:13:18.29","2223068.0000","1.5361","60562.0000","-0.0500","-0.0050","-1.0000","0.0000","0.0000","0.0000","0.0000","0.0000"
"8095.0","15:13:18.30","2223681.0000","1.6029","60562.0000","-0.0500","-0.0050","-1.0000","0.0000","0.0000","0.0000","0.0000","0.0000"
"8096.0","15:13:18.31","2223602.0000","1.5943","60562.0000","-0.0500","-0.0050","-1.0000","0.0000","0.0000","0.0000","0.0000","0.0000"
"8097.0","15:13:18.32","2223861.0000","1.6226","60562.0000","-0.0500","-0.0050","-1.0000","0.0000","0.0000","0.0000","0.0000","0.0000"
"8098.0","15:13:18.33","2224159.0000","1.6551","60562.0000","-0.0500","-0.0050","-1.0000","0.0000","0.0000","0.0000","0.0000","0.0000"
"8099.0","15:13:18.34","2223364.0000","1.5684","60562.0000","-0.0500","-0.0050","-1.0000","0.0000","0.0000","0.0000","0.0000","0.0000"
"8100.0","15:13:18.35","2223142.0000","1.5442","60562.0000","-0.0500","-0.0050","-1.0000","0.0000","0.0000","0.0000","0.0000","0.0000"
"8101.0","15:13:18.36","2223746.0000","1.6100","60562.0000","-0.0500","-0.0050","-1.0000","0.0000","0.0000","0.0000","0.0000","0.0000"
"8102.0","15:13:18.37","2224582.0000","1.7011","60562.0000","-0.0500","-0.0050","-1.0000","0.0000","0.0000","0.0000","0.0000","0.0000"
"8103.0","15:13:18.38","2224518.0000","1.6942","60562.0000","-0.0500","-0.0050","-1.0000","0.0000","0.0000","0.0000","0.0000","0.0000"
"8104.0","15:13:18.39","2223812.0000","1.6172","60562.0000","-0.0500","-0.0050","-1.0000","0.0000","0.0000","0.0000","0.0000","0.0000"
"8105.0","15:13:18.40","2224075.0000","1.6459","60562.0000","-0.0500","-0.0050","-1.0000","0.0000","0.0000","0.0000","0.0000","0.0000"
"8106.0","15:13:18.41","2223629.0000","1.5973","60562.0000","-0.0500","-0.0050","-1.0000","0.0000","0.0000","0.0000","0.0000","0.0000"
"8107.0","15:13:18.42","2223629.0000","1.5973","60562.0000","-0.0500","-0.0050","-1.0000","0.0000","0.0000","0.0000","0.0000","0.0000"
"8108.0","15:13:18.43","2223029.0000","1.5319","60562.0000","-0.0500","-0.0050","-1.0000","0.0000","0.0000","0.0000","0.0000","0.0000"
"8109.0","15:13:18.44","2223806.0000","1.6166","60562.0000","-0.0500","-0.0050","-1.0000","0.0000","0.0000","0.0000","0.0000","0.0000"
"8110.0","15:13:18.45","2223232.0000","1.5540","60562.0000","-0.0500","-0.0050","-1.0000","0.0000","0.0000","0.0000","0.0000","0.0000"
"8111.0","15:13:18.46","2223242.0000","1.5551","60567.0000","-0.0500","-0.0050","-1.0000","0.0000","0.0000","0.0000","0.0000","0.0000"
"8112.0","15:13:18.47","2224399.0000","1.6812","60567.0000","-0.0500","-0.0050","-1.0000","0.0000","0.0000","0.0000","0.0000","0.0000"
"8113.0","15:13:18.48","2223980.0000","1.6355","60567.0000","-0.0500","-0.0050","-1.0000","0.0000","0.0000","0.0000","0.0000","0.0000"
"8114.0","15:13:18.49","2223973.0000","1.6348","60567.0000","-0.0500","-0.0050","-1.0000","0.0000","0.0000","0.0000","0.0000","0.0000"
"8115.0","15:13:18.50","2223225.0000","1.5532","60567.0000","-0.0500","-0.0050","-1.0000","0.0000","0.0000","0.0000","0.0000","0.0000"
"8116.0","15:13:18.51","2223294.0000","1.5607","60567.0000","-0.0500","-0.0050","-1.0000","0.0000","0.0000","0.0000","0.0000","0.0000"
"8117.0","15:13:18.52","2221625.0000","1.3788","60567.0000","-0.0500","-0.0050","-1.0000","0.0000","0.0000","0.0000","0.0000","0.0000"
"8118.0","15:13:18.53","2219664.0000","1.1650","60567.0000","-0.0500","-0.0050","-1.0000","0.0000","0.0000","0.0000","0.0000","0.0000"
"8119.0","15:13:18.54","2219079.0000","1.1012","60567.0000","-0.0500","-0.0050","-1.0000","0.0000","0.0000","0.0000","0.0000","0.0000"
"8120.0","15:13:18.55","2217036.0000","0.8785","60567.0000","-0.0500","-0.0050","-1.0000","0.0000","0.0000","0.0000","0.0000","0.0000"
"8121.0","15:13:18.56","2215892.0000","0.7538","60567.0000","-0.0500","-0.0050","-1.0000","0.0000","0.0000","0.0000","0.0000","0.0000"
"8122.0","15:13:18.57","2215773.0000","0.7408","60567.0000","-0.0500","-0.0050","-1.0000","0.0000","0.0000","0.0000","0.0000","0.0000"
"8123.0","15:13:18.58","2215652.0000","0.7276","60567.0000","-0.0500","-0.0050","-1.0000","0.0000","0.0000","0.0000","0.0000","0.0000"
"8124.0","15:13:18.59","2217091.0000","0.8845","60567.0000","-0.0500","-0.0050","-1.0000","0.0000","0.0000","0.0000","0.0000","0.0000"
"8125.0","15:13:18.60","2217650.0000","0.9454","60567.0000","-0.0500","-0.0050","-1.0000","0.0000","0.0000","0.0000","0.0000","0.0000"
"8126.0","15:13:18.61","2220595.0000","1.2665","60567.0000","-0.0500","-0.0050","-1.0000","0.0000","0.0000","0.0000","0.0000","0.0000"
"8127.0","15:13:18.62","2222840.0000","1.5112","60567.0000","-0.0500","-0.0050","-1.0000","0.0000","0.0000","0.0000","0.0000","0.0000"
"8128.0","15:13:18.63","2226689.0000","1.9309","60567.0000","-0.0500","-0.0050","-1.0000","0.0000","0.0000","0.0000","0.0000","0.0000"
"8129.0","15:13:18.64","2229389.0000","2.2252","60567.0000","-0.0500","-0.0050","-1.0000","0.0000","0.0000","0.0000","0.0000","0.0000"
"8130.0","15:13:18.65","2232522.0000","2.5667","60567.0000","-0.0500","-0.0050","-1.0000","0.0000","0.0000","0.0000","0.0000","0.0000"
"8131.0","15:13:18.66","2233270.0000","2.6483","60567.0000","-0.0500","-0.0050","-1.0000","0.0000","0.0000","0.0000","0.0000","0.0000"
"8132.0","15:13:18.67","2234292.0000","2.7597","60567.0000","-0.0500","-0.0050","-1.0000","0.0000","0.0000","0.0000","0.0000","0.0000"
"8133.0","15:13:18.68","2232922.0000","2.6104","60567.0000","-0.0500","-0.0050","-1.0000","0.0000","0.0000","0.0000","0.0000","0.0000"
"8134.0","15:13:18.69","2230387.0000","2.3340","60567.0000","-0.0500","-0.0050","-1.0000","0.0000","0.0000","0.0000","0.0000","0.0000"
"8135.0","15:13:18.70","2227369.0000","2.0050","60567.0000","-0.0500","-0.0050","-1.0000","0.0000","0.0000","0.0000","0.0000","0.0000"
"8136.0","15:13:18.71","2224776.0000","1.7223","60567.0000","-0.0500","-0.0050","-1.0000","0.0000","0.0000","0.0000","0.0000","0.0000"
"8137.0","15:13:18.72","2220730.0000","1.2812","60567.0000","-0.0500","-0.0050","-1.0000","0.0000","0.0000","0.0000","0.0000","0.0000"
"8138.0","15:13:18.73","2217547.0000","0.9342","60567.0000","-0.0500","-0.0050","-1.0000","0.0000","0.0000","0.0000","0.0000","0.0000"
"8139.0","15:13:18.74","2216124.0000","0.7791","60567.0000","-0.0500","-0.0050","-1.0000","0.0000","0.0000","0.0000","0.0000","0.0000"
"8140.0","15:13:18.75","2214764.0000","0.6308","60567.0000","-0.0500","-0.0050","-1.0000","0.0000","0.0000","0.0000","0.0000","0.0000"
"8141.0","15:13:18.76","2214366.0000","0.5874","60567.0000","-0.0500","-0.0050","-1.0000","0.0000","0.0000","0.0000","0.0000","0.0000"
"8142.0","15:13:18.77","2214936.0000","0.6496","60567.0000","-0.0500","-0.0050","-1.0000","0.0000","0.0000","0.0000","0.0000","0.0000"
"8143.0","15:13:18.78","2216200.0000","0.7874","60567.0000","-0.0500","-0.0050","-1.0000","0.0000","0.0000","0.0000","0.0000","0.0000"
"8144.0","15:13:18.79","2218622.0000","1.0514","60567.0000","-0.0500","-0.0050","-1.0000","0.0000","0.0000","0.0000","0.0000","0.0000"
"8145.0","15:13:18.80","2222092.0000","1.4297","60567.0000","-0.0500","-0.0050","-1.0000","0.0000","0.0000","0.0000","0.0000","0.0000"
"8146.0","15:13:18.81","2224108.0000","1.6495","60567.0000","-0.0500","-0.0050","-1.0000","0.0000","0.0000","0.0000","0.0000","0.0000"
"8147.0","15:13:18.82","2226878.0000","1.9514","60567.0000","-0.0500","-0.0050","-1.0000","0.0000","0.0000","0.0000","0.0000","0.0000"
"8148.0","15:13:18.83","2228448.0000","2.1226","60567.0000","-0.0500","-0.0050","-1.0000","0.0000","0.0000","0.0000","0.0000","0.0000"
"8149.0","15:13:18.84","2228829.0000","2.1641","60567.0000","-0.0500","-0.0050","-1.0000","0.0000","0.0000","0.0000","0.0000","0.0000"
"8150.0","15:13:18.85","2228794.0000","2.1603","60567.0000","-0.0500","-0.0050","-1.0000","0.0000","0.0000","0.0000","0.0000","0.0000"
"8151.0","15:13:18.86","2228076.0000","2.0821","60567.0000","-0.0500","-0.0050","-1.0000","0.0000","0.0000","0.0000","0.0000","0.0000"
"8152.0","15:13:18.87","2226720.0000","1.9342","60567.0000","-0.0500","-0.0050","-1.0000","0.0000","0.0000","0.0000","0.0000","0.0000"
"8153.0","15:13:18.88","2226720.0000","1.9342","60567.0000","-0.0500","-0.0050","-1.0000","0.0000","0.0000","0.0000","0.0000","0.0000"
"8154.0","15:13:18.89","2223801.0000","1.6160","60567.0000","-0.0500","-0.0050","-1.0000","0.0000","0.0000","0.0000","0.0000","0.0000"
"8155.0","15:13:18.90","2223205.0000","1.5510","60567.0000","-0.0500","-0.0050","-1.0000","0.0000","0.0000","0.0000","0.0000","0.0000"
"8156.0","15:13:18.91","2221586.0000","1.3745","60567.0000","-0.0500","-0.0050","-1.0000","0.0000","0.0000","0.0000","0.0000","0.0000"
"8157.0","15:13:18.92","2221289.0000","1.3422","60567.0000","-0.0500","-0.0050","-1.0000","0.0000","0.0000","0.0000","0.0000","0.0000"
"8158.0","15:13:18.93","2220922.0000","1.3022","60567.0000","-0.0500","-0.0050","-1.0000","0.0000","0.0000","0.0000","0.0000","0.0000"
"8159.0","15:13:18.94","2221337.0000","1.3474","60567.0000","-0.0500","-0.0050","-1.0000","0.0000","0.0000","0.0000","0.0000","0.0000"
"8160.0","15:13:18.95","2221679.0000","1.3847","60567.0000","-0.0500","-0.0050","-1.0000","0.0000","0.0000","0.0000","0.0000","0.0000"
"8161.0","15:13:18.96","2222998.0000","1.5285","60567.0000","-0.0500","-0.0050","-1.0000","0.0000","0.0000","0.0000","0.0000","0.0000"
"8162.0","15:13:18.97","2224259.0000","1.6660","60567.0000","-0.0500","-0.0050","-1.0000","0.0000","0.0000","0.0000","0.0000","0.0000"
"8163.0","15:13:18.98","2224706.0000","1.7147","60567.0000","-0.0500","-0.0050","-1.0000","0.0000","0.0000","0.0000","0.0000","0.0000"
"8164.0","15:13:18.99","2226227.0000","1.8805","60567.0000","-0.0500","-0.0050","-1.0000","0.0000","0.0000","0.0000","0.0000","0.0000"
"8165.0","15:13:18.100","2226080.0000","1.8644","60567.0000","-0.0500","-0.0050","-1.0000","0.0000","0.0000","0.0000","0.0000","0.0000"
"8166.0","15:13:18.101","2226046.0000","1.8608","60567.0000","-0.0500","-0.0050","-1.0000","0.0000","0.0000","0.0000","0.0000","0.0000"
"8167.0","15:13:18.102","2225920.0000","1.8470","60567.0000","-0.0500","-0.0050","-1.0000","0.0000","0.0000","0.0000","0.0000","0.0000"
"8168.0","15:13:18.103","2225875.0000","1.8421","60567.0000","-0.0500","-0.0050","-1.0000","0.0000","0.0000","0.0000","0.0000","0.0000"
"8169.0","15:13:18.104","2224114.0000","1.6501","60567.0000","-0.0500","-0.0050","-1.0000","0.0000","0.0000","0.0000","0.0000","0.0000"
"8170.0","15:13:18.105","2222960.0000","1.5243","60567.0000","-0.0500","-0.0050","-1.0000","0.0000","0.0000","0.0000","0.0000","0.0000"
"8171.0","15:13:18.106","2221958.0000","1.4151","60569.0000","-0.0500","-0.0050","-1.0000","0.0000","0.0000","0.0000","0.0000","0.0000"
"8172.0","15:13:18.107","2221098.0000","1.3213","60569.0000","-0.0500","-0.0050","-1.0000","0.0000","0.0000","0.0000","0.0000","0.0000"
"8173.0","15:13:18.108","2220957.0000","1.3060","60569.0000","-0.0500","-0.0050","-1.0000","0.0000","0.0000","0.0000","0.0000","0.0000"
"8174.0","15:13:18.109","2219550.0000","1.1526","60569.0000","-0.0500","-0.0050","-1.0000","0.0000","0.0000","0.0000","0.0000","0.0000"
"8175.0","15:13:18.110","2219737.0000","1.1730","60569.0000","-0.0500","-0.0050","-1.0000","0.0000","0.0000","0.0000","0.0000","0.0000"
"8176.0","15:13:18.111","2220403.0000","1.2456","60569.0000","-0.0500","-0.0050","-1.0000","0.0000","0.0000","0.0000","0.0000","0.0000"
"8177.0","15:13:18.112","2220866.0000","1.2960","60569.0000","-0.0500","-0.0050","-1.0000","0.0000","0.0000","0.0000","0.0000","0.0000"
"8178.0","15:13:18.113","2220466.0000","1.2525","60569.0000","-0.0500","-0.0050","-1.0000","0.0000","0.0000","0.0000","0.0000","0.0000"
"8179.0","15:13:18.114","2219824.0000","1.1825","60569.0000","-0.0500","-0.0050","-1.0000","0.0000","0.0000","0.0000","0.0000","0.0000"
"8180.0","15:13:18.115","2221104.0000","1.3220","60569.0000","-0.0500","-0.0050","-1.0000","0.0000","0.0000","0.0000","0.0000","0.0000"
"8181.0","15:13:18.116","2221075.0000","1.3188","60569.0000","-0.0500","-0.0050","-1.0000","0.0000","0.0000","0.0000","0.0000","0.0000"
"8182.0","15:13:18.117","2220385.0000","1.2436","60569.0000","-0.0500","-0.0050","-1.0000","0.0000","0.0000","0.0000","0.0000","0.0000"
"8183.0","15:13:18.118","2220028.0000","1.2047","60569.0000","-0.0500","-0.0050","-1.0000","0.0000","0.0000","0.0000","0.0000","0.0000"
"8184.0","15:13:18.119","2220796.0000","1.2884","60569.0000","-0.0500","-0.0050","-1.0000","0.0000","0.0000","0.0000","0.0000","0.0000"
"8185.0","15:13:18.120","2221817.0000","1.3997","60569.0000","-0.0500","-0.0050","-1.0000","0.0000","0.0000","0.0000","0.0000","0.0000"
"8186.0","15:13:18.121","2222325.0000","1.4551","60569.0000","-0.0500","-0.0050","-1.0000","0.0000","0.0000","0.0000","0.0000","0.0000"
"8187.0","15:13:18.122","2223107.0000","1.5403","60569.0000","-0.0500","-0.0050","-1.0000","0.0000","0.0000","0.0000","0.0000","0.0000"
"8188.0","15:13:18.123","2223077.0000","1.5371","60569.0000","-0.0500","-0.0050","-1.0000","0.0000","0.0000","0.0000","0.0000","0.0000"
"8189.0","15:13:18.124","2222434.0000","1.4670","60569.0000","-0.0500","-0.0050","-1.0000","0.0000","0.0000","0.0000","0.0000","0.0000"
"8190.0","15:13:18.125","2223345.0000","1.5663","60569.0000","-0.0500","-0.0050","-1.0000","0.0000","0.0000","0.0000","0.0000","0.0000"
"8191.0","15:13:18.126","2223295.0000","1.5609","60569.0000","-0.0500","-0.0050","-1.0000","0.0000","0.0000","0.0000","0.0000","0.0000"
"8192.0","15:13:18.127","2222913.0000","1.5192","60569.0000","-0.0500","-0.0050","-1.0000","0.0000","0.0000","0.0000","0.0000","0.0000"
"8193.0","15:13:18.128","2222947.0000","1.5229","60569.0000","-0.0500","-0.0050","-1.0000","0.0000","0.0000","0.0000","0.0000","0.0000"
"8194.0","15:13:18.129","2222553.0000","1.4800","60569.0000","-0.0500","-0.0050","-1.0000","0.0000","0.0000","0.0000","0.0000","0.0000"
"8195.0","15:13:18.130","2222775.0000","1.5042","60569.0000","-0.0500","-0.0050","-1.0000","0.0000","0.0000","0.0000","0.0000","0.0000"
"8196.0","15:13:18.131","2221982.0000","1.4177","60569.0000","-0.0500","-0.0050","-1.0000","0.0000","0.0000","0.0000","0.0000","0.0000"
"8197.0","15:13:18.132","2221534.0000","1.3689","60569.0000","-0.0500","-0.0050","-1.0000","0.0000","0.0000","0.0000","0.0000","0.0000"
"8198.0","15:13:18.133","2220369.0000","1.2419","60569.0000","-0.0500","-0.0050","-1.0000","0.0000","0.0000","0.0000","0.0000","0.0000"
"8199.0","15:13:18.134","2219832.0000","1.1833","60569.0000","-0.0500","-0.0050","-1.0000","0.0000","0.0000","0.0000","0.0000","0.0000"
"8200.0","15:13:18.135","2219832.0000","1.1833","60569.0000","-0.0500","-0.0050","-1.0000","0.0000","0.0000","0.0000","0.0000","0.0000"
"8201.0","15:13:18.136","2220506.0000","1.2568","60569.0000","-0.0500","-0.0050","-1.0000","0.0000","0.0000","0.0000","0.0000","0.0000"
"8202.0","15:13:18.137","2220219.0000","1.2255","60569.0000","-0.0500","-0.0050","-1.0000","0.0000","0.0000","0.0000","0.0000","0.0000"
"8203.0","15:13:18.138","2221157.0000","1.3278","60569.0000","-0.0500","-0.0050","-1.0000","0.0000","0.0000","0.0000","0.0000","0.0000"
"8204.0","15:13:18.139","2222219.0000","1.4436","60569.0000","-0.0500","-0.0050","-1.0000","0.0000","0.0000","0.0000","0.0000","0.0000"
"8205.0","15:13:18.140","2222204.0000","1.4419","60569.0000","-0.0500","-0.0050","-1.0000","0.0000","0.0000","0.0000","0.0000","0.0000"
"8206.0","15:13:18.141","2222821.0000","1.5092","60569.0000","-0.0500","-0.0050","-1.0000","0.0000","0.0000","0.0000","0.0000","0.0000"
"8207.0","15:13:18.142","2223423.0000","1.5748","60569.0000","-0.0500","-0.0050","-1.0000","0.0000","0.0000","0.0000","0.0000","0.0000"
"8208.0","15:13:18.143","2224893.0000","1.7351","60569.0000","-0.0500","-0.0050","-1.0000","0.0000","0.0000","0.0000","0.0000","0.0000"
"8209.0","15:13:18.144","2225319.0000","1.7815","60569.0000","-0.0500","-0.0050","-1.0000","0.0000","0.0000","0.0000","0.0000","0.0000"
"8210.0","15:13:18.145","2224725.0000","1.7167","60569.0000","-0.0500","-0.0050","-1.0000","0.0000","0.0000","0.0000","0.0000","0.0000"
"8211.0","15:13:18.146","2225009.0000","1.7477","60569.0000","-0.0500","-0.0050","-1.0000","0.0000","0.0000","0.0000","0.0000","0.0000"
"8212.0","15:13:18.147","2224828.0000","1.7280","60569.0000","-0.0500","-0.0050","-1.0000","0.0000","0.0000","0.0000","0.0000","0.0000"
"8213.0","15:13:18.148","2224131.0000","1.6520","60569.0000","-0.0500","-0.0050","-1.0000","0.0000","0.0000","0.0000","0.0000","0.0000"
"8214.0","15:13:18.149","2223945.0000","1.6317","60569.0000","-0.0500","-0.0050","-1.0000","0.0000","0.0000","0.0000","0.0000","0.0000"
"8215.0","15:13:18.150","2222966.0000","1.5250","60569.0000","-0.0500","-0.0050","-1.0000","0.0000","0.0000","0.0000","0.0000","0.0000"
"8216.0","15:13:18.151","2222095.0000","1.4300","60569.0000","-0.0500","-0.0050","-1.0000","0.0000","0.0000","0.0000","0.0000","0.0000"
"8217.0","15:13:18.152","2221380.0000","1.3521","60569.0000","-0.0500","-0.0050","-1.0000","0.0000","0.0000","0.0000","0.0000","0.0000"
"8218.0","15:13:18.153","2220052.0000","1.2073","60569.0000","-0.0500","-0.0050","-1.0000","0.0000","0.0000","0.0000","0.0000","0.0000"
"8219.0","15:13:18.154","2219574.0000","1.1552","60569.0000","-0.0500","-0.0050","-1.0000","0.0000","0.0000","0.0000","0.0000","0.0000"
"8220.0","15:13:18.155","2219330.0000","1.1286","60569.0000","-0.0500","-0.0050","-1.0000","0.0000","0.0000","0.0000","0.0000","0.0000"
"8221.0","15:13:18.156","2218838.0000","1.0749","60569.0000","-0.0500","-0.0050","-1.0000","0.0000","0.0000","0.0000","0.0000","0.0000"
"8222.0","15:13:18.157","2217949.0000","0.9780","60569.0000","-0.0500","-0.0050","-1.0000","0.0000","0.0000","0.0000","0.0000","0.0000"
"8223.0","15:13:18.158","2217555.0000","0.9351","60569.0000","-0.0500","-0.0050","-1.0000","0.0000","0.0000","0.0000","0.0000","0.0000"
"8224.0","15:13:18.159","2218170.0000","1.0021","60569.0000","-0.0500","-0.0050","-1.0000","0.0000","0.0000","0.0000","0.0000","0.0000"
"8225.0","15:13:18.160","2218192.0000","1.0045","60569.0000","-0.0500","-0.0050","-1.0000","0.0000","0.0000","0.0000","0.0000","0.0000"
"8226.0","15:13:18.161","2218087.0000","0.9931","60569.0000","-0.0500","-0.0050","-1.0000","0.0000","0.0000","0.0000","0.0000","0.0000"
"8227.0","15:13:18.162","2218618.0000","1.0510","60569.0000","-0.0500","-0.0050","-1.0000","0.0000","0.0000","0.0000","0.0000","0.0000"
"8228.0","15:13:18.163","2218571.0000","1.0458","60569.0000","-0.0500","-0.0050","-1.0000","0.0000","0.0000","0.0000","0.0000","0.0000"
"8229.0","15:13:18.164","2219410.0000","1.1373","60569.0000","-0.0500","-0.0050","-1.0000","0.0000","0.0000","0.0000","0.0000","0.0000"
"8230.0","15:13:18.165","2221470.0000","1.3619","60569.0000","-0.0500","-0.0050","-1.0000","0.0000","0.0000","0.0000","0.0000","0.0000"
"8231.0","15:13:18.166","2222743.0000","1.5007","60569.0000","-0.0500","-0.0050","-1.0000","0.0000","0.0000","0.0000","0.0000","0.0000"
"8232.0","15:13:18.167","2224346.0000","1.6754","60550.0000","-0.0500","-0.0050","-1.0000","0.0000","0.0000","0.0000","0.0000","0.0000"
"8233.0","15:13:18.168","2225368.0000","1.7868","60550.0000","-0.0500","-0.0050","-1.0000","0.0000","0.0000","0.0000","0.0000","0.0000"
"8234.0","15:13:18.169","2226814.0000","1.9445","60550.0000","-0.0500","-0.0050","-1.0000","0.0000","0.0000","0.0000","0.0000","0.0000"
"8235.0","15:13:18.170","2227374.0000","2.0055","60550.0000","-0.0500","-0.0050","-1.0000","0.0000","0.0000","0.0000","0.0000","0.0000"
"8236.0","15:13:18.171","2226264.0000","1.8845","60550.0000","-0.0500","-0.0050","-1.0000","0.0000","0.0000","0.0000","0.0000","0.0000"
"8237.0","15:13:18.172","2225027.0000","1.7496","60550.0000","-0.0500","-0.0050","-1.0000","0.0000","0.0000","0.0000","0.0000","0.0000"
"8238.0","15:13:18.173","2224718.0000","1.7160","60550.0000","-0.0500","-0.0050","-1.0000","0.0000","0.0000","0.0000","0.0000","0.0000"
"8239.0","15:13:18.174","2224523.0000","1.6947","60550.0000","-0.0500","-0.0050","-1.0000","0.0000","0.0000","0.0000","0.0000","0.0000"
"8240.0","15:13:18.175","2222852.0000","1.5125","60550.0000","-0.0500","-0.0050","-1.0000","0.0000","0.0000","0.0000","0.0000","0.0000"
"8241.0","15:13:18.176","2220998.0000","1.3104","60550.0000","-0.0500","-0.0050","-1.0000","0.0000","0.0000","0.0000","0.0000","0.0000"
"8242.0","15:13:18.177","2219604.0000","1.1584","60550.0000","-0.0500","-0.0050","-1.0000","0.0000","0.0000","0.0000","0.0000","0.0000"
"8243.0","15:13:18.178","2219711.0000","1.1701","60550.0000","-0.0500","-0.0050","-1.0000","0.0000","0.0000","0.0000","0.0000","0.0000"
"8244.0","15:13:18.179","2220480.0000","1.2540","60550.0000","-0.0500","-0.0050","-1.0000","0.0000","0.0000","0.0000","0.0000","0.0000"
"8245.0","15:13:18.180","2220974.0000","1.3078","60550.0000","-0.0500","-0.0050","-1.0000","0.0000","0.0000","0.0000","0.0000","0.0000"
"8246.0","15:13:18.181","2220856.0000","1.2950","60550.0000","-0.0500","-0.0050","-1.0000","0.0000","0.0000","0.0000","0.0000","0.0000"
"8247.0","15:13:18.182","2220856.0000","1.2950","60550.0000","-0.0500","-0.0050","-1.0000","0.0000","0.0000","0.0000","0.0000","0.0000"
"8248.0","15:13:18.183","2222341.0000","1.4568","60550.0000","-0.0500","-0.0050","-1.0000","0.0000","0.0000","0.0000","0.0000","0.0000"
"8249.0","15:13:18.184","2224542.0000","1.6968","60550.0000","-0.0500","-0.0050","-1.0000","0.0000","0.0000","0.0000","0.0000","0.0000"
"8250.0","15:13:18.185","2225566.0000","1.8084","60550.0000","-0.0500","-0.0050","-1.0000","0.0000","0.0000","0.0000","0.0000","0.0000"
"8251.0","15:13:18.186","2226101.0000","1.8668","60550.0000","-0.0500","-0.0050","-1.0000","0.0000","0.0000","0.0000","0.0000","0.0000"
"8252.0","15:13:18.187","2228485.0000","2.1266","60550.0000","-0.0500","-0.0050","-1.0000","0.0000","0.0000","0.0000","0.0000","0.0000"
"8253.0","15:13:18.188","2229181.0000","2.2025","60550.0000","-0.0500","-0.0050","-1.0000","0.0000","0.0000","0.0000","0.0000","0.0000"
"8254.0","15:13:18.189","2228267.0000","2.1029","60550.0000","-0.0500","-0.0050","-1.0000","0.0000","0.0000","0.0000","0.0000","0.0000"
"8255.0","15:13:18.190","2227448.0000","2.0136","60550.0000","-0.0500","-0.0050","-1.0000","0.0000","0.0000","0.0000","0.0000","0.0000"
"8256.0","15:13:18.191","2227449.0000","2.0137","60550.0000","-0.0500","-0.0050","-1.0000","0.0000","0.0000","0.0000","0.0000","0.0000"
"8257.0","15:13:18.192","2225786.0000","1.8324","60550.0000","-0.0500","-0.0050","-1.0000","0.0000","0.0000","0.0000","0.0000","0.0000"
"8258.0","15:13:18.193","2224236.0000","1.6634","60550.0000","-0.0500","-0.0050","-1.0000","0.0000","0.0000","0.0000","0.0000","0.0000"
"8259.0","15:13:18.194","2223906.0000","1.6275","60550.0000","-0.0500","-0.0050","-1.0000","0.0000","0.0000","0.0000","0.0000","0.0000"
"8260.0","15:13:18.195","2223102.0000","1.5398","60550.0000","-0.0500","-0.0050","-1.0000","0.0000","0.0000","0.0000","0.0000","0.0000"
"8261.0","15:13:18.196","2222332.0000","1.4559","60550.0000","-0.0500","-0.0050","-1.0000","0.0000","0.0000","0.0000","0.0000","0.0000"
"8262.0","15:13:18.197","2222250.0000","1.4469","60550.0000","-0.0500","-0.0050","-1.0000","0.0000","0.0000","0.0000","0.0000","0.0000"
"8263.0","15:13:18.198","2222870.0000","1.5145","60550.0000","-0.0500","-0.0050","-1.0000","0.0000","0.0000","0.0000","0.0000","0.0000"
"8264.0","15:13:18.199","2223024.0000","1.5313","60550.0000","-0.0500","-0.0050","-1.0000","0.0000","0.0000","0.0000","0.0000","0.0000"
"8265.0","15:13:18.200","2223598.0000","1.5939","60550.0000","-0.0500","-0.0050","-1.0000","0.0000","0.0000","0.0000","0.0000","0.0000"
"8266.0","15:13:18.201","2225051.0000","1.7523","60550.0000","-0.0500","-0.0050","-1.0000","0.0000","0.0000","0.0000","0.0000","0.0000"
"8267.0","15:13:18.202","2225347.0000","1.7846","60550.0000","-0.0500","-0.0050","-1.0000","0.0000","0.0000","0.0000","0.0000","0.0000"
"8268.0","15:13:18.203","2226749.0000","1.9374","60550.0000","-0.0500","-0.0050","-1.0000","0.0000","0.0000","0.0000","0.0000","0.0000"
"8269.0","15:13:18.204","2227557.0000","2.0255","60550.0000","-0.0500","-0.0050","-1.0000","0.0000","0.0000","0.0000","0.0000","0.0000"
"8270.0","15:13:18.205","2227732.0000","2.0446","60550.0000","-0.0500","-0.0050","-1.0000","0.0000","0.0000","0.0000","0.0000","0.0000"
"8271.0","15:13:18.206","2225889.0000","1.8437","60550.0000","-0.0500","-0.0050","-1.0000","0.0000","0.0000","0.0000","0.0000","0.0000"
"8272.0","15:13:18.207","2226493.0000","1.9095","60550.0000","-0.0500","-0.0050","-1.0000","0.0000","0.0000","0.0000","0.0000","0.0000"
"8273.0","15:13:18.208","2225981.0000","1.8537","60550.0000","-0.0500","-0.0050","-1.0000","0.0000","0.0000","0.0000","0.0000","0.0000"
"8274.0","15:13:18.209","2225964.0000","1.8518","60550.0000","-0.0500","-0.0050","-1.0000","0.0000","0.0000","0.0000","0.0000","0.0000"
"8275.0","15:13:18.210","2225360.0000","1.7860","60550.0000","-0.0500","-0.0050","-1.0000","0.0000","0.0000","0.0000","0.0000","0.0000"
"8276.0","15:13:18.211","2223717.0000","1.6069","60550.0000","-0.0500","-0.0050","-1.0000","0.0000","0.0000","0.0000","0.0000","0.0000"
"8277.0","15:13:18.212","2224162.0000","1.6554","60550.0000","-0.0500","-0.0050","-1.0000","0.0000","0.0000","0.0000","0.0000","0.0000"
"8278.0","15:13:18.213","2224077.0000","1.6461","60550.0000","-0.0500","-0.0050","-1.0000","0.0000","0.0000","0.0000","0.0000","0.0000"
"8279.0","15:13:18.214","2225219.0000","1.7706","60550.0000","-0.0500","-0.0050","-1.0000","0.0000","0.0000","0.0000","0.0000","0.0000"
"8280.0","15:13:18.215","2225139.0000","1.7619","60550.0000","-0.0500","-0.0050","-1.0000","0.0000","0.0000","0.0000","0.0000","0.0000"
"8281.0","15:13:18.216","2224751.0000","1.7196","60550.0000","-0.0500","-0.0050","-1.0000","0.0000","0.0000","0.0000","0.0000","0.0000"
"8282.0","15:13:18.217","2224939.0000","1.7401","60550.0000","-0.0500","-0.0050","-1.0000","0.0000","0.0000","0.0000","0.0000","0.0000"
"8283.0","15:13:18.218","2225364.0000","1.7864","60550.0000","-0.0500","-0.0050","-1.0000","0.0000","0.0000","0.0000","0.0000","0.0000"
"8284.0","15:13:18.219","2225940.0000","1.8492","60550.0000","-0.0500","-0.0050","-1.0000","0.0000","0.0000","0.0000","0.0000","0.0000"
"8285.0","15:13:18.220","2225925.0000","1.8476","60550.0000","-0.0500","-0.0050","-1.0000","0.0000","0.0000","0.0000","0.0000","0.0000"
"8286.0","15:13:18.221","2225476.0000","1.7986","60550.0000","-0.0500","-0.0050","-1.0000","0.0000","0.0000","0.0000","0.0000","0.0000"
"8287.0","15:13:18.222","2225316.0000","1.7812","60550.0000","-0.0500","-0.0050","-1.0000","0.0000","0.0000","0.0000","0.0000","0.0000"
"8288.0","15:13:18.223","2224593.0000","1.7024","60550.0000","-0.0500","-0.0050","-1.0000","0.0000","0.0000","0.0000","0.0000","0.0000"
"8289.0","15:13:18.224","2223815.0000","1.6176","60550.0000","-0.0500","-0.0050","-1.0000","0.0000","0.0000","0.0000","0.0000","0.0000"
"8290.0","15:13:18.225","2222948.0000","1.5230","60550.0000","-0.0500","-0.0050","-1.0000","0.0000","0.0000","0.0000","0.0000","0.0000"
"8291.0","15:13:18.226","2222582.0000","1.4831","60550.0000","-0.0500","-0.0050","-1.0000","0.0000","0.0000","0.0000","0.0000","0.0000"
"8292.0","15:13:18.227","2221798.0000","1.3977","60560.0000","-0.0500","-0.0050","-1.0000","0.0000","0.0000","0.0000","0.0000","0.0000"
"8293.0","15:13:18.228","2221798.0000","1.3977","60560.0000","-0.0500","-0.0050","-1.0000","0.0000","0.0000","0.0000","0.0000","0.0000"
"8294.0","15:13:18.229","2221976.0000","1.4171","60560.0000","-0.0500","-0.0050","-1.0000","0.0000","0.0000","0.0000","0.0000","0.0000"
"8295.0","15:13:18.230","2222453.0000","1.4690","60560.0000","-0.0500","-0.0050","-1.0000","0.0000","0.0000","0.0000","0.0000","0.0000"
"8296.0","15:13:18.231","2222807.0000","1.5077","60560.0000","-0.0500","-0.0050","-1.0000","0.0000","0.0000","0.0000","0.0000","0.0000"
"8297.0","15:13:18.232","2222784.0000","1.5052","60560.0000","-0.0500","-0.0050","-1.0000","0.0000","0.0000","0.0000","0.0000","0.0000"
"8298.0","15:13:18.233","2222582.0000","1.4831","60560.0000","-0.0500","-0.0050","-1.0000","0.0000","0.0000","0.0000","0.0000","0.0000"
"8299.0","15:13:18.234","2223492.0000","1.5823","60560.0000","-0.0500","-0.0050","-1.0000","0.0000","0.0000","0.0000","0.0000","0.0000"
"8300.0","15:13:18.235","2221762.0000","1.3937","60560.0000","-0.0500","-0.0050","-1.0000","0.0000","0.0000","0.0000","0.0000","0.0000"
"8301.0","15:13:18.236","2221822.0000","1.4002","60560.0000","-0.0500","-0.0050","-1.0000","0.0000","0.0000","0.0000","0.0000","0.0000"
"8302.0","15:13:18.237","2222381.0000","1.4612","60560.0000","-0.0500","-0.0050","-1.0000","0.0000","0.0000","0.0000","0.0000","0.0000"
"8303.0","15:13:18.238","2221957.0000","1.4150","60560.0000","-0.0500","-0.0050","-1.0000","0.0000","0.0000","0.0000","0.0000","0.0000"
"8304.0","15:13:18.239","2221851.0000","1.4034","60560.0000","-0.0500","-0.0050","-1.0000","0.0000","0.0000","0.0000","0.0000","0.0000"
"8305.0","15:13:18.240","2221032.0000","1.3141","60560.0000","-0.0500","-0.0050","-1.0000","0.0000","0.0000","0.0000","0.0000","0.0000"
"8306.0","15:13:18.241","2221201.0000","1.3326","60560.0000","-0.0500","-0.0050","-1.0000","0.0000","0.0000","0.0000","0.0000","0.0000"
"8307.0","15:13:18.242","2221690.0000","1.3859","60560.0000","-0.0500","-0.0050","-1.0000","0.0000","0.0000","0.0000","0.0000","0.0000"
"8308.0","15:13:18.243","2220884.0000","1.2980","60560.0000","-0.0500","-0.0050","-1.0000","0.0000","0.0000","0.0000","0.0000","0.0000"
"8309.0","15:13:18.244","2220691.0000","1.2770","60560.0000","-0.0500","-0.0050","-1.0000","0.0000","0.0000","0.0000","0.0000","0.0000"
"8310.0","15:13:18.245","2221327.0000","1.3463","60560.0000","-0.0500","-0.0050","-1.0000","0.0000","0.0000","0.0000","0.0000","0.0000"
"8311.0","15:13:18.246","2221646.0000","1.3811","60560.0000","-0.0500","-0.0050","-1.0000","0.0000","0.0000","0.0000","0.0000","0.0000"
"8312.0","15:13:18.247","2220859.0000","1.2953","60560.0000","-0.0500","-0.0050","-1.0000","0.0000","0.0000","0.0000","0.0000","0.0000"
"8313.0","15:13:18.248","2220079.0000","1.2103","60560.0000","-0.0500","-0.0050","-1.0000","0.0000","0.0000","0.0000","0.0000","0.0000"
"8314.0","15:13:18.249","2219844.0000","1.1846","60560.0000","-0.0500","-0.0050","-1.0000","0.0000","0.0000","0.0000","0.0000","0.0000"
"8315.0","15:13:18.250","2219807.0000","1.1806","60560.0000","-0.0500","-0.0050","-1.0000","0.0000","0.0000","0.0000","0.0000","0.0000"
"8316.0","15:13:18.251","2219493.0000","1.1464","60560.0000","-0.0500","-0.0050","-1.0000","0.0000","0.0000","0.0000","0.0000","0.0000"
"8317.0","15:13:18.252","2218538.0000","1.0423","60560.0000","-0.0500","-0.0050","-1.0000","0.0000","0.0000","0.0000","0.0000","0.0000"
"8318.0","15:13:18.253","2218587.0000","1.0476","60560.0000","-0.0500","-0.0050","-1.0000","0.0000","0.0000","0.0000","0.0000","0.0000"
"8319.0","15:13:18.254","2218396.0000","1.0268","60560.0000","-0.0500","-0.0050","-1.0000","0.0000","0.0000","0.0000","0.0000","0.0000"
"8320.0","15:13:18.255","2219043.0000","1.0973","60560.0000","-0.0500","-0.0050","-1.0000","0.0000","0.0000","0.0000","0.0000","0.0000"
"8321.0","15:13:18.256","2219322.0000","1.1277","60560.0000","-0.0500","-0.0050","-1.0000","0.0000","0.0000","0.0000","0.0000","0.0000"
"8322.0","15:13:18.257","2219167.0000","1.1108","60560.0000","-0.0500","-0.0050","-1.0000","0.0000","0.0000","0.0000","0.0000","0.0000"
"8323.0","15:13:18.258","2219929.0000","1.1939","60560.0000","-0.0500","-0.0050","-1.0000","0.0000","0.0000","0.0000","0.0000","0.0000"
"8324.0","15:13:18.259","2220213.0000","1.2249","60560.0000","-0.0500","-0.0050","-1.0000","0.0000","0.0000","0.0000","0.0000","0.0000"
"8325.0","15:13:18.260","2220110.0000","1.2136","60560.0000","-0.0500","-0.0050","-1.0000","0.0000","0.0000","0.0000","0.0000","0.0000"
"8326.0","15:13:18.261","2220986.0000","1.3091","60560.0000","-0.0500","-0.0050","-1.0000","0.0000","0.0000","0.0000","0.0000","0.0000"
"8327.0","15:13:18.262","2221484.0000","1.3634","60560.0000","-0.0500","-0.0050","-1.0000","0.0000","0.0000","0.0000","0.0000","0.0000"
"8328.0","15:13:18.263","2221302.0000","1.3436","60560.0000","-0.0500","-0.0050","-1.0000","0.0000","0.0000","0.0000","0.0000","0.0000"
"8329.0","15:13:18.264","2221895.0000","1.4082","60560.0000","-0.0500","-0.0050","-1.0000","0.0000","0.0000","0.0000","0.0000","0.0000"
"8330.0","15:13:18.265","2222347.0000","1.4575","60560.0000","-0.0500","-0.0050","-1.0000","0.0000","0.0000","0.0000","0.0000","0.0000"
"8331.0","15:13:18.266","2222726.0000","1.4988","60560.0000","-0.0500","-0.0050","-1.0000","0.0000","0.0000","0.0000","0.0000","0.0000"
"8332.0","15:13:18.267","2223986.0000","1.6362","60560.0000","-0.0500","-0.0050","-1.0000","0.0000","0.0000","0.0000","0.0000","0.0000"
"8333.0","15:13:18.268","2222880.0000","1.5156","60560.0000","-0.0500","-0.0050","-1.0000","0.0000","0.0000","0.0000","0.0000","0.0000"
"8334.0","15:13:18.269","2223572.0000","1.5910","60560.0000","-0.0500","-0.0050","-1.0000","0.0000","0.0000","0.0000","0.0000","0.0000"
"8335.0","15:13:18.270","2224273.0000","1.6675","60560.0000","-0.0500","-0.0050","-1.0000","0.0000","0.0000","0.0000","0.0000","0.0000"
"8336.0","15:13:18.271","2223324.0000","1.5640","60560.0000","-0.0500","-0.0050","-1.0000","0.0000","0.0000","0.0000","0.0000","0.0000"
"8337.0","15:13:18.272","2224296.0000","1.6700","60560.0000","-0.0500","-0.0050","-1.0000","0.0000","0.0000","0.0000","0.0000","0.0000"
"8338.0","15:13:18.273","2224402.0000","1.6815","60560.0000","-0.0500","-0.0050","-1.0000","0.0000","0.0000","0.0000","0.0000","0.0000"
"8339.0","15:13:18.274","2224522.0000","1.6946","60560.0000","-0.0500","-0.0050","-1.0000","0.0000","0.0000","0.0000","0.0000","0.0000"
"8340.0","15:13:18.275","2224522.0000","1.6946","60560.0000","-0.0500","-0.0050","-1.0000","0.0000","0.0000","0.0000","0.0000","0.0000"
"8341.0","15:13:18.276","2225561.0000","1.8079","60560.0000","-0.0500","-0.0050","-1.0000","0.0000","0.0000","0.0000","0.0000","0.0000"
"8342.0","15:13:18.277","2225052.0000","1.7524","60560.0000","-0.0500","-0.0050","-1.0000","0.0000","0.0000","0.0000","0.0000","0.0000"
"8343.0","15:13:18.278","2225018.0000","1.7487","60560.0000","-0.0500","-0.0050","-1.0000","0.0000","0.0000","0.0000","0.0000","0.0000"
"8344.0","15:13:18.279","2224816.0000","1.7267","60560.0000","-0.0500","-0.0050","-1.0000","0.0000","0.0000","0.0000","0.0000","0.0000"
"8345.0","15:13:18.280","2225356.0000","1.7855","60560.0000","-0.0500","-0.0050","-1.0000","0.0000","0.0000","0.0000","0.0000","0.0000"
"8346.0","15:13:18.281","2225404.0000","1.7908","60560.0000","-0.0500","-0.0050","-1.0000","0.0000","0.0000","0.0000","0.0000","0.0000"
"8347.0","15:13:18.282","2225567.0000","1.8085","60560.0000","-0.0500","-0.0050","-1.0000","0.0000","0.0000","0.0000","0.0000","0.0000"
"8348.0","15:13:18.283","2225258.0000","1.7749","60560.0000","-0.0500","-0.0050","-1.0000","0.0000","0.0000","0.0000","0.0000","0.0000"
"8349.0","15:13:18.284","2225817.0000","1.8358","60560.0000","-0.0500","-0.0050","-1.0000","0.0000","0.0000","0.0000","0.0000","0.0000"
"8350.0","15:13:18.285","2226225.0000","1.8803","60560.0000","-0.0500","-0.0050","-1.0000","0.0000","0.0000","0.0000","0.0000","0.0000"
"8351.0","15:13:18.286","2226625.0000","1.9239","60560.0000","-0.0500","-0.0050","-1.0000","0.0000","0.0000","0.0000","0.0000","0.0000"
"8352.0","15:13:18.287","2227019.0000","1.9668","60560.0000","-0.0500","-0.0050","-1.0000","0.0000","0.0000","0.0000","0.0000","0.0000"
"8353.0","15:13:18.288","2226604.0000","1.9216","60554.0000","-0.0500","-0.0050","-1.0000","0.0000","0.0000","0.0000","0.0000","0.0000"
"8354.0","15:13:18.289","2227905.0000","2.0634","60554.0000","-0.0500","-0.0050","-1.0000","0.0000","0.0000","0.0000","0.0000","0.0000"
"8355.0","15:13:18.290","2228463.0000","2.1243","60554.0000","-0.0500","-0.0050","-1.0000","0.0000","0.0000","0.0000","0.0000","0.0000"
"8356.0","15:13:18.291","2228769.0000","2.1576","60554.0000","-0.0500","-0.0050","-1.0000","0.0000","0.0000","0.0000","0.0000","0.0000"
"8357.0","15:13:18.292","2228111.0000","2.0859","60554.0000","-0.0500","-0.0050","-1.0000","0.0000","0.0000","0.0000","0.0000","0.0000"
"8358.0","15:13:18.293","2227442.0000","2.0130","60554.0000","-0.0500","-0.0050","-1.0000","0.0000","0.0000","0.0000","0.0000","0.0000"
"8359.0","15:13:18.294","2226916.0000","1.9556","60554.0000","-0.0500","-0.0050","-1.0000","0.0000","0.0000","0.0000","0.0000","0.0000"
"8360.0","15:13:18.295","2226808.0000","1.9438","60554.0000","-0.0500","-0.0050","-1.0000","0.0000","0.0000","0.0000","0.0000","0.0000"
"8361.0","15:13:18.296","2226757.0000","1.9383","60554.0000","-0.0500","-0.0050","-1.0000","0.0000","0.0000","0.0000","0.0000","0.0000"
"8362.0","15:13:18.297","2226206.0000","1.8782","60554.0000","-0.0500","-0.0050","-1.0000","0.0000","0.0000","0.0000","0.0000","0.0000"
"8363.0","15:13:18.298","2224934.0000","1.7395","60554.0000","-0.0500","-0.0050","-1.0000","0.0000","0.0000","0.0000","0.0000","0.0000"
"8364.0","15:13:18.299","2224752.0000","1.7197","60554.0000","-0.0500","-0.0050","-1.0000","0.0000","0.0000","0.0000","0.0000","0.0000"
"8365.0","15:13:18.300","2224976.0000","1.7441","60554.0000","-0.0500","-0.0050","-1.0000","0.0000","0.0000","0.0000","0.0000","0.0000"
"8366.0","15:13:18.301","2224475.0000","1.6895","60554.0000","-0.0500","-0.0050","-1.0000","0.0000","0.0000","0.0000","0.0000","0.0000"
"8367.0","15:13:18.302","2224036.0000","1.6416","60554.0000","-0.0500","-0.0050","-1.0000","0.0000","0.0000","0.0000","0.0000","0.0000"
"8368.0","15:13:18.303","2222935.0000","1.5216","60554.0000","-0.0500","-0.0050","-1.0000","0.0000","0.0000","0.0000","0.0000","0.0000"
"8369.0","15:13:18.304","2222964.0000","1.5247","60554.0000","-0.0500","-0.0050","-1.0000","0.0000","0.0000","0.0000","0.0000","0.0000"
"8370.0","15:13:18.305","2223418.0000","1.5743","60554.0000","-0.0500","-0.0050","-1.0000","0.0000","0.0000","0.0000","0.0000","0.0000"
"8371.0","15:13:18.306","2221634.0000","1.3798","60554.0000","-0.0500","-0.0050","-1.0000","0.0000","0.0000","0.0000","0.0000","0.0000"
"8372.0","15:13:18.307","2220818.0000","1.2908","60554.0000","-0.0500","-0.0050","-1.0000","0.0000","0.0000","0.0000","0.0000","0.0000"
"8373.0","15:13:18.308","2222627.0000","1.4880","60554.0000","-0.0500","-0.0050","-1.0000","0.0000","0.0000","0.0000","0.0000","0.0000"
"8374.0","15:13:18.309","2221514.0000","1.3667","60554.0000","-0.0500","-0.0050","-1.0000","0.0000","0.0000","0.0000","0.0000","0.0000"
"8375.0","15:13:18.310","2221170.0000","1.3292","60554.0000","-0.0500","-0.0050","-1.0000","0.0000","0.0000","0.0000","0.0000","0.0000"
"8376.0","15:13:18.311","2221552.0000","1.3708","60554.0000","-0.0500","-0.0050","-1.0000","0.0000","0.0000","0.0000","0.0000","0.0000"
"8377.0","15:13:18.312","2220928.0000","1.3028","60554.0000","-0.0500","-0.0050","-1.0000","0.0000","0.0000","0.0000","0.0000","0.0000"
"8378.0","15:13:18.313","2221458.0000","1.3606","60554.0000","-0.0500","-0.0050","-1.0000","0.0000","0.0000","0.0000","0.0000","0.0000"
"8379.0","15:13:18.314","2222344.0000","1.4572","60554.0000","-0.0500","-0.0050","-1.0000","0.0000","0.0000","0.0000","0.0000","0.0000"
"8380.0","15:13:18.315","2223432.0000","1.5758","60554.0000","-0.0500","-0.0050","-1.0000","0.0000","0.0000","0.0000","0.0000","0.0000"
"8381.0","15:13:18.316","2222216.0000","1.4432","60554.0000","-0.0500","-0.0050","-1.0000","0.0000","0.0000","0.0000","0.0000","0.0000"
"8382.0","15:13:18.317","2221485.0000","1.3635","60554.0000","-0.0500","-0.0050","-1.0000","0.0000","0.0000","0.0000","0.0000","0.0000"
"8383.0","15:13:18.318","2221233.0000","1.3361","60554.0000","-0.0500","-0.0050","-1.0000","0.0000","0.0000","0.0000","0.0000","0.0000"
"8384.0","15:13:18.319","2221902.0000","1.4090","60554.0000","-0.0500","-0.0050","-1.0000","0.0000","0.0000","0.0000","0.0000","0.0000"
"8385.0","15:13:18.320","2222966.0000","1.5250","60554.0000","-0.0500","-0.0050","-1.0000","0.0000","0.0000","0.0000","0.0000","0.0000"
"8386.0","15:13:18.321","2223412.0000","1.5736","60554.0000","-0.0500","-0.0050","-1.0000","0.0000","0.0000","0.0000","0.0000","0.0000"
"8387.0","15:13:18.322","2223412.0000","1.5736","60554.0000","-0.0500","-0.0050","-1.0000","0.0000","0.0000","0.0000","0.0000","0.0000"
"8388.0","15:13:18.323","2222830.0000","1.5102","60554.0000","-0.0500","-0.0050","-1.0000","0.0000","0.0000","0.0000","0.0000","0.0000"
"8389.0","15:13:18.324","2222732.0000","1.4995","60554.0000","-0.0500","-0.0050","-1.0000","0.0000","0.0000","0.0000","0.0000","0.0000"
"8390.0","15:13:18.325","2222245.0000","1.4464","60554.0000","-0.0500","-0.0050","-1.0000","0.0000","0.0000","0.0000","0.0000","0.0000"
"8391.0","15:13:18.326","2221898.0000","1.4086","60554.0000","-0.0500","-0.0050","-1.0000","0.0000","0.0000","0.0000","0.0000","0.0000"
"8392.0","15:13:18.327","2221502.0000","1.3654","60554.0000","-0.0500","-0.0050","-1.0000","0.0000","0.0000","0.0000","0.0000","0.0000"
"8393.0","15:13:18.328","2220255.0000","1.2294","60554.0000","-0.0500","-0.0050","-1.0000","0.0000","0.0000","0.0000","0.0000","0.0000"
"8394.0","15:13:18.329","2220284.0000","1.2326","60554.0000","-0.0500","-0.0050","-1.0000","0.0000","0.0000","0.0000","0.0000","0.0000"
"8395.0","15:13:18.330","2219879.0000","1.1884","60554.0000","-0.0500","-0.0050","-1.0000","0.0000","0.0000","0.0000","0.0000","0.0000"
"8396.0","15:13:18.331","2219266.0000","1.1216","60554.0000","-0.0500","-0.0050","-1.0000","0.0000","0.0000","0.0000","0.0000","0.0000"
"8397.0","15:13:18.332","2220766.0000","1.2851","60554.0000","-0.0500","-0.0050","-1.0000","0.0000","0.0000","0.0000","0.0000","0.0000"
"8398.0","15:13:18.333","2220450.0000","1.2507","60554.0000","-0.0500","-0.0050","-1.0000","0.0000","0.0000","0.0000","0.0000","0.0000"
"8399.0","15:13:18.334","2219665.0000","1.1651","60554.0000","-0.0500","-0.0050","-1.0000","0.0000","0.0000","0.0000","0.0000","0.0000"
"8400.0","15:13:18.335","2218874.0000","1.0789","60554.0000","-0.0500","-0.0050","-1.0000","0.0000","0.0000","0.0000","0.0000","0.0000"
"8401.0","15:13:18.336","2219972.0000","1.1986","60554.0000","-0.0500","-0.0050","-1.0000","0.0000","0.0000","0.0000","0.0000","0.0000"
"8402.0","15:13:18.337","2220777.0000","1.2863","60554.0000","-0.0500","-0.0050","-1.0000","0.0000","0.0000","0.0000","0.0000","0.0000"
"8403.0","15:13:18.338","2220682.0000","1.2760","60554.0000","-0.0500","-0.0050","-1.0000","0.0000","0.0000","0.0000","0.0000","0.0000"
"8404.0","15:13:18.339","2221416.0000","1.3560","60554.0000","-0.0500","-0.0050","-1.0000","0.0000","0.0000","0.0000","0.0000","0.0000"
"8405.0","15:13:18.340","2221149.0000","1.3269","60554.0000","-0.0500","-0.0050","-1.0000","0.0000","0.0000","0.0000","0.0000","0.0000"
"8406.0","15:13:18.341","2221674.0000","1.3842","60554.0000","-0.0500","-0.0050","-1.0000","0.0000","0.0000","0.0000","0.0000","0.0000"
"8407.0","15:13:18.342","2220320.0000","1.2365","60554.0000","-0.0500","-0.0050","-1.0000","0.0000","0.0000","0.0000","0.0000","0.0000"
"8408.0","15:13:18.343","2220743.0000","1.2826","60554.0000","-0.0500","-0.0050","-1.0000","0.0000","0.0000","0.0000","0.0000","0.0000"
"8409.0","15:13:18.344","2220749.0000","1.2833","60554.0000","-0.0500","-0.0050","-1.0000","0.0000","0.0000","0.0000","0.0000","0.0000"
"8410.0","15:13:18.345","2219526.0000","1.1500","60554.0000","-0.0500","-0.0050","-1.0000","0.0000","0.0000","0.0000","0.0000","0.0000"
"8411.0","15:13:18.346","2220835.0000","1.2927","60554.0000","-0.0500","-0.0050","-1.0000","0.0000","0.0000","0.0000","0.0000","0.0000"
"8412.0","15:13:18.347","2220269.0000","1.2310","60554.0000","-0.0500","-0.0050","-1.0000","0.0000","0.0000","0.0000","0.0000","0.0000"
"8413.0","15:13:18.348","2220615.0000","1.2687","60567.0000","-0.0500","-0.0050","-1.0000","0.0000","0.0000","0.0000","0.0000","0.0000"
"8414.0","15:13:18.349","2219152.0000","1.1092","60567.0000","-0.0500","-0.0050","-1.0000","0.0000","0.0000","0.0000","0.0000","0.0000"
"8415.0","15:13:18.350","2219752.0000","1.1746","60567.0000","-0.0500","-0.0050","-1.0000","0.0000","0.0000","0.0000","0.0000","0.0000"
"8416.0","15:13:18.351","2220263.0000","1.2303","60567.0000","-0.0500","-0.0050","-1.0000","0.0000","0.0000","0.0000","0.0000","0.0000"
"8417.0","15:13:18.352","2220167.0000","1.2198","60567.0000","-0.0500","-0.0050","-1.0000","0.0000","0.0000","0.0000","0.0000","0.0000"
"8418.0","15:13:18.353","2220179.0000","1.2212","60567.0000","-0.0500","-0.0050","-1.0000","0.0000","0.0000","0.0000","0.0000","0.0000"
"8419.0","15:13:18.354","2220364.0000","1.2413","60567.0000","-0.0500","-0.0050","-1.0000","0.0000","0.0000","0.0000","0.0000","0.0000"
"8420.0","15:13:18.355","2220988.0000","1.3094","60567.0000","-0.0500","-0.0050","-1.0000","0.0000","0.0000","0.0000","0.0000","0.0000"
"8421.0","15:13:18.356","2220937.0000","1.3038","60567.0000","-0.0500","-0.0050","-1.0000","0.0000","0.0000","0.0000","0.0000","0.0000"
"8422.0","15:13:18.357","2221008.0000","1.3115","60567.0000","-0.0500","-0.0050","-1.0000","0.0000","0.0000","0.0000","0.0000","0.0000"
"8423.0","15:13:18.358","2221086.0000","1.3200","60567.0000","-0.0500","-0.0050","-1.0000","0.0000","0.0000","0.0000","0.0000","0.0000"
"8424.0","15:13:18.359","2221431.0000","1.3576","60567.0000","-0.0500","-0.0050","-1.0000","0.0000","0.0000","0.0000","0.0000","0.0000"
"8425.0","15:13:18.360","2221596.0000","1.3756","60567.0000","-0.0500","-0.0050","-1.0000","0.0000","0.0000","0.0000","0.0000","0.0000"
"8426.0","15:13:18.361","2220320.0000","1.2365","60567.0000","-0.0500","-0.0050","-1.0000","0.0000","0.0000","0.0000","0.0000","0.0000"
"8427.0","15:13:18.362","2220299.0000","1.2342","60567.0000","-0.0500","-0.0050","-1.0000","0.0000","0.0000","0.0000","0.0000","0.0000"
"8428.0","15:13:18.363","2221558.0000","1.3715","60567.0000","-0.0500","-0.0050","-1.0000","0.0000","0.0000","0.0000","0.0000","0.0000"
"8429.0","15:13:18.364","2222215.0000","1.4431","60567.0000","-0.0500","-0.0050","-1.0000","0.0000","0.0000","0.0000","0.0000","0.0000"
"8430.0","15:13:18.365","2222590.0000","1.4840","60567.0000","-0.0500","-0.0050","-1.0000","0.0000","0.0000","0.0000","0.0000","0.0000"
"8431.0","15:13:18.366","2224201.0000","1.6596","60567.0000","-0.0500","-0.0050","-1.0000","0.0000","0.0000","0.0000","0.0000","0.0000"
"8432.0","15:13:18.367","2224669.0000","1.7106","60567.0000","-0.0500","-0.0050","-1.0000","0.0000","0.0000","0.0000","0.0000","0.0000"
"8433.0","15:13:18.368","2225220.0000","1.7707","60567.0000","-0.0500","-0.0050","-1.0000","0.0000","0.0000","0.0000","0.0000","0.0000"
"8434.0","15:13:18.369","2225220.0000","1.7707","60567.0000","-0.0500","-0.0050","-1.0000","0.0000","0.0000","0.0000","0.0000","0.0000"
"8435.0","15:13:18.370","2225656.0000","1.8182","60567.0000","-0.0500","-0.0050","-1.0000","0.0000","0.0000","0.0000","0.0000","0.0000"
"8436.0","15:13:18.371","2225561.0000","1.8079","60567.0000","-0.0500","-0.0050","-1.0000","0.0000","0.0000","0.0000","0.0000","0.0000"
"8437.0","15:13:18.372","2227201.0000","1.9867","60567.0000","-0.0500","-0.0050","-1.0000","0.0000","0.0000","0.0000","0.0000","0.0000"
"8438.0","15:13:18.373","2227093.0000","1.9749","60567.0000","-0.0500","-0.0050","-1.0000","0.0000","0.0000","0.0000","0.0000","0.0000"
"8439.0","15:13:18.374","2227720.0000","2.0433","60567.0000","-0.0500","-0.0050","-1.0000","0.0000","0.0000","0.0000","0.0000","0.0000"
"8440.0","15:13:18.375","2227858.0000","2.0583","60567.0000","-0.0500","-0.0050","-1.0000","0.0000","0.0000","0.0000","0.0000","0.0000"
"8441.0","15:13:18.376","2228270.0000","2.1032","60567.0000","-0.0500","-0.0050","-1.0000","0.0000","0.0000","0.0000","0.0000","0.0000"
"8442.0","15:13:18.377","2227866.0000","2.0592","60567.0000","-0.0500","-0.0050","-1.0000","0.0000","0.0000","0.0000","0.0000","0.0000"
"8443.0","15:13:18.378","2227866.0000","2.0592","60567.0000","-0.0500","-0.0050","-1.0000","0.0000","0.0000","0.0000","0.0000","0.0000"
"8444.0","15:13:18.379","2227873.0000","2.0599","60567.0000","-0.0500","-0.0050","-1.0000","0.0000","0.0000","0.0000","0.0000","0.0000"
"8445.0","15:13:18.380","2227702.0000","2.0413","60567.0000","-0.0500","-0.0050","-1.0000","0.0000","0.0000","0.0000","0.0000","0.0000"
"8446.0","15:13:18.381","2227227.0000","1.9895","60567.0000","-0.0500","-0.0050","-1.0000","0.0000","0.0000","0.0000","0.0000","0.0000"
"8447.0","15:13:18.382","2227610.0000","2.0313","60567.0000","-0.0500","-0.0050","-1.0000","0.0000","0.0000","0.0000","0.0000","0.0000"
"8448.0","15:13:18.383","2226784.0000","1.9412","60567.0000","-0.0500","-0.0050","-1.0000","0.0000","0.0000","0.0000","0.0000","0.0000"
"8449.0","15:13:18.384","2225749.0000","1.8284","60567.0000","-0.0500","-0.0050","-1.0000","0.0000","0.0000","0.0000","0.0000","0.0000"
"8450.0","15:13:18.385","2225867.0000","1.8412","60567.0000","-0.0500","-0.0050","-1.0000","0.0000","0.0000","0.0000","0.0000","0.0000"
"8451.0","15:13:18.386","2225206.0000","1.7692","60567.0000","-0.0500","-0.0050","-1.0000","0.0000","0.0000","0.0000","0.0000","0.0000"
"8452.0","15:13:18.387","2226159.0000","1.8731","60567.0000","-0.0500","-0.0050","-1.0000","0.0000","0.0000","0.0000","0.0000","0.0000"
"8453.0","15:13:18.388","2226600.0000","1.9212","60567.0000","-0.0500","-0.0050","-1.0000","0.0000","0.0000","0.0000","0.0000","0.0000"
"8454.0","15:13:18.389","2225844.0000","1.8387","60567.0000","-0.0500","-0.0050","-1.0000","0.0000","0.0000","0.0000","0.0000","0.0000"
"8455.0","15:13:18.390","2226298.0000","1.8882","60567.0000","-0.0500","-0.0050","-1.0000","0.0000","0.0000","0.0000","0.0000","0.0000"
"8456.0","15:13:18.391","2225710.0000","1.8241","60567.0000","-0.0500","-0.0050","-1.0000","0.0000","0.0000","0.0000","0.0000","0.0000"
"8457.0","15:13:18.392","2225563.0000","1.8081","60567.0000","-0.0500","-0.0050","-1.0000","0.0000","0.0000","0.0000","0.0000","0.0000"
"8458.0","15:13:18.393","2224646.0000","1.7081","60567.0000","-0.0500","-0.0050","-1.0000","0.0000","0.0000","0.0000","0.0000","0.0000"
"8459.0","15:13:18.394","2223670.0000","1.6017","60567.0000","-0.0500","-0.0050","-1.0000","0.0000","0.0000","0.0000","0.0000","0.0000"
"8460.0","15:13:18.395","2223429.0000","1.5754","60567.0000","-0.0500","-0.0050","-1.0000","0.0000","0.0000","0.0000","0.0000","0.0000"
"8461.0","15:13:18.396","2223352.0000","1.5671","60567.0000","-0.0500","-0.0050","-1.0000","0.0000","0.0000","0.0000","0.0000","0.0000"
"8462.0","15:13:18.397","2224367.0000","1.6777","60567.0000","-0.0500","-0.0050","-1.0000","0.0000","0.0000","0.0000","0.0000","0.0000"
"8463.0","15:13:18.398","2225456.0000","1.7965","60567.0000","-0.0500","-0.0050","-1.0000","0.0000","0.0000","0.0000","0.0000","0.0000"
"8464.0","15:13:18.399","2225084.0000","1.7559","60567.0000","-0.0500","-0.0050","-1.0000","0.0000","0.0000","0.0000","0.0000","0.0000"
"8465.0","15:13:18.400","2223233.0000","1.5541","60567.0000","-0.0500","-0.0050","-1.0000","0.0000","0.0000","0.0000","0.0000","0.0000"
"8466.0","15:13:18.401","2222412.0000","1.4646","60567.0000","-0.0500","-0.0050","-1.0000","0.0000","0.0000","0.0000","0.0000","0.0000"
"8467.0","15:13:18.402","2222704.0000","1.4964","60567.0000","-0.0500","-0.0050","-1.0000","0.0000","0.0000","0.0000","0.0000","0.0000"
"8468.0","15:13:18.403","2224392.0000","1.6804","60567.0000","-0.0500","-0.0050","-1.0000","0.0000","0.0000","0.0000","0.0000","0.0000"
"8469.0","15:13:18.404","2224441.0000","1.6858","60567.0000","-0.0500","-0.0050","-1.0000","0.0000","0.0000","0.0000","0.0000","0.0000"
"8470.0","15:13:18.405","2222900.0000","1.5178","60567.0000","-0.0500","-0.0050","-1.0000","0.0000","0.0000","0.0000","0.0000","0.0000"
"8471.0","15:13:18.406","2219613.0000","1.1594","60567.0000","-0.0500","-0.0050","-1.0000","0.0000","0.0000","0.0000","0.0000","0.0000"
"8472.0","15:13:18.407","2215671.0000","0.7297","60567.0000","-0.0500","-0.0050","-1.0000","0.0000","0.0000","0.0000","0.0000","0.0000"
"8473.0","15:13:18.408","2214143.0000","0.5631","60567.0000","-0.0500","-0.0050","-1.0000","0.0000","0.0000","0.0000","0.0000","0.0000"
"8474.0","15:13:18.409","2213719.0000","0.5169","60558.0000","-0.0500","-0.0050","-1.0000","0.0000","0.0000","0.0000","0.0000","0.0000"
"8475.0","15:13:18.410","2215317.0000","0.6911","60558.0000","-0.0500","-0.0050","-1.0000","0.0000","0.0000","0.0000","0.0000","0.0000"
"8476.0","15:13:18.411","2215822.0000","0.7461","60558.0000","-0.0500","-0.0050","-1.0000","0.0000","0.0000","0.0000","0.0000","0.0000"
"8477.0","15:13:18.412","2216837.0000","0.8568","60558.0000","-0.0500","-0.0050","-1.0000","0.0000","0.0000","0.0000","0.0000","0.0000"
"8478.0","15:13:18.413","2217441.0000","0.9227","60558.0000","-0.0500","-0.0050","-1.0000","0.0000","0.0000","0.0000","0.0000","0.0000"
"8479.0","15:13:18.414","2217860.0000","0.9683","60558.0000","-0.0500","-0.0050","-1.0000","0.0000","0.0000","0.0000","0.0000","0.0000"
"8480.0","15:13:18.415","2217860.0000","0.9683","60558.0000","-0.0500","-0.0050","-1.0000","0.0000","0.0000","0.0000","0.0000","0.0000"
"8481.0","15:13:18.416","2218477.0000","1.0356","60558.0000","-0.0500","-0.0050","-1.0000","0.0000","0.0000","0.0000","0.0000","0.0000"
"8482.0","15:13:18.417","2219419.0000","1.1383","60558.0000","-0.0500","-0.0050","-1.0000","0.0000","0.0000","0.0000","0.0000","0.0000"
"8483.0","15:13:18.418","2220795.0000","1.2883","60558.0000","-0.0500","-0.0050","-1.0000","0.0000","0.0000","0.0000","0.0000","0.0000"
"8484.0","15:13:18.419","2220612.0000","1.2684","60558.0000","-0.0500","-0.0050","-1.0000","0.0000","0.0000","0.0000","0.0000","0.0000"
"8485.0","15:13:18.420","2220050.0000","1.2071","60558.0000","-0.0500","-0.0050","-1.0000","0.0000","0.0000","0.0000","0.0000","0.0000"
"8486.0","15:13:18.421","2219652.0000","1.1637","60558.0000","-0.0500","-0.0050","-1.0000","0.0000","0.0000","0.0000","0.0000","0.0000"
"8487.0","15:13:18.422","2219661.0000","1.1647","60558.0000","-0.0500","-0.0050","-1.0000","0.0000","0.0000","0.0000","0.0000","0.0000"
"8488.0","15:13:18.423","2218000.0000","0.9836","60558.0000","-0.0500","-0.0050","-1.0000","0.0000","0.0000","0.0000","0.0000","0.0000"
"8489.0","15:13:18.424","2215472.0000","0.7080","60558.0000","-0.0500","-0.0050","-1.0000","0.0000","0.0000","0.0000","0.0000","0.0000"
"8490.0","15:13:18.425","2213589.0000","0.5027","60558.0000","-0.0500","-0.0050","-1.0000","0.0000","0.0000","0.0000","0.0000","0.0000"
"8491.0","15:13:18.426","2212458.0000","0.3794","60558.0000","-0.0500","-0.0050","-1.0000","0.0000","0.0000","0.0000","0.0000","0.0000"
"8492.0","15:13:18.427","2211785.0000","0.3060","60558.0000","-0.0500","-0.0050","-1.0000","0.0000","0.0000","0.0000","0.0000","0.0000"
"8493.0","15:13:18.428","2212756.0000","0.4119","60558.0000","-0.0500","-0.0050","-1.0000","0.0000","0.0000","0.0000","0.0000","0.0000"
"8494.0","15:13:18.429","2214410.0000","0.5922","60558.0000","-0.0500","-0.0050","-1.0000","0.0000","0.0000","0.0000","0.0000","0.0000"
"8495.0","15:13:18.430","2216240.0000","0.7917","60558.0000","-0.0500","-0.0050","-1.0000","0.0000","0.0000","0.0000","0.0000","0.0000"
"8496.0","15:13:18.431","2215475.0000","0.7083","60558.0000","-0.0500","-0.0050","-1.0000","0.0000","0.0000","0.0000","0.0000","0.0000"
"8497.0","15:13:18.432","2216053.0000","0.7714","60558.0000","-0.0500","-0.0050","-1.0000","0.0000","0.0000","0.0000","0.0000","0.0000"
"8498.0","15:13:18.433","2217071.0000","0.8823","60558.0000","-0.0500","-0.0050","-1.0000","0.0000","0.0000","0.0000","0.0000","0.0000"
"8499.0","15:13:18.434","2219551.0000","1.1527","60558.0000","-0.0500","-0.0050","-1.0000","0.0000","0.0000","0.0000","0.0000","0.0000"
"8500.0","15:13:18.435","2221220.0000","1.3346","60558.0000","-0.0500","-0.0050","-1.0000","0.0000","0.0000","0.0000","0.0000","0.0000"
"8501.0","15:13:18.436","2221825.0000","1.4006","60558.0000","-0.0500","-0.0050","-1.0000","0.0000","0.0000","0.0000","0.0000","0.0000"
"8502.0","15:13:18.437","2224130.0000","1.6519","60558.0000","-0.0500","-0.0050","-1.0000","0.0000","0.0000","0.0000","0.0000","0.0000"
"8503.0","15:13:18.438","2225589.0000","1.8109","60558.0000","-0.0500","-0.0050","-1.0000","0.0000","0.0000","0.0000","0.0000","0.0000"
"8504.0","15:13:18.439","2227955.0000","2.0689","60558.0000","-0.0500","-0.0050","-1.0000","0.0000","0.0000","0.0000","0.0000","0.0000"
"8505.0","15:13:18.440","2229742.0000","2.2637","60558.0000","-0.0500","-0.0050","-1.0000","0.0000","0.0000","0.0000","0.0000","0.0000"
"8506.0","15:13:18.441","2231570.0000","2.4630","60558.0000","-0.0500","-0.0050","-1.0000","0.0000","0.0000","0.0000","0.0000","0.0000"
"8507.0","15:13:18.442","2232059.0000","2.5163","60558.0000","-0.0500","-0.0050","-1.0000","0.0000","0.0000","0.0000","0.0000","0.0000"
"8508.0","15:13:18.443","2233251.0000","2.6462","60558.0000","-0.0500","-0.0050","-1.0000","0.0000","0.0000","0.0000","0.0000","0.0000"
"8509.0","15:13:18.444","2231963.0000","2.5058","60558.0000","-0.0500","-0.0050","-1.0000","0.0000","0.0000","0.0000","0.0000","0.0000"
"8510.0","15:13:18.445","2230477.0000","2.3438","60558.0000","-0.0500","-0.0050","-1.0000","0.0000","0.0000","0.0000","0.0000","0.0000"
"8511.0","15:13:18.446","2228475.0000","2.1256","60558.0000","-0.0500","-0.0050","-1.0000","0.0000","0.0000","0.0000","0.0000","0.0000"
"8512.0","15:13:18.447","2226572.0000","1.9181","60558.0000","-0.0500","-0.0050","-1.0000","0.0000","0.0000","0.0000","0.0000","0.0000"
"8513.0","15:13:18.448","2226487.0000","1.9088","60558.0000","-0.0500","-0.0050","-1.0000","0.0000","0.0000","0.0000","0.0000","0.0000"
"8514.0","15:13:18.449","2224520.0000","1.6944","60558.0000","-0.0500","-0.0050","-1.0000","0.0000","0.0000","0.0000","0.0000","0.0000"
"8515.0","15:13:18.450","2225523.0000","1.8037","60558.0000","-0.0500","-0.0050","-1.0000","0.0000","0.0000","0.0000","0.0000","0.0000"
"8516.0","15:13:18.451","2227065.0000","1.9719","60558.0000","-0.0500","-0.0050","-1.0000","0.0000","0.0000","0.0000","0.0000","0.0000"
"8517.0","15:13:18.452","2229104.0000","2.1941","60558.0000","-0.0500","-0.0050","-1.0000","0.0000","0.0000","0.0000","0.0000","0.0000"
"8518.0","15:13:18.453","2230629.0000","2.3604","60558.0000","-0.0500","-0.0050","-1.0000","0.0000","0.0000","0.0000","0.0000","0.0000"
"8519.0","15:13:18.454","2233208.0000","2.6415","60558.0000","-0.0500","-0.0050","-1.0000","0.0000","0.0000","0.0000","0.0000","0.0000"
"8520.0","15:13:18.455","2234602.0000","2.7935","60558.0000","-0.0500","-0.0050","-1.0000","0.0000","0.0000","0.0000","0.0000","0.0000"
"8521.0","15:13:18.456","2235364.0000","2.8766","60558.0000","-0.0500","-0.0050","-1.0000","0.0000","0.0000","0.0000","0.0000","0.0000"
"8522.0","15:13:18.457","2235088.0000","2.8465","60558.0000","-0.0500","-0.0050","-1.0000","0.0000","0.0000","0.0000","0.0000","0.0000"
"8523.0","15:13:18.458","2233308.0000","2.6524","60558.0000","-0.0500","-0.0050","-1.0000","0.0000","0.0000","0.0000","0.0000","0.0000"
"8524.0","15:13:18.459","2231656.0000","2.4724","60558.0000","-0.0500","-0.0050","-1.0000","0.0000","0.0000","0.0000","0.0000","0.0000"
"8525.0","15:13:18.460","2229408.0000","2.2273","60558.0000","-0.0500","-0.0050","-1.0000","0.0000","0.0000","0.0000","0.0000","0.0000"
"8526.0","15:13:18.461","2225847.0000","1.8391","60558.0000","-0.0500","-0.0050","-1.0000","0.0000","0.0000","0.0000","0.0000","0.0000"
"8527.0","15:13:18.462","2225847.0000","1.8391","60558.0000","-0.0500","-0.0050","-1.0000","0.0000","0.0000","0.0000","0.0000","0.0000"
"8528.0","15:13:18.463","2224124.0000","1.6512","60558.0000","-0.0500","-0.0050","-1.0000","0.0000","0.0000","0.0000","0.0000","0.0000"
"8529.0","15:13:18.464","2223122.0000","1.5420","60558.0000","-0.0500","-0.0050","-1.0000","0.0000","0.0000","0.0000","0.0000","0.0000"
"8530.0","15:13:18.465","2221807.0000","1.3986","60558.0000","-0.0500","-0.0050","-1.0000","0.0000","0.0000","0.0000","0.0000","0.0000"
"8531.0","15:13:18.466","2221890.0000","1.4077","60558.0000","-0.0500","-0.0050","-1.0000","0.0000","0.0000","0.0000","0.0000","0.0000"
"8532.0","15:13:18.467","2221878.0000","1.4064","60558.0000","-0.0500","-0.0050","-1.0000","0.0000","0.0000","0.0000","0.0000","0.0000"
"8533.0","15:13:18.468","2221598.0000","1.3758","60558.0000","-0.0500","-0.0050","-1.0000","0.0000","0.0000","0.0000","0.0000","0.0000"
"8534.0","15:13:18.469","2220950.0000","1.3052","60565.0000","-0.0500","-0.0050","-1.0000","0.0000","0.0000","0.0000","0.0000","0.0000"
"8535.0","15:13:18.470","2221393.0000","1.3535","60565.0000","-0.0500","-0.0050","-1.0000","0.0000","0.0000","0.0000","0.0000","0.0000"
"8536.0","15:13:18.471","2222356.0000","1.4585","60565.0000","-0.0500","-0.0050","-1.0000","0.0000","0.0000","0.0000","0.0000","0.0000"
"8537.0","15:13:18.472","2222187.0000","1.4401","60565.0000","-0.0500","-0.0050","-1.0000","0.0000","0.0000","0.0000","0.0000","0.0000"
"8538.0","15:13:18.473","2222409.0000","1.4643","60565.0000","-0.0500","-0.0050","-1.0000","0.0000","0.0000","0.0000","0.0000","0.0000"
"8539.0","15:13:18.474","2222753.0000","1.5018","60565.0000","-0.0500","-0.0050","-1.0000","0.0000","0.0000","0.0000","0.0000","0.0000"
"8540.0","15:13:18.475","2222447.0000","1.4684","60565.0000","-0.0500","-0.0050","-1.0000","0.0000","0.0000","0.0000","0.0000","0.0000"
"8541.0","15:13:18.476","2221211.0000","1.3336","60565.0000","-0.0500","-0.0050","-1.0000","0.0000","0.0000","0.0000","0.0000","0.0000"
"8542.0","15:13:18.477","2219446.0000","1.1412","60565.0000","-0.0500","-0.0050","-1.0000","0.0000","0.0000","0.0000","0.0000","0.0000"
"8543.0","15:13:18.478","2216693.0000","0.8411","60565.0000","-0.0500","-0.0050","-1.0000","0.0000","0.0000","0.0000","0.0000","0.0000"
"8544.0","15:13:18.479","2217106.0000","0.8862","60565.0000","-0.0500","-0.0050","-1.0000","0.0000","0.0000","0.0000","0.0000","0.0000"
"8545.0","15:13:18.480","2217240.0000","0.9007","60565.0000","-0.0500","-0.0050","-1.0000","0.0000","0.0000","0.0000","0.0000","0.0000"
"8546.0","15:13:18.481","2216476.0000","0.8174","60565.0000","-0.0500","-0.0050","-1.0000","0.0000","0.0000","0.0000","0.0000","0.0000"
"8547.0","15:13:18.482","2217460.0000","0.9247","60565.0000","-0.0500","-0.0050","-1.0000","0.0000","0.0000","0.0000","0.0000","0.0000"
"8548.0","15:13:18.483","2218098.0000","0.9943","60565.0000","-0.0500","-0.0050","-1.0000","0.0000","0.0000","0.0000","0.0000","0.0000"
"8549.0","15:13:18.484","2217449.0000","0.9235","60565.0000","-0.0500","-0.0050","-1.0000","0.0000","0.0000","0.0000","0.0000","0.0000"
"8550.0","15:13:18.485","2218297.0000","1.0160","60565.0000","-0.0500","-0.0050","-1.0000","0.0000","0.0000","0.0000","0.0000","0.0000"
"8551.0","15:13:18.486","2218563.0000","1.0450","60565.0000","-0.0500","-0.0050","-1.0000","0.0000","0.0000","0.0000","0.0000","0.0000"
"8552.0","15:13:18.487","2218653.0000","1.0548","60565.0000","-0.0500","-0.0050","-1.0000","0.0000","0.0000","0.0000","0.0000","0.0000"
"8553.0","15:13:18.488","2219535.0000","1.1509","60565.0000","-0.0500","-0.0050","-1.0000","0.0000","0.0000","0.0000","0.0000","0.0000"
"8554.0","15:13:18.489","2220821.0000","1.2911","60565.0000","-0.0500","-0.0050","-1.0000","0.0000","0.0000","0.0000","0.0000","0.0000"
"8555.0","15:13:18.490","2221606.0000","1.3767","60565.0000","-0.0500","-0.0050","-1.0000","0.0000","0.0000","0.0000","0.0000","0.0000"
"8556.0","15:13:18.491","2221091.0000","1.3206","60565.0000","-0.0500","-0.0050","-1.0000","0.0000","0.0000","0.0000","0.0000","0.0000"
"8557.0","15:13:18.492","2222220.0000","1.4437","60565.0000","-0.0500","-0.0050","-1.0000","0.0000","0.0000","0.0000","0.0000","0.0000"
"8558.0","15:13:18.493","2220958.0000","1.3061","60565.0000","-0.0500","-0.0050","-1.0000","0.0000","0.0000","0.0000","0.0000","0.0000"
"8559.0","15:13:18.494","2220860.0000","1.2954","60565.0000","-0.0500","-0.0050","-1.0000","0.0000","0.0000","0.0000","0.0000","0.0000"
"8560.0","15:13:18.495","2221853.0000","1.4036","60565.0000","-0.0500","-0.0050","-1.0000","0.0000","0.0000","0.0000","0.0000","0.0000"
"8561.0","15:13:18.496","2221756.0000","1.3931","60565.0000","-0.0500","-0.0050","-1.0000","0.0000","0.0000","0.0000","0.0000","0.0000"
"8562.0","15:13:18.497","2222574.0000","1.4822","60565.0000","-0.0500","-0.0050","-1.0000","0.0000","0.0000","0.0000","0.0000","0.0000"
"8563.0","15:13:18.498","2223494.0000","1.5825","60565.0000","-0.0500","-0.0050","-1.0000","0.0000","0.0000","0.0000","0.0000","0.0000"
"8564.0","15:13:18.499","2224036.0000","1.6416","60565.0000","-0.0500","-0.0050","-1.0000","0.0000","0.0000","0.0000","0.0000","0.0000"
"8565.0","15:13:18.500","2222797.0000","1.5066","60565.0000","-0.0500","-0.0050","-1.0000","0.0000","0.0000","0.0000","0.0000","0.0000"
"8566.0","15:13:18.501","2223872.0000","1.6238","60565.0000","-0.0500","-0.0050","-1.0000","0.0000","0.0000","0.0000","0.0000","0.0000"
"8567.0","15:13:18.502","2223419.0000","1.5744","60565.0000","-0.0500","-0.0050","-1.0000","0.0000","0.0000","0.0000","0.0000","0.0000"
"8568.0","15:13:18.503","2224196.0000","1.6591","60565.0000","-0.0500","-0.0050","-1.0000","0.0000","0.0000","0.0000","0.0000","0.0000"
"8569.0","15:13:18.504","2224347.0000","1.6755","60565.0000","-0.0500","-0.0050","-1.0000","0.0000","0.0000","0.0000","0.0000","0.0000"
"8570.0","15:13:18.505","2225189.0000","1.7674","60565.0000","-0.0500","-0.0050","-1.0000","0.0000","0.0000","0.0000","0.0000","0.0000"
"8571.0","15:13:18.506","2225945.0000","1.8497","60565.0000","-0.0500","-0.0050","-1.0000","0.0000","0.0000","0.0000","0.0000","0.0000"
"8572.0","15:13:18.507","2225732.0000","1.8265","60565.0000","-0.0500","-0.0050","-1.0000","0.0000","0.0000","0.0000","0.0000","0.0000"
"8573.0","15:13:18.508","2225282.0000","1.7775","60565.0000","-0.0500","-0.0050","-1.0000","0.0000","0.0000","0.0000","0.0000","0.0000"
"8574.0","15:13:18.509","2225282.0000","1.7775","60565.0000","-0.0500","-0.0050","-1.0000","0.0000","0.0000","0.0000","0.0000","0.0000"
"8575.0","15:13:18.510","2225364.0000","1.7864","60565.0000","-0.0500","-0.0050","-1.0000","0.0000","0.0000","0.0000","0.0000","0.0000"
"8576.0","15:13:18.511","2225697.0000","1.8227","60565.0000","-0.0500","-0.0050","-1.0000","0.0000","0.0000","0.0000","0.0000","0.0000"
"8577.0","15:13:18.512","2225236.0000","1.7724","60565.0000","-0.0500","-0.0050","-1.0000","0.0000","0.0000","0.0000","0.0000","0.0000"
"8578.0","15:13:18.513","2225185.0000","1.7669","60565.0000","-0.0500","-0.0050","-1.0000","0.0000","0.0000","0.0000","0.0000","0.0000"
"8579.0","15:13:18.514","2225057.0000","1.7530","60565.0000","-0.0500","-0.0050","-1.0000","0.0000","0.0000","0.0000","0.0000","0.0000"
"8580.0","15:13:18.515","2224430.0000","1.6846","60565.0000","-0.0500","-0.0050","-1.0000","0.0000","0.0000","0.0000","0.0000","0.0000"
"8581.0","15:13:18.516","2224216.0000","1.6613","60565.0000","-0.0500","-0.0050","-1.0000","0.0000","0.0000","0.0000","0.0000","0.0000"
"8582.0","15:13:18.517","2224730.0000","1.7173","60565.0000","-0.0500","-0.0050","-1.0000","0.0000","0.0000","0.0000","0.0000","0.0000"
"8583.0","15:13:18.518","2224585.0000","1.7015","60565.0000","-0.0500","-0.0050","-1.0000","0.0000","0.0000","0.0000","0.0000","0.0000"
"8584.0","15:13:18.519","2224292.0000","1.6695","60565.0000","-0.0500","-0.0050","-1.0000","0.0000","0.0000","0.0000","0.0000","0.0000"
"8585.0","15:13:18.520","2223848.0000","1.6211","60565.0000","-0.0500","-0.0050","-1.0000","0.0000","0.0000","0.0000","0.0000","0.0000"
"8586.0","15:13:18.521","2224836.0000","1.7289","60565.0000","-0.0500","-0.0050","-1.0000","0.0000","0.0000","0.0000","0.0000","0.0000"
"8587.0","15:13:18.522","2224946.0000","1.7408","60565.0000","-0.0500","-0.0050","-1.0000","0.0000","0.0000","0.0000","0.0000","0.0000"
"8588.0","15:13:18.523","2225299.0000","1.7793","60565.0000","-0.0500","-0.0050","-1.0000","0.0000","0.0000","0.0000","0.0000","0.0000"
"8589.0","15:13:18.524","2225151.0000","1.7632","60565.0000","-0.0500","-0.0050","-1.0000","0.0000","0.0000","0.0000","0.0000","0.0000"
"8590.0","15:13:18.525","2226239.0000","1.8818","60565.0000","-0.0500","-0.0050","-1.0000","0.0000","0.0000","0.0000","0.0000","0.0000"
"8591.0","15:13:18.526","2225357.0000","1.7856","60565.0000","-0.0500","-0.0050","-1.0000","0.0000","0.0000","0.0000","0.0000","0.0000"
"8592.0","15:13:18.527","2225834.0000","1.8377","60565.0000","-0.0500","-0.0050","-1.0000","0.0000","0.0000","0.0000","0.0000","0.0000"
"8593.0","15:13:18.528","2225090.0000","1.7565","60565.0000","-0.0500","-0.0050","-1.0000","0.0000","0.0000","0.0000","0.0000","0.0000"
"8594.0","15:13:18.529","2224956.0000","1.7419","60567.0000","-0.0500","-0.0050","-1.0000","0.0000","0.0000","0.0000","0.0000","0.0000"
"8595.0","15:13:18.530","2224830.0000","1.7282","60567.0000","-0.0500","-0.0050","-1.0000","0.0000","0.0000","0.0000","0.0000","0.0000"
"8596.0","15:13:18.531","2223631.0000","1.5975","60567.0000","-0.0500","-0.0050","-1.0000","0.0000","0.0000","0.0000","0.0000","0.0000"
"8597.0","15:13:18.532","2222736.0000","1.4999","60567.0000","-0.0500","-0.0050","-1.0000","0.0000","0.0000","0.0000","0.0000","0.0000"
"8598.0","15:13:18.533","2220921.0000","1.3020","60567.0000","-0.0500","-0.0050","-1.0000","0.0000","0.0000","0.0000","0.0000","0.0000"
"8599.0","15:13:18.534","2221200.0000","1.3325","60567.0000","-0.0500","-0.0050","-1.0000","0.0000","0.0000","0.0000","0.0000","0.0000"
"8600.0","15:13:18.535","2221355.0000","1.3494","60567.0000","-0.0500","-0.0050","-1.0000","0.0000","0.0000","0.0000","0.0000","0.0000"
"8601.0","15:13:18.536","2219832.0000","1.1833","60567.0000","-0.0500","-0.0050","-1.0000","0.0000","0.0000","0.0000","0.0000","0.0000"
"8602.0","15:13:18.537","2220141.0000","1.2170","60567.0000","-0.0500","-0.0050","-1.0000","0.0000","0.0000","0.0000","0.0000","0.0000"
"8603.0","15:13:18.538","2220352.0000","1.2400","60567.0000","-0.0500","-0.0050","-1.0000","0.0000","0.0000","0.0000","0.0000","0.0000"
"8604.0","15:13:18.539","2219254.0000","1.1203","60567.0000","-0.0500","-0.0050","-1.0000","0.0000","0.0000","0.0000","0.0000","0.0000"
"8605.0","15:13:18.540","2218423.0000","1.0297","60567.0000","-0.0500","-0.0050","-1.0000","0.0000","0.0000","0.0000","0.0000","0.0000"
"8606.0","15:13:18.541","2217988.0000","0.9823","60567.0000","-0.0500","-0.0050","-1.0000","0.0000","0.0000","0.0000","0.0000","0.0000"
"8607.0","15:13:18.542","2217451.0000","0.9238","60567.0000","-0.0500","-0.0050","-1.0000","0.0000","0.0000","0.0000","0.0000","0.0000"
"8608.0","15:13:18.543","2216092.0000","0.7756","60567.0000","-0.0500","-0.0050","-1.0000","0.0000","0.0000","0.0000","0.0000","0.0000"
"8609.0","15:13:18.544","2215696.0000","0.7324","60567.0000","-0.0500","-0.0050","-1.0000","0.0000","0.0000","0.0000","0.0000","0.0000"
"8610.0","15:13:18.545","2215480.0000","0.7089","60567.0000","-0.0500","-0.0050","-1.0000","0.0000","0.0000","0.0000","0.0000","0.0000"
"8611.0","15:13:18.546","2214960.0000","0.6522","60567.0000","-0.0500","-0.0050","-1.0000","0.0000","0.0000","0.0000","0.0000","0.0000"
"8612.0","15:13:18.547","2215534.0000","0.7148","60567.0000","-0.0500","-0.0050","-1.0000","0.0000","0.0000","0.0000","0.0000","0.0000"
"8613.0","15:13:18.548","2215018.0000","0.6585","60567.0000","-0.0500","-0.0050","-1.0000","0.0000","0.0000","0.0000","0.0000","0.0000"
"8614.0","15:13:18.549","2214976.0000","0.6539","60567.0000","-0.0500","-0.0050","-1.0000","0.0000","0.0000","0.0000","0.0000","0.0000"
"8615.0","15:13:18.550","2215229.0000","0.6815","60567.0000","-0.0500","-0.0050","-1.0000","0.0000","0.0000","0.0000","0.0000","0.0000"
"8616.0","15:13:18.551","2215714.0000","0.7344","60567.0000","-0.0500","-0.0050","-1.0000","0.0000","0.0000","0.0000","0.0000","0.0000"
"8617.0","15:13:18.552","2216721.0000","0.8442","60567.0000","-0.0500","-0.0050","-1.0000","0.0000","0.0000","0.0000","0.0000","0.0000"
"8618.0","15:13:18.553","2217422.0000","0.9206","60567.0000","-0.0500","-0.0050","-1.0000","0.0000","0.0000","0.0000","0.0000","0.0000"
"8619.0","15:13:18.554","2217785.0000","0.9602","60567.0000","-0.0500","-0.0050","-1.0000","0.0000","0.0000","0.0000","0.0000","0.0000"
"8620.0","15:13:18.555","2217785.0000","0.9602","60567.0000","-0.0500","-0.0050","-1.0000","0.0000","0.0000","0.0000","0.0000","0.0000"
"8621.0","15:13:18.556","2218616.0000","1.0508","60567.0000","-0.0500","-0.0050","-1.0000","0.0000","0.0000","0.0000","0.0000","0.0000"
"8622.0","15:13:18.557","2219982.0000","1.1997","60567.0000","-0.0500","-0.0050","-1.0000","0.0000","0.0000","0.0000","0.0000","0.0000"
"8623.0","15:13:18.558","2220850.0000","1.2943","60567.0000","-0.0500","-0.0050","-1.0000","0.0000","0.0000","0.0000","0.0000","0.0000"
"8624.0","15:13:18.559","2219512.0000","1.1484","60567.0000","-0.0500","-0.0050","-1.0000","0.0000","0.0000","0.0000","0.0000","0.0000"
"8625.0","15:13:18.560","2220290.0000","1.2332","60567.0000","-0.0500","-0.0050","-1.0000","0.0000","0.0000","0.0000","0.0000","0.0000"
"8626.0","15:13:18.561","2221415.0000","1.3559","60567.0000","-0.0500","-0.0050","-1.0000","0.0000","0.0000","0.0000","0.0000","0.0000"
"8627.0","15:13:18.562","2220067.0000","1.2090","60567.0000","-0.0500","-0.0050","-1.0000","0.0000","0.0000","0.0000","0.0000","0.0000"
"8628.0","15:13:18.563","2220979.0000","1.3084","60567.0000","-0.0500","-0.0050","-1.0000","0.0000","0.0000","0.0000","0.0000","0.0000"
"8629.0","15:13:18.564","2221574.0000","1.3732","60567.0000","-0.0500","-0.0050","-1.0000","0.0000","0.0000","0.0000","0.0000","0.0000"
"8630.0","15:13:18.565","2222177.0000","1.4390","60567.0000","-0.0500","-0.0050","-1.0000","0.0000","0.0000","0.0000","0.0000","0.0000"
"8631.0","15:13:18.566","2222225.0000","1.4442","60567.0000","-0.0500","-0.0050","-1.0000","0.0000","0.0000","0.0000","0.0000","0.0000"
"8632.0","15:13:18.567","2222392.0000","1.4624","60567.0000","-0.0500","-0.0050","-1.0000","0.0000","0.0000","0.0000","0.0000","0.0000"
"8633.0","15:13:18.568","2221760.0000","1.3935","60567.0000","-0.0500","-0.0050","-1.0000","0.0000","0.0000","0.0000","0.0000","0.0000"
"8634.0","15:13:18.569","2222797.0000","1.5066","60567.0000","-0.0500","-0.0050","-1.0000","0.0000","0.0000","0.0000","0.0000","0.0000"
"8635.0","15:13:18.570","2222413.0000","1.4647","60567.0000","-0.0500","-0.0050","-1.0000","0.0000","0.0000","0.0000","0.0000","0.0000"
"8636.0","15:13:18.571","2222912.0000","1.5191","60567.0000","-0.0500","-0.0050","-1.0000","0.0000","0.0000","0.0000","0.0000","0.0000"
"8637.0","15:13:18.572","2222533.0000","1.4778","60567.0000","-0.0500","-0.0050","-1.0000","0.0000","0.0000","0.0000","0.0000","0.0000"
"8638.0","15:13:18.573","2222889.0000","1.5166","60567.0000","-0.0500","-0.0050","-1.0000","0.0000","0.0000","0.0000","0.0000","0.0000"
"8639.0","15:13:18.574","2223382.0000","1.5703","60567.0000","-0.0500","-0.0050","-1.0000","0.0000","0.0000","0.0000","0.0000","0.0000"
"8640.0","15:13:18.575","2224318.0000","1.6724","60567.0000","-0.0500","-0.0050","-1.0000","0.0000","0.0000","0.0000","0.0000","0.0000"
"8641.0","15:13:18.576","2225385.0000","1.7887","60567.0000","-0.0500","-0.0050","-1.0000","0.0000","0.0000","0.0000","0.0000","0.0000"
"8642.0","15:13:18.577","2225314.0000","1.7809","60567.0000","-0.0500","-0.0050","-1.0000","0.0000","0.0000","0.0000","0.0000","0.0000"
"8643.0","15:13:18.578","2225996.0000","1.8553","60567.0000","-0.0500","-0.0050","-1.0000","0.0000","0.0000","0.0000","0.0000","0.0000"
"8644.0","15:13:18.579","2226264.0000","1.8845","60567.0000","-0.0500","-0.0050","-1.0000","0.0000","0.0000","0.0000","0.0000","0.0000"
"8645.0","15:13:18.580","2227265.0000","1.9936","60567.0000","-0.0500","-0.0050","-1.0000","0.0000","0.0000","0.0000","0.0000","0.0000"
"8646.0","15:13:18.581","2227805.0000","2.0525","60567.0000","-0.0500","-0.0050","-1.0000","0.0000","0.0000","0.0000","0.0000","0.0000"
"8647.0","15:13:18.582","2227206.0000","1.9872","60567.0000","-0.0500","-0.0050","-1.0000","0.0000","0.0000","0.0000","0.0000","0.0000"
"8648.0","15:13:18.583","2224867.0000","1.7322","60567.0000","-0.0500","-0.0050","-1.0000","0.0000","0.0000","0.0000","0.0000","0.0000"
"8649.0","15:13:18.584","2224754.0000","1.7199","60567.0000","-0.0500","-0.0050","-1.0000","0.0000","0.0000","0.0000","0.0000","0.0000"
"8650.0","15:13:18.585","2224402.0000","1.6815","60567.0000","-0.0500","-0.0050","-1.0000","0.0000","0.0000","0.0000","0.0000","0.0000"
"8651.0","15:13:18.586","2224108.0000","1.6495","60567.0000","-0.0500","-0.0050","-1.0000","0.0000","0.0000","0.0000","0.0000","0.0000"
"8652.0","15:13:18.587","2223761.0000","1.6116","60567.0000","-0.0500","-0.0050","-1.0000","0.0000","0.0000","0.0000","0.0000","0.0000"
"8653.0","15:13:18.588","2223138.0000","1.5437","60567.0000","-0.0500","-0.0050","-1.0000","0.0000","0.0000","0.0000","0.0000","0.0000"
"8654.0","15:13:18.589","2223454.0000","1.5782","60567.0000","-0.0500","-0.0050","-1.0000","0.0000","0.0000","0.0000","0.0000","0.0000"
"8655.0","15:13:18.590","2223600.0000","1.5941","60579.0000","-0.0500","-0.0050","-1.0000","0.0000","0.0000","0.0000","0.0000","0.0000"
"8656.0","15:13:18.591","2222444.0000","1.4681","60579.0000","-0.0500","-0.0050","-1.0000","0.0000","0.0000","0.0000","0.0000","0.0000"
"8657.0","15:13:18.592","2222439.0000","1.4675","60579.0000","-0.0500","-0.0050","-1.0000","0.0000","0.0000","0.0000","0.0000","0.0000"
"8658.0","15:13:18.593","2221769.0000","1.3945","60579.0000","-0.0500","-0.0050","-1.0000","0.0000","0.0000","0.0000","0.0000","0.0000"
"8659.0","15:13:18.594","2221054.0000","1.3166","60579.0000","-0.0500","-0.0050","-1.0000","0.0000","0.0000","0.0000","0.0000","0.0000"
"8660.0","15:13:18.595","2221642.0000","1.3807","60579.0000","-0.0500","-0.0050","-1.0000","0.0000","0.0000","0.0000","0.0000","0.0000"
"8661.0","15:13:18.596","2221067.0000","1.3179","60579.0000","-0.0500","-0.0050","-1.0000","0.0000","0.0000","0.0000","0.0000","0.0000"
"8662.0","15:13:18.597","2221469.0000","1.3618","60579.0000","-0.0500","-0.0050","-1.0000","0.0000","0.0000","0.0000","0.0000","0.0000"
"8663.0","15:13:18.598","2221643.0000","1.3808","60579.0000","-0.0500","-0.0050","-1.0000","0.0000","0.0000","0.0000","0.0000","0.0000"
"8664.0","15:13:18.599","2221225.0000","1.3352","60579.0000","-0.0500","-0.0050","-1.0000","0.0000","0.0000","0.0000","0.0000","0.0000"
"8665.0","15:13:18.600","2220664.0000","1.2740","60579.0000","-0.0500","-0.0050","-1.0000","0.0000","0.0000","0.0000","0.0000","0.0000"
"8666.0","15:13:18.601","2220273.0000","1.2314","60579.0000","-0.0500","-0.0050","-1.0000","0.0000","0.0000","0.0000","0.0000","0.0000"
"8667.0","15:13:18.602","2220273.0000","1.2314","60579.0000","-0.0500","-0.0050","-1.0000","0.0000","0.0000","0.0000","0.0000","0.0000"
"8668.0","15:13:18.603","2219978.0000","1.1993","60579.0000","-0.0500","-0.0050","-1.0000","0.0000","0.0000","0.0000","0.0000","0.0000"
"8669.0","15:13:18.604","2220362.0000","1.2411","60579.0000","-0.0500","-0.0050","-1.0000","0.0000","0.0000","0.0000","0.0000","0.0000"
"8670.0","15:13:18.605","2220644.0000","1.2719","60579.0000","-0.0500","-0.0050","-1.0000","0.0000","0.0000","0.0000","0.0000","0.0000"
"8671.0","15:13:18.606","2220688.0000","1.2766","60579.0000","-0.0500","-0.0050","-1.0000","0.0000","0.0000","0.0000","0.0000","0.0000"
"8672.0","15:13:18.607","2220174.0000","1.2206","60579.0000","-0.0500","-0.0050","-1.0000","0.0000","0.0000","0.0000","0.0000","0.0000"
"8673.0","15:13:18.608","2220175.0000","1.2207","60579.0000","-0.0500","-0.0050","-1.0000","0.0000","0.0000","0.0000","0.0000","0.0000"
"8674.0","15:13:18.609","2220690.0000","1.2769","60579.0000","-0.0500","-0.0050","-1.0000","0.0000","0.0000","0.0000","0.0000","0.0000"
"8675.0","15:13:18.610","2219323.0000","1.1278","60579.0000","-0.0500","-0.0050","-1.0000","0.0000","0.0000","0.0000","0.0000","0.0000"
"8676.0","15:13:18.611","2219926.0000","1.1936","60579.0000","-0.0500","-0.0050","-1.0000","0.0000","0.0000","0.0000","0.0000","0.0000"
"8677.0","15:13:18.612","2219872.0000","1.1877","60579.0000","-0.0500","-0.0050","-1.0000","0.0000","0.0000","0.0000","0.0000","0.0000"
"8678.0","15:13:18.613","2220542.0000","1.2607","60579.0000","-0.0500","-0.0050","-1.0000","0.0000","0.0000","0.0000","0.0000","0.0000"
"8679.0","15:13:18.614","2222198.0000","1.4412","60579.0000","-0.0500","-0.0050","-1.0000","0.0000","0.0000","0.0000","0.0000","0.0000"
"8680.0","15:13:18.615","2222563.0000","1.4811","60579.0000","-0.0500","-0.0050","-1.0000","0.0000","0.0000","0.0000","0.0000","0.0000"
"8681.0","15:13:18.616","2223999.0000","1.6376","60579.0000","-0.0500","-0.0050","-1.0000","0.0000","0.0000","0.0000","0.0000","0.0000"
"8682.0","15:13:18.617","2223130.0000","1.5429","60579.0000","-0.0500","-0.0050","-1.0000","0.0000","0.0000","0.0000","0.0000","0.0000"
"8683.0","15:13:18.618","2223806.0000","1.6166","60579.0000","-0.0500","-0.0050","-1.0000","0.0000","0.0000","0.0000","0.0000","0.0000"
"8684.0","15:13:18.619","2224554.0000","1.6981","60579.0000","-0.0500","-0.0050","-1.0000","0.0000","0.0000","0.0000","0.0000","0.0000"
"8685.0","15:13:18.620","2225428.0000","1.7934","60579.0000","-0.0500","-0.0050","-1.0000","0.0000","0.0000","0.0000","0.0000","0.0000"
"8686.0","15:13:18.621","2225679.0000","1.8208","60579.0000","-0.0500","-0.0050","-1.0000","0.0000","0.0000","0.0000","0.0000","0.0000"
"8687.0","15:13:18.622","2226027.0000","1.8587","60579.0000","-0.0500","-0.0050","-1.0000","0.0000","0.0000","0.0000","0.0000","0.0000"
"8688.0","15:13:18.623","2226020.0000","1.8579","60579.0000","-0.0500","-0.0050","-1.0000","0.0000","0.0000","0.0000","0.0000","0.0000"
"8689.0","15:13:18.624","2225204.0000","1.7690","60579.0000","-0.0500","-0.0050","-1.0000","0.0000","0.0000","0.0000","0.0000","0.0000"
"8690.0","15:13:18.625","2225002.0000","1.7470","60579.0000","-0.0500","-0.0050","-1.0000","0.0000","0.0000","0.0000","0.0000","0.0000"
"8691.0","15:13:18.626","2225731.0000","1.8264","60579.0000","-0.0500","-0.0050","-1.0000","0.0000","0.0000","0.0000","0.0000","0.0000"
"8692.0","15:13:18.627","2225574.0000","1.8093","60579.0000","-0.0500","-0.0050","-1.0000","0.0000","0.0000","0.0000","0.0000","0.0000"
"8693.0","15:13:18.628","2225095.0000","1.7571","60579.0000","-0.0500","-0.0050","-1.0000","0.0000","0.0000","0.0000","0.0000","0.0000"
"8694.0","15:13:18.629","2224691.0000","1.7130","60579.0000","-0.0500","-0.0050","-1.0000","0.0000","0.0000","0.0000","0.0000","0.0000"
"8695.0","15:13:18.630","2225967.0000","1.8522","60579.0000","-0.0500","-0.0050","-1.0000","0.0000","0.0000","0.0000","0.0000","0.0000"
"8696.0","15:13:18.631","2226119.0000","1.8687","60579.0000","-0.0500","-0.0050","-1.0000","0.0000","0.0000","0.0000","0.0000","0.0000"
"8697.0","15:13:18.632","2226750.0000","1.9375","60579.0000","-0.0500","-0.0050","-1.0000","0.0000","0.0000","0.0000","0.0000","0.0000"
"8698.0","15:13:18.633","2226501.0000","1.9104","60579.0000","-0.0500","-0.0050","-1.0000","0.0000","0.0000","0.0000","0.0000","0.0000"
"8699.0","15:13:18.634","2227384.0000","2.0066","60579.0000","-0.0500","-0.0050","-1.0000","0.0000","0.0000","0.0000","0.0000","0.0000"
"8700.0","15:13:18.635","2228149.0000","2.0900","60579.0000","-0.0500","-0.0050","-1.0000","0.0000","0.0000","0.0000","0.0000","0.0000"
"8701.0","15:13:18.636","2227600.0000","2.0302","60579.0000","-0.0500","-0.0050","-1.0000","0.0000","0.0000","0.0000","0.0000","0.0000"
"8702.0","15:13:18.637","2227634.0000","2.0339","60579.0000","-0.0500","-0.0050","-1.0000","0.0000","0.0000","0.0000","0.0000","0.0000"
"8703.0","15:13:18.638","2226614.0000","1.9227","60579.0000","-0.0500","-0.0050","-1.0000","0.0000","0.0000","0.0000","0.0000","0.0000"
"8704.0","15:13:18.639","2226387.0000","1.8979","60579.0000","-0.0500","-0.0050","-1.0000","0.0000","0.0000","0.0000","0.0000","0.0000"
"8705.0","15:13:18.640","2225617.0000","1.8140","60579.0000","-0.0500","-0.0050","-1.0000","0.0000","0.0000","0.0000","0.0000","0.0000"
"8706.0","15:13:18.641","2225038.0000","1.7509","60579.0000","-0.0500","-0.0050","-1.0000","0.0000","0.0000","0.0000","0.0000","0.0000"
"8707.0","15:13:18.642","2225168.0000","1.7650","60579.0000","-0.0500","-0.0050","-1.0000","0.0000","0.0000","0.0000","0.0000","0.0000"
"8708.0","15:13:18.643","2224811.0000","1.7261","60579.0000","-0.0500","-0.0050","-1.0000","0.0000","0.0000","0.0000","0.0000","0.0000"
"8709.0","15:13:18.644","2224894.0000","1.7352","60579.0000","-0.0500","-0.0050","-1.0000","0.0000","0.0000","0.0000","0.0000","0.0000"
"8710.0","15:13:18.645","2225134.0000","1.7613","60579.0000","-0.0500","-0.0050","-1.0000","0.0000","0.0000","0.0000","0.0000","0.0000"
"8711.0","15:13:18.646","2225559.0000","1.8077","60579.0000","-0.0500","-0.0050","-1.0000","0.0000","0.0000","0.0000","0.0000","0.0000"
"8712.0","15:13:18.647","2224917.0000","1.7377","60579.0000","-0.0500","-0.0050","-1.0000","0.0000","0.0000","0.0000","0.0000","0.0000"
"8713.0","15:13:18.648","2225880.0000","1.8427","60579.0000","-0.0500","-0.0050","-1.0000","0.0000","0.0000","0.0000","0.0000","0.0000"
"8714.0","15:13:18.649","2225880.0000","1.8427","60579.0000","-0.0500","-0.0050","-1.0000","0.0000","0.0000","0.0000","0.0000","0.0000"
"8715.0","15:13:18.650","2225913.0000","1.8463","60561.0000","-0.0500","-0.0050","-1.0000","0.0000","0.0000","0.0000","0.0000","0.0000"
"8716.0","15:13:18.651","2225951.0000","1.8504","60561.0000","-0.0500","-0.0050","-1.0000","0.0000","0.0000","0.0000","0.0000","0.0000"
"8717.0","15:13:18.652","2226089.0000","1.8654","60561.0000","-0.0500","-0.0050","-1.0000","0.0000","0.0000","0.0000","0.0000","0.0000"
"8718.0","15:13:18.653","2226327.0000","1.8914","60561.0000","-0.0500","-0.0050","-1.0000","0.0000","0.0000","0.0000","0.0000","0.0000"
"8719.0","15:13:18.654","2225525.0000","1.8040","60561.0000","-0.0500","-0.0050","-1.0000","0.0000","0.0000","0.0000","0.0000","0.0000"
"8720.0","15:13:18.655","2225272.0000","1.7764","60561.0000","-0.0500","-0.0050","-1.0000","0.0000","0.0000","0.0000","0.0000","0.0000"
"8721.0","15:13:18.656","2225365.0000","1.7865","60561.0000","-0.0500","-0.0050","-1.0000","0.0000","0.0000","0.0000","0.0000","0.0000"
"8722.0","15:13:18.657","2225260.0000","1.7751","60561.0000","-0.0500","-0.0050","-1.0000","0.0000","0.0000","0.0000","0.0000","0.0000"
"8723.0","15:13:18.658","2224844.0000","1.7297","60561.0000","-0.0500","-0.0050","-1.0000","0.0000","0.0000","0.0000","0.0000","0.0000"
"8724.0","15:13:18.659","2225120.0000","1.7598","60561.0000","-0.0500","-0.0050","-1.0000","0.0000","0.0000","0.0000","0.0000","0.0000"
"8725.0","15:13:18.660","2224217.0000","1.6614","60561.0000","-0.0500","-0.0050","-1.0000","0.0000","0.0000","0.0000","0.0000","0.0000"
"8726.0","15:13:18.661","2223612.0000","1.5954","60561.0000","-0.0500","-0.0050","-1.0000","0.0000","0.0000","0.0000","0.0000","0.0000"
"8727.0","15:13:18.662","2222701.0000","1.4961","60561.0000","-0.0500","-0.0050","-1.0000","0.0000","0.0000","0.0000","0.0000","0.0000"
"8728.0","15:13:18.663","2222724.0000","1.4986","60561.0000","-0.0500","-0.0050","-1.0000","0.0000","0.0000","0.0000","0.0000","0.0000"
"8729.0","15:13:18.664","2221905.0000","1.4093","60561.0000","-0.0500","-0.0050","-1.0000","0.0000","0.0000","0.0000","0.0000","0.0000"
"8730.0","15:13:18.665","2222447.0000","1.4684","60561.0000","-0.0500","-0.0050","-1.0000","0.0000","0.0000","0.0000","0.0000","0.0000"
"8731.0","15:13:18.666","2221897.0000","1.4084","60561.0000","-0.0500","-0.0050","-1.0000","0.0000","0.0000","0.0000","0.0000","0.0000"
"8732.0","15:13:18.667","2221665.0000","1.3832","60561.0000","-0.0500","-0.0050","-1.0000","0.0000","0.0000","0.0000","0.0000","0.0000"
"8733.0","15:13:18.668","2220271.0000","1.2312","60561.0000","-0.0500","-0.0050","-1.0000","0.0000","0.0000","0.0000","0.0000","0.0000"
"8734.0","15:13:18.669","2220494.0000","1.2555","60561.0000","-0.0500","-0.0050","-1.0000","0.0000","0.0000","0.0000","0.0000","0.0000"
"8735.0","15:13:18.670","2221770.0000","1.3946","60561.0000","-0.0500","-0.0050","-1.0000","0.0000","0.0000","0.0000","0.0000","0.0000"
"8736.0","15:13:18.671","2222360.0000","1.4589","60561.0000","-0.0500","-0.0050","-1.0000","0.0000","0.0000","0.0000","0.0000","0.0000"
"8737.0","15:13:18.672","2222355.0000","1.4584","60561.0000","-0.0500","-0.0050","-1.0000","0.0000","0.0000","0.0000","0.0000","0.0000"
"8738.0","15:13:18.673","2222998.0000","1.5285","60561.0000","-0.0500","-0.0050","-1.0000","0.0000","0.0000","0.0000","0.0000","0.0000"
"8739.0","15:13:18.674","2223120.0000","1.5418","60561.0000","-0.0500","-0.0050","-1.0000","0.0000","0.0000","0.0000","0.0000","0.0000"
"8740.0","15:13:18.675","2223244.0000","1.5553","60561.0000","-0.0500","-0.0050","-1.0000","0.0000","0.0000","0.0000","0.0000","0.0000"
"8741.0","15:13:18.676","2222753.0000","1.5018","60561.0000","-0.0500","-0.0050","-1.0000","0.0000","0.0000","0.0000","0.0000","0.0000"
"8742.0","15:13:18.677","2221780.0000","1.3957","60561.0000","-0.0500","-0.0050","-1.0000","0.0000","0.0000","0.0000","0.0000","0.0000"
"8743.0","15:13:18.678","2221764.0000","1.3939","60561.0000","-0.0500","-0.0050","-1.0000","0.0000","0.0000","0.0000","0.0000","0.0000"
"8744.0","15:13:18.679","2221084.0000","1.3198","60561.0000","-0.0500","-0.0050","-1.0000","0.0000","0.0000","0.0000","0.0000","0.0000"
"8745.0","15:13:18.680","2220508.0000","1.2570","60561.0000","-0.0500","-0.0050","-1.0000","0.0000","0.0000","0.0000","0.0000","0.0000"
"8746.0","15:13:18.681","2220946.0000","1.3048","60561.0000","-0.0500","-0.0050","-1.0000","0.0000","0.0000","0.0000","0.0000","0.0000"
"8747.0","15:13:18.682","2221507.0000","1.3659","60561.0000","-0.0500","-0.0050","-1.0000","0.0000","0.0000","0.0000","0.0000","0.0000"
"8748.0","15:13:18.683","2221048.0000","1.3159","60561.0000","-0.0500","-0.0050","-1.0000","0.0000","0.0000","0.0000","0.0000","0.0000"
"8749.0","15:13:18.684","2220764.0000","1.2849","60561.0000","-0.0500","-0.0050","-1.0000","0.0000","0.0000","0.0000","0.0000","0.0000"
"8750.0","15:13:18.685","2221165.0000","1.3286","60561.0000","-0.0500","-0.0050","-1.0000","0.0000","0.0000","0.0000","0.0000","0.0000"
"8751.0","15:13:18.686","2222210.0000","1.4426","60561.0000","-0.0500","-0.0050","-1.0000","0.0000","0.0000","0.0000","0.0000","0.0000"
"8752.0","15:13:18.687","2223222.0000","1.5529","60561.0000","-0.0500","-0.0050","-1.0000","0.0000","0.0000","0.0000","0.0000","0.0000"
"8753.0","15:13:18.688","2224436.0000","1.6852","60561.0000","-0.0500","-0.0050","-1.0000","0.0000","0.0000","0.0000","0.0000","0.0000"
"8754.0","15:13:18.689","2224697.0000","1.7137","60561.0000","-0.0500","-0.0050","-1.0000","0.0000","0.0000","0.0000","0.0000","0.0000"
"8755.0","15:13:18.690","2224751.0000","1.7196","60561.0000","-0.0500","-0.0050","-1.0000","0.0000","0.0000","0.0000","0.0000","0.0000"
"8756.0","15:13:18.691","2225604.0000","1.8126","60561.0000","-0.0500","-0.0050","-1.0000","0.0000","0.0000","0.0000","0.0000","0.0000"
"8757.0","15:13:18.692","2225384.0000","1.7886","60561.0000","-0.0500","-0.0050","-1.0000","0.0000","0.0000","0.0000","0.0000","0.0000"
"8758.0","15:13:18.693","2224892.0000","1.7349","60561.0000","-0.0500","-0.0050","-1.0000","0.0000","0.0000","0.0000","0.0000","0.0000"
"8759.0","15:13:18.694","2225608.0000","1.8130","60561.0000","-0.0500","-0.0050","-1.0000","0.0000","0.0000","0.0000","0.0000","0.0000"
"8760.0","15:13:18.695","2225608.0000","1.8130","60561.0000","-0.0500","-0.0050","-1.0000","0.0000","0.0000","0.0000","0.0000","0.0000"
"8761.0","15:13:18.696","2225468.0000","1.7978","60561.0000","-0.0500","-0.0050","-1.0000","0.0000","0.0000","0.0000","0.0000","0.0000"
"8762.0","15:13:18.697","2225835.0000","1.8378","60561.0000","-0.0500","-0.0050","-1.0000","0.0000","0.0000","0.0000","0.0000","0.0000"
"8763.0","15:13:18.698","2226254.0000","1.8834","60561.0000","-0.0500","-0.0050","-1.0000","0.0000","0.0000","0.0000","0.0000","0.0000"
"8764.0","15:13:18.699","2225866.0000","1.8412","60561.0000","-0.0500","-0.0050","-1.0000","0.0000","0.0000","0.0000","0.0000","0.0000"
"8765.0","15:13:18.700","2226519.0000","1.9123","60561.0000","-0.0500","-0.0050","-1.0000","0.0000","0.0000","0.0000","0.0000","0.0000"
"8766.0","15:13:18.701","2225908.0000","1.8457","60561.0000","-0.0500","-0.0050","-1.0000","0.0000","0.0000","0.0000","0.0000","0.0000"
"8767.0","15:13:18.702","2226286.0000","1.8869","60561.0000","-0.0500","-0.0050","-1.0000","0.0000","0.0000","0.0000","0.0000","0.0000"
"8768.0","15:13:18.703","2226287.0000","1.8870","60561.0000","-0.0500","-0.0050","-1.0000","0.0000","0.0000","0.0000","0.0000","0.0000"
"8769.0","15:13:18.704","2225828.0000","1.8370","60561.0000","-0.0500","-0.0050","-1.0000","0.0000","0.0000","0.0000","0.0000","0.0000"
"8770.0","15:13:18.705","2226360.0000","1.8950","60561.0000","-0.0500","-0.0050","-1.0000","0.0000","0.0000","0.0000","0.0000","0.0000"
"8771.0","15:13:18.706","2227267.0000","1.9939","60561.0000","-0.0500","-0.0050","-1.0000","0.0000","0.0000","0.0000","0.0000","0.0000"
"8772.0","15:13:18.707","2226142.0000","1.8712","60561.0000","-0.0500","-0.0050","-1.0000","0.0000","0.0000","0.0000","0.0000","0.0000"
"8773.0","15:13:18.708","2225541.0000","1.8057","60561.0000","-0.0500","-0.0050","-1.0000","0.0000","0.0000","0.0000","0.0000","0.0000"
"8774.0","15:13:18.709","2225101.0000","1.7577","60561.0000","-0.0500","-0.0050","-1.0000","0.0000","0.0000","0.0000","0.0000","0.0000"
"8775.0","15:13:18.710","2224265.0000","1.6666","60561.0000","-0.0500","-0.0050","-1.0000","0.0000","0.0000","0.0000","0.0000","0.0000"
"8776.0","15:13:18.711","2224332.0000","1.6739","60567.0000","-0.0500","-0.0050","-1.0000","0.0000","0.0000","0.0000","0.0000","0.0000"
"8777.0","15:13:18.712","2224105.0000","1.6492","60567.0000","-0.0500","-0.0050","-1.0000","0.0000","0.0000","0.0000","0.0000","0.0000"
"8778.0","15:13:18.713","2223765.0000","1.6121","60567.0000","-0.0500","-0.0050","-1.0000","0.0000","0.0000","0.0000","0.0000","0.0000"
"8779.0","15:13:18.714","2223226.0000","1.5533","60567.0000","-0.0500","-0.0050","-1.0000","0.0000","0.0000","0.0000","0.0000","0.0000"
"8780.0","15:13:18.715","2223827.0000","1.6188","60567.0000","-0.0500","-0.0050","-1.0000","0.0000","0.0000","0.0000","0.0000","0.0000"
"8781.0","15:13:18.716","2223444.0000","1.5771","60567.0000","-0.0500","-0.0050","-1.0000","0.0000","0.0000","0.0000","0.0000","0.0000"
"8782.0","15:13:18.717","2222892.0000","1.5169","60567.0000","-0.0500","-0.0050","-1.0000","0.0000","0.0000","0.0000","0.0000","0.0000"
"8783.0","15:13:18.718","2222957.0000","1.5240","60567.0000","-0.0500","-0.0050","-1.0000","0.0000","0.0000","0.0000","0.0000","0.0000"
"8784.0","15:13:18.719","2224369.0000","1.6779","60567.0000","-0.0500","-0.0050","-1.0000","0.0000","0.0000","0.0000","0.0000","0.0000"
"8785.0","15:13:18.720","2224695.0000","1.7135","60567.0000","-0.0500","-0.0050","-1.0000","0.0000","0.0000","0.0000","0.0000","0.0000"
"8786.0","15:13:18.721","2223749.0000","1.6104","60567.0000","-0.0500","-0.0050","-1.0000","0.0000","0.0000","0.0000","0.0000","0.0000"
"8787.0","15:13:18.722","2224247.0000","1.6646","60567.0000","-0.0500","-0.0050","-1.0000","0.0000","0.0000","0.0000","0.0000","0.0000"
"8788.0","15:13:18.723","2223310.0000","1.5625","60567.0000","-0.0500","-0.0050","-1.0000","0.0000","0.0000","0.0000","0.0000","0.0000"
"8789.0","15:13:18.724","2223290.0000","1.5603","60567.0000","-0.0500","-0.0050","-1.0000","0.0000","0.0000","0.0000","0.0000","0.0000"
"8790.0","15:13:18.725","2222977.0000","1.5262","60567.0000","-0.0500","-0.0050","-1.0000","0.0000","0.0000","0.0000","0.0000","0.0000"
"8791.0","15:13:18.726","2222392.0000","1.4624","60567.0000","-0.0500","-0.0050","-1.0000","0.0000","0.0000","0.0000","0.0000","0.0000"
"8792.0","15:13:18.727","2222695.0000","1.4954","60567.0000","-0.0500","-0.0050","-1.0000","0.0000","0.0000","0.0000","0.0000","0.0000"
"8793.0","15:13:18.728","2222700.0000","1.4960","60567.0000","-0.0500","-0.0050","-1.0000","0.0000","0.0000","0.0000","0.0000","0.0000"
"8794.0","15:13:18.729","2224433.0000","1.6849","60567.0000","-0.0500","-0.0050","-1.0000","0.0000","0.0000","0.0000","0.0000","0.0000"
"8795.0","15:13:18.730","2223411.0000","1.5735","60567.0000","-0.0500","-0.0050","-1.0000","0.0000","0.0000","0.0000","0.0000","0.0000"
"8796.0","15:13:18.731","2222696.0000","1.4956","60567.0000","-0.0500","-0.0050","-1.0000","0.0000","0.0000","0.0000","0.0000","0.0000"
"8797.0","15:13:18.732","2222762.0000","1.5028","60567.0000","-0.0500","-0.0050","-1.0000","0.0000","0.0000","0.0000","0.0000","0.0000"
"8798.0","15:13:18.733","2223524.0000","1.5858","60567.0000","-0.0500","-0.0050","-1.0000","0.0000","0.0000","0.0000","0.0000","0.0000"
"8799.0","15:13:18.734","2222947.0000","1.5229","60567.0000","-0.0500","-0.0050","-1.0000","0.0000","0.0000","0.0000","0.0000","0.0000"
"8800.0","15:13:18.735","2223189.0000","1.5493","60567.0000","-0.0500","-0.0050","-1.0000","0.0000","0.0000","0.0000","0.0000","0.0000"
"8801.0","15:13:18.736","2223230.0000","1.5538","60567.0000","-0.0500","-0.0050","-1.0000","0.0000","0.0000","0.0000","0.0000","0.0000"
"8802.0","15:13:18.737","2221820.0000","1.4001","60567.0000","-0.0500","-0.0050","-1.0000","0.0000","0.0000","0.0000","0.0000","0.0000"
"8803.0","15:13:18.738","2221403.0000","1.3546","60567.0000","-0.0500","-0.0050","-1.0000","0.0000","0.0000","0.0000","0.0000","0.0000"
"8804.0","15:13:18.739","2222234.0000","1.4452","60567.0000","-0.0500","-0.0050","-1.0000","0.0000","0.0000","0.0000","0.0000","0.0000"
"8805.0","15:13:18.740","2221872.0000","1.4057","60567.0000","-0.0500","-0.0050","-1.0000","0.0000","0.0000","0.0000","0.0000","0.0000"
"8806.0","15:13:18.741","2221516.0000","1.3669","60567.0000","-0.0500","-0.0050","-1.0000","0.0000","0.0000","0.0000","0.0000","0.0000"
"8807.0","15:13:18.742","2221516.0000","1.3669","60567.0000","-0.0500","-0.0050","-1.0000","0.0000","0.0000","0.0000","0.0000","0.0000"
"8808.0","15:13:18.743","2222184.0000","1.4397","60567.0000","-0.0500","-0.0050","-1.0000","0.0000","0.0000","0.0000","0.0000","0.0000"
"8809.0","15:13:18.744","2222656.0000","1.4912","60567.0000","-0.0500","-0.0050","-1.0000","0.0000","0.0000","0.0000","0.0000","0.0000"
"8810.0","15:13:18.745","2222307.0000","1.4531","60567.0000","-0.0500","-0.0050","-1.0000","0.0000","0.0000","0.0000","0.0000","0.0000"
"8811.0","15:13:18.746","2221565.0000","1.3723","60567.0000","-0.0500","-0.0050","-1.0000","0.0000","0.0000","0.0000","0.0000","0.0000"
"8812.0","15:13:18.747","2221209.0000","1.3335","60567.0000","-0.0500","-0.0050","-1.0000","0.0000","0.0000","0.0000","0.0000","0.0000"
"8813.0","15:13:18.748","2220306.0000","1.2350","60567.0000","-0.0500","-0.0050","-1.0000","0.0000","0.0000","0.0000","0.0000","0.0000"
"8814.0","15:13:18.749","2219518.0000","1.1491","60567.0000","-0.0500","-0.0050","-1.0000","0.0000","0.0000","0.0000","0.0000","0.0000"
"8815.0","15:13:18.750","2220781.0000","1.2868","60567.0000","-0.0500","-0.0050","-1.0000","0.0000","0.0000","0.0000","0.0000","0.0000"
"8816.0","15:13:18.751","2221344.0000","1.3482","60567.0000","-0.0500","-0.0050","-1.0000","0.0000","0.0000","0.0000","0.0000","0.0000"
"8817.0","15:13:18.752","2220022.0000","1.2040","60567.0000","-0.0500","-0.0050","-1.0000","0.0000","0.0000","0.0000","0.0000","0.0000"
"8818.0","15:13:18.753","2219844.0000","1.1846","60567.0000","-0.0500","-0.0050","-1.0000","0.0000","0.0000","0.0000","0.0000","0.0000"
"8819.0","15:13:18.754","2220366.0000","1.2415","60567.0000","-0.0500","-0.0050","-1.0000","0.0000","0.0000","0.0000","0.0000","0.0000"
"8820.0","15:13:18.755","2220346.0000","1.2394","60567.0000","-0.0500","-0.0050","-1.0000","0.0000","0.0000","0.0000","0.0000","0.0000"
"8821.0","15:13:18.756","2220559.0000","1.2626","60567.0000","-0.0500","-0.0050","-1.0000","0.0000","0.0000","0.0000","0.0000","0.0000"
"8822.0","15:13:18.757","2220791.0000","1.2879","60567.0000","-0.0500","-0.0050","-1.0000","0.0000","0.0000","0.0000","0.0000","0.0000"
"8823.0","15:13:18.758","2220442.0000","1.2498","60567.0000","-0.0500","-0.0050","-1.0000","0.0000","0.0000","0.0000","0.0000","0.0000"
"8824.0","15:13:18.759","2220265.0000","1.2305","60567.0000","-0.0500","-0.0050","-1.0000","0.0000","0.0000","0.0000","0.0000","0.0000"
"8825.0","15:13:18.760","2219072.0000","1.1005","60567.0000","-0.0500","-0.0050","-1.0000","0.0000","0.0000","0.0000","0.0000","0.0000"
"8826.0","15:13:18.761","2219191.0000","1.1134","60567.0000","-0.0500","-0.0050","-1.0000","0.0000","0.0000","0.0000","0.0000","0.0000"
"8827.0","15:13:18.762","2218861.0000","1.0775","60567.0000","-0.0500","-0.0050","-1.0000","0.0000","0.0000","0.0000","0.0000","0.0000"
"8828.0","15:13:18.763","2219045.0000","1.0975","60567.0000","-0.0500","-0.0050","-1.0000","0.0000","0.0000","0.0000","0.0000","0.0000"
"8829.0","15:13:18.764","2219122.0000","1.1059","60567.0000","-0.0500","-0.0050","-1.0000","0.0000","0.0000","0.0000","0.0000","0.0000"
"8830.0","15:13:18.765","2219798.0000","1.1796","60567.0000","-0.0500","-0.0050","-1.0000","0.0000","0.0000","0.0000","0.0000","0.0000"
"8831.0","15:13:18.766","2220002.0000","1.2019","60567.0000","-0.0500","-0.0050","-1.0000","0.0000","0.0000","0.0000","0.0000","0.0000"
"8832.0","15:13:18.767","2219683.0000","1.1671","60567.0000","-0.0500","-0.0050","-1.0000","0.0000","0.0000","0.0000","0.0000","0.0000"
"8833.0","15:13:18.768","2220080.0000","1.2103","60567.0000","-0.0500","-0.0050","-1.0000","0.0000","0.0000","0.0000","0.0000","0.0000"
"8834.0","15:13:18.769","2220397.0000","1.2449","60567.0000","-0.0500","-0.0050","-1.0000","0.0000","0.0000","0.0000","0.0000","0.0000"
"8835.0","15:13:18.770","2220824.0000","1.2915","60567.0000","-0.0500","-0.0050","-1.0000","0.0000","0.0000","0.0000","0.0000","0.0000"
"8836.0","15:13:18.771","2220934.0000","1.3035","60571.0000","-0.0500","-0.0050","-1.0000","0.0000","0.0000","0.0000","0.0000","0.0000"
"8837.0","15:13:18.772","2221752.0000","1.3926","60571.0000","-0.0500","-0.0050","-1.0000","0.0000","0.0000","0.0000","0.0000","0.0000"
"8838.0","15:13:18.773","2221954.0000","1.4146","60571.0000","-0.0500","-0.0050","-1.0000","0.0000","0.0000","0.0000","0.0000","0.0000"
"8839.0","15:13:18.774","2221734.0000","1.3907","60571.0000","-0.0500","-0.0050","-1.0000","0.0000","0.0000","0.0000","0.0000","0.0000"
"8840.0","15:13:18.775","2221341.0000","1.3478","60571.0000","-0.0500","-0.0050","-1.0000","0.0000","0.0000","0.0000","0.0000","0.0000"
"8841.0","15:13:18.776","2221645.0000","1.3810","60571.0000","-0.0500","-0.0050","-1.0000","0.0000","0.0000","0.0000","0.0000","0.0000"
"8842.0","15:13:18.777","2221164.0000","1.3285","60571.0000","-0.0500","-0.0050","-1.0000","0.0000","0.0000","0.0000","0.0000","0.0000"
"8843.0","15:13:18.778","2220500.0000","1.2562","60571.0000","-0.0500","-0.0050","-1.0000","0.0000","0.0000","0.0000","0.0000","0.0000"
"8844.0","15:13:18.779","2220911.0000","1.3010","60571.0000","-0.0500","-0.0050","-1.0000","0.0000","0.0000","0.0000","0.0000","0.0000"
"8845.0","15:13:18.780","2221382.0000","1.3523","60571.0000","-0.0500","-0.0050","-1.0000","0.0000","0.0000","0.0000","0.0000","0.0000"
"8846.0","15:13:18.781","2221266.0000","1.3397","60571.0000","-0.0500","-0.0050","-1.0000","0.0000","0.0000","0.0000","0.0000","0.0000"
"8847.0","15:13:18.782","2220768.0000","1.2854","60571.0000","-0.0500","-0.0050","-1.0000","0.0000","0.0000","0.0000","0.0000","0.0000"
"8848.0","15:13:18.783","2220495.0000","1.2556","60571.0000","-0.0500","-0.0050","-1.0000","0.0000","0.0000","0.0000","0.0000","0.0000"
"8849.0","15:13:18.784","2221411.0000","1.3555","60571.0000","-0.0500","-0.0050","-1.0000","0.0000","0.0000","0.0000","0.0000","0.0000"
"8850.0","15:13:18.785","2220859.0000","1.2953","60571.0000","-0.0500","-0.0050","-1.0000","0.0000","0.0000","0.0000","0.0000","0.0000"
"8851.0","15:13:18.786","2219644.0000","1.1628","60571.0000","-0.0500","-0.0050","-1.0000","0.0000","0.0000","0.0000","0.0000","0.0000"
"8852.0","15:13:18.787","2219934.0000","1.1944","60571.0000","-0.0500","-0.0050","-1.0000","0.0000","0.0000","0.0000","0.0000","0.0000"
"8853.0","15:13:18.788","2220962.0000","1.3065","60571.0000","-0.0500","-0.0050","-1.0000","0.0000","0.0000","0.0000","0.0000","0.0000"
"8854.0","15:13:18.789","2220962.0000","1.3065","60571.0000","-0.0500","-0.0050","-1.0000","0.0000","0.0000","0.0000","0.0000","0.0000"
"8855.0","15:13:18.790","2220401.0000","1.2453","60571.0000","-0.0500","-0.0050","-1.0000","0.0000","0.0000","0.0000","0.0000","0.0000"
"8856.0","15:13:18.791","2219984.0000","1.1999","60571.0000","-0.0500","-0.0050","-1.0000","0.0000","0.0000","0.0000","0.0000","0.0000"
"8857.0","15:13:18.792","2220177.0000","1.2209","60571.0000","-0.0500","-0.0050","-1.0000","0.0000","0.0000","0.0000","0.0000","0.0000"
"8858.0","15:13:18.793","2219527.0000","1.1501","60571.0000","-0.0500","-0.0050","-1.0000","0.0000","0.0000","0.0000","0.0000","0.0000"
"8859.0","15:13:18.794","2219732.0000","1.1724","60571.0000","-0.0500","-0.0050","-1.0000","0.0000","0.0000","0.0000","0.0000","0.0000"
"8860.0","15:13:18.795","2218912.0000","1.0830","60571.0000","-0.0500","-0.0050","-1.0000","0.0000","0.0000","0.0000","0.0000","0.0000"
"8861.0","15:13:18.796","2218865.0000","1.0779","60571.0000","-0.0500","-0.0050","-1.0000","0.0000","0.0000","0.0000","0.0000","0.0000"
"8862.0","15:13:18.797","2219044.0000","1.0974","60571.0000","-0.0500","-0.0050","-1.0000","0.0000","0.0000","0.0000","0.0000","0.0000"
"8863.0","15:13:18.798","2219516.0000","1.1489","60571.0000","-0.0500","-0.0050","-1.0000","0.0000","0.0000","0.0000","0.0000","0.0000"
"8864.0","15:13:18.799","2219501.0000","1.1472","60571.0000","-0.0500","-0.0050","-1.0000","0.0000","0.0000","0.0000","0.0000","0.0000"
"8865.0","15:13:18.800","2219570.0000","1.1548","60571.0000","-0.0500","-0.0050","-1.0000","0.0000","0.0000","0.0000","0.0000","0.0000"
"8866.0","15:13:18.801","2219389.0000","1.1350","60571.0000","-0.0500","-0.0050","-1.0000","0.0000","0.0000","0.0000","0.0000","0.0000"
"8867.0","15:13:18.802","2219436.0000","1.1402","60571.0000","-0.0500","-0.0050","-1.0000","0.0000","0.0000","0.0000","0.0000","0.0000"
"8868.0","15:13:18.803","2218824.0000","1.0734","60571.0000","-0.0500","-0.0050","-1.0000","0.0000","0.0000","0.0000","0.0000","0.0000"
"8869.0","15:13:18.804","2219015.0000","1.0943","60571.0000","-0.0500","-0.0050","-1.0000","0.0000","0.0000","0.0000","0.0000","0.0000"
"8870.0","15:13:18.805","2220526.0000","1.2590","60571.0000","-0.0500","-0.0050","-1.0000","0.0000","0.0000","0.0000","0.0000","0.0000"
"8871.0","15:13:18.806","2219822.0000","1.1822","60571.0000","-0.0500","-0.0050","-1.0000","0.0000","0.0000","0.0000","0.0000","0.0000"
"8872.0","15:13:18.807","2220318.0000","1.2363","60571.0000","-0.0500","-0.0050","-1.0000","0.0000","0.0000","0.0000","0.0000","0.0000"
"8873.0","15:13:18.808","2220364.0000","1.2413","60571.0000","-0.0500","-0.0050","-1.0000","0.0000","0.0000","0.0000","0.0000","0.0000"
"8874.0","15:13:18.809","2220307.0000","1.2351","60571.0000","-0.0500","-0.0050","-1.0000","0.0000","0.0000","0.0000","0.0000","0.0000"
"8875.0","15:13:18.810","2219768.0000","1.1763","60571.0000","-0.0500","-0.0050","-1.0000","0.0000","0.0000","0.0000","0.0000","0.0000"
"8876.0","15:13:18.811","2219844.0000","1.1846","60571.0000","-0.0500","-0.0050","-1.0000","0.0000","0.0000","0.0000","0.0000","0.0000"
"8877.0","15:13:18.812","2218784.0000","1.0691","60571.0000","-0.0500","-0.0050","-1.0000","0.0000","0.0000","0.0000","0.0000","0.0000"
"8878.0","15:13:18.813","2218270.0000","1.0130","60571.0000","-0.0500","-0.0050","-1.0000","0.0000","0.0000","0.0000","0.0000","0.0000"
"8879.0","15:13:18.814","2220624.0000","1.2697","60571.0000","-0.0500","-0.0050","-1.0000","0.0000","0.0000","0.0000","0.0000","0.0000"
"8880.0","15:13:18.815","2221216.0000","1.3342","60571.0000","-0.0500","-0.0050","-1.0000","0.0000","0.0000","0.0000","0.0000","0.0000"
"8881.0","15:13:18.816","2220549.0000","1.2615","60571.0000","-0.0500","-0.0050","-1.0000","0.0000","0.0000","0.0000","0.0000","0.0000"
"8882.0","15:13:18.817","2220565.0000","1.2632","60571.0000","-0.0500","-0.0050","-1.0000","0.0000","0.0000","0.0000","0.0000","0.0000"
"8883.0","15:13:18.818","2221144.0000","1.3264","60571.0000","-0.0500","-0.0050","-1.0000","0.0000","0.0000","0.0000","0.0000","0.0000"
"8884.0","15:13:18.819","2221910.0000","1.4099","60571.0000","-0.0500","-0.0050","-1.0000","0.0000","0.0000","0.0000","0.0000","0.0000"
"8885.0","15:13:18.820","2222607.0000","1.4859","60571.0000","-0.0500","-0.0050","-1.0000","0.0000","0.0000","0.0000","0.0000","0.0000"
"8886.0","15:13:18.821","2223285.0000","1.5597","60571.0000","-0.0500","-0.0050","-1.0000","0.0000","0.0000","0.0000","0.0000","0.0000"
"8887.0","15:13:18.822","2222530.0000","1.4775","60571.0000","-0.0500","-0.0050","-1.0000","0.0000","0.0000","0.0000","0.0000","0.0000"
"8888.0","15:13:18.823","2223138.0000","1.5437","60571.0000","-0.0500","-0.0050","-1.0000","0.0000","0.0000","0.0000","0.0000","0.0000"
"8889.0","15:13:18.824","2223804.0000","1.6163","60571.0000","-0.0500","-0.0050","-1.0000","0.0000","0.0000","0.0000","0.0000","0.0000"
"8890.0","15:13:18.825","2222904.0000","1.5182","60571.0000","-0.0500","-0.0050","-1.0000","0.0000","0.0000","0.0000","0.0000","0.0000"
"8891.0","15:13:18.826","2223791.0000","1.6149","60571.0000","-0.0500","-0.0050","-1.0000","0.0000","0.0000","0.0000","0.0000","0.0000"
"8892.0","15:13:18.827","2224452.0000","1.6870","60571.0000","-0.0500","-0.0050","-1.0000","0.0000","0.0000","0.0000","0.0000","0.0000"
"8893.0","15:13:18.828","2224004.0000","1.6382","60571.0000","-0.0500","-0.0050","-1.0000","0.0000","0.0000","0.0000","0.0000","0.0000"
"8894.0","15:13:18.829","2224413.0000","1.6827","60571.0000","-0.0500","-0.0050","-1.0000","0.0000","0.0000","0.0000","0.0000","0.0000"
"8895.0","15:13:18.830","2224407.0000","1.6821","60571.0000","-0.0500","-0.0050","-1.0000","0.0000","0.0000","0.0000","0.0000","0.0000"
"8896.0","15:13:18.831","2225384.0000","1.7886","60571.0000","-0.0500","-0.0050","-1.0000","0.0000","0.0000","0.0000","0.0000","0.0000"
"8897.0","15:13:18.832","2225498.0000","1.8010","60562.0000","-0.0500","-0.0050","-1.0000","0.0000","0.0000","0.0000","0.0000","0.0000"
"8898.0","15:13:18.833","2225331.0000","1.7828","60562.0000","-0.0500","-0.0050","-1.0000","0.0000","0.0000","0.0000","0.0000","0.0000"
"8899.0","15:13:18.834","2226571.0000","1.9180","60562.0000","-0.0500","-0.0050","-1.0000","0.0000","0.0000","0.0000","0.0000","0.0000"
"8900.0","15:13:18.835","2226571.0000","1.9180","60562.0000","-0.0500","-0.0050","-1.0000","0.0000","0.0000","0.0000","0.0000","0.0000"
"8901.0","15:13:18.836","2226251.0000","1.8831","60562.0000","-0.0500","-0.0050","-1.0000","0.0000","0.0000","0.0000","0.0000","0.0000"
"8902.0","15:13:18.837","2227388.0000","2.0071","60562.0000","-0.0500","-0.0050","-1.0000","0.0000","0.0000","0.0000","0.0000","0.0000"
"8903.0","15:13:18.838","2227872.0000","2.0598","60562.0000","-0.0500","-0.0050","-1.0000","0.0000","0.0000","0.0000","0.0000","0.0000"
"8904.0","15:13:18.839","2229691.0000","2.2582","60562.0000","-0.0500","-0.0050","-1.0000","0.0000","0.0000","0.0000","0.0000","0.0000"
"8905.0","15:13:18.840","2229868.0000","2.2774","60562.0000","-0.0500","-0.0050","-1.0000","0.0000","0.0000","0.0000","0.0000","0.0000"
"8906.0","15:13:18.841","2230181.0000","2.3115","60562.0000","-0.0500","-0.0050","-1.0000","0.0000","0.0000","0.0000","0.0000","0.0000"
"8907.0","15:13:18.842","2230172.0000","2.3106","60562.0000","-0.0500","-0.0050","-1.0000","0.0000","0.0000","0.0000","0.0000","0.0000"
"8908.0","15:13:18.843","2230783.0000","2.3772","60562.0000","-0.0500","-0.0050","-1.0000","0.0000","0.0000","0.0000","0.0000","0.0000"
"8909.0","15:13:18.844","2230894.0000","2.3893","60562.0000","-0.0500","-0.0050","-1.0000","0.0000","0.0000","0.0000","0.0000","0.0000"
"8910.0","15:13:18.845","2230971.0000","2.3977","60562.0000","-0.0500","-0.0050","-1.0000","0.0000","0.0000","0.0000","0.0000","0.0000"
"8911.0","15:13:18.846","2230784.0000","2.3773","60562.0000","-0.0500","-0.0050","-1.0000","0.0000","0.0000","0.0000","0.0000","0.0000"
"8912.0","15:13:18.847","2230305.0000","2.3251","60562.0000","-0.0500","-0.0050","-1.0000","0.0000","0.0000","0.0000","0.0000","0.0000"
"8913.0","15:13:18.848","2230457.0000","2.3417","60562.0000","-0.0500","-0.0050","-1.0000","0.0000","0.0000","0.0000","0.0000","0.0000"
"8914.0","15:13:18.849","2229880.0000","2.2787","60562.0000","-0.0500","-0.0050","-1.0000","0.0000","0.0000","0.0000","0.0000","0.0000"
"8915.0","15:13:18.850","2228829.0000","2.1641","60562.0000","-0.0500","-0.0050","-1.0000","0.0000","0.0000","0.0000","0.0000","0.0000"
"8916.0","15:13:18.851","2228430.0000","2.1206","60562.0000","-0.0500","-0.0050","-1.0000","0.0000","0.0000","0.0000","0.0000","0.0000"
"8917.0","15:13:18.852","2227182.0000","1.9846","60562.0000","-0.0500","-0.0050","-1.0000","0.0000","0.0000","0.0000","0.0000","0.0000"
"8918.0","15:13:18.853","2226375.0000","1.8966","60562.0000","-0.0500","-0.0050","-1.0000","0.0000","0.0000","0.0000","0.0000","0.0000"
"8919.0","15:13:18.854","2225329.0000","1.7826","60562.0000","-0.0500","-0.0050","-1.0000","0.0000","0.0000","0.0000","0.0000","0.0000"
"8920.0","15:13:18.855","2224954.0000","1.7417","60562.0000","-0.0500","-0.0050","-1.0000","0.0000","0.0000","0.0000","0.0000","0.0000"
"8921.0","15:13:18.856","2224325.0000","1.6732","60562.0000","-0.0500","-0.0050","-1.0000","0.0000","0.0000","0.0000","0.0000","0.0000"
"8922.0","15:13:18.857","2223492.0000","1.5823","60562.0000","-0.0500","-0.0050","-1.0000","0.0000","0.0000","0.0000","0.0000","0.0000"
"8923.0","15:13:18.858","2222393.0000","1.4625","60562.0000","-0.0500","-0.0050","-1.0000","0.0000","0.0000","0.0000","0.0000","0.0000"
"8924.0","15:13:18.859","2221622.0000","1.3785","60562.0000","-0.0500","-0.0050","-1.0000","0.0000","0.0000","0.0000","0.0000","0.0000"
"8925.0","15:13:18.860","2220972.0000","1.3076","60562.0000","-0.0500","-0.0050","-1.0000","0.0000","0.0000","0.0000","0.0000","0.0000"
"8926.0","15:13:18.861","2220714.0000","1.2795","60562.0000","-0.0500","-0.0050","-1.0000","0.0000","0.0000","0.0000","0.0000","0.0000"
"8927.0","15:13:18.862","2219151.0000","1.1091","60562.0000","-0.0500","-0.0050","-1.0000","0.0000","0.0000","0.0000","0.0000","0.0000"
"8928.0","15:13:18.863","2218536.0000","1.0420","60562.0000","-0.0500","-0.0050","-1.0000","0.0000","0.0000","0.0000","0.0000","0.0000"
"8929.0","15:13:18.864","2218241.0000","1.0099","60562.0000","-0.0500","-0.0050","-1.0000","0.0000","0.0000","0.0000","0.0000","0.0000"
"8930.0","15:13:18.865","2217338.0000","0.9114","60562.0000","-0.0500","-0.0050","-1.0000","0.0000","0.0000","0.0000","0.0000","0.0000"
"8931.0","15:13:18.866","2216560.0000","0.8266","60562.0000","-0.0500","-0.0050","-1.0000","0.0000","0.0000","0.0000","0.0000","0.0000"
"8932.0","15:13:18.867","2216530.0000","0.8233","60562.0000","-0.0500","-0.0050","-1.0000","0.0000","0.0000","0.0000","0.0000","0.0000"
"8933.0","15:13:18.868","2215728.0000","0.7359","60562.0000","-0.0500","-0.0050","-1.0000","0.0000","0.0000","0.0000","0.0000","0.0000"
"8934.0","15:13:18.869","2215463.0000","0.7070","60562.0000","-0.0500","-0.0050","-1.0000","0.0000","0.0000","0.0000","0.0000","0.0000"
"8935.0","15:13:18.870","2215098.0000","0.6672","60562.0000","-0.0500","-0.0050","-1.0000","0.0000","0.0000","0.0000","0.0000","0.0000"
"8936.0","15:13:18.871","2217035.0000","0.8784","60562.0000","-0.0500","-0.0050","-1.0000","0.0000","0.0000","0.0000","0.0000","0.0000"
"8937.0","15:13:18.872","2217291.0000","0.9063","60562.0000","-0.0500","-0.0050","-1.0000","0.0000","0.0000","0.0000","0.0000","0.0000"
"8938.0","15:13:18.873","2217137.0000","0.8895","60562.0000","-0.0500","-0.0050","-1.0000","0.0000","0.0000","0.0000","0.0000","0.0000"
"8939.0","15:13:18.874","2217722.0000","0.9533","60562.0000","-0.0500","-0.0050","-1.0000","0.0000","0.0000","0.0000","0.0000","0.0000"
"8940.0","15:13:18.875","2217471.0000","0.9259","60562.0000","-0.0500","-0.0050","-1.0000","0.0000","0.0000","0.0000","0.0000","0.0000"
"8941.0","15:13:18.876","2217801.0000","0.9619","60562.0000","-0.0500","-0.0050","-1.0000","0.0000","0.0000","0.0000","0.0000","0.0000"
"8942.0","15:13:18.877","2217983.0000","0.9817","60562.0000","-0.0500","-0.0050","-1.0000","0.0000","0.0000","0.0000","0.0000","0.0000"
"8943.0","15:13:18.878","2218479.0000","1.0358","60562.0000","-0.0500","-0.0050","-1.0000","0.0000","0.0000","0.0000","0.0000","0.0000"
"8944.0","15:13:18.879","2218878.0000","1.0793","60562.0000","-0.0500","-0.0050","-1.0000","0.0000","0.0000","0.0000","0.0000","0.0000"
"8945.0","15:13:18.880","2218968.0000","1.0891","60562.0000","-0.0500","-0.0050","-1.0000","0.0000","0.0000","0.0000","0.0000","0.0000"
"8946.0","15:13:18.881","2219453.0000","1.1420","60562.0000","-0.0500","-0.0050","-1.0000","0.0000","0.0000","0.0000","0.0000","0.0000"
"8947.0","15:13:18.882","2219453.0000","1.1420","60562.0000","-0.0500","-0.0050","-1.0000","0.0000","0.0000","0.0000","0.0000","0.0000"
"8948.0","15:13:18.883","2219016.0000","1.0944","60562.0000","-0.0500","-0.0050","-1.0000","0.0000","0.0000","0.0000","0.0000","0.0000"
"8949.0","15:13:18.884","2221161.0000","1.3282","60562.0000","-0.0500","-0.0050","-1.0000","0.0000","0.0000","0.0000","0.0000","0.0000"
"8950.0","15:13:18.885","2221683.0000","1.3851","60562.0000","-0.0500","-0.0050","-1.0000","0.0000","0.0000","0.0000","0.0000","0.0000"
"8951.0","15:13:18.886","2221516.0000","1.3669","60562.0000","-0.0500","-0.0050","-1.0000","0.0000","0.0000","0.0000","0.0000","0.0000"
"8952.0","15:13:18.887","2222216.0000","1.4432","60562.0000","-0.0500","-0.0050","-1.0000","0.0000","0.0000","0.0000","0.0000","0.0000"
"8953.0","15:13:18.888","2222496.0000","1.4737","60562.0000","-0.0500","-0.0050","-1.0000","0.0000","0.0000","0.0000","0.0000","0.0000"
"8954.0","15:13:18.889","2223336.0000","1.5653","60562.0000","-0.0500","-0.0050","-1.0000","0.0000","0.0000","0.0000","0.0000","0.0000"
"8955.0","15:13:18.890","2224581.0000","1.7011","60562.0000","-0.0500","-0.0050","-1.0000","0.0000","0.0000","0.0000","0.0000","0.0000"
"8956.0","15:13:18.891","2223775.0000","1.6132","60562.0000","-0.0500","-0.0050","-1.0000","0.0000","0.0000","0.0000","0.0000","0.0000"
"8957.0","15:13:18.892","2224372.0000","1.6783","60566.0000","-0.0500","-0.0050","-1.0000","0.0000","0.0000","0.0000","0.0000","0.0000"
"8958.0","15:13:18.893","2225421.0000","1.7926","60566.0000","-0.0500","-0.0050","-1.0000","0.0000","0.0000","0.0000","0.0000","0.0000"
"8959.0","15:13:18.894","2225448.0000","1.7956","60566.0000","-0.0500","-0.0050","-1.0000","0.0000","0.0000","0.0000","0.0000","0.0000"
"8960.0","15:13:18.895","2225404.0000","1.7908","60566.0000","-0.0500","-0.0050","-1.0000","0.0000","0.0000","0.0000","0.0000","0.0000"
"8961.0","15:13:18.896","2226521.0000","1.9125","60566.0000","-0.0500","-0.0050","-1.0000","0.0000","0.0000","0.0000","0.0000","0.0000"
"8962.0","15:13:18.897","2225381.0000","1.7883","60566.0000","-0.0500","-0.0050","-1.0000","0.0000","0.0000","0.0000","0.0000","0.0000"
"8963.0","15:13:18.898","2226625.0000","1.9239","60566.0000","-0.0500","-0.0050","-1.0000","0.0000","0.0000","0.0000","0.0000","0.0000"
"8964.0","15:13:18.899","2227312.0000","1.9988","60566.0000","-0.0500","-0.0050","-1.0000","0.0000","0.0000","0.0000","0.0000","0.0000"
"8965.0","15:13:18.900","2228090.0000","2.0836","60566.0000","-0.0500","-0.0050","-1.0000","0.0000","0.0000","0.0000","0.0000","0.0000"
"8966.0","15:13:18.901","2228871.0000","2.1687","60566.0000","-0.0500","-0.0050","-1.0000","0.0000","0.0000","0.0000","0.0000","0.0000"
"8967.0","15:13:18.902","2228589.0000","2.1380","60566.0000","-0.0500","-0.0050","-1.0000","0.0000","0.0000","0.0000","0.0000","0.0000"
"8968.0","15:13:18.903","2229260.0000","2.2111","60566.0000","-0.0500","-0.0050","-1.0000","0.0000","0.0000","0.0000","0.0000","0.0000"
"8969.0","15:13:18.904","2229686.0000","2.2576","60566.0000","-0.0500","-0.0050","-1.0000","0.0000","0.0000","0.0000","0.0000","0.0000"
"8970.0","15:13:18.905","2229416.0000","2.2282","60566.0000","-0.0500","-0.0050","-1.0000","0.0000","0.0000","0.0000","0.0000","0.0000"
"8971.0","15:13:18.906","2229419.0000","2.2285","60566.0000","-0.0500","-0.0050","-1.0000","0.0000","0.0000","0.0000","0.0000","0.0000"
"8972.0","15:13:18.907","2229505.0000","2.2379","60566.0000","-0.0500","-0.0050","-1.0000","0.0000","0.0000","0.0000","0.0000","0.0000"
"8973.0","15:13:18.908","2229603.0000","2.2485","60566.0000","-0.0500","-0.0050","-1.0000","0.0000","0.0000","0.0000","0.0000","0.0000"
"8974.0","15:13:18.909","2228510.0000","2.1294","60566.0000","-0.0500","-0.0050","-1.0000","0.0000","0.0000","0.0000","0.0000","0.0000"
"8975.0","15:13:18.910","2227640.0000","2.0345","60566.0000","-0.0500","-0.0050","-1.0000","0.0000","0.0000","0.0000","0.0000","0.0000"
"8976.0","15:13:18.911","2227588.0000","2.0289","60566.0000","-0.0500","-0.0050","-1.0000","0.0000","0.0000","0.0000","0.0000","0.0000"
"8977.0","15:13:18.912","2227352.0000","2.0031","60566.0000","-0.0500","-0.0050","-1.0000","0.0000","0.0000","0.0000","0.0000","0.0000"
"8978.0","15:13:18.913","2227643.0000","2.0349","60566.0000","-0.0500","-0.0050","-1.0000","0.0000","0.0000","0.0000","0.0000","0.0000"
"8979.0","15:13:18.914","2226773.0000","1.9400","60566.0000","-0.0500","-0.0050","-1.0000","0.0000","0.0000","0.0000","0.0000","0.0000"
"8980.0","15:13:18.915","2226906.0000","1.9545","60566.0000","-0.0500","-0.0050","-1.0000","0.0000","0.0000","0.0000","0.0000","0.0000"
"8981.0","15:13:18.916","2226658.0000","1.9275","60566.0000","-0.0500","-0.0050","-1.0000","0.0000","0.0000","0.0000","0.0000","0.0000"
"8982.0","15:13:18.917","2226073.0000","1.8637","60566.0000","-0.0500","-0.0050","-1.0000","0.0000","0.0000","0.0000","0.0000","0.0000"
"8983.0","15:13:18.918","2225570.0000","1.8089","60566.0000","-0.0500","-0.0050","-1.0000","0.0000","0.0000","0.0000","0.0000","0.0000"
"8984.0","15:13:18.919","2225484.0000","1.7995","60566.0000","-0.0500","-0.0050","-1.0000","0.0000","0.0000","0.0000","0.0000","0.0000"
"8985.0","15:13:18.920","2225448.0000","1.7956","60566.0000","-0.0500","-0.0050","-1.0000","0.0000","0.0000","0.0000","0.0000","0.0000"
"8986.0","15:13:18.921","2225678.0000","1.8206","60566.0000","-0.0500","-0.0050","-1.0000","0.0000","0.0000","0.0000","0.0000","0.0000"
"8987.0","15:13:18.922","2225880.0000","1.8427","60566.0000","-0.0500","-0.0050","-1.0000","0.0000","0.0000","0.0000","0.0000","0.0000"
"8988.0","15:13:18.923","2224316.0000","1.6722","60566.0000","-0.0500","-0.0050","-1.0000","0.0000","0.0000","0.0000","0.0000","0.0000"
"8989.0","15:13:18.924","2223175.0000","1.5478","60566.0000","-0.0500","-0.0050","-1.0000","0.0000","0.0000","0.0000","0.0000","0.0000"
"8990.0","15:13:18.925","2223474.0000","1.5804","60566.0000","-0.0500","-0.0050","-1.0000","0.0000","0.0000","0.0000","0.0000","0.0000"
"8991.0","15:13:18.926","2223246.0000","1.5555","60566.0000","-0.0500","-0.0050","-1.0000","0.0000","0.0000","0.0000","0.0000","0.0000"
"8992.0","15:13:18.927","2222529.0000","1.4774","60566.0000","-0.0500","-0.0050","-1.0000","0.0000","0.0000","0.0000","0.0000","0.0000"
"8993.0","15:13:18.928","2221623.0000","1.3786","60566.0000","-0.0500","-0.0050","-1.0000","0.0000","0.0000","0.0000","0.0000","0.0000"
"8994.0","15:13:18.929","2221623.0000","1.3786","60566.0000","-0.0500","-0.0050","-1.0000","0.0000","0.0000","0.0000","0.0000","0.0000"
"8995.0","15:13:18.930","2220507.0000","1.2569","60566.0000","-0.0500","-0.0050","-1.0000","0.0000","0.0000","0.0000","0.0000","0.0000"
"8996.0","15:13:18.931","2221240.0000","1.3368","60566.0000","-0.0500","-0.0050","-1.0000","0.0000","0.0000","0.0000","0.0000","0.0000"
"8997.0","15:13:18.932","2220751.0000","1.2835","60566.0000","-0.0500","-0.0050","-1.0000","0.0000","0.0000","0.0000","0.0000","0.0000"
"8998.0","15:13:18.933","2220361.0000","1.2410","60566.0000","-0.0500","-0.0050","-1.0000","0.0000","0.0000","0.0000","0.0000","0.0000"
"8999.0","15:13:18.934","2219950.0000","1.1962","60566.0000","-0.0500","-0.0050","-1.0000","0.0000","0.0000","0.0000","0.0000","0.0000"
"9000.0","15:13:18.935","2219855.0000","1.1858","60566.0000","-0.0500","-0.0050","-1.0000","0.0000","0.0000","0.0000","0.0000","0.0000"
"9001.0","15:13:18.936","2218997.0000","1.0923","60566.0000","-0.0500","-0.0050","-1.0000","0.0000","0.0000","0.0000","0.0000","0.0000"
"9002.0","15:13:18.937","2218613.0000","1.0504","60566.0000","-0.0500","-0.0050","-1.0000","0.0000","0.0000","0.0000","0.0000","0.0000"
"9003.0","15:13:18.938","2218176.0000","1.0028","60566.0000","-0.0500","-0.0050","-1.0000","0.0000","0.0000","0.0000","0.0000","0.0000"
"9004.0","15:13:18.939","2218560.0000","1.0447","60566.0000","-0.0500","-0.0050","-1.0000","0.0000","0.0000","0.0000","0.0000","0.0000"
"9005.0","15:13:18.940","2218868.0000","1.0782","60566.0000","-0.0500","-0.0050","-1.0000","0.0000","0.0000","0.0000","0.0000","0.0000"
"9006.0","15:13:18.941","2219116.0000","1.1052","60566.0000","-0.0500","-0.0050","-1.0000","0.0000","0.0000","0.0000","0.0000","0.0000"
"9007.0","15:13:18.942","2218975.0000","1.0899","60566.0000","-0.0500","-0.0050","-1.0000","0.0000","0.0000","0.0000","0.0000","0.0000"
"9008.0","15:13:18.943","2219167.0000","1.1108","60566.0000","-0.0500","-0.0050","-1.0000","0.0000","0.0000","0.0000","0.0000","0.0000"
"9009.0","15:13:18.944","2218818.0000","1.0728","60566.0000","-0.0500","-0.0050","-1.0000","0.0000","0.0000","0.0000","0.0000","0.0000"
"9010.0","15:13:18.945","2220053.0000","1.2074","60566.0000","-0.0500","-0.0050","-1.0000","0.0000","0.0000","0.0000","0.0000","0.0000"
"9011.0","15:13:18.946","2220234.0000","1.2272","60566.0000","-0.0500","-0.0050","-1.0000","0.0000","0.0000","0.0000","0.0000","0.0000"
"9012.0","15:13:18.947","2220411.0000","1.2465","60566.0000","-0.0500","-0.0050","-1.0000","0.0000","0.0000","0.0000","0.0000","0.0000"
"9013.0","15:13:18.948","2221420.0000","1.3564","60566.0000","-0.0500","-0.0050","-1.0000","0.0000","0.0000","0.0000","0.0000","0.0000"
"9014.0","15:13:18.949","2221687.0000","1.3855","60566.0000","-0.0500","-0.0050","-1.0000","0.0000","0.0000","0.0000","0.0000","0.0000"
"9015.0","15:13:18.950","2221797.0000","1.3976","60566.0000","-0.0500","-0.0050","-1.0000","0.0000","0.0000","0.0000","0.0000","0.0000"
"9016.0","15:13:18.951","2221658.0000","1.3824","60566.0000","-0.0500","-0.0050","-1.0000","0.0000","0.0000","0.0000","0.0000","0.0000"
"9017.0","15:13:18.952","2221672.0000","1.3839","60557.0000","-0.0500","-0.0050","-1.0000","0.0000","0.0000","0.0000","0.0000","0.0000"
"9018.0","15:13:18.953","2222493.0000","1.4734","60557.0000","-0.0500","-0.0050","-1.0000","0.0000","0.0000","0.0000","0.0000","0.0000"
"9019.0","15:13:18.954","2222243.0000","1.4462","60557.0000","-0.0500","-0.0050","-1.0000","0.0000","0.0000","0.0000","0.0000","0.0000"
"9020.0","15:13:18.955","2222285.0000","1.4508","60557.0000","-0.0500","-0.0050","-1.0000","0.0000","0.0000","0.0000","0.0000","0.0000"
"9021.0","15:13:18.956","2222763.0000","1.5028","60557.0000","-0.0500","-0.0050","-1.0000","0.0000","0.0000","0.0000","0.0000","0.0000"
"9022.0","15:13:18.957","2222740.0000","1.5003","60557.0000","-0.0500","-0.0050","-1.0000","0.0000","0.0000","0.0000","0.0000","0.0000"
"9023.0","15:13:18.958","2222696.0000","1.4956","60557.0000","-0.0500","-0.0050","-1.0000","0.0000","0.0000","0.0000","0.0000","0.0000"
"9024.0","15:13:18.959","2223472.0000","1.5801","60557.0000","-0.0500","-0.0050","-1.0000","0.0000","0.0000","0.0000","0.0000","0.0000"
"9025.0","15:13:18.960","2222545.0000","1.4791","60557.0000","-0.0500","-0.0050","-1.0000","0.0000","0.0000","0.0000","0.0000","0.0000"
"9026.0","15:13:18.961","2221336.0000","1.3473","60557.0000","-0.0500","-0.0050","-1.0000","0.0000","0.0000","0.0000","0.0000","0.0000"
"9027.0","15:13:18.962","2221572.0000","1.3730","60557.0000","-0.0500","-0.0050","-1.0000","0.0000","0.0000","0.0000","0.0000","0.0000"
"9028.0","15:13:18.963","2221738.0000","1.3911","60557.0000","-0.0500","-0.0050","-1.0000","0.0000","0.0000","0.0000","0.0000","0.0000"
"9029.0","15:13:18.964","2222575.0000","1.4824","60557.0000","-0.0500","-0.0050","-1.0000","0.0000","0.0000","0.0000","0.0000","0.0000"
"9030.0","15:13:18.965","2222649.0000","1.4904","60557.0000","-0.0500","-0.0050","-1.0000","0.0000","0.0000","0.0000","0.0000","0.0000"
"9031.0","15:13:18.966","2222081.0000","1.4285","60557.0000","-0.0500","-0.0050","-1.0000","0.0000","0.0000","0.0000","0.0000","0.0000"
"9032.0","15:13:18.967","2222006.0000","1.4203","60557.0000","-0.0500","-0.0050","-1.0000","0.0000","0.0000","0.0000","0.0000","0.0000"
"9033.0","15:13:18.968","2222203.0000","1.4418","60557.0000","-0.0500","-0.0050","-1.0000","0.0000","0.0000","0.0000","0.0000","0.0000"
"9034.0","15:13:18.969","2222499.0000","1.4741","60557.0000","-0.0500","-0.0050","-1.0000","0.0000","0.0000","0.0000","0.0000","0.0000"
"9035.0","15:13:18.970","2222938.0000","1.5219","60557.0000","-0.0500","-0.0050","-1.0000","0.0000","0.0000","0.0000","0.0000","0.0000"
"9036.0","15:13:18.971","2223243.0000","1.5552","60557.0000","-0.0500","-0.0050","-1.0000","0.0000","0.0000","0.0000","0.0000","0.0000"
"9037.0","15:13:18.972","2221716.0000","1.3887","60557.0000","-0.0500","-0.0050","-1.0000","0.0000","0.0000","0.0000","0.0000","0.0000"
"9038.0","15:13:18.973","2222576.0000","1.4825","60557.0000","-0.0500","-0.0050","-1.0000","0.0000","0.0000","0.0000","0.0000","0.0000"
"9039.0","15:13:18.974","2223829.0000","1.6191","60557.0000","-0.0500","-0.0050","-1.0000","0.0000","0.0000","0.0000","0.0000","0.0000"
"9040.0","15:13:18.975","2223468.0000","1.5797","60557.0000","-0.0500","-0.0050","-1.0000","0.0000","0.0000","0.0000","0.0000","0.0000"
"9041.0","15:13:18.976","2223468.0000","1.5797","60557.0000","-0.0500","-0.0050","-1.0000","0.0000","0.0000","0.0000","0.0000","0.0000"
"9042.0","15:13:18.977","2222334.0000","1.4561","60557.0000","-0.0500","-0.0050","-1.0000","0.0000","0.0000","0.0000","0.0000","0.0000"
"9043.0","15:13:18.978","2222148.0000","1.4358","60557.0000","-0.0500","-0.0050","-1.0000","0.0000","0.0000","0.0000","0.0000","0.0000"
"9044.0","15:13:18.979","2221733.0000","1.3905","60557.0000","-0.0500","-0.0050","-1.0000","0.0000","0.0000","0.0000","0.0000","0.0000"
"9045.0","15:13:18.980","2220932.0000","1.3032","60557.0000","-0.0500","-0.0050","-1.0000","0.0000","0.0000","0.0000","0.0000","0.0000"
"9046.0","15:13:18.981","2221472.0000","1.3621","60557.0000","-0.0500","-0.0050","-1.0000","0.0000","0.0000","0.0000","0.0000","0.0000"
"9047.0","15:13:18.982","2219950.0000","1.1962","60557.0000","-0.0500","-0.0050","-1.0000","0.0000","0.0000","0.0000","0.0000","0.0000"
"9048.0","15:13:18.983","2220491.0000","1.2552","60557.0000","-0.0500","-0.0050","-1.0000","0.0000","0.0000","0.0000","0.0000","0.0000"
"9049.0","15:13:18.984","2219776.0000","1.1772","60557.0000","-0.0500","-0.0050","-1.0000","0.0000","0.0000","0.0000","0.0000","0.0000"
"9050.0","15:13:18.985","2219860.0000","1.1864","60557.0000","-0.0500","-0.0050","-1.0000","0.0000","0.0000","0.0000","0.0000","0.0000"
"9051.0","15:13:18.986","2219985.0000","1.2000","60557.0000","-0.0500","-0.0050","-1.0000","0.0000","0.0000","0.0000","0.0000","0.0000"
"9052.0","15:13:18.987","2220962.0000","1.3065","60557.0000","-0.0500","-0.0050","-1.0000","0.0000","0.0000","0.0000","0.0000","0.0000"
"9053.0","15:13:18.988","2220697.0000","1.2776","60557.0000","-0.0500","-0.0050","-1.0000","0.0000","0.0000","0.0000","0.0000","0.0000"
"9054.0","15:13:18.989","2220822.0000","1.2913","60557.0000","-0.0500","-0.0050","-1.0000","0.0000","0.0000","0.0000","0.0000","0.0000"
"9055.0","15:13:18.990","2220406.0000","1.2459","60557.0000","-0.0500","-0.0050","-1.0000","0.0000","0.0000","0.0000","0.0000","0.0000"
"9056.0","15:13:18.991","2219720.0000","1.1711","60557.0000","-0.0500","-0.0050","-1.0000","0.0000","0.0000","0.0000","0.0000","0.0000"
"9057.0","15:13:18.992","2219630.0000","1.1613","60557.0000","-0.0500","-0.0050","-1.0000","0.0000","0.0000","0.0000","0.0000","0.0000"
"9058.0","15:13:18.993","2219144.0000","1.1083","60557.0000","-0.0500","-0.0050","-1.0000","0.0000","0.0000","0.0000","0.0000","0.0000"
"9059.0","15:13:18.994","2218592.0000","1.0482","60557.0000","-0.0500","-0.0050","-1.0000","0.0000","0.0000","0.0000","0.0000","0.0000"
"9060.0","15:13:18.995","2219092.0000","1.1027","60557.0000","-0.0500","-0.0050","-1.0000","0.0000","0.0000","0.0000","0.0000","0.0000"
"9061.0","15:13:18.996","2218993.0000","1.0918","60557.0000","-0.0500","-0.0050","-1.0000","0.0000","0.0000","0.0000","0.0000","0.0000"
"9062.0","15:13:18.997","2218629.0000","1.0522","60557.0000","-0.0500","-0.0050","-1.0000","0.0000","0.0000","0.0000","0.0000","0.0000"
"9063.0","15:13:18.998","2219064.0000","1.0996","60557.0000","-0.0500","-0.0050","-1.0000","0.0000","0.0000","0.0000","0.0000","0.0000"
"9064.0","15:13:18.999","2219581.0000","1.1559","60557.0000","-0.0500","-0.0050","-1.0000","0.0000","0.0000","0.0000","0.0000","0.0000"
"9065.0","15:13:19.0","2219804.0000","1.1803","60557.0000","-0.0500","-0.0050","-1.0000","0.0000","0.0000","0.0000","0.0000","0.0000"
"9066.0","15:13:19.1","2219439.0000","1.1405","60557.0000","-0.0500","-0.0050","-1.0000","0.0000","0.0000","0.0000","0.0000","0.0000"
"9067.0","15:13:19.2","2220931.0000","1.3032","60557.0000","-0.0500","-0.0050","-1.0000","0.0000","0.0000","0.0000","0.0000","0.0000"
"9068.0","15:13:19.3","2220745.0000","1.2829","60557.0000","-0.0500","-0.0050","-1.0000","0.0000","0.0000","0.0000","0.0000","0.0000"
"9069.0","15:13:19.4","2220010.0000","1.2027","60557.0000","-0.0500","-0.0050","-1.0000","0.0000","0.0000","0.0000","0.0000","0.0000"
"9070.0","15:13:19.5","2221096.0000","1.3211","60557.0000","-0.0500","-0.0050","-1.0000","0.0000","0.0000","0.0000","0.0000","0.0000"
"9071.0","15:13:19.6","2221220.0000","1.3346","60557.0000","-0.0500","-0.0050","-1.0000","0.0000","0.0000","0.0000","0.0000","0.0000"
"9072.0","15:13:19.7","2221016.0000","1.3124","60557.0000","-0.0500","-0.0050","-1.0000","0.0000","0.0000","0.0000","0.0000","0.0000"
"9073.0","15:13:19.8","2220594.0000","1.2664","60557.0000","-0.0500","-0.0050","-1.0000","0.0000","0.0000","0.0000","0.0000","0.0000"
"9074.0","15:13:19.9","2219892.0000","1.1899","60557.0000","-0.0500","-0.0050","-1.0000","0.0000","0.0000","0.0000","0.0000","0.0000"
"9075.0","15:13:19.10","2219979.0000","1.1993","60557.0000","-0.0500","-0.0050","-1.0000","0.0000","0.0000","0.0000","0.0000","0.0000"
"9076.0","15:13:19.11","2220441.0000","1.2497","60557.0000","-0.0500","-0.0050","-1.0000","0.0000","0.0000","0.0000","0.0000","0.0000"
"9077.0","15:13:19.12","2220364.0000","1.2413","60557.0000","-0.0500","-0.0050","-1.0000","0.0000","0.0000","0.0000","0.0000","0.0000"
"9078.0","15:13:19.13","2220718.0000","1.2799","60566.0000","-0.0500","-0.0050","-1.0000","0.0000","0.0000","0.0000","0.0000","0.0000"
"9079.0","15:13:19.14","2221067.0000","1.3179","60566.0000","-0.0500","-0.0050","-1.0000","0.0000","0.0000","0.0000","0.0000","0.0000"
"9080.0","15:13:19.15","2221178.0000","1.3301","60566.0000","-0.0500","-0.0050","-1.0000","0.0000","0.0000","0.0000","0.0000","0.0000"
"9081.0","15:13:19.16","2221473.0000","1.3622","60566.0000","-0.0500","-0.0050","-1.0000","0.0000","0.0000","0.0000","0.0000","0.0000"
"9082.0","15:13:19.17","2221008.0000","1.3115","60566.0000","-0.0500","-0.0050","-1.0000","0.0000","0.0000","0.0000","0.0000","0.0000"
"9083.0","15:13:19.18","2221376.0000","1.3517","60566.0000","-0.0500","-0.0050","-1.0000","0.0000","0.0000","0.0000","0.0000","0.0000"
"9084.0","15:13:19.19","2220857.0000","1.2951","60566.0000","-0.0500","-0.0050","-1.0000","0.0000","0.0000","0.0000","0.0000","0.0000"
"9085.0","15:13:19.20","2221543.0000","1.3698","60566.0000","-0.0500","-0.0050","-1.0000","0.0000","0.0000","0.0000","0.0000","0.0000"
"9086.0","15:13:19.21","2221217.0000","1.3343","60566.0000","-0.0500","-0.0050","-1.0000","0.0000","0.0000","0.0000","0.0000","0.0000"
"9087.0","15:13:19.22","2221217.0000","1.3343","60566.0000","-0.0500","-0.0050","-1.0000","0.0000","0.0000","0.0000","0.0000","0.0000"
"9088.0","15:13:19.23","2221494.0000","1.3645","60566.0000","-0.0500","-0.0050","-1.0000","0.0000","0.0000","0.0000","0.0000","0.0000"
"9089.0","15:13:19.24","2221392.0000","1.3534","60566.0000","-0.0500","-0.0050","-1.0000","0.0000","0.0000","0.0000","0.0000","0.0000"
"9090.0","15:13:19.25","2221897.0000","1.4084","60566.0000","-0.0500","-0.0050","-1.0000","0.0000","0.0000","0.0000","0.0000","0.0000"
"9091.0","15:13:19.26","2222129.0000","1.4337","60566.0000","-0.0500","-0.0050","-1.0000","0.0000","0.0000","0.0000","0.0000","0.0000"
"9092.0","15:13:19.27","2222062.0000","1.4264","60566.0000","-0.0500","-0.0050","-1.0000","0.0000","0.0000","0.0000","0.0000","0.0000"
"9093.0","15:13:19.28","2221828.0000","1.4009","60566.0000","-0.0500","-0.0050","-1.0000","0.0000","0.0000","0.0000","0.0000","0.0000"
"9094.0","15:13:19.29","2222261.0000","1.4481","60566.0000","-0.0500","-0.0050","-1.0000","0.0000","0.0000","0.0000","0.0000","0.0000"
"9095.0","15:13:19.30","2221608.0000","1.3770","60566.0000","-0.0500","-0.0050","-1.0000","0.0000","0.0000","0.0000","0.0000","0.0000"
"9096.0","15:13:19.31","2220927.0000","1.3027","60566.0000","-0.0500","-0.0050","-1.0000","0.0000","0.0000","0.0000","0.0000","0.0000"
"9097.0","15:13:19.32","2221856.0000","1.4040","60566.0000","-0.0500","-0.0050","-1.0000","0.0000","0.0000","0.0000","0.0000","0.0000"
"9098.0","15:13:19.33","2221010.0000","1.3117","60566.0000","-0.0500","-0.0050","-1.0000","0.0000","0.0000","0.0000","0.0000","0.0000"
"9099.0","15:13:19.34","2222048.0000","1.4249","60566.0000","-0.0500","-0.0050","-1.0000","0.0000","0.0000","0.0000","0.0000","0.0000"
"9100.0","15:13:19.35","2221643.0000","1.3808","60566.0000","-0.0500","-0.0050","-1.0000","0.0000","0.0000","0.0000","0.0000","0.0000"
"9101.0","15:13:19.36","2222110.0000","1.4317","60566.0000","-0.0500","-0.0050","-1.0000","0.0000","0.0000","0.0000","0.0000","0.0000"
"9102.0","15:13:19.37","2221671.0000","1.3838","60566.0000","-0.0500","-0.0050","-1.0000","0.0000","0.0000","0.0000","0.0000","0.0000"
"9103.0","15:13:19.38","2223169.0000","1.5471","60566.0000","-0.0500","-0.0050","-1.0000","0.0000","0.0000","0.0000","0.0000","0.0000"
"9104.0","15:13:19.39","2224262.0000","1.6663","60566.0000","-0.0500","-0.0050","-1.0000","0.0000","0.0000","0.0000","0.0000","0.0000"
"9105.0","15:13:19.40","2224017.0000","1.6395","60566.0000","-0.0500","-0.0050","-1.0000","0.0000","0.0000","0.0000","0.0000","0.0000"
"9106.0","15:13:19.41","2224133.0000","1.6522","60566.0000","-0.0500","-0.0050","-1.0000","0.0000","0.0000","0.0000","0.0000","0.0000"
"9107.0","15:13:19.42","2223854.0000","1.6218","60566.0000","-0.0500","-0.0050","-1.0000","0.0000","0.0000","0.0000","0.0000","0.0000"
"9108.0","15:13:19.43","2224189.0000","1.6583","60566.0000","-0.0500","-0.0050","-1.0000","0.0000","0.0000","0.0000","0.0000","0.0000"
"9109.0","15:13:19.44","2224224.0000","1.6621","60566.0000","-0.0500","-0.0050","-1.0000","0.0000","0.0000","0.0000","0.0000","0.0000"
"9110.0","15:13:19.45","2224076.0000","1.6460","60566.0000","-0.0500","-0.0050","-1.0000","0.0000","0.0000","0.0000","0.0000","0.0000"
"9111.0","15:13:19.46","2223958.0000","1.6332","60566.0000","-0.0500","-0.0050","-1.0000","0.0000","0.0000","0.0000","0.0000","0.0000"
"9112.0","15:13:19.47","2224944.0000","1.7406","60566.0000","-0.0500","-0.0050","-1.0000","0.0000","0.0000","0.0000","0.0000","0.0000"
"9113.0","15:13:19.48","2225296.0000","1.7790","60566.0000","-0.0500","-0.0050","-1.0000","0.0000","0.0000","0.0000","0.0000","0.0000"
"9114.0","15:13:19.49","2224658.0000","1.7095","60566.0000","-0.0500","-0.0050","-1.0000","0.0000","0.0000","0.0000","0.0000","0.0000"
"9115.0","15:13:19.50","2224334.0000","1.6741","60566.0000","-0.0500","-0.0050","-1.0000","0.0000","0.0000","0.0000","0.0000","0.0000"
"9116.0","15:13:19.51","2224461.0000","1.6880","60566.0000","-0.0500","-0.0050","-1.0000","0.0000","0.0000","0.0000","0.0000","0.0000"
"9117.0","15:13:19.52","2224093.0000","1.6479","60566.0000","-0.0500","-0.0050","-1.0000","0.0000","0.0000","0.0000","0.0000","0.0000"
"9118.0","15:13:19.53","2224253.0000","1.6653","60566.0000","-0.0500","-0.0050","-1.0000","0.0000","0.0000","0.0000","0.0000","0.0000"
"9119.0","15:13:19.54","2224934.0000","1.7395","60566.0000","-0.0500","-0.0050","-1.0000","0.0000","0.0000","0.0000","0.0000","0.0000"
"9120.0","15:13:19.55","2224042.0000","1.6423","60566.0000","-0.0500","-0.0050","-1.0000","0.0000","0.0000","0.0000","0.0000","0.0000"
"9121.0","15:13:19.56","2224708.0000","1.7149","60566.0000","-0.0500","-0.0050","-1.0000","0.0000","0.0000","0.0000","0.0000","0.0000"
"9122.0","15:13:19.57","2225078.0000","1.7552","60566.0000","-0.0500","-0.0050","-1.0000","0.0000","0.0000","0.0000","0.0000","0.0000"
"9123.0","15:13:19.58","2224786.0000","1.7234","60566.0000","-0.0500","-0.0050","-1.0000","0.0000","0.0000","0.0000","0.0000","0.0000"
"9124.0","15:13:19.59","2225712.0000","1.8243","60566.0000","-0.0500","-0.0050","-1.0000","0.0000","0.0000","0.0000","0.0000","0.0000"
"9125.0","15:13:19.60","2225047.0000","1.7518","60566.0000","-0.0500","-0.0050","-1.0000","0.0000","0.0000","0.0000","0.0000","0.0000"
"9126.0","15:13:19.61","2225112.0000","1.7589","60566.0000","-0.0500","-0.0050","-1.0000","0.0000","0.0000","0.0000","0.0000","0.0000"
"9127.0","15:13:19.62","2224952.0000","1.7415","60566.0000","-0.0500","-0.0050","-1.0000","0.0000","0.0000","0.0000","0.0000","0.0000"
"9128.0","15:13:19.63","2224210.0000","1.6606","60566.0000","-0.0500","-0.0050","-1.0000","0.0000","0.0000","0.0000","0.0000","0.0000"
"9129.0","15:13:19.64","2223940.0000","1.6312","60566.0000","-0.0500","-0.0050","-1.0000","0.0000","0.0000","0.0000","0.0000","0.0000"
"9130.0","15:13:19.65","2224886.0000","1.7343","60566.0000","-0.0500","-0.0050","-1.0000","0.0000","0.0000","0.0000","0.0000","0.0000"
"9131.0","15:13:19.66","2224475.0000","1.6895","60566.0000","-0.0500","-0.0050","-1.0000","0.0000","0.0000","0.0000","0.0000","0.0000"
"9132.0","15:13:19.67","2224086.0000","1.6471","60566.0000","-0.0500","-0.0050","-1.0000","0.0000","0.0000","0.0000","0.0000","0.0000"
"9133.0","15:13:19.68","2224424.0000","1.6839","60566.0000","-0.0500","-0.0050","-1.0000","0.0000","0.0000","0.0000","0.0000","0.0000"
"9134.0","15:13:19.69","2224424.0000","1.6839","60566.0000","-0.0500","-0.0050","-1.0000","0.0000","0.0000","0.0000","0.0000","0.0000"
"9135.0","15:13:19.70","2224834.0000","1.7286","60566.0000","-0.0500","-0.0050","-1.0000","0.0000","0.0000","0.0000","0.0000","0.0000"
"9136.0","15:13:19.71","2225230.0000","1.7718","60566.0000","-0.0500","-0.0050","-1.0000","0.0000","0.0000","0.0000","0.0000","0.0000"
"9137.0","15:13:19.72","2225044.0000","1.7515","60566.0000","-0.0500","-0.0050","-1.0000","0.0000","0.0000","0.0000","0.0000","0.0000"
"9138.0","15:13:19.73","2223998.0000","1.6375","60558.0000","-0.0500","-0.0050","-1.0000","0.0000","0.0000","0.0000","0.0000","0.0000"
"9139.0","15:13:19.74","2224526.0000","1.6951","60558.0000","-0.0500","-0.0050","-1.0000","0.0000","0.0000","0.0000","0.0000","0.0000"
"9140.0","15:13:19.75","2224247.0000","1.6646","60558.0000","-0.0500","-0.0050","-1.0000","0.0000","0.0000","0.0000","0.0000","0.0000"
"9141.0","15:13:19.76","2223862.0000","1.6226","60558.0000","-0.0500","-0.0050","-1.0000","0.0000","0.0000","0.0000","0.0000","0.0000"
"9142.0","15:13:19.77","2223476.0000","1.5806","60558.0000","-0.0500","-0.0050","-1.0000","0.0000","0.0000","0.0000","0.0000","0.0000"
"9143.0","15:13:19.78","2223734.0000","1.6087","60558.0000","-0.0500","-0.0050","-1.0000","0.0000","0.0000","0.0000","0.0000","0.0000"
"9144.0","15:13:19.79","2223547.0000","1.5883","60558.0000","-0.0500","-0.0050","-1.0000","0.0000","0.0000","0.0000","0.0000","0.0000"
"9145.0","15:13:19.80","2223258.0000","1.5568","60558.0000","-0.0500","-0.0050","-1.0000","0.0000","0.0000","0.0000","0.0000","0.0000"
"9146.0","15:13:19.81","2222514.0000","1.4757","60558.0000","-0.0500","-0.0050","-1.0000","0.0000","0.0000","0.0000","0.0000","0.0000"
"9147.0","15:13:19.82","2222730.0000","1.4993","60558.0000","-0.0500","-0.0050","-1.0000","0.0000","0.0000","0.0000","0.0000","0.0000"
"9148.0","15:13:19.83","2222025.0000","1.4224","60558.0000","-0.0500","-0.0050","-1.0000","0.0000","0.0000","0.0000","0.0000","0.0000"
"9149.0","15:13:19.84","2222826.0000","1.5097","60558.0000","-0.0500","-0.0050","-1.0000","0.0000","0.0000","0.0000","0.0000","0.0000"
"9150.0","15:13:19.85","2222419.0000","1.4653","60558.0000","-0.0500","-0.0050","-1.0000","0.0000","0.0000","0.0000","0.0000","0.0000"
"9151.0","15:13:19.86","2222652.0000","1.4908","60558.0000","-0.0500","-0.0050","-1.0000","0.0000","0.0000","0.0000","0.0000","0.0000"
"9152.0","15:13:19.87","2223293.0000","1.5606","60558.0000","-0.0500","-0.0050","-1.0000","0.0000","0.0000","0.0000","0.0000","0.0000"
"9153.0","15:13:19.88","2223461.0000","1.5790","60558.0000","-0.0500","-0.0050","-1.0000","0.0000","0.0000","0.0000","0.0000","0.0000"
"9154.0","15:13:19.89","2223108.0000","1.5405","60558.0000","-0.0500","-0.0050","-1.0000","0.0000","0.0000","0.0000","0.0000","0.0000"
"9155.0","15:13:19.90","2223242.0000","1.5551","60558.0000","-0.0500","-0.0050","-1.0000","0.0000","0.0000","0.0000","0.0000","0.0000"
"9156.0","15:13:19.91","2223483.0000","1.5813","60558.0000","-0.0500","-0.0050","-1.0000","0.0000","0.0000","0.0000","0.0000","0.0000"
"9157.0","15:13:19.92","2223578.0000","1.5917","60558.0000","-0.0500","-0.0050","-1.0000","0.0000","0.0000","0.0000","0.0000","0.0000"
"9158.0","15:13:19.93","2223654.0000","1.6000","60558.0000","-0.0500","-0.0050","-1.0000","0.0000","0.0000","0.0000","0.0000","0.0000"
"9159.0","15:13:19.94","2223700.0000","1.6050","60558.0000","-0.0500","-0.0050","-1.0000","0.0000","0.0000","0.0000","0.0000","0.0000"
"9160.0","15:13:19.95","2223962.0000","1.6336","60558.0000","-0.0500","-0.0050","-1.0000","0.0000","0.0000","0.0000","0.0000","0.0000"
"9161.0","15:13:19.96","2223748.0000","1.6102","60558.0000","-0.0500","-0.0050","-1.0000","0.0000","0.0000","0.0000","0.0000","0.0000"
"9162.0","15:13:19.97","2223342.0000","1.5660","60558.0000","-0.0500","-0.0050","-1.0000","0.0000","0.0000","0.0000","0.0000","0.0000"
"9163.0","15:13:19.98","2224498.0000","1.6920","60558.0000","-0.0500","-0.0050","-1.0000","0.0000","0.0000","0.0000","0.0000","0.0000"
"9164.0","15:13:19.99","2224337.0000","1.6745","60558.0000","-0.0500","-0.0050","-1.0000","0.0000","0.0000","0.0000","0.0000","0.0000"
"9165.0","15:13:19.100","2223966.0000","1.6340","60558.0000","-0.0500","-0.0050","-1.0000","0.0000","0.0000","0.0000","0.0000","0.0000"
"9166.0","15:13:19.101","2224197.0000","1.6592","60558.0000","-0.0500","-0.0050","-1.0000","0.0000","0.0000","0.0000","0.0000","0.0000"
"9167.0","15:13:19.102","2223939.0000","1.6311","60558.0000","-0.0500","-0.0050","-1.0000","0.0000","0.0000","0.0000","0.0000","0.0000"
"9168.0","15:13:19.103","2224591.0000","1.7021","60558.0000","-0.0500","-0.0050","-1.0000","0.0000","0.0000","0.0000","0.0000","0.0000"
"9169.0","15:13:19.104","2225281.0000","1.7774","60558.0000","-0.0500","-0.0050","-1.0000","0.0000","0.0000","0.0000","0.0000","0.0000"
"9170.0","15:13:19.105","2224924.0000","1.7384","60558.0000","-0.0500","-0.0050","-1.0000","0.0000","0.0000","0.0000","0.0000","0.0000"
"9171.0","15:13:19.106","2225291.0000","1.7784","60558.0000","-0.0500","-0.0050","-1.0000","0.0000","0.0000","0.0000","0.0000","0.0000"
"9172.0","15:13:19.107","2225154.0000","1.7635","60558.0000","-0.0500","-0.0050","-1.0000","0.0000","0.0000","0.0000","0.0000","0.0000"
"9173.0","15:13:19.108","2225238.0000","1.7727","60558.0000","-0.0500","-0.0050","-1.0000","0.0000","0.0000","0.0000","0.0000","0.0000"
"9174.0","15:13:19.109","2225384.0000","1.7886","60558.0000","-0.0500","-0.0050","-1.0000","0.0000","0.0000","0.0000","0.0000","0.0000"
"9175.0","15:13:19.110","2224370.0000","1.6780","60558.0000","-0.0500","-0.0050","-1.0000","0.0000","0.0000","0.0000","0.0000","0.0000"
"9176.0","15:13:19.111","2224656.0000","1.7092","60558.0000","-0.0500","-0.0050","-1.0000","0.0000","0.0000","0.0000","0.0000","0.0000"
"9177.0","15:13:19.112","2224909.0000","1.7368","60558.0000","-0.0500","-0.0050","-1.0000","0.0000","0.0000","0.0000","0.0000","0.0000"
"9178.0","15:13:19.113","2224469.0000","1.6889","60558.0000","-0.0500","-0.0050","-1.0000","0.0000","0.0000","0.0000","0.0000","0.0000"
"9179.0","15:13:19.114","2223650.0000","1.5995","60558.0000","-0.0500","-0.0050","-1.0000","0.0000","0.0000","0.0000","0.0000","0.0000"
"9180.0","15:13:19.115","2224181.0000","1.6574","60558.0000","-0.0500","-0.0050","-1.0000","0.0000","0.0000","0.0000","0.0000","0.0000"
"9181.0","15:13:19.116","2224181.0000","1.6574","60558.0000","-0.0500","-0.0050","-1.0000","0.0000","0.0000","0.0000","0.0000","0.0000"
"9182.0","15:13:19.117","2224510.0000","1.6933","60558.0000","-0.0500","-0.0050","-1.0000","0.0000","0.0000","0.0000","0.0000","0.0000"
"9183.0","15:13:19.118","2224483.0000","1.6904","60558.0000","-0.0500","-0.0050","-1.0000","0.0000","0.0000","0.0000","0.0000","0.0000"
"9184.0","15:13:19.119","2224146.0000","1.6536","60558.0000","-0.0500","-0.0050","-1.0000","0.0000","0.0000","0.0000","0.0000","0.0000"
"9185.0","15:13:19.120","2223714.0000","1.6065","60558.0000","-0.0500","-0.0050","-1.0000","0.0000","0.0000","0.0000","0.0000","0.0000"
"9186.0","15:13:19.121","2225801.0000","1.8340","60558.0000","-0.0500","-0.0050","-1.0000","0.0000","0.0000","0.0000","0.0000","0.0000"
"9187.0","15:13:19.122","2225319.0000","1.7815","60558.0000","-0.0500","-0.0050","-1.0000","0.0000","0.0000","0.0000","0.0000","0.0000"
"9188.0","15:13:19.123","2224770.0000","1.7217","60558.0000","-0.0500","-0.0050","-1.0000","0.0000","0.0000","0.0000","0.0000","0.0000"
"9189.0","15:13:19.124","2224871.0000","1.7327","60558.0000","-0.0500","-0.0050","-1.0000","0.0000","0.0000","0.0000","0.0000","0.0000"
"9190.0","15:13:19.125","2224464.0000","1.6883","60558.0000","-0.0500","-0.0050","-1.0000","0.0000","0.0000","0.0000","0.0000","0.0000"
"9191.0","15:13:19.126","2224518.0000","1.6942","60558.0000","-0.0500","-0.0050","-1.0000","0.0000","0.0000","0.0000","0.0000","0.0000"
"9192.0","15:13:19.127","2224054.0000","1.6436","60558.0000","-0.0500","-0.0050","-1.0000","0.0000","0.0000","0.0000","0.0000","0.0000"
"9193.0","15:13:19.128","2223427.0000","1.5753","60558.0000","-0.0500","-0.0050","-1.0000","0.0000","0.0000","0.0000","0.0000","0.0000"
"9194.0","15:13:19.129","2223010.0000","1.5298","60558.0000","-0.0500","-0.0050","-1.0000","0.0000","0.0000","0.0000","0.0000","0.0000"
"9195.0","15:13:19.130","2222979.0000","1.5264","60558.0000","-0.0500","-0.0050","-1.0000","0.0000","0.0000","0.0000","0.0000","0.0000"
"9196.0","15:13:19.131","2222943.0000","1.5225","60558.0000","-0.0500","-0.0050","-1.0000","0.0000","0.0000","0.0000","0.0000","0.0000"
"9197.0","15:13:19.132","2222578.0000","1.4827","60558.0000","-0.0500","-0.0050","-1.0000","0.0000","0.0000","0.0000","0.0000","0.0000"
"9198.0","15:13:19.133","2222665.0000","1.4922","60558.0000","-0.0500","-0.0050","-1.0000","0.0000","0.0000","0.0000","0.0000","0.0000"
"9199.0","15:13:19.134","2222000.0000","1.4197","60570.0000","-0.0500","-0.0050","-1.0000","0.0000","0.0000","0.0000","0.0000","0.0000"
"9200.0","15:13:19.135","2221383.0000","1.3524","60570.0000","-0.0500","-0.0050","-1.0000","0.0000","0.0000","0.0000","0.0000","0.0000"
"9201.0","15:13:19.136","2222187.0000","1.4401","60570.0000","-0.0500","-0.0050","-1.0000","0.0000","0.0000","0.0000","0.0000","0.0000"
"9202.0","15:13:19.137","2221047.0000","1.3158","60570.0000","-0.0500","-0.0050","-1.0000","0.0000","0.0000","0.0000","0.0000","0.0000"
"9203.0","15:13:19.138","2221640.0000","1.3804","60570.0000","-0.0500","-0.0050","-1.0000","0.0000","0.0000","0.0000","0.0000","0.0000"
"9204.0","15:13:19.139","2221296.0000","1.3429","60570.0000","-0.0500","-0.0050","-1.0000","0.0000","0.0000","0.0000","0.0000","0.0000"
"9205.0","15:13:19.140","2221832.0000","1.4014","60570.0000","-0.0500","-0.0050","-1.0000","0.0000","0.0000","0.0000","0.0000","0.0000"
"9206.0","15:13:19.141","2221703.0000","1.3873","60570.0000","-0.0500","-0.0050","-1.0000","0.0000","0.0000","0.0000","0.0000","0.0000"
"9207.0","15:13:19.142","2220828.0000","1.2919","60570.0000","-0.0500","-0.0050","-1.0000","0.0000","0.0000","0.0000","0.0000","0.0000"
"9208.0","15:13:19.143","2221026.0000","1.3135","60570.0000","-0.0500","-0.0050","-1.0000","0.0000","0.0000","0.0000","0.0000","0.0000"
"9209.0","15:13:19.144","2221363.0000","1.3502","60570.0000","-0.0500","-0.0050","-1.0000","0.0000","0.0000","0.0000","0.0000","0.0000"
"9210.0","15:13:19.145","2220429.0000","1.2484","60570.0000","-0.0500","-0.0050","-1.0000","0.0000","0.0000","0.0000","0.0000","0.0000"
"9211.0","15:13:19.146","2220803.0000","1.2892","60570.0000","-0.0500","-0.0050","-1.0000","0.0000","0.0000","0.0000","0.0000","0.0000"
"9212.0","15:13:19.147","2221426.0000","1.3571","60570.0000","-0.0500","-0.0050","-1.0000","0.0000","0.0000","0.0000","0.0000","0.0000"
"9213.0","15:13:19.148","2219644.0000","1.1628","60570.0000","-0.0500","-0.0050","-1.0000","0.0000","0.0000","0.0000","0.0000","0.0000"
"9214.0","15:13:19.149","2220855.0000","1.2948","60570.0000","-0.0500","-0.0050","-1.0000","0.0000","0.0000","0.0000","0.0000","0.0000"
"9215.0","15:13:19.150","2221357.0000","1.3496","60570.0000","-0.0500","-0.0050","-1.0000","0.0000","0.0000","0.0000","0.0000","0.0000"
"9216.0","15:13:19.151","2221560.0000","1.3717","60570.0000","-0.0500","-0.0050","-1.0000","0.0000","0.0000","0.0000","0.0000","0.0000"
"9217.0","15:13:19.152","2221438.0000","1.3584","60570.0000","-0.0500","-0.0050","-1.0000","0.0000","0.0000","0.0000","0.0000","0.0000"
"9218.0","15:13:19.153","2220819.0000","1.2909","60570.0000","-0.0500","-0.0050","-1.0000","0.0000","0.0000","0.0000","0.0000","0.0000"
"9219.0","15:13:19.154","2221983.0000","1.4178","60570.0000","-0.0500","-0.0050","-1.0000","0.0000","0.0000","0.0000","0.0000","0.0000"
"9220.0","15:13:19.155","2221160.0000","1.3281","60570.0000","-0.0500","-0.0050","-1.0000","0.0000","0.0000","0.0000","0.0000","0.0000"
"9221.0","15:13:19.156","2220660.0000","1.2736","60570.0000","-0.0500","-0.0050","-1.0000","0.0000","0.0000","0.0000","0.0000","0.0000"
"9222.0","15:13:19.157","2221759.0000","1.3934","60570.0000","-0.0500","-0.0050","-1.0000","0.0000","0.0000","0.0000","0.0000","0.0000"
"9223.0","15:13:19.158","2221808.0000","1.3987","60570.0000","-0.0500","-0.0050","-1.0000","0.0000","0.0000","0.0000","0.0000","0.0000"
"9224.0","15:13:19.159","2222368.0000","1.4598","60570.0000","-0.0500","-0.0050","-1.0000","0.0000","0.0000","0.0000","0.0000","0.0000"
"9225.0","15:13:19.160","2221193.0000","1.3317","60570.0000","-0.0500","-0.0050","-1.0000","0.0000","0.0000","0.0000","0.0000","0.0000"
"9226.0","15:13:19.161","2220895.0000","1.2992","60570.0000","-0.0500","-0.0050","-1.0000","0.0000","0.0000","0.0000","0.0000","0.0000"
"9227.0","15:13:19.162","2221658.0000","1.3824","60570.0000","-0.0500","-0.0050","-1.0000","0.0000","0.0000","0.0000","0.0000","0.0000"
"9228.0","15:13:19.163","2221658.0000","1.3824","60570.0000","-0.0500","-0.0050","-1.0000","0.0000","0.0000","0.0000","0.0000","0.0000"
"9229.0","15:13:19.164","2221042.0000","1.3152","60570.0000","-0.0500","-0.0050","-1.0000","0.0000","0.0000","0.0000","0.0000","0.0000"
"9230.0","15:13:19.165","2220712.0000","1.2793","60570.0000","-0.0500","-0.0050","-1.0000","0.0000","0.0000","0.0000","0.0000","0.0000"
"9231.0","15:13:19.166","2221110.0000","1.3226","60570.0000","-0.0500","-0.0050","-1.0000","0.0000","0.0000","0.0000","0.0000","0.0000"
"9232.0","15:13:19.167","2222032.0000","1.4232","60570.0000","-0.0500","-0.0050","-1.0000","0.0000","0.0000","0.0000","0.0000","0.0000"
"9233.0","15:13:19.168","2222017.0000","1.4215","60570.0000","-0.0500","-0.0050","-1.0000","0.0000","0.0000","0.0000","0.0000","0.0000"
"9234.0","15:13:19.169","2221936.0000","1.4127","60570.0000","-0.0500","-0.0050","-1.0000","0.0000","0.0000","0.0000","0.0000","0.0000"
"9235.0","15:13:19.170","2221454.0000","1.3601","60570.0000","-0.0500","-0.0050","-1.0000","0.0000","0.0000","0.0000","0.0000","0.0000"
"9236.0","15:13:19.171","2222630.0000","1.4884","60570.0000","-0.0500","-0.0050","-1.0000","0.0000","0.0000","0.0000","0.0000","0.0000"
"9237.0","15:13:19.172","2223153.0000","1.5454","60570.0000","-0.0500","-0.0050","-1.0000","0.0000","0.0000","0.0000","0.0000","0.0000"
"9238.0","15:13:19.173","2222435.0000","1.4671","60570.0000","-0.0500","-0.0050","-1.0000","0.0000","0.0000","0.0000","0.0000","0.0000"
"9239.0","15:13:19.174","2221761.0000","1.3936","60570.0000","-0.0500","-0.0050","-1.0000","0.0000","0.0000","0.0000","0.0000","0.0000"
"9240.0","15:13:19.175","2222628.0000","1.4881","60570.0000","-0.0500","-0.0050","-1.0000","0.0000","0.0000","0.0000","0.0000","0.0000"
"9241.0","15:13:19.176","2221950.0000","1.4142","60570.0000","-0.0500","-0.0050","-1.0000","0.0000","0.0000","0.0000","0.0000","0.0000"
"9242.0","15:13:19.177","2221616.0000","1.3778","60570.0000","-0.0500","-0.0050","-1.0000","0.0000","0.0000","0.0000","0.0000","0.0000"
"9243.0","15:13:19.178","2221005.0000","1.3112","60570.0000","-0.0500","-0.0050","-1.0000","0.0000","0.0000","0.0000","0.0000","0.0000"
"9244.0","15:13:19.179","2220537.0000","1.2602","60570.0000","-0.0500","-0.0050","-1.0000","0.0000","0.0000","0.0000","0.0000","0.0000"
"9245.0","15:13:19.180","2220778.0000","1.2865","60570.0000","-0.0500","-0.0050","-1.0000","0.0000","0.0000","0.0000","0.0000","0.0000"
"9246.0","15:13:19.181","2220955.0000","1.3057","60570.0000","-0.0500","-0.0050","-1.0000","0.0000","0.0000","0.0000","0.0000","0.0000"
"9247.0","15:13:19.182","2221915.0000","1.4104","60570.0000","-0.0500","-0.0050","-1.0000","0.0000","0.0000","0.0000","0.0000","0.0000"
"9248.0","15:13:19.183","2221078.0000","1.3192","60570.0000","-0.0500","-0.0050","-1.0000","0.0000","0.0000","0.0000","0.0000","0.0000"
"9249.0","15:13:19.184","2221222.0000","1.3348","60570.0000","-0.0500","-0.0050","-1.0000","0.0000","0.0000","0.0000","0.0000","0.0000"
"9250.0","15:13:19.185","2220335.0000","1.2382","60570.0000","-0.0500","-0.0050","-1.0000","0.0000","0.0000","0.0000","0.0000","0.0000"
"9251.0","15:13:19.186","2220392.0000","1.2444","60570.0000","-0.0500","-0.0050","-1.0000","0.0000","0.0000","0.0000","0.0000","0.0000"
"9252.0","15:13:19.187","2220582.0000","1.2651","60570.0000","-0.0500","-0.0050","-1.0000","0.0000","0.0000","0.0000","0.0000","0.0000"
"9253.0","15:13:19.188","2220621.0000","1.2694","60570.0000","-0.0500","-0.0050","-1.0000","0.0000","0.0000","0.0000","0.0000","0.0000"
"9254.0","15:13:19.189","2221521.0000","1.3674","60570.0000","-0.0500","-0.0050","-1.0000","0.0000","0.0000","0.0000","0.0000","0.0000"
"9255.0","15:13:19.190","2221133.0000","1.3251","60570.0000","-0.0500","-0.0050","-1.0000","0.0000","0.0000","0.0000","0.0000","0.0000"
"9256.0","15:13:19.191","2220196.0000","1.2230","60570.0000","-0.0500","-0.0050","-1.0000","0.0000","0.0000","0.0000","0.0000","0.0000"
"9257.0","15:13:19.192","2221047.0000","1.3158","60570.0000","-0.0500","-0.0050","-1.0000","0.0000","0.0000","0.0000","0.0000","0.0000"
"9258.0","15:13:19.193","2220666.0000","1.2742","60570.0000","-0.0500","-0.0050","-1.0000","0.0000","0.0000","0.0000","0.0000","0.0000"
"9259.0","15:13:19.194","2220365.0000","1.2414","60562.0000","-0.0500","-0.0050","-1.0000","0.0000","0.0000","0.0000","0.0000","0.0000"
"9260.0","15:13:19.195","2220615.0000","1.2687","60562.0000","-0.0500","-0.0050","-1.0000","0.0000","0.0000","0.0000","0.0000","0.0000"
"9261.0","15:13:19.196","2220290.0000","1.2332","60562.0000","-0.0500","-0.0050","-1.0000","0.0000","0.0000","0.0000","0.0000","0.0000"
"9262.0","15:13:19.197","2220710.0000","1.2791","60562.0000","-0.0500","-0.0050","-1.0000","0.0000","0.0000","0.0000","0.0000","0.0000"
"9263.0","15:13:19.198","2220964.0000","1.3067","60562.0000","-0.0500","-0.0050","-1.0000","0.0000","0.0000","0.0000","0.0000","0.0000"
"9264.0","15:13:19.199","2220950.0000","1.3052","60562.0000","-0.0500","-0.0050","-1.0000","0.0000","0.0000","0.0000","0.0000","0.0000"
"9265.0","15:13:19.200","2220476.0000","1.2535","60562.0000","-0.0500","-0.0050","-1.0000","0.0000","0.0000","0.0000","0.0000","0.0000"
"9266.0","15:13:19.201","2220919.0000","1.3018","60562.0000","-0.0500","-0.0050","-1.0000","0.0000","0.0000","0.0000","0.0000","0.0000"
"9267.0","15:13:19.202","2220668.0000","1.2745","60562.0000","-0.0500","-0.0050","-1.0000","0.0000","0.0000","0.0000","0.0000","0.0000"
"9268.0","15:13:19.203","2221124.0000","1.3242","60562.0000","-0.0500","-0.0050","-1.0000","0.0000","0.0000","0.0000","0.0000","0.0000"
"9269.0","15:13:19.204","2221377.0000","1.3517","60562.0000","-0.0500","-0.0050","-1.0000","0.0000","0.0000","0.0000","0.0000","0.0000"
"9270.0","15:13:19.205","2220898.0000","1.2995","60562.0000","-0.0500","-0.0050","-1.0000","0.0000","0.0000","0.0000","0.0000","0.0000"
"9271.0","15:13:19.206","2221010.0000","1.3117","60562.0000","-0.0500","-0.0050","-1.0000","0.0000","0.0000","0.0000","0.0000","0.0000"
"9272.0","15:13:19.207","2220978.0000","1.3082","60562.0000","-0.0500","-0.0050","-1.0000","0.0000","0.0000","0.0000","0.0000","0.0000"
"9273.0","15:13:19.208","2221282.0000","1.3414","60562.0000","-0.0500","-0.0050","-1.0000","0.0000","0.0000","0.0000","0.0000","0.0000"
"9274.0","15:13:19.209","2221895.0000","1.4082","60562.0000","-0.0500","-0.0050","-1.0000","0.0000","0.0000","0.0000","0.0000","0.0000"
"9275.0","15:13:19.210","2221895.0000","1.4082","60562.0000","-0.0500","-0.0050","-1.0000","0.0000","0.0000","0.0000","0.0000","0.0000"
"9276.0","15:13:19.211","2221769.0000","1.3945","60562.0000","-0.0500","-0.0050","-1.0000","0.0000","0.0000","0.0000","0.0000","0.0000"
"9277.0","15:13:19.212","2221445.0000","1.3592","60562.0000","-0.0500","-0.0050","-1.0000","0.0000","0.0000","0.0000","0.0000","0.0000"
"9278.0","15:13:19.213","2221603.0000","1.3764","60562.0000","-0.0500","-0.0050","-1.0000","0.0000","0.0000","0.0000","0.0000","0.0000"
"9279.0","15:13:19.214","2221642.0000","1.3807","60562.0000","-0.0500","-0.0050","-1.0000","0.0000","0.0000","0.0000","0.0000","0.0000"
"9280.0","15:13:19.215","2221514.0000","1.3667","60562.0000","-0.0500","-0.0050","-1.0000","0.0000","0.0000","0.0000","0.0000","0.0000"
"9281.0","15:13:19.216","2221544.0000","1.3700","60562.0000","-0.0500","-0.0050","-1.0000","0.0000","0.0000","0.0000","0.0000","0.0000"
"9282.0","15:13:19.217","2221670.0000","1.3837","60562.0000","-0.0500","-0.0050","-1.0000","0.0000","0.0000","0.0000","0.0000","0.0000"
"9283.0","15:13:19.218","2222123.0000","1.4331","60562.0000","-0.0500","-0.0050","-1.0000","0.0000","0.0000","0.0000","0.0000","0.0000"
"9284.0","15:13:19.219","2223845.0000","1.6208","60562.0000","-0.0500","-0.0050","-1.0000","0.0000","0.0000","0.0000","0.0000","0.0000"
"9285.0","15:13:19.220","2223609.0000","1.5951","60562.0000","-0.0500","-0.0050","-1.0000","0.0000","0.0000","0.0000","0.0000","0.0000"
"9286.0","15:13:19.221","2222925.0000","1.5205","60562.0000","-0.0500","-0.0050","-1.0000","0.0000","0.0000","0.0000","0.0000","0.0000"
"9287.0","15:13:19.222","2223869.0000","1.6234","60562.0000","-0.0500","-0.0050","-1.0000","0.0000","0.0000","0.0000","0.0000","0.0000"
"9288.0","15:13:19.223","2223413.0000","1.5737","60562.0000","-0.0500","-0.0050","-1.0000","0.0000","0.0000","0.0000","0.0000","0.0000"
"9289.0","15:13:19.224","2223620.0000","1.5963","60562.0000","-0.0500","-0.0050","-1.0000","0.0000","0.0000","0.0000","0.0000","0.0000"
"9290.0","15:13:19.225","2223242.0000","1.5551","60562.0000","-0.0500","-0.0050","-1.0000","0.0000","0.0000","0.0000","0.0000","0.0000"
"9291.0","15:13:19.226","2224257.0000","1.6657","60562.0000","-0.0500","-0.0050","-1.0000","0.0000","0.0000","0.0000","0.0000","0.0000"
"9292.0","15:13:19.227","2224149.0000","1.6539","60562.0000","-0.0500","-0.0050","-1.0000","0.0000","0.0000","0.0000","0.0000","0.0000"
"9293.0","15:13:19.228","2223358.0000","1.5677","60562.0000","-0.0500","-0.0050","-1.0000","0.0000","0.0000","0.0000","0.0000","0.0000"
"9294.0","15:13:19.229","2223032.0000","1.5322","60562.0000","-0.0500","-0.0050","-1.0000","0.0000","0.0000","0.0000","0.0000","0.0000"
"9295.0","15:13:19.230","2223688.0000","1.6037","60562.0000","-0.0500","-0.0050","-1.0000","0.0000","0.0000","0.0000","0.0000","0.0000"
"9296.0","15:13:19.231","2223321.0000","1.5637","60562.0000","-0.0500","-0.0050","-1.0000","0.0000","0.0000","0.0000","0.0000","0.0000"
"9297.0","15:13:19.232","2223635.0000","1.5979","60562.0000","-0.0500","-0.0050","-1.0000","0.0000","0.0000","0.0000","0.0000","0.0000"
"9298.0","15:13:19.233","2224001.0000","1.6378","60562.0000","-0.0500","-0.0050","-1.0000","0.0000","0.0000","0.0000","0.0000","0.0000"
"9299.0","15:13:19.234","2223300.0000","1.5614","60562.0000","-0.0500","-0.0050","-1.0000","0.0000","0.0000","0.0000","0.0000","0.0000"
"9300.0","15:13:19.235","2223454.0000","1.5782","60562.0000","-0.0500","-0.0050","-1.0000","0.0000","0.0000","0.0000","0.0000","0.0000"
"9301.0","15:13:19.236","2224392.0000","1.6804","60562.0000","-0.0500","-0.0050","-1.0000","0.0000","0.0000","0.0000","0.0000","0.0000"
"9302.0","15:13:19.237","2222952.0000","1.5235","60562.0000","-0.0500","-0.0050","-1.0000","0.0000","0.0000","0.0000","0.0000","0.0000"
"9303.0","15:13:19.238","2223562.0000","1.5900","60562.0000","-0.0500","-0.0050","-1.0000","0.0000","0.0000","0.0000","0.0000","0.0000"
"9304.0","15:13:19.239","2224874.0000","1.7330","60562.0000","-0.0500","-0.0050","-1.0000","0.0000","0.0000","0.0000","0.0000","0.0000"
"9305.0","15:13:19.240","2224488.0000","1.6909","60562.0000","-0.0500","-0.0050","-1.0000","0.0000","0.0000","0.0000","0.0000","0.0000"
"9306.0","15:13:19.241","2224619.0000","1.7052","60562.0000","-0.0500","-0.0050","-1.0000","0.0000","0.0000","0.0000","0.0000","0.0000"
"9307.0","15:13:19.242","2224211.0000","1.6607","60562.0000","-0.0500","-0.0050","-1.0000","0.0000","0.0000","0.0000","0.0000","0.0000"
"9308.0","15:13:19.243","2224674.0000","1.7112","60562.0000","-0.0500","-0.0050","-1.0000","0.0000","0.0000","0.0000","0.0000","0.0000"
"9309.0","15:13:19.244","2224519.0000","1.6943","60562.0000","-0.0500","-0.0050","-1.0000","0.0000","0.0000","0.0000","0.0000","0.0000"
"9310.0","15:13:19.245","2223272.0000","1.5584","60562.0000","-0.0500","-0.0050","-1.0000","0.0000","0.0000","0.0000","0.0000","0.0000"
"9311.0","15:13:19.246","2224094.0000","1.6479","60562.0000","-0.0500","-0.0050","-1.0000","0.0000","0.0000","0.0000","0.0000","0.0000"
"9312.0","15:13:19.247","2223989.0000","1.6365","60562.0000","-0.0500","-0.0050","-1.0000","0.0000","0.0000","0.0000","0.0000","0.0000"
"9313.0","15:13:19.248","2223527.0000","1.5861","60562.0000","-0.0500","-0.0050","-1.0000","0.0000","0.0000","0.0000","0.0000","0.0000"
"9314.0","15:13:19.249","2223120.0000","1.5418","60562.0000","-0.0500","-0.0050","-1.0000","0.0000","0.0000","0.0000","0.0000","0.0000"
"9315.0","15:13:19.250","2223677.0000","1.6025","60562.0000","-0.0500","-0.0050","-1.0000","0.0000","0.0000","0.0000","0.0000","0.0000"
"9316.0","15:13:19.251","2223051.0000","1.5343","60562.0000","-0.0500","-0.0050","-1.0000","0.0000","0.0000","0.0000","0.0000","0.0000"
"9317.0","15:13:19.252","2222920.0000","1.5200","60562.0000","-0.0500","-0.0050","-1.0000","0.0000","0.0000","0.0000","0.0000","0.0000"
"9318.0","15:13:19.253","2223182.0000","1.5485","60562.0000","-0.0500","-0.0050","-1.0000","0.0000","0.0000","0.0000","0.0000","0.0000"
"9319.0","15:13:19.254","2223895.0000","1.6263","60562.0000","-0.0500","-0.0050","-1.0000","0.0000","0.0000","0.0000","0.0000","0.0000"
"9320.0","15:13:19.255","2224097.0000","1.6483","60560.0000","-0.0500","-0.0050","-1.0000","0.0000","0.0000","0.0000","0.0000","0.0000"
"9321.0","15:13:19.256","2223186.0000","1.5490","60560.0000","-0.0500","-0.0050","-1.0000","0.0000","0.0000","0.0000","0.0000","0.0000"
"9322.0","15:13:19.257","2223186.0000","1.5490","60560.0000","-0.0500","-0.0050","-1.0000","0.0000","0.0000","0.0000","0.0000","0.0000"
"9323.0","15:13:19.258","2223788.0000","1.6146","60560.0000","-0.0500","-0.0050","-1.0000","0.0000","0.0000","0.0000","0.0000","0.0000"
"9324.0","15:13:19.259","2223678.0000","1.6026","60560.0000","-0.0500","-0.0050","-1.0000","0.0000","0.0000","0.0000","0.0000","0.0000"
"9325.0","15:13:19.260","2223466.0000","1.5795","60560.0000","-0.0500","-0.0050","-1.0000","0.0000","0.0000","0.0000","0.0000","0.0000"
"9326.0","15:13:19.261","2223640.0000","1.5985","60560.0000","-0.0500","-0.0050","-1.0000","0.0000","0.0000","0.0000","0.0000","0.0000"
"9327.0","15:13:19.262","2224351.0000","1.6760","60560.0000","-0.0500","-0.0050","-1.0000","0.0000","0.0000","0.0000","0.0000","0.0000"
"9328.0","15:13:19.263","2223140.0000","1.5440","60560.0000","-0.0500","-0.0050","-1.0000","0.0000","0.0000","0.0000","0.0000","0.0000"
"9329.0","15:13:19.264","2222776.0000","1.5043","60560.0000","-0.0500","-0.0050","-1.0000","0.0000","0.0000","0.0000","0.0000","0.0000"
"9330.0","15:13:19.265","2223244.0000","1.5553","60560.0000","-0.0500","-0.0050","-1.0000","0.0000","0.0000","0.0000","0.0000","0.0000"
"9331.0","15:13:19.266","2223532.0000","1.5867","60560.0000","-0.0500","-0.0050","-1.0000","0.0000","0.0000","0.0000","0.0000","0.0000"
"9332.0","15:13:19.267","2224380.0000","1.6792","60560.0000","-0.0500","-0.0050","-1.0000","0.0000","0.0000","0.0000","0.0000","0.0000"
"9333.0","15:13:19.268","2222835.0000","1.5107","60560.0000","-0.0500","-0.0050","-1.0000","0.0000","0.0000","0.0000","0.0000","0.0000"
"9334.0","15:13:19.269","2222814.0000","1.5084","60560.0000","-0.0500","-0.0050","-1.0000","0.0000","0.0000","0.0000","0.0000","0.0000"
"9335.0","15:13:19.270","2223592.0000","1.5932","60560.0000","-0.0500","-0.0050","-1.0000","0.0000","0.0000","0.0000","0.0000","0.0000"
"9336.0","15:13:19.271","2223713.0000","1.6064","60560.0000","-0.0500","-0.0050","-1.0000","0.0000","0.0000","0.0000","0.0000","0.0000"
"9337.0","15:13:19.272","2223786.0000","1.6144","60560.0000","-0.0500","-0.0050","-1.0000","0.0000","0.0000","0.0000","0.0000","0.0000"
"9338.0","15:13:19.273","2224768.0000","1.7214","60560.0000","-0.0500","-0.0050","-1.0000","0.0000","0.0000","0.0000","0.0000","0.0000"
"9339.0","15:13:19.274","2223995.0000","1.6372","60560.0000","-0.0500","-0.0050","-1.0000","0.0000","0.0000","0.0000","0.0000","0.0000"
"9340.0","15:13:19.275","2223991.0000","1.6367","60560.0000","-0.0500","-0.0050","-1.0000","0.0000","0.0000","0.0000","0.0000","0.0000"
"9341.0","15:13:19.276","2223792.0000","1.6150","60560.0000","-0.0500","-0.0050","-1.0000","0.0000","0.0000","0.0000","0.0000","0.0000"
"9342.0","15:13:19.277","2224234.0000","1.6632","60560.0000","-0.0500","-0.0050","-1.0000","0.0000","0.0000","0.0000","0.0000","0.0000"
"9343.0","15:13:19.278","2224448.0000","1.6865","60560.0000","-0.0500","-0.0050","-1.0000","0.0000","0.0000","0.0000","0.0000","0.0000"
"9344.0","15:13:19.279","2223140.0000","1.5440","60560.0000","-0.0500","-0.0050","-1.0000","0.0000","0.0000","0.0000","0.0000","0.0000"
"9345.0","15:13:19.280","2223690.0000","1.6039","60560.0000","-0.0500","-0.0050","-1.0000","0.0000","0.0000","0.0000","0.0000","0.0000"
"9346.0","15:13:19.281","2222963.0000","1.5247","60560.0000","-0.0500","-0.0050","-1.0000","0.0000","0.0000","0.0000","0.0000","0.0000"
"9347.0","15:13:19.282","2223044.0000","1.5335","60560.0000","-0.0500","-0.0050","-1.0000","0.0000","0.0000","0.0000","0.0000","0.0000"
"9348.0","15:13:19.283","2223976.0000","1.6351","60560.0000","-0.0500","-0.0050","-1.0000","0.0000","0.0000","0.0000","0.0000","0.0000"
"9349.0","15:13:19.284","2224308.0000","1.6713","60560.0000","-0.0500","-0.0050","-1.0000","0.0000","0.0000","0.0000","0.0000","0.0000"
"9350.0","15:13:19.285","2225259.0000","1.7750","60560.0000","-0.0500","-0.0050","-1.0000","0.0000","0.0000","0.0000","0.0000","0.0000"
"9351.0","15:13:19.286","2224937.0000","1.7399","60560.0000","-0.0500","-0.0050","-1.0000","0.0000","0.0000","0.0000","0.0000","0.0000"
"9352.0","15:13:19.287","2225044.0000","1.7515","60560.0000","-0.0500","-0.0050","-1.0000","0.0000","0.0000","0.0000","0.0000","0.0000"
"9353.0","15:13:19.288","2224682.0000","1.7121","60560.0000","-0.0500","-0.0050","-1.0000","0.0000","0.0000","0.0000","0.0000","0.0000"
"9354.0","15:13:19.289","2224036.0000","1.6416","60560.0000","-0.0500","-0.0050","-1.0000","0.0000","0.0000","0.0000","0.0000","0.0000"
"9355.0","15:13:19.290","2223416.0000","1.5741","60560.0000","-0.0500","-0.0050","-1.0000","0.0000","0.0000","0.0000","0.0000","0.0000"
"9356.0","15:13:19.291","2224419.0000","1.6834","60560.0000","-0.0500","-0.0050","-1.0000","0.0000","0.0000","0.0000","0.0000","0.0000"
"9357.0","15:13:19.292","2223872.0000","1.6238","60560.0000","-0.0500","-0.0050","-1.0000","0.0000","0.0000","0.0000","0.0000","0.0000"
"9358.0","15:13:19.293","2223258.0000","1.5568","60560.0000","-0.0500","-0.0050","-1.0000","0.0000","0.0000","0.0000","0.0000","0.0000"
"9359.0","15:13:19.294","2223330.0000","1.5647","60560.0000","-0.0500","-0.0050","-1.0000","0.0000","0.0000","0.0000","0.0000","0.0000"
"9360.0","15:13:19.295","2223918.0000","1.6288","60560.0000","-0.0500","-0.0050","-1.0000","0.0000","0.0000","0.0000","0.0000","0.0000"
"9361.0","15:13:19.296","2224143.0000","1.6533","60560.0000","-0.0500","-0.0050","-1.0000","0.0000","0.0000","0.0000","0.0000","0.0000"
"9362.0","15:13:19.297","2224041.0000","1.6422","60560.0000","-0.0500","-0.0050","-1.0000","0.0000","0.0000","0.0000","0.0000","0.0000"
"9363.0","15:13:19.298","2223731.0000","1.6084","60560.0000","-0.0500","-0.0050","-1.0000","0.0000","0.0000","0.0000","0.0000","0.0000"
"9364.0","15:13:19.299","2223928.0000","1.6298","60560.0000","-0.0500","-0.0050","-1.0000","0.0000","0.0000","0.0000","0.0000","0.0000"
"9365.0","15:13:19.300","2223148.0000","1.5448","60560.0000","-0.0500","-0.0050","-1.0000","0.0000","0.0000","0.0000","0.0000","0.0000"
"9366.0","15:13:19.301","2224035.0000","1.6415","60560.0000","-0.0500","-0.0050","-1.0000","0.0000","0.0000","0.0000","0.0000","0.0000"
"9367.0","15:13:19.302","2222925.0000","1.5205","60560.0000","-0.0500","-0.0050","-1.0000","0.0000","0.0000","0.0000","0.0000","0.0000"
"9368.0","15:13:19.303","2223148.0000","1.5448","60560.0000","-0.0500","-0.0050","-1.0000","0.0000","0.0000","0.0000","0.0000","0.0000"
"9369.0","15:13:19.304","2223148.0000","1.5448","60560.0000","-0.0500","-0.0050","-1.0000","0.0000","0.0000","0.0000","0.0000","0.0000"
"9370.0","15:13:19.305","2223858.0000","1.6222","60560.0000","-0.0500","-0.0050","-1.0000","0.0000","0.0000","0.0000","0.0000","0.0000"
"9371.0","15:13:19.306","2223648.0000","1.5994","60560.0000","-0.0500","-0.0050","-1.0000","0.0000","0.0000","0.0000","0.0000","0.0000"
"9372.0","15:13:19.307","2224352.0000","1.6761","60560.0000","-0.0500","-0.0050","-1.0000","0.0000","0.0000","0.0000","0.0000","0.0000"
"9373.0","15:13:19.308","2224642.0000","1.7077","60560.0000","-0.0500","-0.0050","-1.0000","0.0000","0.0000","0.0000","0.0000","0.0000"
"9374.0","15:13:19.309","2224059.0000","1.6441","60560.0000","-0.0500","-0.0050","-1.0000","0.0000","0.0000","0.0000","0.0000","0.0000"
"9375.0","15:13:19.310","2223182.0000","1.5485","60560.0000","-0.0500","-0.0050","-1.0000","0.0000","0.0000","0.0000","0.0000","0.0000"
"9376.0","15:13:19.311","2223275.0000","1.5587","60560.0000","-0.0500","-0.0050","-1.0000","0.0000","0.0000","0.0000","0.0000","0.0000"
"9377.0","15:13:19.312","2222414.0000","1.4648","60560.0000","-0.0500","-0.0050","-1.0000","0.0000","0.0000","0.0000","0.0000","0.0000"
"9378.0","15:13:19.313","2222822.0000","1.5093","60560.0000","-0.0500","-0.0050","-1.0000","0.0000","0.0000","0.0000","0.0000","0.0000"
"9379.0","15:13:19.314","2223072.0000","1.5365","60560.0000","-0.0500","-0.0050","-1.0000","0.0000","0.0000","0.0000","0.0000","0.0000"
"9380.0","15:13:19.315","2222190.0000","1.4404","60571.0000","-0.0500","-0.0050","-1.0000","0.0000","0.0000","0.0000","0.0000","0.0000"
"9381.0","15:13:19.316","2223990.0000","1.6366","60571.0000","-0.0500","-0.0050","-1.0000","0.0000","0.0000","0.0000","0.0000","0.0000"
"9382.0","15:13:19.317","2223225.0000","1.5532","60571.0000","-0.0500","-0.0050","-1.0000","0.0000","0.0000","0.0000","0.0000","0.0000"
"9383.0","15:13:19.318","2222618.0000","1.4871","60571.0000","-0.0500","-0.0050","-1.0000","0.0000","0.0000","0.0000","0.0000","0.0000"
"9384.0","15:13:19.319","2223590.0000","1.5930","60571.0000","-0.0500","-0.0050","-1.0000","0.0000","0.0000","0.0000","0.0000","0.0000"
"9385.0","15:13:19.320","2223019.0000","1.5308","60571.0000","-0.0500","-0.0050","-1.0000","0.0000","0.0000","0.0000","0.0000","0.0000"
"9386.0","15:13:19.321","2223561.0000","1.5898","60571.0000","-0.0500","-0.0050","-1.0000","0.0000","0.0000","0.0000","0.0000","0.0000"
"9387.0","15:13:19.322","2224227.0000","1.6625","60571.0000","-0.0500","-0.0050","-1.0000","0.0000","0.0000","0.0000","0.0000","0.0000"
"9388.0","15:13:19.323","2223916.0000","1.6285","60571.0000","-0.0500","-0.0050","-1.0000","0.0000","0.0000","0.0000","0.0000","0.0000"
"9389.0","15:13:19.324","2223511.0000","1.5844","60571.0000","-0.0500","-0.0050","-1.0000","0.0000","0.0000","0.0000","0.0000","0.0000"
"9390.0","15:13:19.325","2223013.0000","1.5301","60571.0000","-0.0500","-0.0050","-1.0000","0.0000","0.0000","0.0000","0.0000","0.0000"
"9391.0","15:13:19.326","2223634.0000","1.5978","60571.0000","-0.0500","-0.0050","-1.0000","0.0000","0.0000","0.0000","0.0000","0.0000"
"9392.0","15:13:19.327","2223396.0000","1.5719","60571.0000","-0.0500","-0.0050","-1.0000","0.0000","0.0000","0.0000","0.0000","0.0000"
"9393.0","15:13:19.328","2222904.0000","1.5182","60571.0000","-0.0500","-0.0050","-1.0000","0.0000","0.0000","0.0000","0.0000","0.0000"
"9394.0","15:13:19.329","2222995.0000","1.5281","60571.0000","-0.0500","-0.0050","-1.0000","0.0000","0.0000","0.0000","0.0000","0.0000"
"9395.0","15:13:19.330","2222384.0000","1.4615","60571.0000","-0.0500","-0.0050","-1.0000","0.0000","0.0000","0.0000","0.0000","0.0000"
"9396.0","15:13:19.331","2223067.0000","1.5360","60571.0000","-0.0500","-0.0050","-1.0000","0.0000","0.0000","0.0000","0.0000","0.0000"
"9397.0","15:13:19.332","2223100.0000","1.5396","60571.0000","-0.0500","-0.0050","-1.0000","0.0000","0.0000","0.0000","0.0000","0.0000"
"9398.0","15:13:19.333","2223475.0000","1.5805","60571.0000","-0.0500","-0.0050","-1.0000","0.0000","0.0000","0.0000","0.0000","0.0000"
"9399.0","15:13:19.334","2222705.0000","1.4965","60571.0000","-0.0500","-0.0050","-1.0000","0.0000","0.0000","0.0000","0.0000","0.0000"
"9400.0","15:13:19.335","2222805.0000","1.5074","60571.0000","-0.0500","-0.0050","-1.0000","0.0000","0.0000","0.0000","0.0000","0.0000"
"9401.0","15:13:19.336","2223198.0000","1.5503","60571.0000","-0.0500","-0.0050","-1.0000","0.0000","0.0000","0.0000","0.0000","0.0000"
"9402.0","15:13:19.337","2222708.0000","1.4969","60571.0000","-0.0500","-0.0050","-1.0000","0.0000","0.0000","0.0000","0.0000","0.0000"
"9403.0","15:13:19.338","2224101.0000","1.6487","60571.0000","-0.0500","-0.0050","-1.0000","0.0000","0.0000","0.0000","0.0000","0.0000"
"9404.0","15:13:19.339","2223658.0000","1.6004","60571.0000","-0.0500","-0.0050","-1.0000","0.0000","0.0000","0.0000","0.0000","0.0000"
"9405.0","15:13:19.340","2223349.0000","1.5667","60571.0000","-0.0500","-0.0050","-1.0000","0.0000","0.0000","0.0000","0.0000","0.0000"
"9406.0","15:13:19.341","2223398.0000","1.5721","60571.0000","-0.0500","-0.0050","-1.0000","0.0000","0.0000","0.0000","0.0000","0.0000"
"9407.0","15:13:19.342","2223442.0000","1.5769","60571.0000","-0.0500","-0.0050","-1.0000","0.0000","0.0000","0.0000","0.0000","0.0000"
"9408.0","15:13:19.343","2223650.0000","1.5995","60571.0000","-0.0500","-0.0050","-1.0000","0.0000","0.0000","0.0000","0.0000","0.0000"
"9409.0","15:13:19.344","2222788.0000","1.5056","60571.0000","-0.0500","-0.0050","-1.0000","0.0000","0.0000","0.0000","0.0000","0.0000"
"9410.0","15:13:19.345","2221842.0000","1.4024","60571.0000","-0.0500","-0.0050","-1.0000","0.0000","0.0000","0.0000","0.0000","0.0000"
"9411.0","15:13:19.346","2222573.0000","1.4821","60571.0000","-0.0500","-0.0050","-1.0000","0.0000","0.0000","0.0000","0.0000","0.0000"
"9412.0","15:13:19.347","2221386.0000","1.3527","60571.0000","-0.0500","-0.0050","-1.0000","0.0000","0.0000","0.0000","0.0000","0.0000"
"9413.0","15:13:19.348","2221474.0000","1.3623","60571.0000","-0.0500","-0.0050","-1.0000","0.0000","0.0000","0.0000","0.0000","0.0000"
"9414.0","15:13:19.349","2222996.0000","1.5283","60571.0000","-0.0500","-0.0050","-1.0000","0.0000","0.0000","0.0000","0.0000","0.0000"
"9415.0","15:13:19.350","2222699.0000","1.4959","60571.0000","-0.0500","-0.0050","-1.0000","0.0000","0.0000","0.0000","0.0000","0.0000"
"9416.0","15:13:19.351","2222699.0000","1.4959","60571.0000","-0.0500","-0.0050","-1.0000","0.0000","0.0000","0.0000","0.0000","0.0000"
"9417.0","15:13:19.352","2222790.0000","1.5058","60571.0000","-0.0500","-0.0050","-1.0000","0.0000","0.0000","0.0000","0.0000","0.0000"
"9418.0","15:13:19.353","2221951.0000","1.4143","60571.0000","-0.0500","-0.0050","-1.0000","0.0000","0.0000","0.0000","0.0000","0.0000"
"9419.0","15:13:19.354","2222294.0000","1.4517","60571.0000","-0.0500","-0.0050","-1.0000","0.0000","0.0000","0.0000","0.0000","0.0000"
"9420.0","15:13:19.355","2222018.0000","1.4216","60571.0000","-0.0500","-0.0050","-1.0000","0.0000","0.0000","0.0000","0.0000","0.0000"
"9421.0","15:13:19.356","2221684.0000","1.3852","60571.0000","-0.0500","-0.0050","-1.0000","0.0000","0.0000","0.0000","0.0000","0.0000"
"9422.0","15:13:19.357","2222432.0000","1.4668","60571.0000","-0.0500","-0.0050","-1.0000","0.0000","0.0000","0.0000","0.0000","0.0000"
"9423.0","15:13:19.358","2221402.0000","1.3545","60571.0000","-0.0500","-0.0050","-1.0000","0.0000","0.0000","0.0000","0.0000","0.0000"
"9424.0","15:13:19.359","2222417.0000","1.4652","60571.0000","-0.0500","-0.0050","-1.0000","0.0000","0.0000","0.0000","0.0000","0.0000"
"9425.0","15:13:19.360","2222583.0000","1.4832","60571.0000","-0.0500","-0.0050","-1.0000","0.0000","0.0000","0.0000","0.0000","0.0000"
"9426.0","15:13:19.361","2221551.0000","1.3707","60571.0000","-0.0500","-0.0050","-1.0000","0.0000","0.0000","0.0000","0.0000","0.0000"
"9427.0","15:13:19.362","2221793.0000","1.3971","60571.0000","-0.0500","-0.0050","-1.0000","0.0000","0.0000","0.0000","0.0000","0.0000"
"9428.0","15:13:19.363","2222219.0000","1.4436","60571.0000","-0.0500","-0.0050","-1.0000","0.0000","0.0000","0.0000","0.0000","0.0000"
"9429.0","15:13:19.364","2220997.0000","1.3103","60571.0000","-0.0500","-0.0050","-1.0000","0.0000","0.0000","0.0000","0.0000","0.0000"
"9430.0","15:13:19.365","2221717.0000","1.3888","60571.0000","-0.0500","-0.0050","-1.0000","0.0000","0.0000","0.0000","0.0000","0.0000"
"9431.0","15:13:19.366","2221292.0000","1.3425","60571.0000","-0.0500","-0.0050","-1.0000","0.0000","0.0000","0.0000","0.0000","0.0000"
"9432.0","15:13:19.367","2222605.0000","1.4856","60571.0000","-0.0500","-0.0050","-1.0000","0.0000","0.0000","0.0000","0.0000","0.0000"
"9433.0","15:13:19.368","2222179.0000","1.4392","60571.0000","-0.0500","-0.0050","-1.0000","0.0000","0.0000","0.0000","0.0000","0.0000"
"9434.0","15:13:19.369","2222163.0000","1.4374","60571.0000","-0.0500","-0.0050","-1.0000","0.0000","0.0000","0.0000","0.0000","0.0000"
"9435.0","15:13:19.370","2221906.0000","1.4094","60571.0000","-0.0500","-0.0050","-1.0000","0.0000","0.0000","0.0000","0.0000","0.0000"
"9436.0","15:13:19.371","2222219.0000","1.4436","60571.0000","-0.0500","-0.0050","-1.0000","0.0000","0.0000","0.0000","0.0000","0.0000"
"9437.0","15:13:19.372","2222622.0000","1.4875","60571.0000","-0.0500","-0.0050","-1.0000","0.0000","0.0000","0.0000","0.0000","0.0000"
"9438.0","15:13:19.373","2222320.0000","1.4546","60571.0000","-0.0500","-0.0050","-1.0000","0.0000","0.0000","0.0000","0.0000","0.0000"
"9439.0","15:13:19.374","2222607.0000","1.4859","60571.0000","-0.0500","-0.0050","-1.0000","0.0000","0.0000","0.0000","0.0000","0.0000"
"9440.0","15:13:19.375","2222311.0000","1.4536","60571.0000","-0.0500","-0.0050","-1.0000","0.0000","0.0000","0.0000","0.0000","0.0000"
"9441.0","15:13:19.376","2222165.0000","1.4377","60568.0000","-0.0500","-0.0050","-1.0000","0.0000","0.0000","0.0000","0.0000","0.0000"
"9442.0","15:13:19.377","2220802.0000","1.2891","60568.0000","-0.0500","-0.0050","-1.0000","0.0000","0.0000","0.0000","0.0000","0.0000"
"9443.0","15:13:19.378","2220727.0000","1.2809","60568.0000","-0.0500","-0.0050","-1.0000","0.0000","0.0000","0.0000","0.0000","0.0000"
"9444.0","15:13:19.379","2220857.0000","1.2951","60568.0000","-0.0500","-0.0050","-1.0000","0.0000","0.0000","0.0000","0.0000","0.0000"
"9445.0","15:13:19.380","2221108.0000","1.3224","60568.0000","-0.0500","-0.0050","-1.0000","0.0000","0.0000","0.0000","0.0000","0.0000"
"9446.0","15:13:19.381","2220302.0000","1.2346","60568.0000","-0.0500","-0.0050","-1.0000","0.0000","0.0000","0.0000","0.0000","0.0000"
"9447.0","15:13:19.382","2221017.0000","1.3125","60568.0000","-0.0500","-0.0050","-1.0000","0.0000","0.0000","0.0000","0.0000","0.0000"
"9448.0","15:13:19.383","2220339.0000","1.2386","60568.0000","-0.0500","-0.0050","-1.0000","0.0000","0.0000","0.0000","0.0000","0.0000"
"9449.0","15:13:19.384","2220215.0000","1.2251","60568.0000","-0.0500","-0.0050","-1.0000","0.0000","0.0000","0.0000","0.0000","0.0000"
"9450.0","15:13:19.385","2220497.0000","1.2558","60568.0000","-0.0500","-0.0050","-1.0000","0.0000","0.0000","0.0000","0.0000","0.0000"
"9451.0","15:13:19.386","2220216.0000","1.2252","60568.0000","-0.0500","-0.0050","-1.0000","0.0000","0.0000","0.0000","0.0000","0.0000"
"9452.0","15:13:19.387","2220947.0000","1.3049","60568.0000","-0.0500","-0.0050","-1.0000","0.0000","0.0000","0.0000","0.0000","0.0000"
"9453.0","15:13:19.388","2221654.0000","1.3820","60568.0000","-0.0500","-0.0050","-1.0000","0.0000","0.0000","0.0000","0.0000","0.0000"
"9454.0","15:13:19.389","2221707.0000","1.3877","60568.0000","-0.0500","-0.0050","-1.0000","0.0000","0.0000","0.0000","0.0000","0.0000"
"9455.0","15:13:19.390","2220714.0000","1.2795","60568.0000","-0.0500","-0.0050","-1.0000","0.0000","0.0000","0.0000","0.0000","0.0000"
"9456.0","15:13:19.391","2219762.0000","1.1757","60568.0000","-0.0500","-0.0050","-1.0000","0.0000","0.0000","0.0000","0.0000","0.0000"
"9457.0","15:13:19.392","2219883.0000","1.1889","60568.0000","-0.0500","-0.0050","-1.0000","0.0000","0.0000","0.0000","0.0000","0.0000"
"9458.0","15:13:19.393","2221599.0000","1.3760","60568.0000","-0.0500","-0.0050","-1.0000","0.0000","0.0000","0.0000","0.0000","0.0000"
"9459.0","15:13:19.394","2221418.0000","1.3562","60568.0000","-0.0500","-0.0050","-1.0000","0.0000","0.0000","0.0000","0.0000","0.0000"
"9460.0","15:13:19.395","2221137.0000","1.3256","60568.0000","-0.0500","-0.0050","-1.0000","0.0000","0.0000","0.0000","0.0000","0.0000"
"9461.0","15:13:19.396","2221342.0000","1.3479","60568.0000","-0.0500","-0.0050","-1.0000","0.0000","0.0000","0.0000","0.0000","0.0000"
"9462.0","15:13:19.397","2222365.0000","1.4595","60568.0000","-0.0500","-0.0050","-1.0000","0.0000","0.0000","0.0000","0.0000","0.0000"
"9463.0","15:13:19.398","2222365.0000","1.4595","60568.0000","-0.0500","-0.0050","-1.0000","0.0000","0.0000","0.0000","0.0000","0.0000"
"9464.0","15:13:19.399","2221532.0000","1.3686","60568.0000","-0.0500","-0.0050","-1.0000","0.0000","0.0000","0.0000","0.0000","0.0000"
"9465.0","15:13:19.400","2221242.0000","1.3370","60568.0000","-0.0500","-0.0050","-1.0000","0.0000","0.0000","0.0000","0.0000","0.0000"
"9466.0","15:13:19.401","2220869.0000","1.2964","60568.0000","-0.0500","-0.0050","-1.0000","0.0000","0.0000","0.0000","0.0000","0.0000"
"9467.0","15:13:19.402","2220750.0000","1.2834","60568.0000","-0.0500","-0.0050","-1.0000","0.0000","0.0000","0.0000","0.0000","0.0000"
"9468.0","15:13:19.403","2220414.0000","1.2468","60568.0000","-0.0500","-0.0050","-1.0000","0.0000","0.0000","0.0000","0.0000","0.0000"
"9469.0","15:13:19.404","2220701.0000","1.2781","60568.0000","-0.0500","-0.0050","-1.0000","0.0000","0.0000","0.0000","0.0000","0.0000"
"9470.0","15:13:19.405","2220611.0000","1.2682","60568.0000","-0.0500","-0.0050","-1.0000","0.0000","0.0000","0.0000","0.0000","0.0000"
"9471.0","15:13:19.406","2221123.0000","1.3241","60568.0000","-0.0500","-0.0050","-1.0000","0.0000","0.0000","0.0000","0.0000","0.0000"
"9472.0","15:13:19.407","2220728.0000","1.2810","60568.0000","-0.0500","-0.0050","-1.0000","0.0000","0.0000","0.0000","0.0000","0.0000"
"9473.0","15:13:19.408","2221090.0000","1.3205","60568.0000","-0.0500","-0.0050","-1.0000","0.0000","0.0000","0.0000","0.0000","0.0000"
"9474.0","15:13:19.409","2221627.0000","1.3790","60568.0000","-0.0500","-0.0050","-1.0000","0.0000","0.0000","0.0000","0.0000","0.0000"
"9475.0","15:13:19.410","2220081.0000","1.2105","60568.0000","-0.0500","-0.0050","-1.0000","0.0000","0.0000","0.0000","0.0000","0.0000"
"9476.0","15:13:19.411","2220626.0000","1.2699","60568.0000","-0.0500","-0.0050","-1.0000","0.0000","0.0000","0.0000","0.0000","0.0000"
"9477.0","15:13:19.412","2220218.0000","1.2254","60568.0000","-0.0500","-0.0050","-1.0000","0.0000","0.0000","0.0000","0.0000","0.0000"
"9478.0","15:13:19.413","2220971.0000","1.3075","60568.0000","-0.0500","-0.0050","-1.0000","0.0000","0.0000","0.0000","0.0000","0.0000"
"9479.0","15:13:19.414","2220522.0000","1.2585","60568.0000","-0.0500","-0.0050","-1.0000","0.0000","0.0000","0.0000","0.0000","0.0000"
"9480.0","15:13:19.415","2220475.0000","1.2534","60568.0000","-0.0500","-0.0050","-1.0000","0.0000","0.0000","0.0000","0.0000","0.0000"
"9481.0","15:13:19.416","2220301.0000","1.2344","60568.0000","-0.0500","-0.0050","-1.0000","0.0000","0.0000","0.0000","0.0000","0.0000"
"9482.0","15:13:19.417","2220824.0000","1.2915","60568.0000","-0.0500","-0.0050","-1.0000","0.0000","0.0000","0.0000","0.0000","0.0000"
"9483.0","15:13:19.418","2221486.0000","1.3636","60568.0000","-0.0500","-0.0050","-1.0000","0.0000","0.0000","0.0000","0.0000","0.0000"
"9484.0","15:13:19.419","2220869.0000","1.2964","60568.0000","-0.0500","-0.0050","-1.0000","0.0000","0.0000","0.0000","0.0000","0.0000"
"9485.0","15:13:19.420","2220760.0000","1.2845","60568.0000","-0.0500","-0.0050","-1.0000","0.0000","0.0000","0.0000","0.0000","0.0000"
"9486.0","15:13:19.421","2220627.0000","1.2700","60568.0000","-0.0500","-0.0050","-1.0000","0.0000","0.0000","0.0000","0.0000","0.0000"
"9487.0","15:13:19.422","2221601.0000","1.3762","60568.0000","-0.0500","-0.0050","-1.0000","0.0000","0.0000","0.0000","0.0000","0.0000"
"9488.0","15:13:19.423","2221758.0000","1.3933","60568.0000","-0.0500","-0.0050","-1.0000","0.0000","0.0000","0.0000","0.0000","0.0000"
"9489.0","15:13:19.424","2221972.0000","1.4166","60568.0000","-0.0500","-0.0050","-1.0000","0.0000","0.0000","0.0000","0.0000","0.0000"
"9490.0","15:13:19.425","2221202.0000","1.3327","60568.0000","-0.0500","-0.0050","-1.0000","0.0000","0.0000","0.0000","0.0000","0.0000"
"9491.0","15:13:19.426","2221754.0000","1.3929","60568.0000","-0.0500","-0.0050","-1.0000","0.0000","0.0000","0.0000","0.0000","0.0000"
"9492.0","15:13:19.427","2221929.0000","1.4119","60568.0000","-0.0500","-0.0050","-1.0000","0.0000","0.0000","0.0000","0.0000","0.0000"
"9493.0","15:13:19.428","2221657.0000","1.3823","60568.0000","-0.0500","-0.0050","-1.0000","0.0000","0.0000","0.0000","0.0000","0.0000"
"9494.0","15:13:19.429","2220870.0000","1.2965","60568.0000","-0.0500","-0.0050","-1.0000","0.0000","0.0000","0.0000","0.0000","0.0000"
"9495.0","15:13:19.430","2220688.0000","1.2766","60568.0000","-0.0500","-0.0050","-1.0000","0.0000","0.0000","0.0000","0.0000","0.0000"
"9496.0","15:13:19.431","2220107.0000","1.2133","60568.0000","-0.0500","-0.0050","-1.0000","0.0000","0.0000","0.0000","0.0000","0.0000"
"9497.0","15:13:19.432","2221050.0000","1.3161","60568.0000","-0.0500","-0.0050","-1.0000","0.0000","0.0000","0.0000","0.0000","0.0000"
"9498.0","15:13:19.433","2220849.0000","1.2942","60568.0000","-0.0500","-0.0050","-1.0000","0.0000","0.0000","0.0000","0.0000","0.0000"
"9499.0","15:13:19.434","2221288.0000","1.3420","60568.0000","-0.0500","-0.0050","-1.0000","0.0000","0.0000","0.0000","0.0000","0.0000"
"9500.0","15:13:19.435","2222882.0000","1.5159","60568.0000","-0.0500","-0.0050","-1.0000","0.0000","0.0000","0.0000","0.0000","0.0000"
"9501.0","15:13:19.436","2223200.0000","1.5505","60566.0000","-0.0500","-0.0050","-1.0000","0.0000","0.0000","0.0000","0.0000","0.0000"
"9502.0","15:13:19.437","2224801.0000","1.7250","60566.0000","-0.0500","-0.0050","-1.0000","0.0000","0.0000","0.0000","0.0000","0.0000"
"9503.0","15:13:19.438","2225159.0000","1.7640","60566.0000","-0.0500","-0.0050","-1.0000","0.0000","0.0000","0.0000","0.0000","0.0000"
"9504.0","15:13:19.439","2225362.0000","1.7862","60566.0000","-0.0500","-0.0050","-1.0000","0.0000","0.0000","0.0000","0.0000","0.0000"
"9505.0","15:13:19.440","2225885.0000","1.8432","60566.0000","-0.0500","-0.0050","-1.0000","0.0000","0.0000","0.0000","0.0000","0.0000"
"9506.0","15:13:19.441","2225583.0000","1.8103","60566.0000","-0.0500","-0.0050","-1.0000","0.0000","0.0000","0.0000","0.0000","0.0000"
"9507.0","15:13:19.442","2225312.0000","1.7808","60566.0000","-0.0500","-0.0050","-1.0000","0.0000","0.0000","0.0000","0.0000","0.0000"
"9508.0","15:13:19.443","2225632.0000","1.8156","60566.0000","-0.0500","-0.0050","-1.0000","0.0000","0.0000","0.0000","0.0000","0.0000"
"9509.0","15:13:19.444","2225095.0000","1.7571","60566.0000","-0.0500","-0.0050","-1.0000","0.0000","0.0000","0.0000","0.0000","0.0000"
"9510.0","15:13:19.445","2225095.0000","1.7571","60566.0000","-0.0500","-0.0050","-1.0000","0.0000","0.0000","0.0000","0.0000","0.0000"
"9511.0","15:13:19.446","2222901.0000","1.5179","60566.0000","-0.0500","-0.0050","-1.0000","0.0000","0.0000","0.0000","0.0000","0.0000"
"9512.0","15:13:19.447","2222441.0000","1.4677","60566.0000","-0.0500","-0.0050","-1.0000","0.0000","0.0000","0.0000","0.0000","0.0000"
"9513.0","15:13:19.448","2221172.0000","1.3294","60566.0000","-0.0500","-0.0050","-1.0000","0.0000","0.0000","0.0000","0.0000","0.0000"
"9514.0","15:13:19.449","2220413.0000","1.2466","60566.0000","-0.0500","-0.0050","-1.0000","0.0000","0.0000","0.0000","0.0000","0.0000"
"9515.0","15:13:19.450","2219997.0000","1.2013","60566.0000","-0.0500","-0.0050","-1.0000","0.0000","0.0000","0.0000","0.0000","0.0000"
"9516.0","15:13:19.451","2219752.0000","1.1746","60566.0000","-0.0500","-0.0050","-1.0000","0.0000","0.0000","0.0000","0.0000","0.0000"
"9517.0","15:13:19.452","2219793.0000","1.1791","60566.0000","-0.0500","-0.0050","-1.0000","0.0000","0.0000","0.0000","0.0000","0.0000"
"9518.0","15:13:19.453","2220890.0000","1.2987","60566.0000","-0.0500","-0.0050","-1.0000","0.0000","0.0000","0.0000","0.0000","0.0000"
"9519.0","15:13:19.454","2220799.0000","1.2888","60566.0000","-0.0500","-0.0050","-1.0000","0.0000","0.0000","0.0000","0.0000","0.0000"
"9520.0","15:13:19.455","2221058.0000","1.3170","60566.0000","-0.0500","-0.0050","-1.0000","0.0000","0.0000","0.0000","0.0000","0.0000"
"9521.0","15:13:19.456","2222094.0000","1.4299","60566.0000","-0.0500","-0.0050","-1.0000","0.0000","0.0000","0.0000","0.0000","0.0000"
"9522.0","15:13:19.457","2223407.0000","1.5731","60566.0000","-0.0500","-0.0050","-1.0000","0.0000","0.0000","0.0000","0.0000","0.0000"
"9523.0","15:13:19.458","2223669.0000","1.6016","60566.0000","-0.0500","-0.0050","-1.0000","0.0000","0.0000","0.0000","0.0000","0.0000"
"9524.0","15:13:19.459","2224854.0000","1.7308","60566.0000","-0.0500","-0.0050","-1.0000","0.0000","0.0000","0.0000","0.0000","0.0000"
"9525.0","15:13:19.460","2224785.0000","1.7233","60566.0000","-0.0500","-0.0050","-1.0000","0.0000","0.0000","0.0000","0.0000","0.0000"
"9526.0","15:13:19.461","2224814.0000","1.7264","60566.0000","-0.0500","-0.0050","-1.0000","0.0000","0.0000","0.0000","0.0000","0.0000"
"9527.0","15:13:19.462","2224285.0000","1.6688","60566.0000","-0.0500","-0.0050","-1.0000","0.0000","0.0000","0.0000","0.0000","0.0000"
"9528.0","15:13:19.463","2223420.0000","1.5745","60566.0000","-0.0500","-0.0050","-1.0000","0.0000","0.0000","0.0000","0.0000","0.0000"
"9529.0","15:13:19.464","2221140.0000","1.3259","60566.0000","-0.0500","-0.0050","-1.0000","0.0000","0.0000","0.0000","0.0000","0.0000"
"9530.0","15:13:19.465","2220960.0000","1.3063","60566.0000","-0.0500","-0.0050","-1.0000","0.0000","0.0000","0.0000","0.0000","0.0000"
"9531.0","15:13:19.466","2220006.0000","1.2023","60566.0000","-0.0500","-0.0050","-1.0000","0.0000","0.0000","0.0000","0.0000","0.0000"
"9532.0","15:13:19.467","2219198.0000","1.1142","60566.0000","-0.0500","-0.0050","-1.0000","0.0000","0.0000","0.0000","0.0000","0.0000"
"9533.0","15:13:19.468","2219813.0000","1.1812","60566.0000","-0.0500","-0.0050","-1.0000","0.0000","0.0000","0.0000","0.0000","0.0000"
"9534.0","15:13:19.469","2221103.0000","1.3219","60566.0000","-0.0500","-0.0050","-1.0000","0.0000","0.0000","0.0000","0.0000","0.0000"
"9535.0","15:13:19.470","2221162.0000","1.3283","60566.0000","-0.0500","-0.0050","-1.0000","0.0000","0.0000","0.0000","0.0000","0.0000"
"9536.0","15:13:19.471","2221723.0000","1.3895","60566.0000","-0.0500","-0.0050","-1.0000","0.0000","0.0000","0.0000","0.0000","0.0000"
"9537.0","15:13:19.472","2223287.0000","1.5600","60566.0000","-0.0500","-0.0050","-1.0000","0.0000","0.0000","0.0000","0.0000","0.0000"
"9538.0","15:13:19.473","2224516.0000","1.6939","60566.0000","-0.0500","-0.0050","-1.0000","0.0000","0.0000","0.0000","0.0000","0.0000"
"9539.0","15:13:19.474","2225538.0000","1.8054","60566.0000","-0.0500","-0.0050","-1.0000","0.0000","0.0000","0.0000","0.0000","0.0000"
"9540.0","15:13:19.475","2226486.0000","1.9087","60566.0000","-0.0500","-0.0050","-1.0000","0.0000","0.0000","0.0000","0.0000","0.0000"
"9541.0","15:13:19.476","2226303.0000","1.8888","60566.0000","-0.0500","-0.0050","-1.0000","0.0000","0.0000","0.0000","0.0000","0.0000"
"9542.0","15:13:19.477","2225358.0000","1.7858","60566.0000","-0.0500","-0.0050","-1.0000","0.0000","0.0000","0.0000","0.0000","0.0000"
"9543.0","15:13:19.478","2224767.0000","1.7213","60566.0000","-0.0500","-0.0050","-1.0000","0.0000","0.0000","0.0000","0.0000","0.0000"
"9544.0","15:13:19.479","2225018.0000","1.7487","60566.0000","-0.0500","-0.0050","-1.0000","0.0000","0.0000","0.0000","0.0000","0.0000"
"9545.0","15:13:19.480","2224004.0000","1.6382","60566.0000","-0.0500","-0.0050","-1.0000","0.0000","0.0000","0.0000","0.0000","0.0000"
"9546.0","15:13:19.481","2223644.0000","1.5989","60566.0000","-0.0500","-0.0050","-1.0000","0.0000","0.0000","0.0000","0.0000","0.0000"
"9547.0","15:13:19.482","2222346.0000","1.4574","60566.0000","-0.0500","-0.0050","-1.0000","0.0000","0.0000","0.0000","0.0000","0.0000"
"9548.0","15:13:19.483","2221936.0000","1.4127","60566.0000","-0.0500","-0.0050","-1.0000","0.0000","0.0000","0.0000","0.0000","0.0000"
"9549.0","15:13:19.484","2221260.0000","1.3390","60566.0000","-0.0500","-0.0050","-1.0000","0.0000","0.0000","0.0000","0.0000","0.0000"
"9550.0","15:13:19.485","2221409.0000","1.3552","60566.0000","-0.0500","-0.0050","-1.0000","0.0000","0.0000","0.0000","0.0000","0.0000"
"9551.0","15:13:19.486","2221494.0000","1.3645","60566.0000","-0.0500","-0.0050","-1.0000","0.0000","0.0000","0.0000","0.0000","0.0000"
"9552.0","15:13:19.487","2221534.0000","1.3689","60566.0000","-0.0500","-0.0050","-1.0000","0.0000","0.0000","0.0000","0.0000","0.0000"
"9553.0","15:13:19.488","2222413.0000","1.4647","60566.0000","-0.0500","-0.0050","-1.0000","0.0000","0.0000","0.0000","0.0000","0.0000"
"9554.0","15:13:19.489","2223233.0000","1.5541","60566.0000","-0.0500","-0.0050","-1.0000","0.0000","0.0000","0.0000","0.0000","0.0000"
"9555.0","15:13:19.490","2225092.0000","1.7568","60566.0000","-0.0500","-0.0050","-1.0000","0.0000","0.0000","0.0000","0.0000","0.0000"
"9556.0","15:13:19.491","2225353.0000","1.7852","60566.0000","-0.0500","-0.0050","-1.0000","0.0000","0.0000","0.0000","0.0000","0.0000"
"9557.0","15:13:19.492","2225353.0000","1.7852","60566.0000","-0.0500","-0.0050","-1.0000","0.0000","0.0000","0.0000","0.0000","0.0000"
"9558.0","15:13:19.493","2225856.0000","1.8400","60566.0000","-0.0500","-0.0050","-1.0000","0.0000","0.0000","0.0000","0.0000","0.0000"
"9559.0","15:13:19.494","2226841.0000","1.9474","60566.0000","-0.0500","-0.0050","-1.0000","0.0000","0.0000","0.0000","0.0000","0.0000"
"9560.0","15:13:19.495","2227173.0000","1.9836","60566.0000","-0.0500","-0.0050","-1.0000","0.0000","0.0000","0.0000","0.0000","0.0000"
"9561.0","15:13:19.496","2226436.0000","1.9033","60567.0000","-0.0500","-0.0050","-1.0000","0.0000","0.0000","0.0000","0.0000","0.0000"
"9562.0","15:13:19.497","2225810.0000","1.8350","60567.0000","-0.0500","-0.0050","-1.0000","0.0000","0.0000","0.0000","0.0000","0.0000"
"9563.0","15:13:19.498","2226150.0000","1.8721","60567.0000","-0.0500","-0.0050","-1.0000","0.0000","0.0000","0.0000","0.0000","0.0000"
"9564.0","15:13:19.499","2224745.0000","1.7189","60567.0000","-0.0500","-0.0050","-1.0000","0.0000","0.0000","0.0000","0.0000","0.0000"
"9565.0","15:13:19.500","2224158.0000","1.6549","60567.0000","-0.0500","-0.0050","-1.0000","0.0000","0.0000","0.0000","0.0000","0.0000"
"9566.0","15:13:19.501","2223813.0000","1.6173","60567.0000","-0.0500","-0.0050","-1.0000","0.0000","0.0000","0.0000","0.0000","0.0000"
"9567.0","15:13:19.502","2223893.0000","1.6260","60567.0000","-0.0500","-0.0050","-1.0000","0.0000","0.0000","0.0000","0.0000","0.0000"
"9568.0","15:13:19.503","2223675.0000","1.6023","60567.0000","-0.0500","-0.0050","-1.0000","0.0000","0.0000","0.0000","0.0000","0.0000"
"9569.0","15:13:19.504","2223772.0000","1.6129","60567.0000","-0.0500","-0.0050","-1.0000","0.0000","0.0000","0.0000","0.0000","0.0000"
"9570.0","15:13:19.505","2224634.0000","1.7068","60567.0000","-0.0500","-0.0050","-1.0000","0.0000","0.0000","0.0000","0.0000","0.0000"
"9571.0","15:13:19.506","2224603.0000","1.7034","60567.0000","-0.0500","-0.0050","-1.0000","0.0000","0.0000","0.0000","0.0000","0.0000"
"9572.0","15:13:19.507","2225400.0000","1.7903","60567.0000","-0.0500","-0.0050","-1.0000","0.0000","0.0000","0.0000","0.0000","0.0000"
"9573.0","15:13:19.508","2225441.0000","1.7948","60567.0000","-0.0500","-0.0050","-1.0000","0.0000","0.0000","0.0000","0.0000","0.0000"
"9574.0","15:13:19.509","2225574.0000","1.8093","60567.0000","-0.0500","-0.0050","-1.0000","0.0000","0.0000","0.0000","0.0000","0.0000"
"9575.0","15:13:19.510","2225522.0000","1.8037","60567.0000","-0.0500","-0.0050","-1.0000","0.0000","0.0000","0.0000","0.0000","0.0000"
"9576.0","15:13:19.511","2225848.0000","1.8392","60567.0000","-0.0500","-0.0050","-1.0000","0.0000","0.0000","0.0000","0.0000","0.0000"
"9577.0","15:13:19.512","2226696.0000","1.9316","60567.0000","-0.0500","-0.0050","-1.0000","0.0000","0.0000","0.0000","0.0000","0.0000"
"9578.0","15:13:19.513","2226148.0000","1.8719","60567.0000","-0.0500","-0.0050","-1.0000","0.0000","0.0000","0.0000","0.0000","0.0000"
"9579.0","15:13:19.514","2226613.0000","1.9226","60567.0000","-0.0500","-0.0050","-1.0000","0.0000","0.0000","0.0000","0.0000","0.0000"
"9580.0","15:13:19.515","2225998.0000","1.8555","60567.0000","-0.0500","-0.0050","-1.0000","0.0000","0.0000","0.0000","0.0000","0.0000"
"9581.0","15:13:19.516","2226324.0000","1.8910","60567.0000","-0.0500","-0.0050","-1.0000","0.0000","0.0000","0.0000","0.0000","0.0000"
"9582.0","15:13:19.517","2225824.0000","1.8366","60567.0000","-0.0500","-0.0050","-1.0000","0.0000","0.0000","0.0000","0.0000","0.0000"
"9583.0","15:13:19.518","2225119.0000","1.7597","60567.0000","-0.0500","-0.0050","-1.0000","0.0000","0.0000","0.0000","0.0000","0.0000"
"9584.0","15:13:19.519","2225289.0000","1.7782","60567.0000","-0.0500","-0.0050","-1.0000","0.0000","0.0000","0.0000","0.0000","0.0000"
"9585.0","15:13:19.520","2224213.0000","1.6609","60567.0000","-0.0500","-0.0050","-1.0000","0.0000","0.0000","0.0000","0.0000","0.0000"
"9586.0","15:13:19.521","2224109.0000","1.6496","60567.0000","-0.0500","-0.0050","-1.0000","0.0000","0.0000","0.0000","0.0000","0.0000"
"9587.0","15:13:19.522","2224044.0000","1.6425","60567.0000","-0.0500","-0.0050","-1.0000","0.0000","0.0000","0.0000","0.0000","0.0000"
"9588.0","15:13:19.523","2223432.0000","1.5758","60567.0000","-0.0500","-0.0050","-1.0000","0.0000","0.0000","0.0000","0.0000","0.0000"
"9589.0","15:13:19.524","2222262.0000","1.4483","60567.0000","-0.0500","-0.0050","-1.0000","0.0000","0.0000","0.0000","0.0000","0.0000"
"9590.0","15:13:19.525","2221913.0000","1.4102","60567.0000","-0.0500","-0.0050","-1.0000","0.0000","0.0000","0.0000","0.0000","0.0000"
"9591.0","15:13:19.526","2222294.0000","1.4517","60567.0000","-0.0500","-0.0050","-1.0000","0.0000","0.0000","0.0000","0.0000","0.0000"
"9592.0","15:13:19.527","2221726.0000","1.3898","60567.0000","-0.0500","-0.0050","-1.0000","0.0000","0.0000","0.0000","0.0000","0.0000"
"9593.0","15:13:19.528","2222013.0000","1.4211","60567.0000","-0.0500","-0.0050","-1.0000","0.0000","0.0000","0.0000","0.0000","0.0000"
"9594.0","15:13:19.529","2222129.0000","1.4337","60567.0000","-0.0500","-0.0050","-1.0000","0.0000","0.0000","0.0000","0.0000","0.0000"
"9595.0","15:13:19.530","2222223.0000","1.4440","60567.0000","-0.0500","-0.0050","-1.0000","0.0000","0.0000","0.0000","0.0000","0.0000"
"9596.0","15:13:19.531","2221726.0000","1.3898","60567.0000","-0.0500","-0.0050","-1.0000","0.0000","0.0000","0.0000","0.0000","0.0000"
"9597.0","15:13:19.532","2221455.0000","1.3602","60567.0000","-0.0500","-0.0050","-1.0000","0.0000","0.0000","0.0000","0.0000","0.0000"
"9598.0","15:13:19.533","2221430.0000","1.3576","60567.0000","-0.0500","-0.0050","-1.0000","0.0000","0.0000","0.0000","0.0000","0.0000"
"9599.0","15:13:19.534","2221590.0000","1.3750","60567.0000","-0.0500","-0.0050","-1.0000","0.0000","0.0000","0.0000","0.0000","0.0000"
"9600.0","15:13:19.535","2222038.0000","1.4238","60567.0000","-0.0500","-0.0050","-1.0000","0.0000","0.0000","0.0000","0.0000","0.0000"
"9601.0","15:13:19.536","2222473.0000","1.4712","60567.0000","-0.0500","-0.0050","-1.0000","0.0000","0.0000","0.0000","0.0000","0.0000"
"9602.0","15:13:19.537","2221980.0000","1.4175","60567.0000","-0.0500","-0.0050","-1.0000","0.0000","0.0000","0.0000","0.0000","0.0000"
"9603.0","15:13:19.538","2222105.0000","1.4311","60567.0000","-0.0500","-0.0050","-1.0000","0.0000","0.0000","0.0000","0.0000","0.0000"
"9604.0","15:13:19.539","2221224.0000","1.3351","60567.0000","-0.0500","-0.0050","-1.0000","0.0000","0.0000","0.0000","0.0000","0.0000"
"9605.0","15:13:19.540","2221224.0000","1.3351","60567.0000","-0.0500","-0.0050","-1.0000","0.0000","0.0000","0.0000","0.0000","0.0000"
"9606.0","15:13:19.541","2221491.0000","1.3642","60567.0000","-0.0500","-0.0050","-1.0000","0.0000","0.0000","0.0000","0.0000","0.0000"
"9607.0","15:13:19.542","2221222.0000","1.3348","60567.0000","-0.0500","-0.0050","-1.0000","0.0000","0.0000","0.0000","0.0000","0.0000"
"9608.0","15:13:19.543","2220194.0000","1.2228","60567.0000","-0.0500","-0.0050","-1.0000","0.0000","0.0000","0.0000","0.0000","0.0000"
"9609.0","15:13:19.544","2221288.0000","1.3420","60567.0000","-0.0500","-0.0050","-1.0000","0.0000","0.0000","0.0000","0.0000","0.0000"
"9610.0","15:13:19.545","2221460.0000","1.3608","60567.0000","-0.0500","-0.0050","-1.0000","0.0000","0.0000","0.0000","0.0000","0.0000"
"9611.0","15:13:19.546","2221852.0000","1.4036","60567.0000","-0.0500","-0.0050","-1.0000","0.0000","0.0000","0.0000","0.0000","0.0000"
"9612.0","15:13:19.547","2221576.0000","1.3735","60567.0000","-0.0500","-0.0050","-1.0000","0.0000","0.0000","0.0000","0.0000","0.0000"
"9613.0","15:13:19.548","2221372.0000","1.3512","60567.0000","-0.0500","-0.0050","-1.0000","0.0000","0.0000","0.0000","0.0000","0.0000"
"9614.0","15:13:19.549","2221214.0000","1.3340","60567.0000","-0.0500","-0.0050","-1.0000","0.0000","0.0000","0.0000","0.0000","0.0000"
"9615.0","15:13:19.550","2221886.0000","1.4073","60567.0000","-0.0500","-0.0050","-1.0000","0.0000","0.0000","0.0000","0.0000","0.0000"
"9616.0","15:13:19.551","2222152.0000","1.4362","60567.0000","-0.0500","-0.0050","-1.0000","0.0000","0.0000","0.0000","0.0000","0.0000"
"9617.0","15:13:19.552","2222808.0000","1.5078","60567.0000","-0.0500","-0.0050","-1.0000","0.0000","0.0000","0.0000","0.0000","0.0000"
"9618.0","15:13:19.553","2223340.0000","1.5657","60567.0000","-0.0500","-0.0050","-1.0000","0.0000","0.0000","0.0000","0.0000","0.0000"
"9619.0","15:13:19.554","2223000.0000","1.5287","60567.0000","-0.0500","-0.0050","-1.0000","0.0000","0.0000","0.0000","0.0000","0.0000"
"9620.0","15:13:19.555","2223783.0000","1.6141","60567.0000","-0.0500","-0.0050","-1.0000","0.0000","0.0000","0.0000","0.0000","0.0000"
"9621.0","15:13:19.556","2223677.0000","1.6025","60567.0000","-0.0500","-0.0050","-1.0000","0.0000","0.0000","0.0000","0.0000","0.0000"
"9622.0","15:13:19.557","2223692.0000","1.6041","60563.0000","-0.0500","-0.0050","-1.0000","0.0000","0.0000","0.0000","0.0000","0.0000"
"9623.0","15:13:19.558","2223469.0000","1.5798","60563.0000","-0.0500","-0.0050","-1.0000","0.0000","0.0000","0.0000","0.0000","0.0000"
"9624.0","15:13:19.559","2224382.0000","1.6794","60563.0000","-0.0500","-0.0050","-1.0000","0.0000","0.0000","0.0000","0.0000","0.0000"
"9625.0","15:13:19.560","2223751.0000","1.6106","60563.0000","-0.0500","-0.0050","-1.0000","0.0000","0.0000","0.0000","0.0000","0.0000"
"9626.0","15:13:19.561","2223719.0000","1.6071","60563.0000","-0.0500","-0.0050","-1.0000","0.0000","0.0000","0.0000","0.0000","0.0000"
"9627.0","15:13:19.562","2223855.0000","1.6219","60563.0000","-0.0500","-0.0050","-1.0000","0.0000","0.0000","0.0000","0.0000","0.0000"
"9628.0","15:13:19.563","2223599.0000","1.5940","60563.0000","-0.0500","-0.0050","-1.0000","0.0000","0.0000","0.0000","0.0000","0.0000"
"9629.0","15:13:19.564","2223746.0000","1.6100","60563.0000","-0.0500","-0.0050","-1.0000","0.0000","0.0000","0.0000","0.0000","0.0000"
"9630.0","15:13:19.565","2224324.0000","1.6730","60563.0000","-0.0500","-0.0050","-1.0000","0.0000","0.0000","0.0000","0.0000","0.0000"
"9631.0","15:13:19.566","2223579.0000","1.5918","60563.0000","-0.0500","-0.0050","-1.0000","0.0000","0.0000","0.0000","0.0000","0.0000"
"9632.0","15:13:19.567","2222991.0000","1.5277","60563.0000","-0.0500","-0.0050","-1.0000","0.0000","0.0000","0.0000","0.0000","0.0000"
"9633.0","15:13:19.568","2223603.0000","1.5944","60563.0000","-0.0500","-0.0050","-1.0000","0.0000","0.0000","0.0000","0.0000","0.0000"
"9634.0","15:13:19.569","2223782.0000","1.6139","60563.0000","-0.0500","-0.0050","-1.0000","0.0000","0.0000","0.0000","0.0000","0.0000"
"9635.0","15:13:19.570","2223256.0000","1.5566","60563.0000","-0.0500","-0.0050","-1.0000","0.0000","0.0000","0.0000","0.0000","0.0000"
"9636.0","15:13:19.571","2224229.0000","1.6627","60563.0000","-0.0500","-0.0050","-1.0000","0.0000","0.0000","0.0000","0.0000","0.0000"
"9637.0","15:13:19.572","2223859.0000","1.6223","60563.0000","-0.0500","-0.0050","-1.0000","0.0000","0.0000","0.0000","0.0000","0.0000"
"9638.0","15:13:19.573","2224374.0000","1.6785","60563.0000","-0.0500","-0.0050","-1.0000","0.0000","0.0000","0.0000","0.0000","0.0000"
"9639.0","15:13:19.574","2224686.0000","1.7125","60563.0000","-0.0500","-0.0050","-1.0000","0.0000","0.0000","0.0000","0.0000","0.0000"
"9640.0","15:13:19.575","2224504.0000","1.6927","60563.0000","-0.0500","-0.0050","-1.0000","0.0000","0.0000","0.0000","0.0000","0.0000"
"9641.0","15:13:19.576","2223105.0000","1.5401","60563.0000","-0.0500","-0.0050","-1.0000","0.0000","0.0000","0.0000","0.0000","0.0000"
"9642.0","15:13:19.577","2223596.0000","1.5937","60563.0000","-0.0500","-0.0050","-1.0000","0.0000","0.0000","0.0000","0.0000","0.0000"
"9643.0","15:13:19.578","2224122.0000","1.6510","60563.0000","-0.0500","-0.0050","-1.0000","0.0000","0.0000","0.0000","0.0000","0.0000"
"9644.0","15:13:19.579","2223732.0000","1.6085","60563.0000","-0.0500","-0.0050","-1.0000","0.0000","0.0000","0.0000","0.0000","0.0000"
"9645.0","15:13:19.580","2223831.0000","1.6193","60563.0000","-0.0500","-0.0050","-1.0000","0.0000","0.0000","0.0000","0.0000","0.0000"
"9646.0","15:13:19.581","2223858.0000","1.6222","60563.0000","-0.0500","-0.0050","-1.0000","0.0000","0.0000","0.0000","0.0000","0.0000"
"9647.0","15:13:19.582","2222916.0000","1.5195","60563.0000","-0.0500","-0.0050","-1.0000","0.0000","0.0000","0.0000","0.0000","0.0000"
"9648.0","15:13:19.583","2223941.0000","1.6313","60563.0000","-0.0500","-0.0050","-1.0000","0.0000","0.0000","0.0000","0.0000","0.0000"
"9649.0","15:13:19.584","2223420.0000","1.5745","60563.0000","-0.0500","-0.0050","-1.0000","0.0000","0.0000","0.0000","0.0000","0.0000"
"9650.0","15:13:19.585","2223380.0000","1.5701","60563.0000","-0.0500","-0.0050","-1.0000","0.0000","0.0000","0.0000","0.0000","0.0000"
"9651.0","15:13:19.586","2223307.0000","1.5622","60563.0000","-0.0500","-0.0050","-1.0000","0.0000","0.0000","0.0000","0.0000","0.0000"
"9652.0","15:13:19.587","2223307.0000","1.5622","60563.0000","-0.0500","-0.0050","-1.0000","0.0000","0.0000","0.0000","0.0000","0.0000"
"9653.0","15:13:19.588","2223733.0000","1.6086","60563.0000","-0.0500","-0.0050","-1.0000","0.0000","0.0000","0.0000","0.0000","0.0000"
"9654.0","15:13:19.589","2222858.0000","1.5132","60563.0000","-0.0500","-0.0050","-1.0000","0.0000","0.0000","0.0000","0.0000","0.0000"
"9655.0","15:13:19.590","2223067.0000","1.5360","60563.0000","-0.0500","-0.0050","-1.0000","0.0000","0.0000","0.0000","0.0000","0.0000"
"9656.0","15:13:19.591","2222593.0000","1.4843","60563.0000","-0.0500","-0.0050","-1.0000","0.0000","0.0000","0.0000","0.0000","0.0000"
"9657.0","15:13:19.592","2222880.0000","1.5156","60563.0000","-0.0500","-0.0050","-1.0000","0.0000","0.0000","0.0000","0.0000","0.0000"
"9658.0","15:13:19.593","2222561.0000","1.4808","60563.0000","-0.0500","-0.0050","-1.0000","0.0000","0.0000","0.0000","0.0000","0.0000"
"9659.0","15:13:19.594","2222278.0000","1.4500","60563.0000","-0.0500","-0.0050","-1.0000","0.0000","0.0000","0.0000","0.0000","0.0000"
"9660.0","15:13:19.595","2221749.0000","1.3923","60563.0000","-0.0500","-0.0050","-1.0000","0.0000","0.0000","0.0000","0.0000","0.0000"
"9661.0","15:13:19.596","2221482.0000","1.3632","60563.0000","-0.0500","-0.0050","-1.0000","0.0000","0.0000","0.0000","0.0000","0.0000"
"9662.0","15:13:19.597","2221182.0000","1.3305","60563.0000","-0.0500","-0.0050","-1.0000","0.0000","0.0000","0.0000","0.0000","0.0000"
"9663.0","15:13:19.598","2221018.0000","1.3126","60563.0000","-0.0500","-0.0050","-1.0000","0.0000","0.0000","0.0000","0.0000","0.0000"
"9664.0","15:13:19.599","2220995.0000","1.3101","60563.0000","-0.0500","-0.0050","-1.0000","0.0000","0.0000","0.0000","0.0000","0.0000"
"9665.0","15:13:19.600","2220968.0000","1.3072","60563.0000","-0.0500","-0.0050","-1.0000","0.0000","0.0000","0.0000","0.0000","0.0000"
"9666.0","15:13:19.601","2220390.0000","1.2441","60563.0000","-0.0500","-0.0050","-1.0000","0.0000","0.0000","0.0000","0.0000","0.0000"
"9667.0","15:13:19.602","2221048.0000","1.3159","60563.0000","-0.0500","-0.0050","-1.0000","0.0000","0.0000","0.0000","0.0000","0.0000"
"9668.0","15:13:19.603","2222010.0000","1.4208","60563.0000","-0.0500","-0.0050","-1.0000","0.0000","0.0000","0.0000","0.0000","0.0000"
"9669.0","15:13:19.604","2222112.0000","1.4319","60563.0000","-0.0500","-0.0050","-1.0000","0.0000","0.0000","0.0000","0.0000","0.0000"
"9670.0","15:13:19.605","2221742.0000","1.3915","60563.0000","-0.0500","-0.0050","-1.0000","0.0000","0.0000","0.0000","0.0000","0.0000"
"9671.0","15:13:19.606","2222527.0000","1.4771","60563.0000","-0.0500","-0.0050","-1.0000","0.0000","0.0000","0.0000","0.0000","0.0000"
"9672.0","15:13:19.607","2222316.0000","1.4541","60563.0000","-0.0500","-0.0050","-1.0000","0.0000","0.0000","0.0000","0.0000","0.0000"
"9673.0","15:13:19.608","2223165.0000","1.5467","60563.0000","-0.0500","-0.0050","-1.0000","0.0000","0.0000","0.0000","0.0000","0.0000"
"9674.0","15:13:19.609","2222732.0000","1.4995","60563.0000","-0.0500","-0.0050","-1.0000","0.0000","0.0000","0.0000","0.0000","0.0000"
"9675.0","15:13:19.610","2222520.0000","1.4764","60563.0000","-0.0500","-0.0050","-1.0000","0.0000","0.0000","0.0000","0.0000","0.0000"
"9676.0","15:13:19.611","2222270.0000","1.4491","60563.0000","-0.0500","-0.0050","-1.0000","0.0000","0.0000","0.0000","0.0000","0.0000"
"9677.0","15:13:19.612","2222111.0000","1.4318","60563.0000","-0.0500","-0.0050","-1.0000","0.0000","0.0000","0.0000","0.0000","0.0000"
"9678.0","15:13:19.613","2221462.0000","1.3610","60563.0000","-0.0500","-0.0050","-1.0000","0.0000","0.0000","0.0000","0.0000","0.0000"
"9679.0","15:13:19.614","2220858.0000","1.2952","60563.0000","-0.0500","-0.0050","-1.0000","0.0000","0.0000","0.0000","0.0000","0.0000"
"9680.0","15:13:19.615","2221033.0000","1.3142","60563.0000","-0.0500","-0.0050","-1.0000","0.0000","0.0000","0.0000","0.0000","0.0000"
"9681.0","15:13:19.616","2221113.0000","1.3230","60563.0000","-0.0500","-0.0050","-1.0000","0.0000","0.0000","0.0000","0.0000","0.0000"
"9682.0","15:13:19.617","2219752.0000","1.1746","60572.0000","-0.0500","-0.0050","-1.0000","0.0000","0.0000","0.0000","0.0000","0.0000"
"9683.0","15:13:19.618","2220603.0000","1.2674","60572.0000","-0.0500","-0.0050","-1.0000","0.0000","0.0000","0.0000","0.0000","0.0000"
"9684.0","15:13:19.619","2221040.0000","1.3150","60572.0000","-0.0500","-0.0050","-1.0000","0.0000","0.0000","0.0000","0.0000","0.0000"
"9685.0","15:13:19.620","2220894.0000","1.2991","60572.0000","-0.0500","-0.0050","-1.0000","0.0000","0.0000","0.0000","0.0000","0.0000"
"9686.0","15:13:19.621","2222899.0000","1.5177","60572.0000","-0.0500","-0.0050","-1.0000","0.0000","0.0000","0.0000","0.0000","0.0000"
"9687.0","15:13:19.622","2223414.0000","1.5738","60572.0000","-0.0500","-0.0050","-1.0000","0.0000","0.0000","0.0000","0.0000","0.0000"
"9688.0","15:13:19.623","2222152.0000","1.4362","60572.0000","-0.0500","-0.0050","-1.0000","0.0000","0.0000","0.0000","0.0000","0.0000"
"9689.0","15:13:19.624","2223172.0000","1.5475","60572.0000","-0.0500","-0.0050","-1.0000","0.0000","0.0000","0.0000","0.0000","0.0000"
"9690.0","15:13:19.625","2223108.0000","1.5405","60572.0000","-0.0500","-0.0050","-1.0000","0.0000","0.0000","0.0000","0.0000","0.0000"
"9691.0","15:13:19.626","2222778.0000","1.5045","60572.0000","-0.0500","-0.0050","-1.0000","0.0000","0.0000","0.0000","0.0000","0.0000"
"9692.0","15:13:19.627","2223292.0000","1.5605","60572.0000","-0.0500","-0.0050","-1.0000","0.0000","0.0000","0.0000","0.0000","0.0000"
"9693.0","15:13:19.628","2222494.0000","1.4735","60572.0000","-0.0500","-0.0050","-1.0000","0.0000","0.0000","0.0000","0.0000","0.0000"
"9694.0","15:13:19.629","2222838.0000","1.5110","60572.0000","-0.0500","-0.0050","-1.0000","0.0000","0.0000","0.0000","0.0000","0.0000"
"9695.0","15:13:19.630","2221702.0000","1.3872","60572.0000","-0.0500","-0.0050","-1.0000","0.0000","0.0000","0.0000","0.0000","0.0000"
"9696.0","15:13:19.631","2221899.0000","1.4087","60572.0000","-0.0500","-0.0050","-1.0000","0.0000","0.0000","0.0000","0.0000","0.0000"
"9697.0","15:13:19.632","2222019.0000","1.4217","60572.0000","-0.0500","-0.0050","-1.0000","0.0000","0.0000","0.0000","0.0000","0.0000"
"9698.0","15:13:19.633","2222049.0000","1.4250","60572.0000","-0.0500","-0.0050","-1.0000","0.0000","0.0000","0.0000","0.0000","0.0000"
"9699.0","15:13:19.634","2222049.0000","1.4250","60572.0000","-0.0500","-0.0050","-1.0000","0.0000","0.0000","0.0000","0.0000","0.0000"
"9700.0","15:13:19.635","2221292.0000","1.3425","60572.0000","-0.0500","-0.0050","-1.0000","0.0000","0.0000","0.0000","0.0000","0.0000"
"9701.0","15:13:19.636","2221281.0000","1.3413","60572.0000","-0.0500","-0.0050","-1.0000","0.0000","0.0000","0.0000","0.0000","0.0000"
"9702.0","15:13:19.637","2222208.0000","1.4424","60572.0000","-0.0500","-0.0050","-1.0000","0.0000","0.0000","0.0000","0.0000","0.0000"
"9703.0","15:13:19.638","2220944.0000","1.3045","60572.0000","-0.0500","-0.0050","-1.0000","0.0000","0.0000","0.0000","0.0000","0.0000"
"9704.0","15:13:19.639","2221815.0000","1.3995","60572.0000","-0.0500","-0.0050","-1.0000","0.0000","0.0000","0.0000","0.0000","0.0000"
"9705.0","15:13:19.640","2221887.0000","1.4074","60572.0000","-0.0500","-0.0050","-1.0000","0.0000","0.0000","0.0000","0.0000","0.0000"
"9706.0","15:13:19.641","2222037.0000","1.4237","60572.0000","-0.0500","-0.0050","-1.0000","0.0000","0.0000","0.0000","0.0000","0.0000"
"9707.0","15:13:19.642","2222702.0000","1.4962","60572.0000","-0.0500","-0.0050","-1.0000","0.0000","0.0000","0.0000","0.0000","0.0000"
"9708.0","15:13:19.643","2222764.0000","1.5030","60572.0000","-0.0500","-0.0050","-1.0000","0.0000","0.0000","0.0000","0.0000","0.0000"
"9709.0","15:13:19.644","2224139.0000","1.6529","60572.0000","-0.0500","-0.0050","-1.0000","0.0000","0.0000","0.0000","0.0000","0.0000"
"9710.0","15:13:19.645","2222913.0000","1.5192","60572.0000","-0.0500","-0.0050","-1.0000","0.0000","0.0000","0.0000","0.0000","0.0000"
"9711.0","15:13:19.646","2222426.0000","1.4661","60572.0000","-0.0500","-0.0050","-1.0000","0.0000","0.0000","0.0000","0.0000","0.0000"
"9712.0","15:13:19.647","2223479.0000","1.5809","60572.0000","-0.0500","-0.0050","-1.0000","0.0000","0.0000","0.0000","0.0000","0.0000"
"9713.0","15:13:19.648","2223880.0000","1.6246","60572.0000","-0.0500","-0.0050","-1.0000","0.0000","0.0000","0.0000","0.0000","0.0000"
"9714.0","15:13:19.649","2223374.0000","1.5694","60572.0000","-0.0500","-0.0050","-1.0000","0.0000","0.0000","0.0000","0.0000","0.0000"
"9715.0","15:13:19.650","2223496.0000","1.5828","60572.0000","-0.0500","-0.0050","-1.0000","0.0000","0.0000","0.0000","0.0000","0.0000"
"9716.0","15:13:19.651","2222840.0000","1.5112","60572.0000","-0.0500","-0.0050","-1.0000","0.0000","0.0000","0.0000","0.0000","0.0000"
"9717.0","15:13:19.652","2223232.0000","1.5540","60572.0000","-0.0500","-0.0050","-1.0000","0.0000","0.0000","0.0000","0.0000","0.0000"
"9718.0","15:13:19.653","2222768.0000","1.5034","60572.0000","-0.0500","-0.0050","-1.0000","0.0000","0.0000","0.0000","0.0000","0.0000"
"9719.0","15:13:19.654","2223269.0000","1.5580","60572.0000","-0.0500","-0.0050","-1.0000","0.0000","0.0000","0.0000","0.0000","0.0000"
"9720.0","15:13:19.655","2223992.0000","1.6368","60572.0000","-0.0500","-0.0050","-1.0000","0.0000","0.0000","0.0000","0.0000","0.0000"
"9721.0","15:13:19.656","2223424.0000","1.5749","60572.0000","-0.0500","-0.0050","-1.0000","0.0000","0.0000","0.0000","0.0000","0.0000"
"9722.0","15:13:19.657","2222936.0000","1.5217","60572.0000","-0.0500","-0.0050","-1.0000","0.0000","0.0000","0.0000","0.0000","0.0000"
"9723.0","15:13:19.658","2223264.0000","1.5575","60572.0000","-0.0500","-0.0050","-1.0000","0.0000","0.0000","0.0000","0.0000","0.0000"
"9724.0","15:13:19.659","2223912.0000","1.6281","60572.0000","-0.0500","-0.0050","-1.0000","0.0000","0.0000","0.0000","0.0000","0.0000"
"9725.0","15:13:19.660","2223615.0000","1.5957","60572.0000","-0.0500","-0.0050","-1.0000","0.0000","0.0000","0.0000","0.0000","0.0000"
"9726.0","15:13:19.661","2223820.0000","1.6181","60572.0000","-0.0500","-0.0050","-1.0000","0.0000","0.0000","0.0000","0.0000","0.0000"
"9727.0","15:13:19.662","2223635.0000","1.5979","60572.0000","-0.0500","-0.0050","-1.0000","0.0000","0.0000","0.0000","0.0000","0.0000"
"9728.0","15:13:19.663","2222524.0000","1.4768","60572.0000","-0.0500","-0.0050","-1.0000","0.0000","0.0000","0.0000","0.0000","0.0000"
"9729.0","15:13:19.664","2223227.0000","1.5534","60572.0000","-0.0500","-0.0050","-1.0000","0.0000","0.0000","0.0000","0.0000","0.0000"
"9730.0","15:13:19.665","2223744.0000","1.6098","60572.0000","-0.0500","-0.0050","-1.0000","0.0000","0.0000","0.0000","0.0000","0.0000"
"9731.0","15:13:19.666","2223164.0000","1.5466","60572.0000","-0.0500","-0.0050","-1.0000","0.0000","0.0000","0.0000","0.0000","0.0000"
"9732.0","15:13:19.667","2223105.0000","1.5401","60572.0000","-0.0500","-0.0050","-1.0000","0.0000","0.0000","0.0000","0.0000","0.0000"
"9733.0","15:13:19.668","2223041.0000","1.5332","60572.0000","-0.0500","-0.0050","-1.0000","0.0000","0.0000","0.0000","0.0000","0.0000"
"9734.0","15:13:19.669","2222269.0000","1.4490","60572.0000","-0.0500","-0.0050","-1.0000","0.0000","0.0000","0.0000","0.0000","0.0000"
"9735.0","15:13:19.670","2221790.0000","1.3968","60572.0000","-0.0500","-0.0050","-1.0000","0.0000","0.0000","0.0000","0.0000","0.0000"
"9736.0","15:13:19.671","2223297.0000","1.5611","60572.0000","-0.0500","-0.0050","-1.0000","0.0000","0.0000","0.0000","0.0000","0.0000"
"9737.0","15:13:19.672","2222547.0000","1.4793","60572.0000","-0.0500","-0.0050","-1.0000","0.0000","0.0000","0.0000","0.0000","0.0000"
"9738.0","15:13:19.673","2223417.0000","1.5741","60572.0000","-0.0500","-0.0050","-1.0000","0.0000","0.0000","0.0000","0.0000","0.0000"
"9739.0","15:13:19.674","2222516.0000","1.4759","60572.0000","-0.0500","-0.0050","-1.0000","0.0000","0.0000","0.0000","0.0000","0.0000"
"9740.0","15:13:19.675","2223860.0000","1.6225","60572.0000","-0.0500","-0.0050","-1.0000","0.0000","0.0000","0.0000","0.0000","0.0000"
"9741.0","15:13:19.676","2224019.0000","1.6398","60572.0000","-0.0500","-0.0050","-1.0000","0.0000","0.0000","0.0000","0.0000","0.0000"
"9742.0","15:13:19.677","2223682.0000","1.6030","60572.0000","-0.0500","-0.0050","-1.0000","0.0000","0.0000","0.0000","0.0000","0.0000"
"9743.0","15:13:19.678","2224115.0000","1.6502","60571.0000","-0.0500","-0.0050","-1.0000","0.0000","0.0000","0.0000","0.0000","0.0000"
"9744.0","15:13:19.679","2223921.0000","1.6291","60571.0000","-0.0500","-0.0050","-1.0000","0.0000","0.0000","0.0000","0.0000","0.0000"
"9745.0","15:13:19.680","2223921.0000","1.6291","60571.0000","-0.0500","-0.0050","-1.0000","0.0000","0.0000","0.0000","0.0000","0.0000"
"9746.0","15:13:19.681","2223353.0000","1.5672","60571.0000","-0.0500","-0.0050","-1.0000","0.0000","0.0000","0.0000","0.0000","0.0000"
"9747.0","15:13:19.682","2224072.0000","1.6456","60571.0000","-0.0500","-0.0050","-1.0000","0.0000","0.0000","0.0000","0.0000","0.0000"
"9748.0","15:13:19.683","2224477.0000","1.6897","60571.0000","-0.0500","-0.0050","-1.0000","0.0000","0.0000","0.0000","0.0000","0.0000"
"9749.0","15:13:19.684","2223535.0000","1.5870","60571.0000","-0.0500","-0.0050","-1.0000","0.0000","0.0000","0.0000","0.0000","0.0000"
"9750.0","15:13:19.685","2224190.0000","1.6584","60571.0000","-0.0500","-0.0050","-1.0000","0.0000","0.0000","0.0000","0.0000","0.0000"
"9751.0","15:13:19.686","2224118.0000","1.6506","60571.0000","-0.0500","-0.0050","-1.0000","0.0000","0.0000","0.0000","0.0000","0.0000"
"9752.0","15:13:19.687","2223491.0000","1.5822","60571.0000","-0.0500","-0.0050","-1.0000","0.0000","0.0000","0.0000","0.0000","0.0000"
"9753.0","15:13:19.688","2224231.0000","1.6629","60571.0000","-0.0500","-0.0050","-1.0000","0.0000","0.0000","0.0000","0.0000","0.0000"
"9754.0","15:13:19.689","2224953.0000","1.7416","60571.0000","-0.0500","-0.0050","-1.0000","0.0000","0.0000","0.0000","0.0000","0.0000"
"9755.0","15:13:19.690","2224389.0000","1.6801","60571.0000","-0.0500","-0.0050","-1.0000","0.0000","0.0000","0.0000","0.0000","0.0000"
"9756.0","15:13:19.691","2223580.0000","1.5919","60571.0000","-0.0500","-0.0050","-1.0000","0.0000","0.0000","0.0000","0.0000","0.0000"
"9757.0","15:13:19.692","2224319.0000","1.6725","60571.0000","-0.0500","-0.0050","-1.0000","0.0000","0.0000","0.0000","0.0000","0.0000"
"9758.0","15:13:19.693","2225081.0000","1.7556","60571.0000","-0.0500","-0.0050","-1.0000","0.0000","0.0000","0.0000","0.0000","0.0000"
"9759.0","15:13:19.694","2223765.0000","1.6121","60571.0000","-0.0500","-0.0050","-1.0000","0.0000","0.0000","0.0000","0.0000","0.0000"
"9760.0","15:13:19.695","2224217.0000","1.6614","60571.0000","-0.0500","-0.0050","-1.0000","0.0000","0.0000","0.0000","0.0000","0.0000"
"9761.0","15:13:19.696","2224739.0000","1.7183","60571.0000","-0.0500","-0.0050","-1.0000","0.0000","0.0000","0.0000","0.0000","0.0000"
"9762.0","15:13:19.697","2223298.0000","1.5612","60571.0000","-0.0500","-0.0050","-1.0000","0.0000","0.0000","0.0000","0.0000","0.0000"
"9763.0","15:13:19.698","2223386.0000","1.5708","60571.0000","-0.0500","-0.0050","-1.0000","0.0000","0.0000","0.0000","0.0000","0.0000"
"9764.0","15:13:19.699","2223524.0000","1.5858","60571.0000","-0.0500","-0.0050","-1.0000","0.0000","0.0000","0.0000","0.0000","0.0000"
"9765.0","15:13:19.700","2223679.0000","1.6027","60571.0000","-0.0500","-0.0050","-1.0000","0.0000","0.0000","0.0000","0.0000","0.0000"
"9766.0","15:13:19.701","2222798.0000","1.5067","60571.0000","-0.0500","-0.0050","-1.0000","0.0000","0.0000","0.0000","0.0000","0.0000"
"9767.0","15:13:19.702","2222740.0000","1.5003","60571.0000","-0.0500","-0.0050","-1.0000","0.0000","0.0000","0.0000","0.0000","0.0000"
"9768.0","15:13:19.703","2223904.0000","1.6273","60571.0000","-0.0500","-0.0050","-1.0000","0.0000","0.0000","0.0000","0.0000","0.0000"
"9769.0","15:13:19.704","2223420.0000","1.5745","60571.0000","-0.0500","-0.0050","-1.0000","0.0000","0.0000","0.0000","0.0000","0.0000"
"9770.0","15:13:19.705","2224374.0000","1.6785","60571.0000","-0.0500","-0.0050","-1.0000","0.0000","0.0000","0.0000","0.0000","0.0000"
"9771.0","15:13:19.706","2224233.0000","1.6631","60571.0000","-0.0500","-0.0050","-1.0000","0.0000","0.0000","0.0000","0.0000","0.0000"
"9772.0","15:13:19.707","2223725.0000","1.6077","60571.0000","-0.0500","-0.0050","-1.0000","0.0000","0.0000","0.0000","0.0000","0.0000"
"9773.0","15:13:19.708","2223806.0000","1.6166","60571.0000","-0.0500","-0.0050","-1.0000","0.0000","0.0000","0.0000","0.0000","0.0000"
"9774.0","15:13:19.709","2222529.0000","1.4774","60571.0000","-0.0500","-0.0050","-1.0000","0.0000","0.0000","0.0000","0.0000","0.0000"
"9775.0","15:13:19.710","2222997.0000","1.5284","60571.0000","-0.0500","-0.0050","-1.0000","0.0000","0.0000","0.0000","0.0000","0.0000"
"9776.0","15:13:19.711","2222856.0000","1.5130","60571.0000","-0.0500","-0.0050","-1.0000","0.0000","0.0000","0.0000","0.0000","0.0000"
"9777.0","15:13:19.712","2222619.0000","1.4872","60571.0000","-0.0500","-0.0050","-1.0000","0.0000","0.0000","0.0000","0.0000","0.0000"
"9778.0","15:13:19.713","2223272.0000","1.5584","60571.0000","-0.0500","-0.0050","-1.0000","0.0000","0.0000","0.0000","0.0000","0.0000"
"9779.0","15:13:19.714","2222652.0000","1.4908","60571.0000","-0.0500","-0.0050","-1.0000","0.0000","0.0000","0.0000","0.0000","0.0000"
"9780.0","15:13:19.715","2222874.0000","1.5150","60571.0000","-0.0500","-0.0050","-1.0000","0.0000","0.0000","0.0000","0.0000","0.0000"
"9781.0","15:13:19.716","2222966.0000","1.5250","60571.0000","-0.0500","-0.0050","-1.0000","0.0000","0.0000","0.0000","0.0000","0.0000"
"9782.0","15:13:19.717","2223414.0000","1.5738","60571.0000","-0.0500","-0.0050","-1.0000","0.0000","0.0000","0.0000","0.0000","0.0000"
"9783.0","15:13:19.718","2222959.0000","1.5242","60571.0000","-0.0500","-0.0050","-1.0000","0.0000","0.0000","0.0000","0.0000","0.0000"
"9784.0","15:13:19.719","2222549.0000","1.4795","60571.0000","-0.0500","-0.0050","-1.0000","0.0000","0.0000","0.0000","0.0000","0.0000"
"9785.0","15:13:19.720","2223242.0000","1.5551","60571.0000","-0.0500","-0.0050","-1.0000","0.0000","0.0000","0.0000","0.0000","0.0000"
"9786.0","15:13:19.721","2224196.0000","1.6591","60571.0000","-0.0500","-0.0050","-1.0000","0.0000","0.0000","0.0000","0.0000","0.0000"
"9787.0","15:13:19.722","2224263.0000","1.6664","60571.0000","-0.0500","-0.0050","-1.0000","0.0000","0.0000","0.0000","0.0000","0.0000"
"9788.0","15:13:19.723","2224390.0000","1.6802","60571.0000","-0.0500","-0.0050","-1.0000","0.0000","0.0000","0.0000","0.0000","0.0000"
"9789.0","15:13:19.724","2223753.0000","1.6108","60571.0000","-0.0500","-0.0050","-1.0000","0.0000","0.0000","0.0000","0.0000","0.0000"
"9790.0","15:13:19.725","2224740.0000","1.7184","60571.0000","-0.0500","-0.0050","-1.0000","0.0000","0.0000","0.0000","0.0000","0.0000"
"9791.0","15:13:19.726","2224431.0000","1.6847","60571.0000","-0.0500","-0.0050","-1.0000","0.0000","0.0000","0.0000","0.0000","0.0000"
"9792.0","15:13:19.727","2224431.0000","1.6847","60571.0000","-0.0500","-0.0050","-1.0000","0.0000","0.0000","0.0000","0.0000","0.0000"
"9793.0","15:13:19.728","2223460.0000","1.5788","60571.0000","-0.0500","-0.0050","-1.0000","0.0000","0.0000","0.0000","0.0000","0.0000"
"9794.0","15:13:19.729","2223683.0000","1.6032","60571.0000","-0.0500","-0.0050","-1.0000","0.0000","0.0000","0.0000","0.0000","0.0000"
"9795.0","15:13:19.730","2223625.0000","1.5968","60571.0000","-0.0500","-0.0050","-1.0000","0.0000","0.0000","0.0000","0.0000","0.0000"
"9796.0","15:13:19.731","2224360.0000","1.6770","60571.0000","-0.0500","-0.0050","-1.0000","0.0000","0.0000","0.0000","0.0000","0.0000"
"9797.0","15:13:19.732","2223385.0000","1.5707","60571.0000","-0.0500","-0.0050","-1.0000","0.0000","0.0000","0.0000","0.0000","0.0000"
"9798.0","15:13:19.733","2223912.0000","1.6281","60571.0000","-0.0500","-0.0050","-1.0000","0.0000","0.0000","0.0000","0.0000","0.0000"
"9799.0","15:13:19.734","2223447.0000","1.5774","60571.0000","-0.0500","-0.0050","-1.0000","0.0000","0.0000","0.0000","0.0000","0.0000"
"9800.0","15:13:19.735","2223620.0000","1.5963","60571.0000","-0.0500","-0.0050","-1.0000","0.0000","0.0000","0.0000","0.0000","0.0000"
"9801.0","15:13:19.736","2223641.0000","1.5986","60571.0000","-0.0500","-0.0050","-1.0000","0.0000","0.0000","0.0000","0.0000","0.0000"
"9802.0","15:13:19.737","2223475.0000","1.5805","60571.0000","-0.0500","-0.0050","-1.0000","0.0000","0.0000","0.0000","0.0000","0.0000"
"9803.0","15:13:19.738","2223689.0000","1.6038","60571.0000","-0.0500","-0.0050","-1.0000","0.0000","0.0000","0.0000","0.0000","0.0000"
"9804.0","15:13:19.739","2223370.0000","1.5690","60571.0000","-0.0500","-0.0050","-1.0000","0.0000","0.0000","0.0000","0.0000","0.0000"
"9805.0","15:13:19.740","2223246.0000","1.5555","60571.0000","-0.0500","-0.0050","-1.0000","0.0000","0.0000","0.0000","0.0000","0.0000"
"9806.0","15:13:19.741","2223976.0000","1.6351","60571.0000","-0.0500","-0.0050","-1.0000","0.0000","0.0000","0.0000","0.0000","0.0000"
"9807.0","15:13:19.742","2223142.0000","1.5442","60571.0000","-0.0500","-0.0050","-1.0000","0.0000","0.0000","0.0000","0.0000","0.0000"
"9808.0","15:13:19.743","2223356.0000","1.5675","60571.0000","-0.0500","-0.0050","-1.0000","0.0000","0.0000","0.0000","0.0000","0.0000"
"9809.0","15:13:19.744","2222892.0000","1.5169","60571.0000","-0.0500","-0.0050","-1.0000","0.0000","0.0000","0.0000","0.0000","0.0000"
"9810.0","15:13:19.745","2222033.0000","1.4233","60571.0000","-0.0500","-0.0050","-1.0000","0.0000","0.0000","0.0000","0.0000","0.0000"
"9811.0","15:13:19.746","2222219.0000","1.4436","60571.0000","-0.0500","-0.0050","-1.0000","0.0000","0.0000","0.0000","0.0000","0.0000"
"9812.0","15:13:19.747","2221789.0000","1.3967","60571.0000","-0.0500","-0.0050","-1.0000","0.0000","0.0000","0.0000","0.0000","0.0000"
"9813.0","15:13:19.748","2221661.0000","1.3827","60571.0000","-0.0500","-0.0050","-1.0000","0.0000","0.0000","0.0000","0.0000","0.0000"
"9814.0","15:13:19.749","2222297.0000","1.4521","60571.0000","-0.0500","-0.0050","-1.0000","0.0000","0.0000","0.0000","0.0000","0.0000"
"9815.0","15:13:19.750","2221782.0000","1.3959","60571.0000","-0.0500","-0.0050","-1.0000","0.0000","0.0000","0.0000","0.0000","0.0000"
"9816.0","15:13:19.751","2222362.0000","1.4591","60571.0000","-0.0500","-0.0050","-1.0000","0.0000","0.0000","0.0000","0.0000","0.0000"
"9817.0","15:13:19.752","2222145.0000","1.4355","60571.0000","-0.0500","-0.0050","-1.0000","0.0000","0.0000","0.0000","0.0000","0.0000"
"9818.0","15:13:19.753","2220719.0000","1.2800","60571.0000","-0.0500","-0.0050","-1.0000","0.0000","0.0000","0.0000","0.0000","0.0000"
"9819.0","15:13:19.754","2221707.0000","1.3877","60571.0000","-0.0500","-0.0050","-1.0000","0.0000","0.0000","0.0000","0.0000","0.0000"
"9820.0","15:13:19.755","2221464.0000","1.3612","60571.0000","-0.0500","-0.0050","-1.0000","0.0000","0.0000","0.0000","0.0000","0.0000"
"9821.0","15:13:19.756","2222309.0000","1.4534","60571.0000","-0.0500","-0.0050","-1.0000","0.0000","0.0000","0.0000","0.0000","0.0000"
"9822.0","15:13:19.757","2222128.0000","1.4336","60571.0000","-0.0500","-0.0050","-1.0000","0.0000","0.0000","0.0000","0.0000","0.0000"
"9823.0","15:13:19.758","2221838.0000","1.4020","60571.0000","-0.0500","-0.0050","-1.0000","0.0000","0.0000","0.0000","0.0000","0.0000"
"9824.0","15:13:19.759","2222422.0000","1.4657","60571.0000","-0.0500","-0.0050","-1.0000","0.0000","0.0000","0.0000","0.0000","0.0000"
"9825.0","15:13:19.760","2221937.0000","1.4128","60571.0000","-0.0500","-0.0050","-1.0000","0.0000","0.0000","0.0000","0.0000","0.0000"
"9826.0","15:13:19.761","2223180.0000","1.5483","60571.0000","-0.0500","-0.0050","-1.0000","0.0000","0.0000","0.0000","0.0000","0.0000"
"9827.0","15:13:19.762","2222708.0000","1.4969","60571.0000","-0.0500","-0.0050","-1.0000","0.0000","0.0000","0.0000","0.0000","0.0000"
"9828.0","15:13:19.763","2222406.0000","1.4639","60571.0000","-0.0500","-0.0050","-1.0000","0.0000","0.0000","0.0000","0.0000","0.0000"
"9829.0","15:13:19.764","2222945.0000","1.5227","60571.0000","-0.0500","-0.0050","-1.0000","0.0000","0.0000","0.0000","0.0000","0.0000"
"9830.0","15:13:19.765","2221795.0000","1.3973","60571.0000","-0.0500","-0.0050","-1.0000","0.0000","0.0000","0.0000","0.0000","0.0000"
"9831.0","15:13:19.766","2221472.0000","1.3621","60571.0000","-0.0500","-0.0050","-1.0000","0.0000","0.0000","0.0000","0.0000","0.0000"
"9832.0","15:13:19.767","2221804.0000","1.3983","60571.0000","-0.0500","-0.0050","-1.0000","0.0000","0.0000","0.0000","0.0000","0.0000"
"9833.0","15:13:19.768","2222112.0000","1.4319","60571.0000","-0.0500","-0.0050","-1.0000","0.0000","0.0000","0.0000","0.0000","0.0000"
"9834.0","15:13:19.769","2221202.0000","1.3327","60571.0000","-0.0500","-0.0050","-1.0000","0.0000","0.0000","0.0000","0.0000","0.0000"
"9835.0","15:13:19.770","2220788.0000","1.2875","60571.0000","-0.0500","-0.0050","-1.0000","0.0000","0.0000","0.0000","0.0000","0.0000"
"9836.0","15:13:19.771","2222142.0000","1.4352","60571.0000","-0.0500","-0.0050","-1.0000","0.0000","0.0000","0.0000","0.0000","0.0000"
"9837.0","15:13:19.772","2220984.0000","1.3089","60571.0000","-0.0500","-0.0050","-1.0000","0.0000","0.0000","0.0000","0.0000","0.0000"
"9838.0","15:13:19.773","2221704.0000","1.3874","60571.0000","-0.0500","-0.0050","-1.0000","0.0000","0.0000","0.0000","0.0000","0.0000"
"9839.0","15:13:19.774","2220755.0000","1.2839","60571.0000","-0.0500","-0.0050","-1.0000","0.0000","0.0000","0.0000","0.0000","0.0000"
"9840.0","15:13:19.775","2220755.0000","1.2839","60571.0000","-0.0500","-0.0050","-1.0000","0.0000","0.0000","0.0000","0.0000","0.0000"
"9841.0","15:13:19.776","2221050.0000","1.3161","60571.0000","-0.0500","-0.0050","-1.0000","0.0000","0.0000","0.0000","0.0000","0.0000"
"9842.0","15:13:19.777","2220587.0000","1.2656","60571.0000","-0.0500","-0.0050","-1.0000","0.0000","0.0000","0.0000","0.0000","0.0000"
"9843.0","15:13:19.778","2220217.0000","1.2253","60571.0000","-0.0500","-0.0050","-1.0000","0.0000","0.0000","0.0000","0.0000","0.0000"
"9844.0","15:13:19.779","2220610.0000","1.2681","60571.0000","-0.0500","-0.0050","-1.0000","0.0000","0.0000","0.0000","0.0000","0.0000"
"9845.0","15:13:19.780","2219885.0000","1.1891","60571.0000","-0.0500","-0.0050","-1.0000","0.0000","0.0000","0.0000","0.0000","0.0000"
"9846.0","15:13:19.781","2220856.0000","1.2950","60571.0000","-0.0500","-0.0050","-1.0000","0.0000","0.0000","0.0000","0.0000","0.0000"
"9847.0","15:13:19.782","2220831.0000","1.2922","60571.0000","-0.0500","-0.0050","-1.0000","0.0000","0.0000","0.0000","0.0000","0.0000"
"9848.0","15:13:19.783","2220890.0000","1.2987","60571.0000","-0.0500","-0.0050","-1.0000","0.0000","0.0000","0.0000","0.0000","0.0000"
"9849.0","15:13:19.784","2220859.0000","1.2953","60571.0000","-0.0500","-0.0050","-1.0000","0.0000","0.0000","0.0000","0.0000","0.0000"
"9850.0","15:13:19.785","2220206.0000","1.2241","60571.0000","-0.0500","-0.0050","-1.0000","0.0000","0.0000","0.0000","0.0000","0.0000"
"9851.0","15:13:19.786","2221110.0000","1.3226","60571.0000","-0.0500","-0.0050","-1.0000","0.0000","0.0000","0.0000","0.0000","0.0000"
"9852.0","15:13:19.787","2220647.0000","1.2722","60571.0000","-0.0500","-0.0050","-1.0000","0.0000","0.0000","0.0000","0.0000","0.0000"
"9853.0","15:13:19.788","2220988.0000","1.3094","60571.0000","-0.0500","-0.0050","-1.0000","0.0000","0.0000","0.0000","0.0000","0.0000"
"9854.0","15:13:19.789","2221659.0000","1.3825","60571.0000","-0.0500","-0.0050","-1.0000","0.0000","0.0000","0.0000","0.0000","0.0000"
"9855.0","15:13:19.790","2221296.0000","1.3429","60571.0000","-0.0500","-0.0050","-1.0000","0.0000","0.0000","0.0000","0.0000","0.0000"
"9856.0","15:13:19.791","2221564.0000","1.3721","60571.0000","-0.0500","-0.0050","-1.0000","0.0000","0.0000","0.0000","0.0000","0.0000"
"9857.0","15:13:19.792","2221546.0000","1.3702","60571.0000","-0.0500","-0.0050","-1.0000","0.0000","0.0000","0.0000","0.0000","0.0000"
"9858.0","15:13:19.793","2221687.0000","1.3855","60571.0000","-0.0500","-0.0050","-1.0000","0.0000","0.0000","0.0000","0.0000","0.0000"
"9859.0","15:13:19.794","2221703.0000","1.3873","60571.0000","-0.0500","-0.0050","-1.0000","0.0000","0.0000","0.0000","0.0000","0.0000"
"9860.0","15:13:19.795","2221181.0000","1.3304","60571.0000","-0.0500","-0.0050","-1.0000","0.0000","0.0000","0.0000","0.0000","0.0000"
"9861.0","15:13:19.796","2221523.0000","1.3677","60571.0000","-0.0500","-0.0050","-1.0000","0.0000","0.0000","0.0000","0.0000","0.0000"
"9862.0","15:13:19.797","2221088.0000","1.3203","60571.0000","-0.0500","-0.0050","-1.0000","0.0000","0.0000","0.0000","0.0000","0.0000"
"9863.0","15:13:19.798","2221958.0000","1.4151","60571.0000","-0.0500","-0.0050","-1.0000","0.0000","0.0000","0.0000","0.0000","0.0000"
"9864.0","15:13:19.799","2221453.0000","1.3601","60569.0000","-0.0500","-0.0050","-1.0000","0.0000","0.0000","0.0000","0.0000","0.0000"
"9865.0","15:13:19.800","2221410.0000","1.3554","60569.0000","-0.0500","-0.0050","-1.0000","0.0000","0.0000","0.0000","0.0000","0.0000"
"9866.0","15:13:19.801","2222244.0000","1.4463","60569.0000","-0.0500","-0.0050","-1.0000","0.0000","0.0000","0.0000","0.0000","0.0000"
"9867.0","15:13:19.802","2222250.0000","1.4469","60569.0000","-0.0500","-0.0050","-1.0000","0.0000","0.0000","0.0000","0.0000","0.0000"
"9868.0","15:13:19.803","2222235.0000","1.4453","60569.0000","-0.0500","-0.0050","-1.0000","0.0000","0.0000","0.0000","0.0000","0.0000"
"9869.0","15:13:19.804","2222869.0000","1.5144","60569.0000","-0.0500","-0.0050","-1.0000","0.0000","0.0000","0.0000","0.0000","0.0000"
"9870.0","15:13:19.805","2222684.0000","1.4943","60569.0000","-0.0500","-0.0050","-1.0000","0.0000","0.0000","0.0000","0.0000","0.0000"
"9871.0","15:13:19.806","2222630.0000","1.4884","60569.0000","-0.0500","-0.0050","-1.0000","0.0000","0.0000","0.0000","0.0000","0.0000"
"9872.0","15:13:19.807","2222181.0000","1.4394","60569.0000","-0.0500","-0.0050","-1.0000","0.0000","0.0000","0.0000","0.0000","0.0000"
"9873.0","15:13:19.808","2222249.0000","1.4468","60569.0000","-0.0500","-0.0050","-1.0000","0.0000","0.0000","0.0000","0.0000","0.0000"
"9874.0","15:13:19.809","2222258.0000","1.4478","60569.0000","-0.0500","-0.0050","-1.0000","0.0000","0.0000","0.0000","0.0000","0.0000"
"9875.0","15:13:19.810","2221937.0000","1.4128","60569.0000","-0.0500","-0.0050","-1.0000","0.0000","0.0000","0.0000","0.0000","0.0000"
"9876.0","15:13:19.811","2222383.0000","1.4614","60569.0000","-0.0500","-0.0050","-1.0000","0.0000","0.0000","0.0000","0.0000","0.0000"
"9877.0","15:13:19.812","2222172.0000","1.4384","60569.0000","-0.0500","-0.0050","-1.0000","0.0000","0.0000","0.0000","0.0000","0.0000"
"9878.0","15:13:19.813","2222666.0000","1.4923","60569.0000","-0.0500","-0.0050","-1.0000","0.0000","0.0000","0.0000","0.0000","0.0000"
"9879.0","15:13:19.814","2221902.0000","1.4090","60569.0000","-0.0500","-0.0050","-1.0000","0.0000","0.0000","0.0000","0.0000","0.0000"
"9880.0","15:13:19.815","2221840.0000","1.4022","60569.0000","-0.0500","-0.0050","-1.0000","0.0000","0.0000","0.0000","0.0000","0.0000"
"9881.0","15:13:19.816","2222318.0000","1.4543","60569.0000","-0.0500","-0.0050","-1.0000","0.0000","0.0000","0.0000","0.0000","0.0000"
"9882.0","15:13:19.817","2222165.0000","1.4377","60569.0000","-0.0500","-0.0050","-1.0000","0.0000","0.0000","0.0000","0.0000","0.0000"
"9883.0","15:13:19.818","2221902.0000","1.4090","60569.0000","-0.0500","-0.0050","-1.0000","0.0000","0.0000","0.0000","0.0000","0.0000"
"9884.0","15:13:19.819","2221915.0000","1.4104","60569.0000","-0.0500","-0.0050","-1.0000","0.0000","0.0000","0.0000","0.0000","0.0000"
"9885.0","15:13:19.820","2221479.0000","1.3629","60569.0000","-0.0500","-0.0050","-1.0000","0.0000","0.0000","0.0000","0.0000","0.0000"
"9886.0","15:13:19.821","2221409.0000","1.3552","60569.0000","-0.0500","-0.0050","-1.0000","0.0000","0.0000","0.0000","0.0000","0.0000"
"9887.0","15:13:19.822","2221409.0000","1.3552","60569.0000","-0.0500","-0.0050","-1.0000","0.0000","0.0000","0.0000","0.0000","0.0000"
"9888.0","15:13:19.823","2221555.0000","1.3711","60569.0000","-0.0500","-0.0050","-1.0000","0.0000","0.0000","0.0000","0.0000","0.0000"
"9889.0","15:13:19.824","2221904.0000","1.4092","60569.0000","-0.0500","-0.0050","-1.0000","0.0000","0.0000","0.0000","0.0000","0.0000"
"9890.0","15:13:19.825","2221512.0000","1.3665","60569.0000","-0.0500","-0.0050","-1.0000","0.0000","0.0000","0.0000","0.0000","0.0000"
"9891.0","15:13:19.826","2221872.0000","1.4057","60569.0000","-0.0500","-0.0050","-1.0000","0.0000","0.0000","0.0000","0.0000","0.0000"
"9892.0","15:13:19.827","2221802.0000","1.3981","60569.0000","-0.0500","-0.0050","-1.0000","0.0000","0.0000","0.0000","0.0000","0.0000"
"9893.0","15:13:19.828","2221028.0000","1.3137","60569.0000","-0.0500","-0.0050","-1.0000","0.0000","0.0000","0.0000","0.0000","0.0000"
"9894.0","15:13:19.829","2220308.0000","1.2352","60569.0000","-0.0500","-0.0050","-1.0000","0.0000","0.0000","0.0000","0.0000","0.0000"
"9895.0","15:13:19.830","2221193.0000","1.3317","60569.0000","-0.0500","-0.0050","-1.0000","0.0000","0.0000","0.0000","0.0000","0.0000"
"9896.0","15:13:19.831","2221487.0000","1.3638","60569.0000","-0.0500","-0.0050","-1.0000","0.0000","0.0000","0.0000","0.0000","0.0000"
"9897.0","15:13:19.832","2221708.0000","1.3878","60569.0000","-0.0500","-0.0050","-1.0000","0.0000","0.0000","0.0000","0.0000","0.0000"
"9898.0","15:13:19.833","2220612.0000","1.2684","60569.0000","-0.0500","-0.0050","-1.0000","0.0000","0.0000","0.0000","0.0000","0.0000"
"9899.0","15:13:19.834","2221535.0000","1.3690","60569.0000","-0.0500","-0.0050","-1.0000","0.0000","0.0000","0.0000","0.0000","0.0000"
"9900.0","15:13:19.835","2221866.0000","1.4051","60569.0000","-0.0500","-0.0050","-1.0000","0.0000","0.0000","0.0000","0.0000","0.0000"
"9901.0","15:13:19.836","2221266.0000","1.3397","60569.0000","-0.0500","-0.0050","-1.0000","0.0000","0.0000","0.0000","0.0000","0.0000"
"9902.0","15:13:19.837","2222014.0000","1.4212","60569.0000","-0.0500","-0.0050","-1.0000","0.0000","0.0000","0.0000","0.0000","0.0000"
"9903.0","15:13:19.838","2221359.0000","1.3498","60569.0000","-0.0500","-0.0050","-1.0000","0.0000","0.0000","0.0000","0.0000","0.0000"
"9904.0","15:13:19.839","2222026.0000","1.4225","60569.0000","-0.0500","-0.0050","-1.0000","0.0000","0.0000","0.0000","0.0000","0.0000"
"9905.0","15:13:19.840","2222218.0000","1.4434","60569.0000","-0.0500","-0.0050","-1.0000","0.0000","0.0000","0.0000","0.0000","0.0000"
"9906.0","15:13:19.841","2222134.0000","1.4343","60569.0000","-0.0500","-0.0050","-1.0000","0.0000","0.0000","0.0000","0.0000","0.0000"
"9907.0","15:13:19.842","2221508.0000","1.3660","60569.0000","-0.0500","-0.0050","-1.0000","0.0000","0.0000","0.0000","0.0000","0.0000"
"9908.0","15:13:19.843","2220368.0000","1.2418","60569.0000","-0.0500","-0.0050","-1.0000","0.0000","0.0000","0.0000","0.0000","0.0000"
"9909.0","15:13:19.844","2221228.0000","1.3355","60569.0000","-0.0500","-0.0050","-1.0000","0.0000","0.0000","0.0000","0.0000","0.0000"
"9910.0","15:13:19.845","2222435.0000","1.4671","60569.0000","-0.0500","-0.0050","-1.0000","0.0000","0.0000","0.0000","0.0000","0.0000"
"9911.0","15:13:19.846","2223248.0000","1.5557","60569.0000","-0.0500","-0.0050","-1.0000","0.0000","0.0000","0.0000","0.0000","0.0000"
"9912.0","15:13:19.847","2222082.0000","1.4286","60569.0000","-0.0500","-0.0050","-1.0000","0.0000","0.0000","0.0000","0.0000","0.0000"
"9913.0","15:13:19.848","2222886.0000","1.5163","60569.0000","-0.0500","-0.0050","-1.0000","0.0000","0.0000","0.0000","0.0000","0.0000"
"9914.0","15:13:19.849","2223148.0000","1.5448","60569.0000","-0.0500","-0.0050","-1.0000","0.0000","0.0000","0.0000","0.0000","0.0000"
"9915.0","15:13:19.850","2222366.0000","1.4596","60569.0000","-0.0500","-0.0050","-1.0000","0.0000","0.0000","0.0000","0.0000","0.0000"
"9916.0","15:13:19.851","2223123.0000","1.5421","60569.0000","-0.0500","-0.0050","-1.0000","0.0000","0.0000","0.0000","0.0000","0.0000"
"9917.0","15:13:19.852","2223629.0000","1.5973","60569.0000","-0.0500","-0.0050","-1.0000","0.0000","0.0000","0.0000","0.0000","0.0000"
"9918.0","15:13:19.853","2222919.0000","1.5199","60569.0000","-0.0500","-0.0050","-1.0000","0.0000","0.0000","0.0000","0.0000","0.0000"
"9919.0","15:13:19.854","2223262.0000","1.5572","60569.0000","-0.0500","-0.0050","-1.0000","0.0000","0.0000","0.0000","0.0000","0.0000"
"9920.0","15:13:19.855","2223474.0000","1.5804","60569.0000","-0.0500","-0.0050","-1.0000","0.0000","0.0000","0.0000","0.0000","0.0000"
"9921.0","15:13:19.856","2223430.0000","1.5756","60569.0000","-0.0500","-0.0050","-1.0000","0.0000","0.0000","0.0000","0.0000","0.0000"
"9922.0","15:13:19.857","2223026.0000","1.5315","60569.0000","-0.0500","-0.0050","-1.0000","0.0000","0.0000","0.0000","0.0000","0.0000"
"9923.0","15:13:19.858","2223861.0000","1.6226","60569.0000","-0.0500","-0.0050","-1.0000","0.0000","0.0000","0.0000","0.0000","0.0000"
"9924.0","15:13:19.859","2222961.0000","1.5244","60557.0000","-0.0500","-0.0050","-1.0000","0.0000","0.0000","0.0000","0.0000","0.0000"
"9925.0","15:13:19.860","2222312.0000","1.4537","60557.0000","-0.0500","-0.0050","-1.0000","0.0000","0.0000","0.0000","0.0000","0.0000"
"9926.0","15:13:19.861","2222869.0000","1.5144","60557.0000","-0.0500","-0.0050","-1.0000","0.0000","0.0000","0.0000","0.0000","0.0000"
"9927.0","15:13:19.862","2223104.0000","1.5400","60557.0000","-0.0500","-0.0050","-1.0000","0.0000","0.0000","0.0000","0.0000","0.0000"
"9928.0","15:13:19.863","2223959.0000","1.6332","60557.0000","-0.0500","-0.0050","-1.0000","0.0000","0.0000","0.0000","0.0000","0.0000"
"9929.0","15:13:19.864","2223197.0000","1.5502","60557.0000","-0.0500","-0.0050","-1.0000","0.0000","0.0000","0.0000","0.0000","0.0000"
"9930.0","15:13:19.865","2222948.0000","1.5230","60557.0000","-0.0500","-0.0050","-1.0000","0.0000","0.0000","0.0000","0.0000","0.0000"
"9931.0","15:13:19.866","2223422.0000","1.5747","60557.0000","-0.0500","-0.0050","-1.0000","0.0000","0.0000","0.0000","0.0000","0.0000"
"9932.0","15:13:19.867","2223210.0000","1.5516","60557.0000","-0.0500","-0.0050","-1.0000","0.0000","0.0000","0.0000","0.0000","0.0000"
"9933.0","15:13:19.868","2222808.0000","1.5078","60557.0000","-0.0500","-0.0050","-1.0000","0.0000","0.0000","0.0000","0.0000","0.0000"
"9934.0","15:13:19.869","2222808.0000","1.5078","60557.0000","-0.0500","-0.0050","-1.0000","0.0000","0.0000","0.0000","0.0000","0.0000"
"9935.0","15:13:19.870","2223811.0000","1.6171","60557.0000","-0.0500","-0.0050","-1.0000","0.0000","0.0000","0.0000","0.0000","0.0000"
"9936.0","15:13:19.871","2223955.0000","1.6328","60557.0000","-0.0500","-0.0050","-1.0000","0.0000","0.0000","0.0000","0.0000","0.0000"
"9937.0","15:13:19.872","2223626.0000","1.5969","60557.0000","-0.0500","-0.0050","-1.0000","0.0000","0.0000","0.0000","0.0000","0.0000"
"9938.0","15:13:19.873","2224294.0000","1.6698","60557.0000","-0.0500","-0.0050","-1.0000","0.0000","0.0000","0.0000","0.0000","0.0000"
"9939.0","15:13:19.874","2224074.0000","1.6458","60557.0000","-0.0500","-0.0050","-1.0000","0.0000","0.0000","0.0000","0.0000","0.0000"
"9940.0","15:13:19.875","2223808.0000","1.6168","60557.0000","-0.0500","-0.0050","-1.0000","0.0000","0.0000","0.0000","0.0000","0.0000"
"9941.0","15:13:19.876","2224046.0000","1.6427","60557.0000","-0.0500","-0.0050","-1.0000","0.0000","0.0000","0.0000","0.0000","0.0000"
"9942.0","15:13:19.877","2223332.0000","1.5649","60557.0000","-0.0500","-0.0050","-1.0000","0.0000","0.0000","0.0000","0.0000","0.0000"
"9943.0","15:13:19.878","2222826.0000","1.5097","60557.0000","-0.0500","-0.0050","-1.0000","0.0000","0.0000","0.0000","0.0000","0.0000"
"9944.0","15:13:19.879","2222735.0000","1.4998","60557.0000","-0.0500","-0.0050","-1.0000","0.0000","0.0000","0.0000","0.0000","0.0000"
"9945.0","15:13:19.880","2222608.0000","1.4859","60557.0000","-0.0500","-0.0050","-1.0000","0.0000","0.0000","0.0000","0.0000","0.0000"
"9946.0","15:13:19.881","2223037.0000","1.5327","60557.0000","-0.0500","-0.0050","-1.0000","0.0000","0.0000","0.0000","0.0000","0.0000"
"9947.0","15:13:19.882","2223290.0000","1.5603","60557.0000","-0.0500","-0.0050","-1.0000","0.0000","0.0000","0.0000","0.0000","0.0000"
"9948.0","15:13:19.883","2222910.0000","1.5189","60557.0000","-0.0500","-0.0050","-1.0000","0.0000","0.0000","0.0000","0.0000","0.0000"
"9949.0","15:13:19.884","2222738.0000","1.5001","60557.0000","-0.0500","-0.0050","-1.0000","0.0000","0.0000","0.0000","0.0000","0.0000"
"9950.0","15:13:19.885","2223274.0000","1.5585","60557.0000","-0.0500","-0.0050","-1.0000","0.0000","0.0000","0.0000","0.0000","0.0000"
"9951.0","15:13:19.886","2223446.0000","1.5773","60557.0000","-0.0500","-0.0050","-1.0000","0.0000","0.0000","0.0000","0.0000","0.0000"
"9952.0","15:13:19.887","2224099.0000","1.6485","60557.0000","-0.0500","-0.0050","-1.0000","0.0000","0.0000","0.0000","0.0000","0.0000"
"9953.0","15:13:19.888","2223614.0000","1.5956","60557.0000","-0.0500","-0.0050","-1.0000","0.0000","0.0000","0.0000","0.0000","0.0000"
"9954.0","15:13:19.889","2224322.0000","1.6728","60557.0000","-0.0500","-0.0050","-1.0000","0.0000","0.0000","0.0000","0.0000","0.0000"
"9955.0","15:13:19.890","2224143.0000","1.6533","60557.0000","-0.0500","-0.0050","-1.0000","0.0000","0.0000","0.0000","0.0000","0.0000"
"9956.0","15:13:19.891","2223841.0000","1.6204","60557.0000","-0.0500","-0.0050","-1.0000","0.0000","0.0000","0.0000","0.0000","0.0000"
"9957.0","15:13:19.892","2223344.0000","1.5662","60557.0000","-0.0500","-0.0050","-1.0000","0.0000","0.0000","0.0000","0.0000","0.0000"
"9958.0","15:13:19.893","2223548.0000","1.5884","60557.0000","-0.0500","-0.0050","-1.0000","0.0000","0.0000","0.0000","0.0000","0.0000"
"9959.0","15:13:19.894","2224223.0000","1.6620","60557.0000","-0.0500","-0.0050","-1.0000","0.0000","0.0000","0.0000","0.0000","0.0000"
"9960.0","15:13:19.895","2223797.0000","1.6156","60557.0000","-0.0500","-0.0050","-1.0000","0.0000","0.0000","0.0000","0.0000","0.0000"
"9961.0","15:13:19.896","2223362.0000","1.5682","60557.0000","-0.0500","-0.0050","-1.0000","0.0000","0.0000","0.0000","0.0000","0.0000"
"9962.0","15:13:19.897","2223607.0000","1.5949","60557.0000","-0.0500","-0.0050","-1.0000","0.0000","0.0000","0.0000","0.0000","0.0000"
"9963.0","15:13:19.898","2223529.0000","1.5863","60557.0000","-0.0500","-0.0050","-1.0000","0.0000","0.0000","0.0000","0.0000","0.0000"
"9964.0","15:13:19.899","2224087.0000","1.6472","60557.0000","-0.0500","-0.0050","-1.0000","0.0000","0.0000","0.0000","0.0000","0.0000"
"9965.0","15:13:19.900","2223369.0000","1.5689","60557.0000","-0.0500","-0.0050","-1.0000","0.0000","0.0000","0.0000","0.0000","0.0000"
"9966.0","15:13:19.901","2222904.0000","1.5182","60557.0000","-0.0500","-0.0050","-1.0000","0.0000","0.0000","0.0000","0.0000","0.0000"
"9967.0","15:13:19.902","2223386.0000","1.5708","60557.0000","-0.0500","-0.0050","-1.0000","0.0000","0.0000","0.0000","0.0000","0.0000"
"9968.0","15:13:19.903","2222703.0000","1.4963","60557.0000","-0.0500","-0.0050","-1.0000","0.0000","0.0000","0.0000","0.0000","0.0000"
"9969.0","15:13:19.904","2224258.0000","1.6658","60557.0000","-0.0500","-0.0050","-1.0000","0.0000","0.0000","0.0000","0.0000","0.0000"
"9970.0","15:13:19.905","2223521.0000","1.5855","60557.0000","-0.0500","-0.0050","-1.0000","0.0000","0.0000","0.0000","0.0000","0.0000"
"9971.0","15:13:19.906","2222863.0000","1.5137","60557.0000","-0.0500","-0.0050","-1.0000","0.0000","0.0000","0.0000","0.0000","0.0000"
"9972.0","15:13:19.907","2222752.0000","1.5016","60557.0000","-0.0500","-0.0050","-1.0000","0.0000","0.0000","0.0000","0.0000","0.0000"
"9973.0","15:13:19.908","2223481.0000","1.5811","60557.0000","-0.0500","-0.0050","-1.0000","0.0000","0.0000","0.0000","0.0000","0.0000"
"9974.0","15:13:19.909","2223622.0000","1.5965","60557.0000","-0.0500","-0.0050","-1.0000","0.0000","0.0000","0.0000","0.0000","0.0000"
"9975.0","15:13:19.910","2223295.0000","1.5609","60557.0000","-0.0500","-0.0050","-1.0000","0.0000","0.0000","0.0000","0.0000","0.0000"
"9976.0","15:13:19.911","2223572.0000","1.5910","60557.0000","-0.0500","-0.0050","-1.0000","0.0000","0.0000","0.0000","0.0000","0.0000"
"9977.0","15:13:19.912","2223008.0000","1.5296","60557.0000","-0.0500","-0.0050","-1.0000","0.0000","0.0000","0.0000","0.0000","0.0000"
"9978.0","15:13:19.913","2223704.0000","1.6054","60557.0000","-0.0500","-0.0050","-1.0000","0.0000","0.0000","0.0000","0.0000","0.0000"
"9979.0","15:13:19.914","2223838.0000","1.6201","60557.0000","-0.0500","-0.0050","-1.0000","0.0000","0.0000","0.0000","0.0000","0.0000"
"9980.0","15:13:19.915","2222961.0000","1.5244","60557.0000","-0.0500","-0.0050","-1.0000","0.0000","0.0000","0.0000","0.0000","0.0000"
"9981.0","15:13:19.916","2222961.0000","1.5244","60557.0000","-0.0500","-0.0050","-1.0000","0.0000","0.0000","0.0000","0.0000","0.0000"
"9982.0","15:13:19.917","2223167.0000","1.5469","60557.0000","-0.0500","-0.0050","-1.0000","0.0000","0.0000","0.0000","0.0000","0.0000"
"9983.0","15:13:19.918","2223866.0000","1.6231","60557.0000","-0.0500","-0.0050","-1.0000","0.0000","0.0000","0.0000","0.0000","0.0000"
"9984.0","15:13:19.919","2223396.0000","1.5719","60557.0000","-0.0500","-0.0050","-1.0000","0.0000","0.0000","0.0000","0.0000","0.0000"
"9985.0","15:13:19.920","2223674.0000","1.6022","60563.0000","-0.0500","-0.0050","-1.0000","0.0000","0.0000","0.0000","0.0000","0.0000"
"9986.0","15:13:19.921","2224178.0000","1.6571","60563.0000","-0.0500","-0.0050","-1.0000","0.0000","0.0000","0.0000","0.0000","0.0000"
"9987.0","15:13:19.922","2224225.0000","1.6623","60563.0000","-0.0500","-0.0050","-1.0000","0.0000","0.0000","0.0000","0.0000","0.0000"
"9988.0","15:13:19.923","2225355.0000","1.7854","60563.0000","-0.0500","-0.0050","-1.0000","0.0000","0.0000","0.0000","0.0000","0.0000"
"9989.0","15:13:19.924","2225194.0000","1.7679","60563.0000","-0.0500","-0.0050","-1.0000","0.0000","0.0000","0.0000","0.0000","0.0000"
"9990.0","15:13:19.925","2225207.0000","1.7693","60563.0000","-0.0500","-0.0050","-1.0000","0.0000","0.0000","0.0000","0.0000","0.0000"
"9991.0","15:13:19.926","2224265.0000","1.6666","60563.0000","-0.0500","-0.0050","-1.0000","0.0000","0.0000","0.0000","0.0000","0.0000"
"9992.0","15:13:19.927","2224793.0000","1.7242","60563.0000","-0.0500","-0.0050","-1.0000","0.0000","0.0000","0.0000","0.0000","0.0000"
"9993.0","15:13:19.928","2224425.0000","1.6840","60563.0000","-0.0500","-0.0050","-1.0000","0.0000","0.0000","0.0000","0.0000","0.0000"
"9994.0","15:13:19.929","2223797.0000","1.6156","60563.0000","-0.0500","-0.0050","-1.0000","0.0000","0.0000","0.0000","0.0000","0.0000"
"9995.0","15:13:19.930","2223884.0000","1.6251","60563.0000","-0.0500","-0.0050","-1.0000","0.0000","0.0000","0.0000","0.0000","0.0000"
"9996.0","15:13:19.931","2223792.0000","1.6150","60563.0000","-0.0500","-0.0050","-1.0000","0.0000","0.0000","0.0000","0.0000","0.0000"
"9997.0","15:13:19.932","2223756.0000","1.6111","60563.0000","-0.0500","-0.0050","-1.0000","0.0000","0.0000","0.0000","0.0000","0.0000"
"9998.0","15:13:19.933","2223387.0000","1.5709","60563.0000","-0.0500","-0.0050","-1.0000","0.0000","0.0000","0.0000","0.0000","0.0000"
"9999.0","15:13:19.934","2223858.0000","1.6222","60563.0000","-0.0500","-0.0050","-1.0000","0.0000","0.0000","0.0000","0.0000","0.0000"
"10000.0","15:13:19.935","2223566.0000","1.5904","60563.0000","-0.0500","-0.0050","-1.0000","0.0000","0.0000","0.0000","0.0000","0.0000"
"10001.0","15:13:19.936","2223784.0000","1.6142","60563.0000","-0.0500","-0.0050","-1.0000","0.0000","0.0000","0.0000","0.0000","0.0000"
"10002.0","15:13:19.937","2224458.0000","1.6876","60563.0000","-0.0500","-0.0050","-1.0000","0.0000","0.0000","0.0000","0.0000","0.0000"
"10003.0","15:13:19.938","2224447.0000","1.6864","60563.0000","-0.0500","-0.0050","-1.0000","0.0000","0.0000","0.0000","0.0000","0.0000"
"10004.0","15:13:19.939","2224075.0000","1.6459","60563.0000","-0.0500","-0.0050","-1.0000","0.0000","0.0000","0.0000","0.0000","0.0000"
"10005.0","15:13:19.940","2224195.0000","1.6589","60563.0000","-0.0500","-0.0050","-1.0000","0.0000","0.0000","0.0000","0.0000","0.0000"
"10006.0","15:13:19.941","2223426.0000","1.5751","60563.0000","-0.0500","-0.0050","-1.0000","0.0000","0.0000","0.0000","0.0000","0.0000"
"10007.0","15:13:19.942","2223986.0000","1.6362","60563.0000","-0.0500","-0.0050","-1.0000","0.0000","0.0000","0.0000","0.0000","0.0000"
"10008.0","15:13:19.943","2223903.0000","1.6271","60563.0000","-0.0500","-0.0050","-1.0000","0.0000","0.0000","0.0000","0.0000","0.0000"
"10009.0","15:13:19.944","2222839.0000","1.5112","60563.0000","-0.0500","-0.0050","-1.0000","0.0000","0.0000","0.0000","0.0000","0.0000"
"10010.0","15:13:19.945","2223082.0000","1.5376","60563.0000","-0.0500","-0.0050","-1.0000","0.0000","0.0000","0.0000","0.0000","0.0000"
"10011.0","15:13:19.946","2221943.0000","1.4135","60563.0000","-0.0500","-0.0050","-1.0000","0.0000","0.0000","0.0000","0.0000","0.0000"
"10012.0","15:13:19.947","2222436.0000","1.4672","60563.0000","-0.0500","-0.0050","-1.0000","0.0000","0.0000","0.0000","0.0000","0.0000"
"10013.0","15:13:19.948","2222855.0000","1.5129","60563.0000","-0.0500","-0.0050","-1.0000","0.0000","0.0000","0.0000","0.0000","0.0000"
"10014.0","15:13:19.949","2222133.0000","1.4342","60563.0000","-0.0500","-0.0050","-1.0000","0.0000","0.0000","0.0000","0.0000","0.0000"
"10015.0","15:13:19.950","2222210.0000","1.4426","60563.0000","-0.0500","-0.0050","-1.0000","0.0000","0.0000","0.0000","0.0000","0.0000"
"10016.0","15:13:19.951","2222250.0000","1.4469","60563.0000","-0.0500","-0.0050","-1.0000","0.0000","0.0000","0.0000","0.0000","0.0000"
"10017.0","15:13:19.952","2222794.0000","1.5062","60563.0000","-0.0500","-0.0050","-1.0000","0.0000","0.0000","0.0000","0.0000","0.0000"
"10018.0","15:13:19.953","2222729.0000","1.4991","60563.0000","-0.0500","-0.0050","-1.0000","0.0000","0.0000","0.0000","0.0000","0.0000"
"10019.0","15:13:19.954","2221912.0000","1.4101","60563.0000","-0.0500","-0.0050","-1.0000","0.0000","0.0000","0.0000","0.0000","0.0000"
"10020.0","15:13:19.955","2223450.0000","1.5778","60563.0000","-0.0500","-0.0050","-1.0000","0.0000","0.0000","0.0000","0.0000","0.0000"
"10021.0","15:13:19.956","2223736.0000","1.6089","60563.0000","-0.0500","-0.0050","-1.0000","0.0000","0.0000","0.0000","0.0000","0.0000"
"10022.0","15:13:19.957","2223636.0000","1.5980","60563.0000","-0.0500","-0.0050","-1.0000","0.0000","0.0000","0.0000","0.0000","0.0000"
"10023.0","15:13:19.958","2223347.0000","1.5665","60563.0000","-0.0500","-0.0050","-1.0000","0.0000","0.0000","0.0000","0.0000","0.0000"
"10024.0","15:13:19.959","2222932.0000","1.5213","60563.0000","-0.0500","-0.0050","-1.0000","0.0000","0.0000","0.0000","0.0000","0.0000"
"10025.0","15:13:19.960","2222588.0000","1.4838","60563.0000","-0.0500","-0.0050","-1.0000","0.0000","0.0000","0.0000","0.0000","0.0000"
"10026.0","15:13:19.961","2223287.0000","1.5600","60563.0000","-0.0500","-0.0050","-1.0000","0.0000","0.0000","0.0000","0.0000","0.0000"
"10027.0","15:13:19.962","2223287.0000","1.5600","60563.0000","-0.0500","-0.0050","-1.0000","0.0000","0.0000","0.0000","0.0000","0.0000"
"10028.0","15:13:19.963","2222381.0000","1.4612","60563.0000","-0.0500","-0.0050","-1.0000","0.0000","0.0000","0.0000","0.0000","0.0000"
"10029.0","15:13:19.964","2222707.0000","1.4968","60563.0000","-0.0500","-0.0050","-1.0000","0.0000","0.0000","0.0000","0.0000","0.0000"
"10030.0","15:13:19.965","2223065.0000","1.5358","60563.0000","-0.0500","-0.0050","-1.0000","0.0000","0.0000","0.0000","0.0000","0.0000"
"10031.0","15:13:19.966","2222768.0000","1.5034","60563.0000","-0.0500","-0.0050","-1.0000","0.0000","0.0000","0.0000","0.0000","0.0000"
"10032.0","15:13:19.967","2222556.0000","1.4803","60563.0000","-0.0500","-0.0050","-1.0000","0.0000","0.0000","0.0000","0.0000","0.0000"
"10033.0","15:13:19.968","2223000.0000","1.5287","60563.0000","-0.0500","-0.0050","-1.0000","0.0000","0.0000","0.0000","0.0000","0.0000"
"10034.0","15:13:19.969","2222593.0000","1.4843","60563.0000","-0.0500","-0.0050","-1.0000","0.0000","0.0000","0.0000","0.0000","0.0000"
"10035.0","15:13:19.970","2221168.0000","1.3290","60563.0000","-0.0500","-0.0050","-1.0000","0.0000","0.0000","0.0000","0.0000","0.0000"
"10036.0","15:13:19.971","2222376.0000","1.4607","60563.0000","-0.0500","-0.0050","-1.0000","0.0000","0.0000","0.0000","0.0000","0.0000"
"10037.0","15:13:19.972","2222232.0000","1.4450","60563.0000","-0.0500","-0.0050","-1.0000","0.0000","0.0000","0.0000","0.0000","0.0000"
"10038.0","15:13:19.973","2222851.0000","1.5125","60563.0000","-0.0500","-0.0050","-1.0000","0.0000","0.0000","0.0000","0.0000","0.0000"
"10039.0","15:13:19.974","2222158.0000","1.4369","60563.0000","-0.0500","-0.0050","-1.0000","0.0000","0.0000","0.0000","0.0000","0.0000"
"10040.0","15:13:19.975","2222706.0000","1.4966","60563.0000","-0.0500","-0.0050","-1.0000","0.0000","0.0000","0.0000","0.0000","0.0000"
"10041.0","15:13:19.976","2223092.0000","1.5387","60563.0000","-0.0500","-0.0050","-1.0000","0.0000","0.0000","0.0000","0.0000","0.0000"
"10042.0","15:13:19.977","2222758.0000","1.5023","60563.0000","-0.0500","-0.0050","-1.0000","0.0000","0.0000","0.0000","0.0000","0.0000"
"10043.0","15:13:19.978","2222041.0000","1.4242","60563.0000","-0.0500","-0.0050","-1.0000","0.0000","0.0000","0.0000","0.0000","0.0000"
"10044.0","15:13:19.979","2222473.0000","1.4712","60563.0000","-0.0500","-0.0050","-1.0000","0.0000","0.0000","0.0000","0.0000","0.0000"
"10045.0","15:13:19.980","2222636.0000","1.4890","60569.0000","-0.0500","-0.0050","-1.0000","0.0000","0.0000","0.0000","0.0000","0.0000"
"10046.0","15:13:19.981","2221891.0000","1.4078","60569.0000","-0.0500","-0.0050","-1.0000","0.0000","0.0000","0.0000","0.0000","0.0000"
"10047.0","15:13:19.982","2222189.0000","1.4403","60569.0000","-0.0500","-0.0050","-1.0000","0.0000","0.0000","0.0000","0.0000","0.0000"
"10048.0","15:13:19.983","2222840.0000","1.5112","60569.0000","-0.0500","-0.0050","-1.0000","0.0000","0.0000","0.0000","0.0000","0.0000"
"10049.0","15:13:19.984","2222663.0000","1.4919","60569.0000","-0.0500","-0.0050","-1.0000","0.0000","0.0000","0.0000","0.0000","0.0000"
"10050.0","15:13:19.985","2221774.0000","1.3950","60569.0000","-0.0500","-0.0050","-1.0000","0.0000","0.0000","0.0000","0.0000","0.0000"
"10051.0","15:13:19.986","2221374.0000","1.3514","60569.0000","-0.0500","-0.0050","-1.0000","0.0000","0.0000","0.0000","0.0000","0.0000"
"10052.0","15:13:19.987","2222518.0000","1.4762","60569.0000","-0.0500","-0.0050","-1.0000","0.0000","0.0000","0.0000","0.0000","0.0000"
"10053.0","15:13:19.988","2222704.0000","1.4964","60569.0000","-0.0500","-0.0050","-1.0000","0.0000","0.0000","0.0000","0.0000","0.0000"
"10054.0","15:13:19.989","2222394.0000","1.4626","60569.0000","-0.0500","-0.0050","-1.0000","0.0000","0.0000","0.0000","0.0000","0.0000"
"10055.0","15:13:19.990","2222708.0000","1.4969","60569.0000","-0.0500","-0.0050","-1.0000","0.0000","0.0000","0.0000","0.0000","0.0000"
"10056.0","15:13:19.991","2222708.0000","1.4969","60569.0000","-0.0500","-0.0050","-1.0000","0.0000","0.0000","0.0000","0.0000","0.0000"
"10057.0","15:13:19.992","2222275.0000","1.4496","60569.0000","-0.0500","-0.0050","-1.0000","0.0000","0.0000","0.0000","0.0000","0.0000"
"10058.0","15:13:19.993","2221835.0000","1.4017","60569.0000","-0.0500","-0.0050","-1.0000","0.0000","0.0000","0.0000","0.0000","0.0000"
"10059.0","15:13:19.994","2222020.0000","1.4218","60569.0000","-0.0500","-0.0050","-1.0000","0.0000","0.0000","0.0000","0.0000","0.0000"
"10060.0","15:13:19.995","2221377.0000","1.3517","60569.0000","-0.0500","-0.0050","-1.0000","0.0000","0.0000","0.0000","0.0000","0.0000"
"10061.0","15:13:19.996","2221062.0000","1.3174","60569.0000","-0.0500","-0.0050","-1.0000","0.0000","0.0000","0.0000","0.0000","0.0000"
"10062.0","15:13:19.997","2221157.0000","1.3278","60569.0000","-0.0500","-0.0050","-1.0000","0.0000","0.0000","0.0000","0.0000","0.0000"
"10063.0","15:13:19.998","2220984.0000","1.3089","60569.0000","-0.0500","-0.0050","-1.0000","0.0000","0.0000","0.0000","0.0000","0.0000"
"10064.0","15:13:19.999","2222085.0000","1.4289","60569.0000","-0.0500","-0.0050","-1.0000","0.0000","0.0000","0.0000","0.0000","0.0000"
"10065.0","15:13:20.0","2220906.0000","1.3004","60569.0000","-0.0500","-0.0050","-1.0000","0.0000","0.0000","0.0000","0.0000","0.0000"
"10066.0","15:13:20.1","2221038.0000","1.3148","60569.0000","-0.0500","-0.0050","-1.0000","0.0000","0.0000","0.0000","0.0000","0.0000"
"10067.0","15:13:20.2","2220791.0000","1.2879","60569.0000","-0.0500","-0.0050","-1.0000","0.0000","0.0000","0.0000","0.0000","0.0000"
"10068.0","15:13:20.3","2221460.0000","1.3608","60569.0000","-0.0500","-0.0050","-1.0000","0.0000","0.0000","0.0000","0.0000","0.0000"
"10069.0","15:13:20.4","2221671.0000","1.3838","60569.0000","-0.0500","-0.0050","-1.0000","0.0000","0.0000","0.0000","0.0000","0.0000"
"10070.0","15:13:20.5","2220912.0000","1.3011","60569.0000","-0.0500","-0.0050","-1.0000","0.0000","0.0000","0.0000","0.0000","0.0000"
"10071.0","15:13:20.6","2221282.0000","1.3414","60569.0000","-0.0500","-0.0050","-1.0000","0.0000","0.0000","0.0000","0.0000","0.0000"
"10072.0","15:13:20.7","2221073.0000","1.3186","60569.0000","-0.0500","-0.0050","-1.0000","0.0000","0.0000","0.0000","0.0000","0.0000"
"10073.0","15:13:20.8","2221497.0000","1.3648","60569.0000","-0.0500","-0.0050","-1.0000","0.0000","0.0000","0.0000","0.0000","0.0000"
"10074.0","15:13:20.9","2221497.0000","1.3648","60569.0000","-0.0500","-0.0050","-1.0000","0.0000","0.0000","0.0000","0.0000","0.0000"
"10075.0","15:13:20.10","2221838.0000","1.4020","60569.0000","-0.0500","-0.0050","-1.0000","0.0000","0.0000","0.0000","0.0000","0.0000"
"10076.0","15:13:20.11","2220772.0000","1.2858","60569.0000","-0.0500","-0.0050","-1.0000","0.0000","0.0000","0.0000","0.0000","0.0000"
"10077.0","15:13:20.12","2220525.0000","1.2589","60569.0000","-0.0500","-0.0050","-1.0000","0.0000","0.0000","0.0000","0.0000","0.0000"
"10078.0","15:13:20.13","2220310.0000","1.2354","60569.0000","-0.0500","-0.0050","-1.0000","0.0000","0.0000","0.0000","0.0000","0.0000"
"10079.0","15:13:20.14","2221649.0000","1.3814","60569.0000","-0.0500","-0.0050","-1.0000","0.0000","0.0000","0.0000","0.0000","0.0000"
"10080.0","15:13:20.15","2220870.0000","1.2965","60569.0000","-0.0500","-0.0050","-1.0000","0.0000","0.0000","0.0000","0.0000","0.0000"
"10081.0","15:13:20.16","2220946.0000","1.3048","60569.0000","-0.0500","-0.0050","-1.0000","0.0000","0.0000","0.0000","0.0000","0.0000"
"10082.0","15:13:20.17","2221936.0000","1.4127","60569.0000","-0.0500","-0.0050","-1.0000","0.0000","0.0000","0.0000","0.0000","0.0000"
"10083.0","15:13:20.18","2221057.0000","1.3169","60569.0000","-0.0500","-0.0050","-1.0000","0.0000","0.0000","0.0000","0.0000","0.0000"
"10084.0","15:13:20.19","2221688.0000","1.3857","60569.0000","-0.0500","-0.0050","-1.0000","0.0000","0.0000","0.0000","0.0000","0.0000"
"10085.0","15:13:20.20","2221579.0000","1.3738","60569.0000","-0.0500","-0.0050","-1.0000","0.0000","0.0000","0.0000","0.0000","0.0000"
"10086.0","15:13:20.21","2221321.0000","1.3457","60569.0000","-0.0500","-0.0050","-1.0000","0.0000","0.0000","0.0000","0.0000","0.0000"
"10087.0","15:13:20.22","2221254.0000","1.3383","60569.0000","-0.0500","-0.0050","-1.0000","0.0000","0.0000","0.0000","0.0000","0.0000"
"10088.0","15:13:20.23","2221820.0000","1.4001","60569.0000","-0.0500","-0.0050","-1.0000","0.0000","0.0000","0.0000","0.0000","0.0000"
"10089.0","15:13:20.24","2221853.0000","1.4036","60569.0000","-0.0500","-0.0050","-1.0000","0.0000","0.0000","0.0000","0.0000","0.0000"
"10090.0","15:13:20.25","2221609.0000","1.3770","60569.0000","-0.0500","-0.0050","-1.0000","0.0000","0.0000","0.0000","0.0000","0.0000"
"10091.0","15:13:20.26","2221371.0000","1.3511","60569.0000","-0.0500","-0.0050","-1.0000","0.0000","0.0000","0.0000","0.0000","0.0000"
"10092.0","15:13:20.27","2221552.0000","1.3708","60569.0000","-0.0500","-0.0050","-1.0000","0.0000","0.0000","0.0000","0.0000","0.0000"
"10093.0","15:13:20.28","2221679.0000","1.3847","60569.0000","-0.0500","-0.0050","-1.0000","0.0000","0.0000","0.0000","0.0000","0.0000"
"10094.0","15:13:20.29","2221086.0000","1.3200","60569.0000","-0.0500","-0.0050","-1.0000","0.0000","0.0000","0.0000","0.0000","0.0000"
"10095.0","15:13:20.30","2221669.0000","1.3836","60569.0000","-0.0500","-0.0050","-1.0000","0.0000","0.0000","0.0000","0.0000","0.0000"
"10096.0","15:13:20.31","2222018.0000","1.4216","60569.0000","-0.0500","-0.0050","-1.0000","0.0000","0.0000","0.0000","0.0000","0.0000"
"10097.0","15:13:20.32","2222079.0000","1.4283","60569.0000","-0.0500","-0.0050","-1.0000","0.0000","0.0000","0.0000","0.0000","0.0000"
"10098.0","15:13:20.33","2221695.0000","1.3864","60569.0000","-0.0500","-0.0050","-1.0000","0.0000","0.0000","0.0000","0.0000","0.0000"
"10099.0","15:13:20.34","2221921.0000","1.4111","60569.0000","-0.0500","-0.0050","-1.0000","0.0000","0.0000","0.0000","0.0000","0.0000"
"10100.0","15:13:20.35","2221419.0000","1.3563","60569.0000","-0.0500","-0.0050","-1.0000","0.0000","0.0000","0.0000","0.0000","0.0000"
"10101.0","15:13:20.36","2221602.0000","1.3763","60569.0000","-0.0500","-0.0050","-1.0000","0.0000","0.0000","0.0000","0.0000","0.0000"
"10102.0","15:13:20.37","2221960.0000","1.4153","60569.0000","-0.0500","-0.0050","-1.0000","0.0000","0.0000","0.0000","0.0000","0.0000"
"10103.0","15:13:20.38","2221865.0000","1.4049","60569.0000","-0.0500","-0.0050","-1.0000","0.0000","0.0000","0.0000","0.0000","0.0000"
"10104.0","15:13:20.39","2223070.0000","1.5363","60569.0000","-0.0500","-0.0050","-1.0000","0.0000","0.0000","0.0000","0.0000","0.0000"
"10105.0","15:13:20.40","2223456.0000","1.5784","60570.0000","-0.0500","-0.0050","-1.0000","0.0000","0.0000","0.0000","0.0000","0.0000"
"10106.0","15:13:20.41","2223031.0000","1.5321","60570.0000","-0.0500","-0.0050","-1.0000","0.0000","0.0000","0.0000","0.0000","0.0000"
"10107.0","15:13:20.42","2222916.0000","1.5195","60570.0000","-0.0500","-0.0050","-1.0000","0.0000","0.0000","0.0000","0.0000","0.0000"
"10108.0","15:13:20.43","2222169.0000","1.4381","60570.0000","-0.0500","-0.0050","-1.0000","0.0000","0.0000","0.0000","0.0000","0.0000"
"10109.0","15:13:20.44","2221831.0000","1.4012","60570.0000","-0.0500","-0.0050","-1.0000","0.0000","0.0000","0.0000","0.0000","0.0000"
"10110.0","15:13:20.45","2222415.0000","1.4649","60570.0000","-0.0500","-0.0050","-1.0000","0.0000","0.0000","0.0000","0.0000","0.0000"
"10111.0","15:13:20.46","2222159.0000","1.4370","60570.0000","-0.0500","-0.0050","-1.0000","0.0000","0.0000","0.0000","0.0000","0.0000"
"10112.0","15:13:20.47","2222709.0000","1.4970","60570.0000","-0.0500","-0.0050","-1.0000","0.0000","0.0000","0.0000","0.0000","0.0000"
"10113.0","15:13:20.48","2222785.0000","1.5053","60570.0000","-0.0500","-0.0050","-1.0000","0.0000","0.0000","0.0000","0.0000","0.0000"
"10114.0","15:13:20.49","2222586.0000","1.4836","60570.0000","-0.0500","-0.0050","-1.0000","0.0000","0.0000","0.0000","0.0000","0.0000"
"10115.0","15:13:20.50","2221944.0000","1.4136","60570.0000","-0.0500","-0.0050","-1.0000","0.0000","0.0000","0.0000","0.0000","0.0000"
"10116.0","15:13:20.51","2221920.0000","1.4109","60570.0000","-0.0500","-0.0050","-1.0000","0.0000","0.0000","0.0000","0.0000","0.0000"
"10117.0","15:13:20.52","2221452.0000","1.3599","60570.0000","-0.0500","-0.0050","-1.0000","0.0000","0.0000","0.0000","0.0000","0.0000"
"10118.0","15:13:20.53","2222030.0000","1.4230","60570.0000","-0.0500","-0.0050","-1.0000","0.0000","0.0000","0.0000","0.0000","0.0000"
"10119.0","15:13:20.54","2222224.0000","1.4441","60570.0000","-0.0500","-0.0050","-1.0000","0.0000","0.0000","0.0000","0.0000","0.0000"
"10120.0","15:13:20.55","2222136.0000","1.4345","60570.0000","-0.0500","-0.0050","-1.0000","0.0000","0.0000","0.0000","0.0000","0.0000"
"10121.0","15:13:20.56","2222136.0000","1.4345","60570.0000","-0.0500","-0.0050","-1.0000","0.0000","0.0000","0.0000","0.0000","0.0000"
"10122.0","15:13:20.57","2222756.0000","1.5021","60570.0000","-0.0500","-0.0050","-1.0000","0.0000","0.0000","0.0000","0.0000","0.0000"
"10123.0","15:13:20.58","2222477.0000","1.4717","60570.0000","-0.0500","-0.0050","-1.0000","0.0000","0.0000","0.0000","0.0000","0.0000"
"10124.0","15:13:20.59","2223143.0000","1.5443","60570.0000","-0.0500","-0.0050","-1.0000","0.0000","0.0000","0.0000","0.0000","0.0000"
"10125.0","15:13:20.60","2223143.0000","1.5443","60570.0000","-0.0500","-0.0050","-1.0000","0.0000","0.0000","0.0000","0.0000","0.0000"
"10126.0","15:13:20.61","2223146.0000","1.5446","60570.0000","-0.0500","-0.0050","-1.0000","0.0000","0.0000","0.0000","0.0000","0.0000"
"10127.0","15:13:20.62","2222261.0000","1.4481","60570.0000","-0.0500","-0.0050","-1.0000","0.0000","0.0000","0.0000","0.0000","0.0000"
"10128.0","15:13:20.63","2221636.0000","1.3800","60570.0000","-0.0500","-0.0050","-1.0000","0.0000","0.0000","0.0000","0.0000","0.0000"
"10129.0","15:13:20.64","2222009.0000","1.4207","60570.0000","-0.0500","-0.0050","-1.0000","0.0000","0.0000","0.0000","0.0000","0.0000"
"10130.0","15:13:20.65","2221954.0000","1.4146","60570.0000","-0.0500","-0.0050","-1.0000","0.0000","0.0000","0.0000","0.0000","0.0000"
"10131.0","15:13:20.66","2222693.0000","1.4952","60570.0000","-0.0500","-0.0050","-1.0000","0.0000","0.0000","0.0000","0.0000","0.0000"
"10132.0","15:13:20.67","2222580.0000","1.4829","60570.0000","-0.0500","-0.0050","-1.0000","0.0000","0.0000","0.0000","0.0000","0.0000"
"10133.0","15:13:20.68","2222517.0000","1.4760","60570.0000","-0.0500","-0.0050","-1.0000","0.0000","0.0000","0.0000","0.0000","0.0000"
"10134.0","15:13:20.69","2222121.0000","1.4329","60570.0000","-0.0500","-0.0050","-1.0000","0.0000","0.0000","0.0000","0.0000","0.0000"
"10135.0","15:13:20.70","2222068.0000","1.4271","60570.0000","-0.0500","-0.0050","-1.0000","0.0000","0.0000","0.0000","0.0000","0.0000"
"10136.0","15:13:20.71","2222460.0000","1.4698","60570.0000","-0.0500","-0.0050","-1.0000","0.0000","0.0000","0.0000","0.0000","0.0000"
"10137.0","15:13:20.72","2223414.0000","1.5738","60570.0000","-0.0500","-0.0050","-1.0000","0.0000","0.0000","0.0000","0.0000","0.0000"
"10138.0","15:13:20.73","2221891.0000","1.4078","60570.0000","-0.0500","-0.0050","-1.0000","0.0000","0.0000","0.0000","0.0000","0.0000"
"10139.0","15:13:20.74","2222451.0000","1.4688","60570.0000","-0.0500","-0.0050","-1.0000","0.0000","0.0000","0.0000","0.0000","0.0000"
"10140.0","15:13:20.75","2222965.0000","1.5249","60570.0000","-0.0500","-0.0050","-1.0000","0.0000","0.0000","0.0000","0.0000","0.0000"
"10141.0","15:13:20.76","2222030.0000","1.4230","60570.0000","-0.0500","-0.0050","-1.0000","0.0000","0.0000","0.0000","0.0000","0.0000"
"10142.0","15:13:20.77","2222563.0000","1.4811","60570.0000","-0.0500","-0.0050","-1.0000","0.0000","0.0000","0.0000","0.0000","0.0000"
"10143.0","15:13:20.78","2223057.0000","1.5349","60570.0000","-0.0500","-0.0050","-1.0000","0.0000","0.0000","0.0000","0.0000","0.0000"
"10144.0","15:13:20.79","2222268.0000","1.4489","60570.0000","-0.0500","-0.0050","-1.0000","0.0000","0.0000","0.0000","0.0000","0.0000"
"10145.0","15:13:20.80","2222997.0000","1.5284","60570.0000","-0.0500","-0.0050","-1.0000","0.0000","0.0000","0.0000","0.0000","0.0000"
"10146.0","15:13:20.81","2223790.0000","1.6148","60570.0000","-0.0500","-0.0050","-1.0000","0.0000","0.0000","0.0000","0.0000","0.0000"
"10147.0","15:13:20.82","2222766.0000","1.5032","60570.0000","-0.0500","-0.0050","-1.0000","0.0000","0.0000","0.0000","0.0000","0.0000"
"10148.0","15:13:20.83","2223859.0000","1.6223","60570.0000","-0.0500","-0.0050","-1.0000","0.0000","0.0000","0.0000","0.0000","0.0000"
"10149.0","15:13:20.84","2223489.0000","1.5820","60570.0000","-0.0500","-0.0050","-1.0000","0.0000","0.0000","0.0000","0.0000","0.0000"
"10150.0","15:13:20.85","2224127.0000","1.6516","60570.0000","-0.0500","-0.0050","-1.0000","0.0000","0.0000","0.0000","0.0000","0.0000"
"10151.0","15:13:20.86","2223567.0000","1.5905","60570.0000","-0.0500","-0.0050","-1.0000","0.0000","0.0000","0.0000","0.0000","0.0000"
"10152.0","15:13:20.87","2222473.0000","1.4712","60570.0000","-0.0500","-0.0050","-1.0000","0.0000","0.0000","0.0000","0.0000","0.0000"
"10153.0","15:13:20.88","2222424.0000","1.4659","60570.0000","-0.0500","-0.0050","-1.0000","0.0000","0.0000","0.0000","0.0000","0.0000"
"10154.0","15:13:20.89","2222852.0000","1.5125","60570.0000","-0.0500","-0.0050","-1.0000","0.0000","0.0000","0.0000","0.0000","0.0000"
"10155.0","15:13:20.90","2222392.0000","1.4624","60570.0000","-0.0500","-0.0050","-1.0000","0.0000","0.0000","0.0000","0.0000","0.0000"
"10156.0","15:13:20.91","2223291.0000","1.5604","60570.0000","-0.0500","-0.0050","-1.0000","0.0000","0.0000","0.0000","0.0000","0.0000"
"10157.0","15:13:20.92","2222934.0000","1.5215","60570.0000","-0.0500","-0.0050","-1.0000","0.0000","0.0000","0.0000","0.0000","0.0000"
"10158.0","15:13:20.93","2222772.0000","1.5038","60570.0000","-0.0500","-0.0050","-1.0000","0.0000","0.0000","0.0000","0.0000","0.0000"
"10159.0","15:13:20.94","2222756.0000","1.5021","60570.0000","-0.0500","-0.0050","-1.0000","0.0000","0.0000","0.0000","0.0000","0.0000"
"10160.0","15:13:20.95","2222787.0000","1.5055","60570.0000","-0.0500","-0.0050","-1.0000","0.0000","0.0000","0.0000","0.0000","0.0000"
"10161.0","15:13:20.96","2222759.0000","1.5024","60570.0000","-0.0500","-0.0050","-1.0000","0.0000","0.0000","0.0000","0.0000","0.0000"
"10162.0","15:13:20.97","2222689.0000","1.4948","60570.0000","-0.0500","-0.0050","-1.0000","0.0000","0.0000","0.0000","0.0000","0.0000"
"10163.0","15:13:20.98","2222698.0000","1.4958","60570.0000","-0.0500","-0.0050","-1.0000","0.0000","0.0000","0.0000","0.0000","0.0000"
"10164.0","15:13:20.99","2222767.0000","1.5033","60570.0000","-0.0500","-0.0050","-1.0000","0.0000","0.0000","0.0000","0.0000","0.0000"
"10165.0","15:13:20.100","2223362.0000","1.5682","60570.0000","-0.0500","-0.0050","-1.0000","0.0000","0.0000","0.0000","0.0000","0.0000"
"10166.0","15:13:20.101","2223513.0000","1.5846","60561.0000","-0.0500","-0.0050","-1.0000","0.0000","0.0000","0.0000","0.0000","0.0000"
"10167.0","15:13:20.102","2223268.0000","1.5579","60561.0000","-0.0500","-0.0050","-1.0000","0.0000","0.0000","0.0000","0.0000","0.0000"
"10168.0","15:13:20.103","2223268.0000","1.5579","60561.0000","-0.0500","-0.0050","-1.0000","0.0000","0.0000","0.0000","0.0000","0.0000"
"10169.0","15:13:20.104","2223080.0000","1.5374","60561.0000","-0.0500","-0.0050","-1.0000","0.0000","0.0000","0.0000","0.0000","0.0000"
"10170.0","15:13:20.105","2223619.0000","1.5962","60561.0000","-0.0500","-0.0050","-1.0000","0.0000","0.0000","0.0000","0.0000","0.0000"
"10171.0","15:13:20.106","2223332.0000","1.5649","60561.0000","-0.0500","-0.0050","-1.0000","0.0000","0.0000","0.0000","0.0000","0.0000"
"10172.0","15:13:20.107","2223327.0000","1.5644","60561.0000","-0.0500","-0.0050","-1.0000","0.0000","0.0000","0.0000","0.0000","0.0000"
"10173.0","15:13:20.108","2222834.0000","1.5106","60561.0000","-0.0500","-0.0050","-1.0000","0.0000","0.0000","0.0000","0.0000","0.0000"
"10174.0","15:13:20.109","2222894.0000","1.5171","60561.0000","-0.0500","-0.0050","-1.0000","0.0000","0.0000","0.0000","0.0000","0.0000"
"10175.0","15:13:20.110","2223320.0000","1.5636","60561.0000","-0.0500","-0.0050","-1.0000","0.0000","0.0000","0.0000","0.0000","0.0000"
"10176.0","15:13:20.111","2222062.0000","1.4264","60561.0000","-0.0500","-0.0050","-1.0000","0.0000","0.0000","0.0000","0.0000","0.0000"
"10177.0","15:13:20.112","2221972.0000","1.4166","60561.0000","-0.0500","-0.0050","-1.0000","0.0000","0.0000","0.0000","0.0000","0.0000"
"10178.0","15:13:20.113","2222175.0000","1.4387","60561.0000","-0.0500","-0.0050","-1.0000","0.0000","0.0000","0.0000","0.0000","0.0000"
"10179.0","15:13:20.114","2222340.0000","1.4568","60561.0000","-0.0500","-0.0050","-1.0000","0.0000","0.0000","0.0000","0.0000","0.0000"
"10180.0","15:13:20.115","2222309.0000","1.4534","60561.0000","-0.0500","-0.0050","-1.0000","0.0000","0.0000","0.0000","0.0000","0.0000"
"10181.0","15:13:20.116","2222685.0000","1.4943","60561.0000","-0.0500","-0.0050","-1.0000","0.0000","0.0000","0.0000","0.0000","0.0000"
"10182.0","15:13:20.117","2222716.0000","1.4977","60561.0000","-0.0500","-0.0050","-1.0000","0.0000","0.0000","0.0000","0.0000","0.0000"
"10183.0","15:13:20.118","2223047.0000","1.5338","60561.0000","-0.0500","-0.0050","-1.0000","0.0000","0.0000","0.0000","0.0000","0.0000"
"10184.0","15:13:20.119","2223172.0000","1.5475","60561.0000","-0.0500","-0.0050","-1.0000","0.0000","0.0000","0.0000","0.0000","0.0000"
"10185.0","15:13:20.120","2223197.0000","1.5502","60561.0000","-0.0500","-0.0050","-1.0000","0.0000","0.0000","0.0000","0.0000","0.0000"
"10186.0","15:13:20.121","2222552.0000","1.4799","60561.0000","-0.0500","-0.0050","-1.0000","0.0000","0.0000","0.0000","0.0000","0.0000"
"10187.0","15:13:20.122","2223906.0000","1.6275","60561.0000","-0.0500","-0.0050","-1.0000","0.0000","0.0000","0.0000","0.0000","0.0000"
"10188.0","15:13:20.123","2223812.0000","1.6172","60561.0000","-0.0500","-0.0050","-1.0000","0.0000","0.0000","0.0000","0.0000","0.0000"
"10189.0","15:13:20.124","2223333.0000","1.5650","60561.0000","-0.0500","-0.0050","-1.0000","0.0000","0.0000","0.0000","0.0000","0.0000"
"10190.0","15:13:20.125","2222848.0000","1.5121","60561.0000","-0.0500","-0.0050","-1.0000","0.0000","0.0000","0.0000","0.0000","0.0000"
"10191.0","15:13:20.126","2222678.0000","1.4936","60561.0000","-0.0500","-0.0050","-1.0000","0.0000","0.0000","0.0000","0.0000","0.0000"
"10192.0","15:13:20.127","2222820.0000","1.5091","60561.0000","-0.0500","-0.0050","-1.0000","0.0000","0.0000","0.0000","0.0000","0.0000"
"10193.0","15:13:20.128","2222895.0000","1.5172","60561.0000","-0.0500","-0.0050","-1.0000","0.0000","0.0000","0.0000","0.0000","0.0000"
"10194.0","15:13:20.129","2222218.0000","1.4434","60561.0000","-0.0500","-0.0050","-1.0000","0.0000","0.0000","0.0000","0.0000","0.0000"
"10195.0","15:13:20.130","2222943.0000","1.5225","60561.0000","-0.0500","-0.0050","-1.0000","0.0000","0.0000","0.0000","0.0000","0.0000"
"10196.0","15:13:20.131","2222920.0000","1.5200","60561.0000","-0.0500","-0.0050","-1.0000","0.0000","0.0000","0.0000","0.0000","0.0000"
"10197.0","15:13:20.132","2222168.0000","1.4380","60561.0000","-0.0500","-0.0050","-1.0000","0.0000","0.0000","0.0000","0.0000","0.0000"
"10198.0","15:13:20.133","2222307.0000","1.4531","60561.0000","-0.0500","-0.0050","-1.0000","0.0000","0.0000","0.0000","0.0000","0.0000"
"10199.0","15:13:20.134","2222851.0000","1.5125","60561.0000","-0.0500","-0.0050","-1.0000","0.0000","0.0000","0.0000","0.0000","0.0000"
"10200.0","15:13:20.135","2222368.0000","1.4598","60561.0000","-0.0500","-0.0050","-1.0000","0.0000","0.0000","0.0000","0.0000","0.0000"
"10201.0","15:13:20.136","2223126.0000","1.5424","60561.0000","-0.0500","-0.0050","-1.0000","0.0000","0.0000","0.0000","0.0000","0.0000"
"10202.0","15:13:20.137","2223125.0000","1.5423","60561.0000","-0.0500","-0.0050","-1.0000","0.0000","0.0000","0.0000","0.0000","0.0000"
"10203.0","15:13:20.138","2222634.0000","1.4888","60561.0000","-0.0500","-0.0050","-1.0000","0.0000","0.0000","0.0000","0.0000","0.0000"
"10204.0","15:13:20.139","2222872.0000","1.5147","60561.0000","-0.0500","-0.0050","-1.0000","0.0000","0.0000","0.0000","0.0000","0.0000"
"10205.0","15:13:20.140","2222701.0000","1.4961","60561.0000","-0.0500","-0.0050","-1.0000","0.0000","0.0000","0.0000","0.0000","0.0000"
"10206.0","15:13:20.141","2223192.0000","1.5496","60561.0000","-0.0500","-0.0050","-1.0000","0.0000","0.0000","0.0000","0.0000","0.0000"
"10207.0","15:13:20.142","2222484.0000","1.4724","60561.0000","-0.0500","-0.0050","-1.0000","0.0000","0.0000","0.0000","0.0000","0.0000"
"10208.0","15:13:20.143","2222914.0000","1.5193","60561.0000","-0.0500","-0.0050","-1.0000","0.0000","0.0000","0.0000","0.0000","0.0000"
"10209.0","15:13:20.144","2222037.0000","1.4237","60561.0000","-0.0500","-0.0050","-1.0000","0.0000","0.0000","0.0000","0.0000","0.0000"
"10210.0","15:13:20.145","2221363.0000","1.3502","60561.0000","-0.0500","-0.0050","-1.0000","0.0000","0.0000","0.0000","0.0000","0.0000"
"10211.0","15:13:20.146","2221669.0000","1.3836","60561.0000","-0.0500","-0.0050","-1.0000","0.0000","0.0000","0.0000","0.0000","0.0000"
"10212.0","15:13:20.147","2221686.0000","1.3855","60561.0000","-0.0500","-0.0050","-1.0000","0.0000","0.0000","0.0000","0.0000","0.0000"
"10213.0","15:13:20.148","2221571.0000","1.3729","60561.0000","-0.0500","-0.0050","-1.0000","0.0000","0.0000","0.0000","0.0000","0.0000"
"10214.0","15:13:20.149","2222197.0000","1.4412","60561.0000","-0.0500","-0.0050","-1.0000","0.0000","0.0000","0.0000","0.0000","0.0000"
"10215.0","15:13:20.150","2222197.0000","1.4412","60561.0000","-0.0500","-0.0050","-1.0000","0.0000","0.0000","0.0000","0.0000","0.0000"
"10216.0","15:13:20.151","2222050.0000","1.4251","60561.0000","-0.0500","-0.0050","-1.0000","0.0000","0.0000","0.0000","0.0000","0.0000"
"10217.0","15:13:20.152","2222079.0000","1.4283","60561.0000","-0.0500","-0.0050","-1.0000","0.0000","0.0000","0.0000","0.0000","0.0000"
"10218.0","15:13:20.153","2222699.0000","1.4959","60561.0000","-0.0500","-0.0050","-1.0000","0.0000","0.0000","0.0000","0.0000","0.0000"
"10219.0","15:13:20.154","2222300.0000","1.4524","60561.0000","-0.0500","-0.0050","-1.0000","0.0000","0.0000","0.0000","0.0000","0.0000"
"10220.0","15:13:20.155","2222024.0000","1.4223","60561.0000","-0.0500","-0.0050","-1.0000","0.0000","0.0000","0.0000","0.0000","0.0000"
"10221.0","15:13:20.156","2221742.0000","1.3915","60561.0000","-0.0500","-0.0050","-1.0000","0.0000","0.0000","0.0000","0.0000","0.0000"
"10222.0","15:13:20.157","2222390.0000","1.4622","60561.0000","-0.0500","-0.0050","-1.0000","0.0000","0.0000","0.0000","0.0000","0.0000"
"10223.0","15:13:20.158","2222477.0000","1.4717","60561.0000","-0.0500","-0.0050","-1.0000","0.0000","0.0000","0.0000","0.0000","0.0000"
"10224.0","15:13:20.159","2222199.0000","1.4414","60561.0000","-0.0500","-0.0050","-1.0000","0.0000","0.0000","0.0000","0.0000","0.0000"
"10225.0","15:13:20.160","2222684.0000","1.4943","60561.0000","-0.0500","-0.0050","-1.0000","0.0000","0.0000","0.0000","0.0000","0.0000"
"10226.0","15:13:20.161","2223000.0000","1.5287","60567.0000","-0.0500","-0.0050","-1.0000","0.0000","0.0000","0.0000","0.0000","0.0000"
"10227.0","15:13:20.162","2221221.0000","1.3348","60567.0000","-0.0500","-0.0050","-1.0000","0.0000","0.0000","0.0000","0.0000","0.0000"
"10228.0","15:13:20.163","2221361.0000","1.3500","60567.0000","-0.0500","-0.0050","-1.0000","0.0000","0.0000","0.0000","0.0000","0.0000"
"10229.0","15:13:20.164","2221966.0000","1.4160","60567.0000","-0.0500","-0.0050","-1.0000","0.0000","0.0000","0.0000","0.0000","0.0000"
"10230.0","15:13:20.165","2220795.0000","1.2883","60567.0000","-0.0500","-0.0050","-1.0000","0.0000","0.0000","0.0000","0.0000","0.0000"
"10231.0","15:13:20.166","2222426.0000","1.4661","60567.0000","-0.0500","-0.0050","-1.0000","0.0000","0.0000","0.0000","0.0000","0.0000"
"10232.0","15:13:20.167","2222393.0000","1.4625","60567.0000","-0.0500","-0.0050","-1.0000","0.0000","0.0000","0.0000","0.0000","0.0000"
"10233.0","15:13:20.168","2222871.0000","1.5146","60567.0000","-0.0500","-0.0050","-1.0000","0.0000","0.0000","0.0000","0.0000","0.0000"
"10234.0","15:13:20.169","2222723.0000","1.4985","60567.0000","-0.0500","-0.0050","-1.0000","0.0000","0.0000","0.0000","0.0000","0.0000"
"10235.0","15:13:20.170","2221708.0000","1.3878","60567.0000","-0.0500","-0.0050","-1.0000","0.0000","0.0000","0.0000","0.0000","0.0000"
"10236.0","15:13:20.171","2222195.0000","1.4409","60567.0000","-0.0500","-0.0050","-1.0000","0.0000","0.0000","0.0000","0.0000","0.0000"
"10237.0","15:13:20.172","2223552.0000","1.5889","60567.0000","-0.0500","-0.0050","-1.0000","0.0000","0.0000","0.0000","0.0000","0.0000"
"10238.0","15:13:20.173","2222656.0000","1.4912","60567.0000","-0.0500","-0.0050","-1.0000","0.0000","0.0000","0.0000","0.0000","0.0000"
"10239.0","15:13:20.174","2222440.0000","1.4677","60567.0000","-0.0500","-0.0050","-1.0000","0.0000","0.0000","0.0000","0.0000","0.0000"
"10240.0","15:13:20.175","2222242.0000","1.4461","60567.0000","-0.0500","-0.0050","-1.0000","0.0000","0.0000","0.0000","0.0000","0.0000"
"10241.0","15:13:20.176","2221934.0000","1.4125","60567.0000","-0.0500","-0.0050","-1.0000","0.0000","0.0000","0.0000","0.0000","0.0000"
"10242.0","15:13:20.177","2221941.0000","1.4133","60567.0000","-0.0500","-0.0050","-1.0000","0.0000","0.0000","0.0000","0.0000","0.0000"
"10243.0","15:13:20.178","2221760.0000","1.3935","60567.0000","-0.0500","-0.0050","-1.0000","0.0000","0.0000","0.0000","0.0000","0.0000"
"10244.0","15:13:20.179","2221625.0000","1.3788","60567.0000","-0.0500","-0.0050","-1.0000","0.0000","0.0000","0.0000","0.0000","0.0000"
"10245.0","15:13:20.180","2221433.0000","1.3579","60567.0000","-0.0500","-0.0050","-1.0000","0.0000","0.0000","0.0000","0.0000","0.0000"
"10246.0","15:13:20.181","2221720.0000","1.3892","60567.0000","-0.0500","-0.0050","-1.0000","0.0000","0.0000","0.0000","0.0000","0.0000"
"10247.0","15:13:20.182","2222351.0000","1.4580","60567.0000","-0.0500","-0.0050","-1.0000","0.0000","0.0000","0.0000","0.0000","0.0000"
"10248.0","15:13:20.183","2221800.0000","1.3979","60567.0000","-0.0500","-0.0050","-1.0000","0.0000","0.0000","0.0000","0.0000","0.0000"
"10249.0","15:13:20.184","2221944.0000","1.4136","60567.0000","-0.0500","-0.0050","-1.0000","0.0000","0.0000","0.0000","0.0000","0.0000"
"10250.0","15:13:20.185","2221216.0000","1.3342","60567.0000","-0.0500","-0.0050","-1.0000","0.0000","0.0000","0.0000","0.0000","0.0000"
"10251.0","15:13:20.186","2221002.0000","1.3109","60567.0000","-0.0500","-0.0050","-1.0000","0.0000","0.0000","0.0000","0.0000","0.0000"
"10252.0","15:13:20.187","2221679.0000","1.3847","60567.0000","-0.0500","-0.0050","-1.0000","0.0000","0.0000","0.0000","0.0000","0.0000"
"10253.0","15:13:20.188","2222057.0000","1.4259","60567.0000","-0.0500","-0.0050","-1.0000","0.0000","0.0000","0.0000","0.0000","0.0000"
"10254.0","15:13:20.189","2222149.0000","1.4359","60567.0000","-0.0500","-0.0050","-1.0000","0.0000","0.0000","0.0000","0.0000","0.0000"
"10255.0","15:13:20.190","2221863.0000","1.4047","60567.0000","-0.0500","-0.0050","-1.0000","0.0000","0.0000","0.0000","0.0000","0.0000"
"10256.0","15:13:20.191","2221326.0000","1.3462","60567.0000","-0.0500","-0.0050","-1.0000","0.0000","0.0000","0.0000","0.0000","0.0000"
"10257.0","15:13:20.192","2222062.0000","1.4264","60567.0000","-0.0500","-0.0050","-1.0000","0.0000","0.0000","0.0000","0.0000","0.0000"
"10258.0","15:13:20.193","2221694.0000","1.3863","60567.0000","-0.0500","-0.0050","-1.0000","0.0000","0.0000","0.0000","0.0000","0.0000"
"10259.0","15:13:20.194","2221014.0000","1.3122","60567.0000","-0.0500","-0.0050","-1.0000","0.0000","0.0000","0.0000","0.0000","0.0000"
"10260.0","15:13:20.195","2221875.0000","1.4061","60567.0000","-0.0500","-0.0050","-1.0000","0.0000","0.0000","0.0000","0.0000","0.0000"
"10261.0","15:13:20.196","2221770.0000","1.3946","60567.0000","-0.0500","-0.0050","-1.0000","0.0000","0.0000","0.0000","0.0000","0.0000"
"10262.0","15:13:20.197","2221770.0000","1.3946","60567.0000","-0.0500","-0.0050","-1.0000","0.0000","0.0000","0.0000","0.0000","0.0000"
"10263.0","15:13:20.198","2221637.0000","1.3801","60567.0000","-0.0500","-0.0050","-1.0000","0.0000","0.0000","0.0000","0.0000","0.0000"
"10264.0","15:13:20.199","2221848.0000","1.4031","60567.0000","-0.0500","-0.0050","-1.0000","0.0000","0.0000","0.0000","0.0000","0.0000"
"10265.0","15:13:20.200","2221957.0000","1.4150","60567.0000","-0.0500","-0.0050","-1.0000","0.0000","0.0000","0.0000","0.0000","0.0000"
"10266.0","15:13:20.201","2221717.0000","1.3888","60567.0000","-0.0500","-0.0050","-1.0000","0.0000","0.0000","0.0000","0.0000","0.0000"
"10267.0","15:13:20.202","2221660.0000","1.3826","60567.0000","-0.0500","-0.0050","-1.0000","0.0000","0.0000","0.0000","0.0000","0.0000"
"10268.0","15:13:20.203","2221552.0000","1.3708","60567.0000","-0.0500","-0.0050","-1.0000","0.0000","0.0000","0.0000","0.0000","0.0000"
"10269.0","15:13:20.204","2222797.0000","1.5066","60567.0000","-0.0500","-0.0050","-1.0000","0.0000","0.0000","0.0000","0.0000","0.0000"
"10270.0","15:13:20.205","2222293.0000","1.4516","60567.0000","-0.0500","-0.0050","-1.0000","0.0000","0.0000","0.0000","0.0000","0.0000"
"10271.0","15:13:20.206","2222883.0000","1.5159","60567.0000","-0.0500","-0.0050","-1.0000","0.0000","0.0000","0.0000","0.0000","0.0000"
"10272.0","15:13:20.207","2221901.0000","1.4089","60567.0000","-0.0500","-0.0050","-1.0000","0.0000","0.0000","0.0000","0.0000","0.0000"
"10273.0","15:13:20.208","2221839.0000","1.4021","60567.0000","-0.0500","-0.0050","-1.0000","0.0000","0.0000","0.0000","0.0000","0.0000"
"10274.0","15:13:20.209","2223061.0000","1.5353","60567.0000","-0.0500","-0.0050","-1.0000","0.0000","0.0000","0.0000","0.0000","0.0000"
"10275.0","15:13:20.210","2221287.0000","1.3420","60567.0000","-0.0500","-0.0050","-1.0000","0.0000","0.0000","0.0000","0.0000","0.0000"
"10276.0","15:13:20.211","2221930.0000","1.4120","60567.0000","-0.0500","-0.0050","-1.0000","0.0000","0.0000","0.0000","0.0000","0.0000"
"10277.0","15:13:20.212","2222078.0000","1.4282","60567.0000","-0.0500","-0.0050","-1.0000","0.0000","0.0000","0.0000","0.0000","0.0000"
"10278.0","15:13:20.213","2221178.0000","1.3301","60567.0000","-0.0500","-0.0050","-1.0000","0.0000","0.0000","0.0000","0.0000","0.0000"
"10279.0","15:13:20.214","2221526.0000","1.3680","60567.0000","-0.0500","-0.0050","-1.0000","0.0000","0.0000","0.0000","0.0000","0.0000"
"10280.0","15:13:20.215","2221852.0000","1.4036","60567.0000","-0.0500","-0.0050","-1.0000","0.0000","0.0000","0.0000","0.0000","0.0000"
"10281.0","15:13:20.216","2222228.0000","1.4445","60567.0000","-0.0500","-0.0050","-1.0000","0.0000","0.0000","0.0000","0.0000","0.0000"
"10282.0","15:13:20.217","2220957.0000","1.3060","60567.0000","-0.0500","-0.0050","-1.0000","0.0000","0.0000","0.0000","0.0000","0.0000"
"10283.0","15:13:20.218","2221525.0000","1.3679","60567.0000","-0.0500","-0.0050","-1.0000","0.0000","0.0000","0.0000","0.0000","0.0000"
"10284.0","15:13:20.219","2221628.0000","1.3791","60567.0000","-0.0500","-0.0050","-1.0000","0.0000","0.0000","0.0000","0.0000","0.0000"
"10285.0","15:13:20.220","2220934.0000","1.3035","60567.0000","-0.0500","-0.0050","-1.0000","0.0000","0.0000","0.0000","0.0000","0.0000"
"10286.0","15:13:20.221","2222789.0000","1.5057","60567.0000","-0.0500","-0.0050","-1.0000","0.0000","0.0000","0.0000","0.0000","0.0000"
"10287.0","15:13:20.222","2222479.0000","1.4719","60571.0000","-0.0500","-0.0050","-1.0000","0.0000","0.0000","0.0000","0.0000","0.0000"
"10288.0","15:13:20.223","2222486.0000","1.4727","60571.0000","-0.0500","-0.0050","-1.0000","0.0000","0.0000","0.0000","0.0000","0.0000"
"10289.0","15:13:20.224","2222172.0000","1.4384","60571.0000","-0.0500","-0.0050","-1.0000","0.0000","0.0000","0.0000","0.0000","0.0000"
"10290.0","15:13:20.225","2221016.0000","1.3124","60571.0000","-0.0500","-0.0050","-1.0000","0.0000","0.0000","0.0000","0.0000","0.0000"
"10291.0","15:13:20.226","2221135.0000","1.3254","60571.0000","-0.0500","-0.0050","-1.0000","0.0000","0.0000","0.0000","0.0000","0.0000"
"10292.0","15:13:20.227","2220657.0000","1.2732","60571.0000","-0.0500","-0.0050","-1.0000","0.0000","0.0000","0.0000","0.0000","0.0000"
"10293.0","15:13:20.228","2220614.0000","1.2686","60571.0000","-0.0500","-0.0050","-1.0000","0.0000","0.0000","0.0000","0.0000","0.0000"
"10294.0","15:13:20.229","2220907.0000","1.3005","60571.0000","-0.0500","-0.0050","-1.0000","0.0000","0.0000","0.0000","0.0000","0.0000"
"10295.0","15:13:20.230","2220939.0000","1.3040","60571.0000","-0.0500","-0.0050","-1.0000","0.0000","0.0000","0.0000","0.0000","0.0000"
"10296.0","15:13:20.231","2221007.0000","1.3114","60571.0000","-0.0500","-0.0050","-1.0000","0.0000","0.0000","0.0000","0.0000","0.0000"
"10297.0","15:13:20.232","2220970.0000","1.3074","60571.0000","-0.0500","-0.0050","-1.0000","0.0000","0.0000","0.0000","0.0000","0.0000"
"10298.0","15:13:20.233","2221729.0000","1.3901","60571.0000","-0.0500","-0.0050","-1.0000","0.0000","0.0000","0.0000","0.0000","0.0000"
"10299.0","15:13:20.234","2220747.0000","1.2831","60571.0000","-0.0500","-0.0050","-1.0000","0.0000","0.0000","0.0000","0.0000","0.0000"
"10300.0","15:13:20.235","2221340.0000","1.3477","60571.0000","-0.0500","-0.0050","-1.0000","0.0000","0.0000","0.0000","0.0000","0.0000"
"10301.0","15:13:20.236","2221351.0000","1.3489","60571.0000","-0.0500","-0.0050","-1.0000","0.0000","0.0000","0.0000","0.0000","0.0000"
"10302.0","15:13:20.237","2221379.0000","1.3520","60571.0000","-0.0500","-0.0050","-1.0000","0.0000","0.0000","0.0000","0.0000","0.0000"
"10303.0","15:13:20.238","2221274.0000","1.3405","60571.0000","-0.0500","-0.0050","-1.0000","0.0000","0.0000","0.0000","0.0000","0.0000"
"10304.0","15:13:20.239","2221649.0000","1.3814","60571.0000","-0.0500","-0.0050","-1.0000","0.0000","0.0000","0.0000","0.0000","0.0000"
"10305.0","15:13:20.240","2222128.0000","1.4336","60571.0000","-0.0500","-0.0050","-1.0000","0.0000","0.0000","0.0000","0.0000","0.0000"
"10306.0","15:13:20.241","2222302.0000","1.4526","60571.0000","-0.0500","-0.0050","-1.0000","0.0000","0.0000","0.0000","0.0000","0.0000"
"10307.0","15:13:20.242","2221712.0000","1.3883","60571.0000","-0.0500","-0.0050","-1.0000","0.0000","0.0000","0.0000","0.0000","0.0000"
"10308.0","15:13:20.243","2221337.0000","1.3474","60571.0000","-0.0500","-0.0050","-1.0000","0.0000","0.0000","0.0000","0.0000","0.0000"
"10309.0","15:13:20.244","2221337.0000","1.3474","60571.0000","-0.0500","-0.0050","-1.0000","0.0000","0.0000","0.0000","0.0000","0.0000"
"10310.0","15:13:20.245","2221482.0000","1.3632","60571.0000","-0.0500","-0.0050","-1.0000","0.0000","0.0000","0.0000","0.0000","0.0000"
"10311.0","15:13:20.246","2221106.0000","1.3222","60571.0000","-0.0500","-0.0050","-1.0000","0.0000","0.0000","0.0000","0.0000","0.0000"
"10312.0","15:13:20.247","2221330.0000","1.3466","60571.0000","-0.0500","-0.0050","-1.0000","0.0000","0.0000","0.0000","0.0000","0.0000"
"10313.0","15:13:20.248","2221828.0000","1.4009","60571.0000","-0.0500","-0.0050","-1.0000","0.0000","0.0000","0.0000","0.0000","0.0000"
"10314.0","15:13:20.249","2221747.0000","1.3921","60571.0000","-0.0500","-0.0050","-1.0000","0.0000","0.0000","0.0000","0.0000","0.0000"
"10315.0","15:13:20.250","2221695.0000","1.3864","60571.0000","-0.0500","-0.0050","-1.0000","0.0000","0.0000","0.0000","0.0000","0.0000"
"10316.0","15:13:20.251","2221908.0000","1.4096","60571.0000","-0.0500","-0.0050","-1.0000","0.0000","0.0000","0.0000","0.0000","0.0000"
"10317.0","15:13:20.252","2221607.0000","1.3768","60571.0000","-0.0500","-0.0050","-1.0000","0.0000","0.0000","0.0000","0.0000","0.0000"
"10318.0","15:13:20.253","2221645.0000","1.3810","60571.0000","-0.0500","-0.0050","-1.0000","0.0000","0.0000","0.0000","0.0000","0.0000"
"10319.0","15:13:20.254","2221460.0000","1.3608","60571.0000","-0.0500","-0.0050","-1.0000","0.0000","0.0000","0.0000","0.0000","0.0000"
"10320.0","15:13:20.255","2221741.0000","1.3914","60571.0000","-0.0500","-0.0050","-1.0000","0.0000","0.0000","0.0000","0.0000","0.0000"
"10321.0","15:13:20.256","2221688.0000","1.3857","60571.0000","-0.0500","-0.0050","-1.0000","0.0000","0.0000","0.0000","0.0000","0.0000"
"10322.0","15:13:20.257","2221884.0000","1.4070","60571.0000","-0.0500","-0.0050","-1.0000","0.0000","0.0000","0.0000","0.0000","0.0000"
"10323.0","15:13:20.258","2222364.0000","1.4593","60571.0000","-0.0500","-0.0050","-1.0000","0.0000","0.0000","0.0000","0.0000","0.0000"
"10324.0","15:13:20.259","2222482.0000","1.4722","60571.0000","-0.0500","-0.0050","-1.0000","0.0000","0.0000","0.0000","0.0000","0.0000"
"10325.0","15:13:20.260","2221629.0000","1.3792","60571.0000","-0.0500","-0.0050","-1.0000","0.0000","0.0000","0.0000","0.0000","0.0000"
"10326.0","15:13:20.261","2221448.0000","1.3595","60571.0000","-0.0500","-0.0050","-1.0000","0.0000","0.0000","0.0000","0.0000","0.0000"
"10327.0","15:13:20.262","2221922.0000","1.4112","60571.0000","-0.0500","-0.0050","-1.0000","0.0000","0.0000","0.0000","0.0000","0.0000"
"10328.0","15:13:20.263","2222320.0000","1.4546","60571.0000","-0.0500","-0.0050","-1.0000","0.0000","0.0000","0.0000","0.0000","0.0000"
"10329.0","15:13:20.264","2221636.0000","1.3800","60571.0000","-0.0500","-0.0050","-1.0000","0.0000","0.0000","0.0000","0.0000","0.0000"
"10330.0","15:13:20.265","2222318.0000","1.4543","60571.0000","-0.0500","-0.0050","-1.0000","0.0000","0.0000","0.0000","0.0000","0.0000"
"10331.0","15:13:20.266","2222331.0000","1.4558","60571.0000","-0.0500","-0.0050","-1.0000","0.0000","0.0000","0.0000","0.0000","0.0000"
"10332.0","15:13:20.267","2222567.0000","1.4815","60571.0000","-0.0500","-0.0050","-1.0000","0.0000","0.0000","0.0000","0.0000","0.0000"
"10333.0","15:13:20.268","2221680.0000","1.3848","60571.0000","-0.0500","-0.0050","-1.0000","0.0000","0.0000","0.0000","0.0000","0.0000"
"10334.0","15:13:20.269","2222035.0000","1.4235","60571.0000","-0.0500","-0.0050","-1.0000","0.0000","0.0000","0.0000","0.0000","0.0000"
"10335.0","15:13:20.270","2222384.0000","1.4615","60571.0000","-0.0500","-0.0050","-1.0000","0.0000","0.0000","0.0000","0.0000","0.0000"
"10336.0","15:13:20.271","2221964.0000","1.4158","60571.0000","-0.0500","-0.0050","-1.0000","0.0000","0.0000","0.0000","0.0000","0.0000"
"10337.0","15:13:20.272","2222457.0000","1.4695","60571.0000","-0.0500","-0.0050","-1.0000","0.0000","0.0000","0.0000","0.0000","0.0000"
"10338.0","15:13:20.273","2222435.0000","1.4671","60571.0000","-0.0500","-0.0050","-1.0000","0.0000","0.0000","0.0000","0.0000","0.0000"
"10339.0","15:13:20.274","2222336.0000","1.4563","60571.0000","-0.0500","-0.0050","-1.0000","0.0000","0.0000","0.0000","0.0000","0.0000"
"10340.0","15:13:20.275","2222568.0000","1.4816","60571.0000","-0.0500","-0.0050","-1.0000","0.0000","0.0000","0.0000","0.0000","0.0000"
"10341.0","15:13:20.276","2222338.0000","1.4565","60571.0000","-0.0500","-0.0050","-1.0000","0.0000","0.0000","0.0000","0.0000","0.0000"
"10342.0","15:13:20.277","2221806.0000","1.3985","60571.0000","-0.0500","-0.0050","-1.0000","0.0000","0.0000","0.0000","0.0000","0.0000"
"10343.0","15:13:20.278","2222141.0000","1.4350","60571.0000","-0.0500","-0.0050","-1.0000","0.0000","0.0000","0.0000","0.0000","0.0000"
"10344.0","15:13:20.279","2221674.0000","1.3842","60571.0000","-0.0500","-0.0050","-1.0000","0.0000","0.0000","0.0000","0.0000","0.0000"
"10345.0","15:13:20.280","2222251.0000","1.4471","60571.0000","-0.0500","-0.0050","-1.0000","0.0000","0.0000","0.0000","0.0000","0.0000"
"10346.0","15:13:20.281","2222481.0000","1.4721","60571.0000","-0.0500","-0.0050","-1.0000","0.0000","0.0000","0.0000","0.0000","0.0000"
"10347.0","15:13:20.282","2222823.0000","1.5094","60565.0000","-0.0500","-0.0050","-1.0000","0.0000","0.0000","0.0000","0.0000","0.0000"
"10348.0","15:13:20.283","2221843.0000","1.4026","60565.0000","-0.0500","-0.0050","-1.0000","0.0000","0.0000","0.0000","0.0000","0.0000"
"10349.0","15:13:20.284","2221279.0000","1.3411","60565.0000","-0.0500","-0.0050","-1.0000","0.0000","0.0000","0.0000","0.0000","0.0000"
"10350.0","15:13:20.285","2222455.0000","1.4693","60565.0000","-0.0500","-0.0050","-1.0000","0.0000","0.0000","0.0000","0.0000","0.0000"
"10351.0","15:13:20.286","2222337.0000","1.4564","60565.0000","-0.0500","-0.0050","-1.0000","0.0000","0.0000","0.0000","0.0000","0.0000"
"10352.0","15:13:20.287","2221704.0000","1.3874","60565.0000","-0.0500","-0.0050","-1.0000","0.0000","0.0000","0.0000","0.0000","0.0000"
"10353.0","15:13:20.288","2222516.0000","1.4759","60565.0000","-0.0500","-0.0050","-1.0000","0.0000","0.0000","0.0000","0.0000","0.0000"
"10354.0","15:13:20.289","2222134.0000","1.4343","60565.0000","-0.0500","-0.0050","-1.0000","0.0000","0.0000","0.0000","0.0000","0.0000"
"10355.0","15:13:20.290","2222072.0000","1.4275","60565.0000","-0.0500","-0.0050","-1.0000","0.0000","0.0000","0.0000","0.0000","0.0000"
"10356.0","15:13:20.291","2222072.0000","1.4275","60565.0000","-0.0500","-0.0050","-1.0000","0.0000","0.0000","0.0000","0.0000","0.0000"
"10357.0","15:13:20.292","2222861.0000","1.5135","60565.0000","-0.0500","-0.0050","-1.0000","0.0000","0.0000","0.0000","0.0000","0.0000"
"10358.0","15:13:20.293","2222867.0000","1.5142","60565.0000","-0.0500","-0.0050","-1.0000","0.0000","0.0000","0.0000","0.0000","0.0000"
"10359.0","15:13:20.294","2222825.0000","1.5096","60565.0000","-0.0500","-0.0050","-1.0000","0.0000","0.0000","0.0000","0.0000","0.0000"
"10360.0","15:13:20.295","2221750.0000","1.3924","60565.0000","-0.0500","-0.0050","-1.0000","0.0000","0.0000","0.0000","0.0000","0.0000"
"10361.0","15:13:20.296","2222082.0000","1.4286","60565.0000","-0.0500","-0.0050","-1.0000","0.0000","0.0000","0.0000","0.0000","0.0000"
"10362.0","15:13:20.297","2222783.0000","1.5050","60565.0000","-0.0500","-0.0050","-1.0000","0.0000","0.0000","0.0000","0.0000","0.0000"
"10363.0","15:13:20.298","2223341.0000","1.5659","60565.0000","-0.0500","-0.0050","-1.0000","0.0000","0.0000","0.0000","0.0000","0.0000"
"10364.0","15:13:20.299","2223269.0000","1.5580","60565.0000","-0.0500","-0.0050","-1.0000","0.0000","0.0000","0.0000","0.0000","0.0000"
"10365.0","15:13:20.300","2223340.0000","1.5657","60565.0000","-0.0500","-0.0050","-1.0000","0.0000","0.0000","0.0000","0.0000","0.0000"
"10366.0","15:13:20.301","2222838.0000","1.5110","60565.0000","-0.0500","-0.0050","-1.0000","0.0000","0.0000","0.0000","0.0000","0.0000"
"10367.0","15:13:20.302","2223928.0000","1.6298","60565.0000","-0.0500","-0.0050","-1.0000","0.0000","0.0000","0.0000","0.0000","0.0000"
"10368.0","15:13:20.303","2222662.0000","1.4918","60565.0000","-0.0500","-0.0050","-1.0000","0.0000","0.0000","0.0000","0.0000","0.0000"
"10369.0","15:13:20.304","2223156.0000","1.5457","60565.0000","-0.0500","-0.0050","-1.0000","0.0000","0.0000","0.0000","0.0000","0.0000"
"10370.0","15:13:20.305","2223260.0000","1.5570","60565.0000","-0.0500","-0.0050","-1.0000","0.0000","0.0000","0.0000","0.0000","0.0000"
"10371.0","15:13:20.306","2224399.0000","1.6812","60565.0000","-0.0500","-0.0050","-1.0000","0.0000","0.0000","0.0000","0.0000","0.0000"
"10372.0","15:13:20.307","2224252.0000","1.6652","60565.0000","-0.0500","-0.0050","-1.0000","0.0000","0.0000","0.0000","0.0000","0.0000"
"10373.0","15:13:20.308","2223655.0000","1.6001","60565.0000","-0.0500","-0.0050","-1.0000","0.0000","0.0000","0.0000","0.0000","0.0000"
"10374.0","15:13:20.309","2223702.0000","1.6052","60565.0000","-0.0500","-0.0050","-1.0000","0.0000","0.0000","0.0000","0.0000","0.0000"
"10375.0","15:13:20.310","2223059.0000","1.5351","60565.0000","-0.0500","-0.0050","-1.0000","0.0000","0.0000","0.0000","0.0000","0.0000"
"10376.0","15:13:20.311","2223486.0000","1.5817","60565.0000","-0.0500","-0.0050","-1.0000","0.0000","0.0000","0.0000","0.0000","0.0000"
"10377.0","15:13:20.312","2222608.0000","1.4859","60565.0000","-0.0500","-0.0050","-1.0000","0.0000","0.0000","0.0000","0.0000","0.0000"
"10378.0","15:13:20.313","2222817.0000","1.5087","60565.0000","-0.0500","-0.0050","-1.0000","0.0000","0.0000","0.0000","0.0000","0.0000"
"10379.0","15:13:20.314","2222741.0000","1.5005","60565.0000","-0.0500","-0.0050","-1.0000","0.0000","0.0000","0.0000","0.0000","0.0000"
"10380.0","15:13:20.315","2223835.0000","1.6197","60565.0000","-0.0500","-0.0050","-1.0000","0.0000","0.0000","0.0000","0.0000","0.0000"
"10381.0","15:13:20.316","2223202.0000","1.5507","60565.0000","-0.0500","-0.0050","-1.0000","0.0000","0.0000","0.0000","0.0000","0.0000"
"10382.0","15:13:20.317","2223524.0000","1.5858","60565.0000","-0.0500","-0.0050","-1.0000","0.0000","0.0000","0.0000","0.0000","0.0000"
"10383.0","15:13:20.318","2223492.0000","1.5823","60565.0000","-0.0500","-0.0050","-1.0000","0.0000","0.0000","0.0000","0.0000","0.0000"
"10384.0","15:13:20.319","2223542.0000","1.5878","60565.0000","-0.0500","-0.0050","-1.0000","0.0000","0.0000","0.0000","0.0000","0.0000"
"10385.0","15:13:20.320","2223558.0000","1.5895","60565.0000","-0.0500","-0.0050","-1.0000","0.0000","0.0000","0.0000","0.0000","0.0000"
"10386.0","15:13:20.321","2223177.0000","1.5480","60565.0000","-0.0500","-0.0050","-1.0000","0.0000","0.0000","0.0000","0.0000","0.0000"
"10387.0","15:13:20.322","2223845.0000","1.6208","60565.0000","-0.0500","-0.0050","-1.0000","0.0000","0.0000","0.0000","0.0000","0.0000"
"10388.0","15:13:20.323","2224245.0000","1.6644","60565.0000","-0.0500","-0.0050","-1.0000","0.0000","0.0000","0.0000","0.0000","0.0000"
"10389.0","15:13:20.324","2222522.0000","1.4766","60565.0000","-0.0500","-0.0050","-1.0000","0.0000","0.0000","0.0000","0.0000","0.0000"
"10390.0","15:13:20.325","2222688.0000","1.4947","60565.0000","-0.0500","-0.0050","-1.0000","0.0000","0.0000","0.0000","0.0000","0.0000"
"10391.0","15:13:20.326","2222411.0000","1.4645","60565.0000","-0.0500","-0.0050","-1.0000","0.0000","0.0000","0.0000","0.0000","0.0000"
"10392.0","15:13:20.327","2222583.0000","1.4832","60565.0000","-0.0500","-0.0050","-1.0000","0.0000","0.0000","0.0000","0.0000","0.0000"
"10393.0","15:13:20.328","2222440.0000","1.4677","60565.0000","-0.0500","-0.0050","-1.0000","0.0000","0.0000","0.0000","0.0000","0.0000"
"10394.0","15:13:20.329","2222402.0000","1.4635","60565.0000","-0.0500","-0.0050","-1.0000","0.0000","0.0000","0.0000","0.0000","0.0000"
"10395.0","15:13:20.330","2222127.0000","1.4335","60565.0000","-0.0500","-0.0050","-1.0000","0.0000","0.0000","0.0000","0.0000","0.0000"
"10396.0","15:13:20.331","2222209.0000","1.4424","60565.0000","-0.0500","-0.0050","-1.0000","0.0000","0.0000","0.0000","0.0000","0.0000"
"10397.0","15:13:20.332","2221954.0000","1.4146","60565.0000","-0.0500","-0.0050","-1.0000","0.0000","0.0000","0.0000","0.0000","0.0000"
"10398.0","15:13:20.333","2222293.0000","1.4516","60565.0000","-0.0500","-0.0050","-1.0000","0.0000","0.0000","0.0000","0.0000","0.0000"
"10399.0","15:13:20.334","2222095.0000","1.4300","60565.0000","-0.0500","-0.0050","-1.0000","0.0000","0.0000","0.0000","0.0000","0.0000"
"10400.0","15:13:20.335","2222575.0000","1.4824","60565.0000","-0.0500","-0.0050","-1.0000","0.0000","0.0000","0.0000","0.0000","0.0000"
"10401.0","15:13:20.336","2222354.0000","1.4583","60565.0000","-0.0500","-0.0050","-1.0000","0.0000","0.0000","0.0000","0.0000","0.0000"
"10402.0","15:13:20.337","2222896.0000","1.5174","60565.0000","-0.0500","-0.0050","-1.0000","0.0000","0.0000","0.0000","0.0000","0.0000"
"10403.0","15:13:20.338","2222896.0000","1.5174","60565.0000","-0.0500","-0.0050","-1.0000","0.0000","0.0000","0.0000","0.0000","0.0000"
"10404.0","15:13:20.339","2223092.0000","1.5387","60565.0000","-0.0500","-0.0050","-1.0000","0.0000","0.0000","0.0000","0.0000","0.0000"
"10405.0","15:13:20.340","2222293.0000","1.4516","60565.0000","-0.0500","-0.0050","-1.0000","0.0000","0.0000","0.0000","0.0000","0.0000"
"10406.0","15:13:20.341","2222750.0000","1.5015","60565.0000","-0.0500","-0.0050","-1.0000","0.0000","0.0000","0.0000","0.0000","0.0000"
"10407.0","15:13:20.342","2223432.0000","1.5758","60565.0000","-0.0500","-0.0050","-1.0000","0.0000","0.0000","0.0000","0.0000","0.0000"
"10408.0","15:13:20.343","2223496.0000","1.5828","60560.0000","-0.0500","-0.0050","-1.0000","0.0000","0.0000","0.0000","0.0000","0.0000"
"10409.0","15:13:20.344","2223295.0000","1.5609","60560.0000","-0.0500","-0.0050","-1.0000","0.0000","0.0000","0.0000","0.0000","0.0000"
"10410.0","15:13:20.345","2222933.0000","1.5214","60560.0000","-0.0500","-0.0050","-1.0000","0.0000","0.0000","0.0000","0.0000","0.0000"
"10411.0","15:13:20.346","2222148.0000","1.4358","60560.0000","-0.0500","-0.0050","-1.0000","0.0000","0.0000","0.0000","0.0000","0.0000"
"10412.0","15:13:20.347","2222263.0000","1.4483","60560.0000","-0.0500","-0.0050","-1.0000","0.0000","0.0000","0.0000","0.0000","0.0000"
"10413.0","15:13:20.348","2222681.0000","1.4939","60560.0000","-0.0500","-0.0050","-1.0000","0.0000","0.0000","0.0000","0.0000","0.0000"
"10414.0","15:13:20.349","2223030.0000","1.5319","60560.0000","-0.0500","-0.0050","-1.0000","0.0000","0.0000","0.0000","0.0000","0.0000"
"10415.0","15:13:20.350","2222871.0000","1.5146","60560.0000","-0.0500","-0.0050","-1.0000","0.0000","0.0000","0.0000","0.0000","0.0000"
"10416.0","15:13:20.351","2222768.0000","1.5034","60560.0000","-0.0500","-0.0050","-1.0000","0.0000","0.0000","0.0000","0.0000","0.0000"
"10417.0","15:13:20.352","2223038.0000","1.5328","60560.0000","-0.0500","-0.0050","-1.0000","0.0000","0.0000","0.0000","0.0000","0.0000"
"10418.0","15:13:20.353","2222369.0000","1.4599","60560.0000","-0.0500","-0.0050","-1.0000","0.0000","0.0000","0.0000","0.0000","0.0000"
"10419.0","15:13:20.354","2223056.0000","1.5348","60560.0000","-0.0500","-0.0050","-1.0000","0.0000","0.0000","0.0000","0.0000","0.0000"
"10420.0","15:13:20.355","2223383.0000","1.5704","60560.0000","-0.0500","-0.0050","-1.0000","0.0000","0.0000","0.0000","0.0000","0.0000"
"10421.0","15:13:20.356","2222838.0000","1.5110","60560.0000","-0.0500","-0.0050","-1.0000","0.0000","0.0000","0.0000","0.0000","0.0000"
"10422.0","15:13:20.357","2223053.0000","1.5345","60560.0000","-0.0500","-0.0050","-1.0000","0.0000","0.0000","0.0000","0.0000","0.0000"
"10423.0","15:13:20.358","2222328.0000","1.4554","60560.0000","-0.0500","-0.0050","-1.0000","0.0000","0.0000","0.0000","0.0000","0.0000"
"10424.0","15:13:20.359","2223352.0000","1.5671","60560.0000","-0.0500","-0.0050","-1.0000","0.0000","0.0000","0.0000","0.0000","0.0000"
"10425.0","15:13:20.360","2222914.0000","1.5193","60560.0000","-0.0500","-0.0050","-1.0000","0.0000","0.0000","0.0000","0.0000","0.0000"
"10426.0","15:13:20.361","2222746.0000","1.5010","60560.0000","-0.0500","-0.0050","-1.0000","0.0000","0.0000","0.0000","0.0000","0.0000"
"10427.0","15:13:20.362","2221935.0000","1.4126","60560.0000","-0.0500","-0.0050","-1.0000","0.0000","0.0000","0.0000","0.0000","0.0000"
"10428.0","15:13:20.363","2221328.0000","1.3464","60560.0000","-0.0500","-0.0050","-1.0000","0.0000","0.0000","0.0000","0.0000","0.0000"
"10429.0","15:13:20.364","2221625.0000","1.3788","60560.0000","-0.0500","-0.0050","-1.0000","0.0000","0.0000","0.0000","0.0000","0.0000"
"10430.0","15:13:20.365","2221692.0000","1.3861","60560.0000","-0.0500","-0.0050","-1.0000","0.0000","0.0000","0.0000","0.0000","0.0000"
"10431.0","15:13:20.366","2221842.0000","1.4024","60560.0000","-0.0500","-0.0050","-1.0000","0.0000","0.0000","0.0000","0.0000","0.0000"
"10432.0","15:13:20.367","2221810.0000","1.3990","60560.0000","-0.0500","-0.0050","-1.0000","0.0000","0.0000","0.0000","0.0000","0.0000"
"10433.0","15:13:20.368","2222003.0000","1.4200","60560.0000","-0.0500","-0.0050","-1.0000","0.0000","0.0000","0.0000","0.0000","0.0000"
"10434.0","15:13:20.369","2222226.0000","1.4443","60560.0000","-0.0500","-0.0050","-1.0000","0.0000","0.0000","0.0000","0.0000","0.0000"
"10435.0","15:13:20.370","2222856.0000","1.5130","60560.0000","-0.0500","-0.0050","-1.0000","0.0000","0.0000","0.0000","0.0000","0.0000"
"10436.0","15:13:20.371","2222854.0000","1.5128","60560.0000","-0.0500","-0.0050","-1.0000","0.0000","0.0000","0.0000","0.0000","0.0000"
"10437.0","15:13:20.372","2222460.0000","1.4698","60560.0000","-0.0500","-0.0050","-1.0000","0.0000","0.0000","0.0000","0.0000","0.0000"
"10438.0","15:13:20.373","2223373.0000","1.5694","60560.0000","-0.0500","-0.0050","-1.0000","0.0000","0.0000","0.0000","0.0000","0.0000"
"10439.0","15:13:20.374","2222066.0000","1.4269","60560.0000","-0.0500","-0.0050","-1.0000","0.0000","0.0000","0.0000","0.0000","0.0000"
"10440.0","15:13:20.375","2222772.0000","1.5038","60560.0000","-0.0500","-0.0050","-1.0000","0.0000","0.0000","0.0000","0.0000","0.0000"
"10441.0","15:13:20.376","2222147.0000","1.4357","60560.0000","-0.0500","-0.0050","-1.0000","0.0000","0.0000","0.0000","0.0000","0.0000"
"10442.0","15:13:20.377","2221073.0000","1.3186","60560.0000","-0.0500","-0.0050","-1.0000","0.0000","0.0000","0.0000","0.0000","0.0000"
"10443.0","15:13:20.378","2220549.0000","1.2615","60560.0000","-0.0500","-0.0050","-1.0000","0.0000","0.0000","0.0000","0.0000","0.0000"
"10444.0","15:13:20.379","2221149.0000","1.3269","60560.0000","-0.0500","-0.0050","-1.0000","0.0000","0.0000","0.0000","0.0000","0.0000"
"10445.0","15:13:20.380","2221897.0000","1.4084","60560.0000","-0.0500","-0.0050","-1.0000","0.0000","0.0000","0.0000","0.0000","0.0000"
"10446.0","15:13:20.381","2221372.0000","1.3512","60560.0000","-0.0500","-0.0050","-1.0000","0.0000","0.0000","0.0000","0.0000","0.0000"
"10447.0","15:13:20.382","2222004.0000","1.4201","60560.0000","-0.0500","-0.0050","-1.0000","0.0000","0.0000","0.0000","0.0000","0.0000"
"10448.0","15:13:20.383","2222257.0000","1.4477","60560.0000","-0.0500","-0.0050","-1.0000","0.0000","0.0000","0.0000","0.0000","0.0000"
"10449.0","15:13:20.384","2222488.0000","1.4729","60560.0000","-0.0500","-0.0050","-1.0000","0.0000","0.0000","0.0000","0.0000","0.0000"
"10450.0","15:13:20.385","2222488.0000","1.4729","60560.0000","-0.0500","-0.0050","-1.0000","0.0000","0.0000","0.0000","0.0000","0.0000"
"10451.0","15:13:20.386","2221561.0000","1.3718","60560.0000","-0.0500","-0.0050","-1.0000","0.0000","0.0000","0.0000","0.0000","0.0000"
"10452.0","15:13:20.387","2221265.0000","1.3395","60560.0000","-0.0500","-0.0050","-1.0000","0.0000","0.0000","0.0000","0.0000","0.0000"
"10453.0","15:13:20.388","2222591.0000","1.4841","60560.0000","-0.0500","-0.0050","-1.0000","0.0000","0.0000","0.0000","0.0000","0.0000"
"10454.0","15:13:20.389","2221349.0000","1.3487","60560.0000","-0.0500","-0.0050","-1.0000","0.0000","0.0000","0.0000","0.0000","0.0000"
"10455.0","15:13:20.390","2221572.0000","1.3730","60560.0000","-0.0500","-0.0050","-1.0000","0.0000","0.0000","0.0000","0.0000","0.0000"
"10456.0","15:13:20.391","2222078.0000","1.4282","60560.0000","-0.0500","-0.0050","-1.0000","0.0000","0.0000","0.0000","0.0000","0.0000"
"10457.0","15:13:20.392","2221420.0000","1.3564","60560.0000","-0.0500","-0.0050","-1.0000","0.0000","0.0000","0.0000","0.0000","0.0000"
"10458.0","15:13:20.393","2221537.0000","1.3692","60560.0000","-0.0500","-0.0050","-1.0000","0.0000","0.0000","0.0000","0.0000","0.0000"
"10459.0","15:13:20.394","2222142.0000","1.4352","60560.0000","-0.0500","-0.0050","-1.0000","0.0000","0.0000","0.0000","0.0000","0.0000"
"10460.0","15:13:20.395","2221762.0000","1.3937","60560.0000","-0.0500","-0.0050","-1.0000","0.0000","0.0000","0.0000","0.0000","0.0000"
"10461.0","15:13:20.396","2221888.0000","1.4074","60560.0000","-0.0500","-0.0050","-1.0000","0.0000","0.0000","0.0000","0.0000","0.0000"
"10462.0","15:13:20.397","2221313.0000","1.3448","60560.0000","-0.0500","-0.0050","-1.0000","0.0000","0.0000","0.0000","0.0000","0.0000"
"10463.0","15:13:20.398","2221219.0000","1.3345","60560.0000","-0.0500","-0.0050","-1.0000","0.0000","0.0000","0.0000","0.0000","0.0000"
"10464.0","15:13:20.399","2221902.0000","1.4090","60560.0000","-0.0500","-0.0050","-1.0000","0.0000","0.0000","0.0000","0.0000","0.0000"
"10465.0","15:13:20.400","2221443.0000","1.3589","60560.0000","-0.0500","-0.0050","-1.0000","0.0000","0.0000","0.0000","0.0000","0.0000"
"10466.0","15:13:20.401","2222274.0000","1.4496","60560.0000","-0.0500","-0.0050","-1.0000","0.0000","0.0000","0.0000","0.0000","0.0000"
"10467.0","15:13:20.402","2221633.0000","1.3797","60560.0000","-0.0500","-0.0050","-1.0000","0.0000","0.0000","0.0000","0.0000","0.0000"
"10468.0","15:13:20.403","2221556.0000","1.3713","60573.0000","-0.0500","-0.0050","-1.0000","0.0000","0.0000","0.0000","0.0000","0.0000"
"10469.0","15:13:20.404","2221881.0000","1.4067","60573.0000","-0.0500","-0.0050","-1.0000","0.0000","0.0000","0.0000","0.0000","0.0000"
"10470.0","15:13:20.405","2221330.0000","1.3466","60573.0000","-0.0500","-0.0050","-1.0000","0.0000","0.0000","0.0000","0.0000","0.0000"
"10471.0","15:13:20.406","2222287.0000","1.4509","60573.0000","-0.0500","-0.0050","-1.0000","0.0000","0.0000","0.0000","0.0000","0.0000"
"10472.0","15:13:20.407","2222453.0000","1.4690","60573.0000","-0.0500","-0.0050","-1.0000","0.0000","0.0000","0.0000","0.0000","0.0000"
"10473.0","15:13:20.408","2222137.0000","1.4346","60573.0000","-0.0500","-0.0050","-1.0000","0.0000","0.0000","0.0000","0.0000","0.0000"
"10474.0","15:13:20.409","2221516.0000","1.3669","60573.0000","-0.0500","-0.0050","-1.0000","0.0000","0.0000","0.0000","0.0000","0.0000"
"10475.0","15:13:20.410","2222390.0000","1.4622","60573.0000","-0.0500","-0.0050","-1.0000","0.0000","0.0000","0.0000","0.0000","0.0000"
"10476.0","15:13:20.411","2221316.0000","1.3451","60573.0000","-0.0500","-0.0050","-1.0000","0.0000","0.0000","0.0000","0.0000","0.0000"
"10477.0","15:13:20.412","2221412.0000","1.3556","60573.0000","-0.0500","-0.0050","-1.0000","0.0000","0.0000","0.0000","0.0000","0.0000"
"10478.0","15:13:20.413","2221636.0000","1.3800","60573.0000","-0.0500","-0.0050","-1.0000","0.0000","0.0000","0.0000","0.0000","0.0000"
"10479.0","15:13:20.414","2220777.0000","1.2863","60573.0000","-0.0500","-0.0050","-1.0000","0.0000","0.0000","0.0000","0.0000","0.0000"
"10480.0","15:13:20.415","2221305.0000","1.3439","60573.0000","-0.0500","-0.0050","-1.0000","0.0000","0.0000","0.0000","0.0000","0.0000"
"10481.0","15:13:20.416","2220772.0000","1.2858","60573.0000","-0.0500","-0.0050","-1.0000","0.0000","0.0000","0.0000","0.0000","0.0000"
"10482.0","15:13:20.417","2221235.0000","1.3363","60573.0000","-0.0500","-0.0050","-1.0000","0.0000","0.0000","0.0000","0.0000","0.0000"
"10483.0","15:13:20.418","2220771.0000","1.2857","60573.0000","-0.0500","-0.0050","-1.0000","0.0000","0.0000","0.0000","0.0000","0.0000"
"10484.0","15:13:20.419","2221374.0000","1.3514","60573.0000","-0.0500","-0.0050","-1.0000","0.0000","0.0000","0.0000","0.0000","0.0000"
"10485.0","15:13:20.420","2221644.0000","1.3808","60573.0000","-0.0500","-0.0050","-1.0000","0.0000","0.0000","0.0000","0.0000","0.0000"
"10486.0","15:13:20.421","2221868.0000","1.4053","60573.0000","-0.0500","-0.0050","-1.0000","0.0000","0.0000","0.0000","0.0000","0.0000"
"10487.0","15:13:20.422","2222014.0000","1.4212","60573.0000","-0.0500","-0.0050","-1.0000","0.0000","0.0000","0.0000","0.0000","0.0000"
"10488.0","15:13:20.423","2221938.0000","1.4129","60573.0000","-0.0500","-0.0050","-1.0000","0.0000","0.0000","0.0000","0.0000","0.0000"
"10489.0","15:13:20.424","2220773.0000","1.2859","60573.0000","-0.0500","-0.0050","-1.0000","0.0000","0.0000","0.0000","0.0000","0.0000"
"10490.0","15:13:20.425","2221668.0000","1.3835","60573.0000","-0.0500","-0.0050","-1.0000","0.0000","0.0000","0.0000","0.0000","0.0000"
"10491.0","15:13:20.426","2221290.0000","1.3423","60573.0000","-0.0500","-0.0050","-1.0000","0.0000","0.0000","0.0000","0.0000","0.0000"
"10492.0","15:13:20.427","2222349.0000","1.4577","60573.0000","-0.0500","-0.0050","-1.0000","0.0000","0.0000","0.0000","0.0000","0.0000"
"10493.0","15:13:20.428","2221490.0000","1.3641","60573.0000","-0.0500","-0.0050","-1.0000","0.0000","0.0000","0.0000","0.0000","0.0000"
"10494.0","15:13:20.429","2221157.0000","1.3278","60573.0000","-0.0500","-0.0050","-1.0000","0.0000","0.0000","0.0000","0.0000","0.0000"
"10495.0","15:13:20.430","2220975.0000","1.3079","60573.0000","-0.0500","-0.0050","-1.0000","0.0000","0.0000","0.0000","0.0000","0.0000"
"10496.0","15:13:20.431","2221431.0000","1.3576","60573.0000","-0.0500","-0.0050","-1.0000","0.0000","0.0000","0.0000","0.0000","0.0000"
"10497.0","15:13:20.432","2221431.0000","1.3576","60573.0000","-0.0500","-0.0050","-1.0000","0.0000","0.0000","0.0000","0.0000","0.0000"
"10498.0","15:13:20.433","2221166.0000","1.3288","60573.0000","-0.0500","-0.0050","-1.0000","0.0000","0.0000","0.0000","0.0000","0.0000"
"10499.0","15:13:20.434","2221294.0000","1.3427","60573.0000","-0.0500","-0.0050","-1.0000","0.0000","0.0000","0.0000","0.0000","0.0000"
"10500.0","15:13:20.435","2221082.0000","1.3196","60573.0000","-0.0500","-0.0050","-1.0000","0.0000","0.0000","0.0000","0.0000","0.0000"
"10501.0","15:13:20.436","2220565.0000","1.2632","60573.0000","-0.0500","-0.0050","-1.0000","0.0000","0.0000","0.0000","0.0000","0.0000"
"10502.0","15:13:20.437","2221597.0000","1.3757","60573.0000","-0.0500","-0.0050","-1.0000","0.0000","0.0000","0.0000","0.0000","0.0000"
"10503.0","15:13:20.438","2221750.0000","1.3924","60573.0000","-0.0500","-0.0050","-1.0000","0.0000","0.0000","0.0000","0.0000","0.0000"
"10504.0","15:13:20.439","2222312.0000","1.4537","60573.0000","-0.0500","-0.0050","-1.0000","0.0000","0.0000","0.0000","0.0000","0.0000"
"10505.0","15:13:20.440","2221359.0000","1.3498","60573.0000","-0.0500","-0.0050","-1.0000","0.0000","0.0000","0.0000","0.0000","0.0000"
"10506.0","15:13:20.441","2221398.0000","1.3540","60573.0000","-0.0500","-0.0050","-1.0000","0.0000","0.0000","0.0000","0.0000","0.0000"
"10507.0","15:13:20.442","2221558.0000","1.3715","60573.0000","-0.0500","-0.0050","-1.0000","0.0000","0.0000","0.0000","0.0000","0.0000"
"10508.0","15:13:20.443","2221309.0000","1.3443","60573.0000","-0.0500","-0.0050","-1.0000","0.0000","0.0000","0.0000","0.0000","0.0000"
"10509.0","15:13:20.444","2221496.0000","1.3647","60573.0000","-0.0500","-0.0050","-1.0000","0.0000","0.0000","0.0000","0.0000","0.0000"
"10510.0","15:13:20.445","2221188.0000","1.3311","60573.0000","-0.0500","-0.0050","-1.0000","0.0000","0.0000","0.0000","0.0000","0.0000"
"10511.0","15:13:20.446","2220925.0000","1.3025","60573.0000","-0.0500","-0.0050","-1.0000","0.0000","0.0000","0.0000","0.0000","0.0000"
"10512.0","15:13:20.447","2222199.0000","1.4414","60573.0000","-0.0500","-0.0050","-1.0000","0.0000","0.0000","0.0000","0.0000","0.0000"
"10513.0","15:13:20.448","2221826.0000","1.4007","60573.0000","-0.0500","-0.0050","-1.0000","0.0000","0.0000","0.0000","0.0000","0.0000"
"10514.0","15:13:20.449","2222321.0000","1.4547","60573.0000","-0.0500","-0.0050","-1.0000","0.0000","0.0000","0.0000","0.0000","0.0000"
"10515.0","15:13:20.450","2221306.0000","1.3440","60573.0000","-0.0500","-0.0050","-1.0000","0.0000","0.0000","0.0000","0.0000","0.0000"
"10516.0","15:13:20.451","2221843.0000","1.4026","60573.0000","-0.0500","-0.0050","-1.0000","0.0000","0.0000","0.0000","0.0000","0.0000"
"10517.0","15:13:20.452","2221224.0000","1.3351","60573.0000","-0.0500","-0.0050","-1.0000","0.0000","0.0000","0.0000","0.0000","0.0000"
"10518.0","15:13:20.453","2221546.0000","1.3702","60573.0000","-0.0500","-0.0050","-1.0000","0.0000","0.0000","0.0000","0.0000","0.0000"
"10519.0","15:13:20.454","2221244.0000","1.3373","60573.0000","-0.0500","-0.0050","-1.0000","0.0000","0.0000","0.0000","0.0000","0.0000"
"10520.0","15:13:20.455","2221418.0000","1.3562","60573.0000","-0.0500","-0.0050","-1.0000","0.0000","0.0000","0.0000","0.0000","0.0000"
"10521.0","15:13:20.456","2221055.0000","1.3167","60573.0000","-0.0500","-0.0050","-1.0000","0.0000","0.0000","0.0000","0.0000","0.0000"
"10522.0","15:13:20.457","2222291.0000","1.4514","60573.0000","-0.0500","-0.0050","-1.0000","0.0000","0.0000","0.0000","0.0000","0.0000"
"10523.0","15:13:20.458","2222362.0000","1.4591","60573.0000","-0.0500","-0.0050","-1.0000","0.0000","0.0000","0.0000","0.0000","0.0000"
"10524.0","15:13:20.459","2221301.0000","1.3435","60573.0000","-0.0500","-0.0050","-1.0000","0.0000","0.0000","0.0000","0.0000","0.0000"
"10525.0","15:13:20.460","2221745.0000","1.3919","60573.0000","-0.0500","-0.0050","-1.0000","0.0000","0.0000","0.0000","0.0000","0.0000"
"10526.0","15:13:20.461","2222340.0000","1.4568","60573.0000","-0.0500","-0.0050","-1.0000","0.0000","0.0000","0.0000","0.0000","0.0000"
"10527.0","15:13:20.462","2220963.0000","1.3066","60573.0000","-0.0500","-0.0050","-1.0000","0.0000","0.0000","0.0000","0.0000","0.0000"
"10528.0","15:13:20.463","2221095.0000","1.3210","60573.0000","-0.0500","-0.0050","-1.0000","0.0000","0.0000","0.0000","0.0000","0.0000"
"10529.0","15:13:20.464","2221440.0000","1.3586","60568.0000","-0.0500","-0.0050","-1.0000","0.0000","0.0000","0.0000","0.0000","0.0000"
"10530.0","15:13:20.465","2221238.0000","1.3366","60568.0000","-0.0500","-0.0050","-1.0000","0.0000","0.0000","0.0000","0.0000","0.0000"
"10531.0","15:13:20.466","2221926.0000","1.4116","60568.0000","-0.0500","-0.0050","-1.0000","0.0000","0.0000","0.0000","0.0000","0.0000"
"10532.0","15:13:20.467","2222081.0000","1.4285","60568.0000","-0.0500","-0.0050","-1.0000","0.0000","0.0000","0.0000","0.0000","0.0000"
"10533.0","15:13:20.468","2221188.0000","1.3311","60568.0000","-0.0500","-0.0050","-1.0000","0.0000","0.0000","0.0000","0.0000","0.0000"
"10534.0","15:13:20.469","2221685.0000","1.3853","60568.0000","-0.0500","-0.0050","-1.0000","0.0000","0.0000","0.0000","0.0000","0.0000"
"10535.0","15:13:20.470","2221508.0000","1.3660","60568.0000","-0.0500","-0.0050","-1.0000","0.0000","0.0000","0.0000","0.0000","0.0000"
"10536.0","15:13:20.471","2222006.0000","1.4203","60568.0000","-0.0500","-0.0050","-1.0000","0.0000","0.0000","0.0000","0.0000","0.0000"
"10537.0","15:13:20.472","2222633.0000","1.4887","60568.0000","-0.0500","-0.0050","-1.0000","0.0000","0.0000","0.0000","0.0000","0.0000"
"10538.0","15:13:20.473","2222451.0000","1.4688","60568.0000","-0.0500","-0.0050","-1.0000","0.0000","0.0000","0.0000","0.0000","0.0000"
"10539.0","15:13:20.474","2222101.0000","1.4307","60568.0000","-0.0500","-0.0050","-1.0000","0.0000","0.0000","0.0000","0.0000","0.0000"
"10540.0","15:13:20.475","2221969.0000","1.4163","60568.0000","-0.0500","-0.0050","-1.0000","0.0000","0.0000","0.0000","0.0000","0.0000"
"10541.0","15:13:20.476","2222151.0000","1.4361","60568.0000","-0.0500","-0.0050","-1.0000","0.0000","0.0000","0.0000","0.0000","0.0000"
"10542.0","15:13:20.477","2222768.0000","1.5034","60568.0000","-0.0500","-0.0050","-1.0000","0.0000","0.0000","0.0000","0.0000","0.0000"
"10543.0","15:13:20.478","2222876.0000","1.5152","60568.0000","-0.0500","-0.0050","-1.0000","0.0000","0.0000","0.0000","0.0000","0.0000"
"10544.0","15:13:20.479","2222876.0000","1.5152","60568.0000","-0.0500","-0.0050","-1.0000","0.0000","0.0000","0.0000","0.0000","0.0000"
"10545.0","15:13:20.480","2222950.0000","1.5232","60568.0000","-0.0500","-0.0050","-1.0000","0.0000","0.0000","0.0000","0.0000","0.0000"
"10546.0","15:13:20.481","2222863.0000","1.5137","60568.0000","-0.0500","-0.0050","-1.0000","0.0000","0.0000","0.0000","0.0000","0.0000"
"10547.0","15:13:20.482","2223192.0000","1.5496","60568.0000","-0.0500","-0.0050","-1.0000","0.0000","0.0000","0.0000","0.0000","0.0000"
"10548.0","15:13:20.483","2223355.0000","1.5674","60568.0000","-0.0500","-0.0050","-1.0000","0.0000","0.0000","0.0000","0.0000","0.0000"
"10549.0","15:13:20.484","2222684.0000","1.4943","60568.0000","-0.0500","-0.0050","-1.0000","0.0000","0.0000","0.0000","0.0000","0.0000"
"10550.0","15:13:20.485","2222611.0000","1.4863","60568.0000","-0.0500","-0.0050","-1.0000","0.0000","0.0000","0.0000","0.0000","0.0000"
"10551.0","15:13:20.486","2222948.0000","1.5230","60568.0000","-0.0500","-0.0050","-1.0000","0.0000","0.0000","0.0000","0.0000","0.0000"
"10552.0","15:13:20.487","2222056.0000","1.4258","60568.0000","-0.0500","-0.0050","-1.0000","0.0000","0.0000","0.0000","0.0000","0.0000"
"10553.0","15:13:20.488","2223333.0000","1.5650","60568.0000","-0.0500","-0.0050","-1.0000","0.0000","0.0000","0.0000","0.0000","0.0000"
"10554.0","15:13:20.489","2224026.0000","1.6405","60568.0000","-0.0500","-0.0050","-1.0000","0.0000","0.0000","0.0000","0.0000","0.0000"
"10555.0","15:13:20.490","2223594.0000","1.5935","60568.0000","-0.0500","-0.0050","-1.0000","0.0000","0.0000","0.0000","0.0000","0.0000"
"10556.0","15:13:20.491","2223993.0000","1.6370","60568.0000","-0.0500","-0.0050","-1.0000","0.0000","0.0000","0.0000","0.0000","0.0000"
"10557.0","15:13:20.492","2223600.0000","1.5941","60568.0000","-0.0500","-0.0050","-1.0000","0.0000","0.0000","0.0000","0.0000","0.0000"
"10558.0","15:13:20.493","2223685.0000","1.6034","60568.0000","-0.0500","-0.0050","-1.0000","0.0000","0.0000","0.0000","0.0000","0.0000"
"10559.0","15:13:20.494","2223538.0000","1.5873","60568.0000","-0.0500","-0.0050","-1.0000","0.0000","0.0000","0.0000","0.0000","0.0000"
"10560.0","15:13:20.495","2222456.0000","1.4694","60568.0000","-0.0500","-0.0050","-1.0000","0.0000","0.0000","0.0000","0.0000","0.0000"
"10561.0","15:13:20.496","2222980.0000","1.5265","60568.0000","-0.0500","-0.0050","-1.0000","0.0000","0.0000","0.0000","0.0000","0.0000"
"10562.0","15:13:20.497","2223238.0000","1.5547","60568.0000","-0.0500","-0.0050","-1.0000","0.0000","0.0000","0.0000","0.0000","0.0000"
"10563.0","15:13:20.498","2222598.0000","1.4849","60568.0000","-0.0500","-0.0050","-1.0000","0.0000","0.0000","0.0000","0.0000","0.0000"
"10564.0","15:13:20.499","2222860.0000","1.5134","60568.0000","-0.0500","-0.0050","-1.0000","0.0000","0.0000","0.0000","0.0000","0.0000"
"10565.0","15:13:20.500","2223763.0000","1.6119","60568.0000","-0.0500","-0.0050","-1.0000","0.0000","0.0000","0.0000","0.0000","0.0000"
"10566.0","15:13:20.501","2223946.0000","1.6318","60568.0000","-0.0500","-0.0050","-1.0000","0.0000","0.0000","0.0000","0.0000","0.0000"
"10567.0","15:13:20.502","2223928.0000","1.6298","60568.0000","-0.0500","-0.0050","-1.0000","0.0000","0.0000","0.0000","0.0000","0.0000"
"10568.0","15:13:20.503","2223441.0000","1.5768","60568.0000","-0.0500","-0.0050","-1.0000","0.0000","0.0000","0.0000","0.0000","0.0000"
"10569.0","15:13:20.504","2223587.0000","1.5927","60568.0000","-0.0500","-0.0050","-1.0000","0.0000","0.0000","0.0000","0.0000","0.0000"
"10570.0","15:13:20.505","2224543.0000","1.6969","60568.0000","-0.0500","-0.0050","-1.0000","0.0000","0.0000","0.0000","0.0000","0.0000"
"10571.0","15:13:20.506","2224818.0000","1.7269","60568.0000","-0.0500","-0.0050","-1.0000","0.0000","0.0000","0.0000","0.0000","0.0000"
"10572.0","15:13:20.507","2223267.0000","1.5578","60568.0000","-0.0500","-0.0050","-1.0000","0.0000","0.0000","0.0000","0.0000","0.0000"
"10573.0","15:13:20.508","2223950.0000","1.6323","60568.0000","-0.0500","-0.0050","-1.0000","0.0000","0.0000","0.0000","0.0000","0.0000"
"10574.0","15:13:20.509","2223845.0000","1.6208","60568.0000","-0.0500","-0.0050","-1.0000","0.0000","0.0000","0.0000","0.0000","0.0000"
"10575.0","15:13:20.510","2223324.0000","1.5640","60568.0000","-0.0500","-0.0050","-1.0000","0.0000","0.0000","0.0000","0.0000","0.0000"
"10576.0","15:13:20.511","2223248.0000","1.5557","60568.0000","-0.0500","-0.0050","-1.0000","0.0000","0.0000","0.0000","0.0000","0.0000"
"10577.0","15:13:20.512","2223304.0000","1.5619","60568.0000","-0.0500","-0.0050","-1.0000","0.0000","0.0000","0.0000","0.0000","0.0000"
"10578.0","15:13:20.513","2223356.0000","1.5675","60568.0000","-0.0500","-0.0050","-1.0000","0.0000","0.0000","0.0000","0.0000","0.0000"
"10579.0","15:13:20.514","2223344.0000","1.5662","60568.0000","-0.0500","-0.0050","-1.0000","0.0000","0.0000","0.0000","0.0000","0.0000"
"10580.0","15:13:20.515","2223000.0000","1.5287","60568.0000","-0.0500","-0.0050","-1.0000","0.0000","0.0000","0.0000","0.0000","0.0000"
"10581.0","15:13:20.516","2223147.0000","1.5447","60568.0000","-0.0500","-0.0050","-1.0000","0.0000","0.0000","0.0000","0.0000","0.0000"
"10582.0","15:13:20.517","2223066.0000","1.5359","60568.0000","-0.0500","-0.0050","-1.0000","0.0000","0.0000","0.0000","0.0000","0.0000"
"10583.0","15:13:20.518","2222583.0000","1.4832","60568.0000","-0.0500","-0.0050","-1.0000","0.0000","0.0000","0.0000","0.0000","0.0000"
"10584.0","15:13:20.519","2222848.0000","1.5121","60568.0000","-0.0500","-0.0050","-1.0000","0.0000","0.0000","0.0000","0.0000","0.0000"
"10585.0","15:13:20.520","2223170.0000","1.5472","60568.0000","-0.0500","-0.0050","-1.0000","0.0000","0.0000","0.0000","0.0000","0.0000"
"10586.0","15:13:20.521","2223113.0000","1.5410","60568.0000","-0.0500","-0.0050","-1.0000","0.0000","0.0000","0.0000","0.0000","0.0000"
"10587.0","15:13:20.522","2223579.0000","1.5918","60568.0000","-0.0500","-0.0050","-1.0000","0.0000","0.0000","0.0000","0.0000","0.0000"
"10588.0","15:13:20.523","2223687.0000","1.6036","60568.0000","-0.0500","-0.0050","-1.0000","0.0000","0.0000","0.0000","0.0000","0.0000"
"10589.0","15:13:20.524","2223842.0000","1.6205","60559.0000","-0.0500","-0.0050","-1.0000","0.0000","0.0000","0.0000","0.0000","0.0000"
"10590.0","15:13:20.525","2223421.0000","1.5746","60559.0000","-0.0500","-0.0050","-1.0000","0.0000","0.0000","0.0000","0.0000","0.0000"
"10591.0","15:13:20.526","2223421.0000","1.5746","60559.0000","-0.0500","-0.0050","-1.0000","0.0000","0.0000","0.0000","0.0000","0.0000"
"10592.0","15:13:20.527","2222897.0000","1.5175","60559.0000","-0.0500","-0.0050","-1.0000","0.0000","0.0000","0.0000","0.0000","0.0000"
"10593.0","15:13:20.528","2223404.0000","1.5727","60559.0000","-0.0500","-0.0050","-1.0000","0.0000","0.0000","0.0000","0.0000","0.0000"
"10594.0","15:13:20.529","2222277.0000","1.4499","60559.0000","-0.0500","-0.0050","-1.0000","0.0000","0.0000","0.0000","0.0000","0.0000"
"10595.0","15:13:20.530","2222289.0000","1.4512","60559.0000","-0.0500","-0.0050","-1.0000","0.0000","0.0000","0.0000","0.0000","0.0000"
"10596.0","15:13:20.531","2222833.0000","1.5105","60559.0000","-0.0500","-0.0050","-1.0000","0.0000","0.0000","0.0000","0.0000","0.0000"
"10597.0","15:13:20.532","2222366.0000","1.4596","60559.0000","-0.0500","-0.0050","-1.0000","0.0000","0.0000","0.0000","0.0000","0.0000"
"10598.0","15:13:20.533","2222604.0000","1.4855","60559.0000","-0.0500","-0.0050","-1.0000","0.0000","0.0000","0.0000","0.0000","0.0000"
"10599.0","15:13:20.534","2221991.0000","1.4187","60559.0000","-0.0500","-0.0050","-1.0000","0.0000","0.0000","0.0000","0.0000","0.0000"
"10600.0","15:13:20.535","2222446.0000","1.4683","60559.0000","-0.0500","-0.0050","-1.0000","0.0000","0.0000","0.0000","0.0000","0.0000"
"10601.0","15:13:20.536","2222275.0000","1.4496","60559.0000","-0.0500","-0.0050","-1.0000","0.0000","0.0000","0.0000","0.0000","0.0000"
"10602.0","15:13:20.537","2222291.0000","1.4514","60559.0000","-0.0500","-0.0050","-1.0000","0.0000","0.0000","0.0000","0.0000","0.0000"
"10603.0","15:13:20.538","2222758.0000","1.5023","60559.0000","-0.0500","-0.0050","-1.0000","0.0000","0.0000","0.0000","0.0000","0.0000"
"10604.0","15:13:20.539","2222275.0000","1.4496","60559.0000","-0.0500","-0.0050","-1.0000","0.0000","0.0000","0.0000","0.0000","0.0000"
"10605.0","15:13:20.540","2223280.0000","1.5592","60559.0000","-0.0500","-0.0050","-1.0000","0.0000","0.0000","0.0000","0.0000","0.0000"
"10606.0","15:13:20.541","2223335.0000","1.5652","60559.0000","-0.0500","-0.0050","-1.0000","0.0000","0.0000","0.0000","0.0000","0.0000"
"10607.0","15:13:20.542","2223208.0000","1.5514","60559.0000","-0.0500","-0.0050","-1.0000","0.0000","0.0000","0.0000","0.0000","0.0000"
"10608.0","15:13:20.543","2222911.0000","1.5190","60559.0000","-0.0500","-0.0050","-1.0000","0.0000","0.0000","0.0000","0.0000","0.0000"
"10609.0","15:13:20.544","2222219.0000","1.4436","60559.0000","-0.0500","-0.0050","-1.0000","0.0000","0.0000","0.0000","0.0000","0.0000"
"10610.0","15:13:20.545","2221650.0000","1.3815","60559.0000","-0.0500","-0.0050","-1.0000","0.0000","0.0000","0.0000","0.0000","0.0000"
"10611.0","15:13:20.546","2221672.0000","1.3839","60559.0000","-0.0500","-0.0050","-1.0000","0.0000","0.0000","0.0000","0.0000","0.0000"
"10612.0","15:13:20.547","2222630.0000","1.4884","60559.0000","-0.0500","-0.0050","-1.0000","0.0000","0.0000","0.0000","0.0000","0.0000"
"10613.0","15:13:20.548","2222687.0000","1.4946","60559.0000","-0.0500","-0.0050","-1.0000","0.0000","0.0000","0.0000","0.0000","0.0000"
"10614.0","15:13:20.549","2222132.0000","1.4340","60559.0000","-0.0500","-0.0050","-1.0000","0.0000","0.0000","0.0000","0.0000","0.0000"
"10615.0","15:13:20.550","2222653.0000","1.4909","60559.0000","-0.0500","-0.0050","-1.0000","0.0000","0.0000","0.0000","0.0000","0.0000"
"10616.0","15:13:20.551","2222567.0000","1.4815","60559.0000","-0.0500","-0.0050","-1.0000","0.0000","0.0000","0.0000","0.0000","0.0000"
"10617.0","15:13:20.552","2221711.0000","1.3882","60559.0000","-0.0500","-0.0050","-1.0000","0.0000","0.0000","0.0000","0.0000","0.0000"
"10618.0","15:13:20.553","2222137.0000","1.4346","60559.0000","-0.0500","-0.0050","-1.0000","0.0000","0.0000","0.0000","0.0000","0.0000"
"10619.0","15:13:20.554","2221908.0000","1.4096","60559.0000","-0.0500","-0.0050","-1.0000","0.0000","0.0000","0.0000","0.0000","0.0000"
"10620.0","15:13:20.555","2223159.0000","1.5460","60559.0000","-0.0500","-0.0050","-1.0000","0.0000","0.0000","0.0000","0.0000","0.0000"
"10621.0","15:13:20.556","2223085.0000","1.5380","60559.0000","-0.0500","-0.0050","-1.0000","0.0000","0.0000","0.0000","0.0000","0.0000"
"10622.0","15:13:20.557","2222055.0000","1.4257","60559.0000","-0.0500","-0.0050","-1.0000","0.0000","0.0000","0.0000","0.0000","0.0000"
"10623.0","15:13:20.558","2223056.0000","1.5348","60559.0000","-0.0500","-0.0050","-1.0000","0.0000","0.0000","0.0000","0.0000","0.0000"
"10624.0","15:13:20.559","2223815.0000","1.6176","60559.0000","-0.0500","-0.0050","-1.0000","0.0000","0.0000","0.0000","0.0000","0.0000"
"10625.0","15:13:20.560","2223797.0000","1.6156","60559.0000","-0.0500","-0.0050","-1.0000","0.0000","0.0000","0.0000","0.0000","0.0000"
"10626.0","15:13:20.561","2222697.0000","1.4956","60559.0000","-0.0500","-0.0050","-1.0000","0.0000","0.0000","0.0000","0.0000","0.0000"
"10627.0","15:13:20.562","2222926.0000","1.5206","60559.0000","-0.0500","-0.0050","-1.0000","0.0000","0.0000","0.0000","0.0000","0.0000"
"10628.0","15:13:20.563","2222514.0000","1.4757","60559.0000","-0.0500","-0.0050","-1.0000","0.0000","0.0000","0.0000","0.0000","0.0000"
"10629.0","15:13:20.564","2222480.0000","1.4720","60559.0000","-0.0500","-0.0050","-1.0000","0.0000","0.0000","0.0000","0.0000","0.0000"
"10630.0","15:13:20.565","2222472.0000","1.4711","60559.0000","-0.0500","-0.0050","-1.0000","0.0000","0.0000","0.0000","0.0000","0.0000"
"10631.0","15:13:20.566","2221840.0000","1.4022","60559.0000","-0.0500","-0.0050","-1.0000","0.0000","0.0000","0.0000","0.0000","0.0000"
"10632.0","15:13:20.567","2223326.0000","1.5642","60559.0000","-0.0500","-0.0050","-1.0000","0.0000","0.0000","0.0000","0.0000","0.0000"
"10633.0","15:13:20.568","2223455.0000","1.5783","60559.0000","-0.0500","-0.0050","-1.0000","0.0000","0.0000","0.0000","0.0000","0.0000"
"10634.0","15:13:20.569","2223335.0000","1.5652","60559.0000","-0.0500","-0.0050","-1.0000","0.0000","0.0000","0.0000","0.0000","0.0000"
"10635.0","15:13:20.570","2222842.0000","1.5115","60559.0000","-0.0500","-0.0050","-1.0000","0.0000","0.0000","0.0000","0.0000","0.0000"
"10636.0","15:13:20.571","2223684.0000","1.6032","60559.0000","-0.0500","-0.0050","-1.0000","0.0000","0.0000","0.0000","0.0000","0.0000"
"10637.0","15:13:20.572","2224085.0000","1.6470","60559.0000","-0.0500","-0.0050","-1.0000","0.0000","0.0000","0.0000","0.0000","0.0000"
"10638.0","15:13:20.573","2224085.0000","1.6470","60559.0000","-0.0500","-0.0050","-1.0000","0.0000","0.0000","0.0000","0.0000","0.0000"
"10639.0","15:13:20.574","2223454.0000","1.5782","60559.0000","-0.0500","-0.0050","-1.0000","0.0000","0.0000","0.0000","0.0000","0.0000"
"10640.0","15:13:20.575","2223332.0000","1.5649","60559.0000","-0.0500","-0.0050","-1.0000","0.0000","0.0000","0.0000","0.0000","0.0000"
"10641.0","15:13:20.576","2223284.0000","1.5597","60559.0000","-0.0500","-0.0050","-1.0000","0.0000","0.0000","0.0000","0.0000","0.0000"
"10642.0","15:13:20.577","2223835.0000","1.6197","60559.0000","-0.0500","-0.0050","-1.0000","0.0000","0.0000","0.0000","0.0000","0.0000"
"10643.0","15:13:20.578","2222907.0000","1.5185","60559.0000","-0.0500","-0.0050","-1.0000","0.0000","0.0000","0.0000","0.0000","0.0000"
"10644.0","15:13:20.579","2222475.0000","1.4715","60559.0000","-0.0500","-0.0050","-1.0000","0.0000","0.0000","0.0000","0.0000","0.0000"
"10645.0","15:13:20.580","2222806.0000","1.5075","60559.0000","-0.0500","-0.0050","-1.0000","0.0000","0.0000","0.0000","0.0000","0.0000"
"10646.0","15:13:20.581","2223740.0000","1.6094","60559.0000","-0.0500","-0.0050","-1.0000","0.0000","0.0000","0.0000","0.0000","0.0000"
"10647.0","15:13:20.582","2223324.0000","1.5640","60559.0000","-0.0500","-0.0050","-1.0000","0.0000","0.0000","0.0000","0.0000","0.0000"
"10648.0","15:13:20.583","2222445.0000","1.4682","60559.0000","-0.0500","-0.0050","-1.0000","0.0000","0.0000","0.0000","0.0000","0.0000"
"10649.0","15:13:20.584","2221563.0000","1.3720","60563.0000","-0.0500","-0.0050","-1.0000","0.0000","0.0000","0.0000","0.0000","0.0000"
"10650.0","15:13:20.585","2222277.0000","1.4499","60563.0000","-0.0500","-0.0050","-1.0000","0.0000","0.0000","0.0000","0.0000","0.0000"
"10651.0","15:13:20.586","2222036.0000","1.4236","60563.0000","-0.0500","-0.0050","-1.0000","0.0000","0.0000","0.0000","0.0000","0.0000"
"10652.0","15:13:20.587","2222327.0000","1.4553","60563.0000","-0.0500","-0.0050","-1.0000","0.0000","0.0000","0.0000","0.0000","0.0000"
"10653.0","15:13:20.588","2222763.0000","1.5028","60563.0000","-0.0500","-0.0050","-1.0000","0.0000","0.0000","0.0000","0.0000","0.0000"
"10654.0","15:13:20.589","2222296.0000","1.4519","60563.0000","-0.0500","-0.0050","-1.0000","0.0000","0.0000","0.0000","0.0000","0.0000"
"10655.0","15:13:20.590","2222899.0000","1.5177","60563.0000","-0.0500","-0.0050","-1.0000","0.0000","0.0000","0.0000","0.0000","0.0000"
"10656.0","15:13:20.591","2222836.0000","1.5108","60563.0000","-0.0500","-0.0050","-1.0000","0.0000","0.0000","0.0000","0.0000","0.0000"
"10657.0","15:13:20.592","2223184.0000","1.5488","60563.0000","-0.0500","-0.0050","-1.0000","0.0000","0.0000","0.0000","0.0000","0.0000"
"10658.0","15:13:20.593","2223543.0000","1.5879","60563.0000","-0.0500","-0.0050","-1.0000","0.0000","0.0000","0.0000","0.0000","0.0000"
"10659.0","15:13:20.594","2221665.0000","1.3832","60563.0000","-0.0500","-0.0050","-1.0000","0.0000","0.0000","0.0000","0.0000","0.0000"
"10660.0","15:13:20.595","2221260.0000","1.3390","60563.0000","-0.0500","-0.0050","-1.0000","0.0000","0.0000","0.0000","0.0000","0.0000"
"10661.0","15:13:20.596","2221879.0000","1.4065","60563.0000","-0.0500","-0.0050","-1.0000","0.0000","0.0000","0.0000","0.0000","0.0000"
"10662.0","15:13:20.597","2222447.0000","1.4684","60563.0000","-0.0500","-0.0050","-1.0000","0.0000","0.0000","0.0000","0.0000","0.0000"
"10663.0","15:13:20.598","2222556.0000","1.4803","60563.0000","-0.0500","-0.0050","-1.0000","0.0000","0.0000","0.0000","0.0000","0.0000"
"10664.0","15:13:20.599","2222667.0000","1.4924","60563.0000","-0.0500","-0.0050","-1.0000","0.0000","0.0000","0.0000","0.0000","0.0000"
"10665.0","15:13:20.600","2222623.0000","1.4876","60563.0000","-0.0500","-0.0050","-1.0000","0.0000","0.0000","0.0000","0.0000","0.0000"
"10666.0","15:13:20.601","2223245.0000","1.5554","60563.0000","-0.0500","-0.0050","-1.0000","0.0000","0.0000","0.0000","0.0000","0.0000"
"10667.0","15:13:20.602","2222339.0000","1.4566","60563.0000","-0.0500","-0.0050","-1.0000","0.0000","0.0000","0.0000","0.0000","0.0000"
"10668.0","15:13:20.603","2222387.0000","1.4618","60563.0000","-0.0500","-0.0050","-1.0000","0.0000","0.0000","0.0000","0.0000","0.0000"
"10669.0","15:13:20.604","2222422.0000","1.4657","60563.0000","-0.0500","-0.0050","-1.0000","0.0000","0.0000","0.0000","0.0000","0.0000"
"10670.0","15:13:20.605","2222893.0000","1.5170","60563.0000","-0.0500","-0.0050","-1.0000","0.0000","0.0000","0.0000","0.0000","0.0000"
"10671.0","15:13:20.606","2222672.0000","1.4929","60563.0000","-0.0500","-0.0050","-1.0000","0.0000","0.0000","0.0000","0.0000","0.0000"
"10672.0","15:13:20.607","2223450.0000","1.5778","60563.0000","-0.0500","-0.0050","-1.0000","0.0000","0.0000","0.0000","0.0000","0.0000"
"10673.0","15:13:20.608","2222568.0000","1.4816","60563.0000","-0.0500","-0.0050","-1.0000","0.0000","0.0000","0.0000","0.0000","0.0000"
"10674.0","15:13:20.609","2221779.0000","1.3956","60563.0000","-0.0500","-0.0050","-1.0000","0.0000","0.0000","0.0000","0.0000","0.0000"
"10675.0","15:13:20.610","2222728.0000","1.4990","60563.0000","-0.0500","-0.0050","-1.0000","0.0000","0.0000","0.0000","0.0000","0.0000"
"10676.0","15:13:20.611","2221568.0000","1.3726","60563.0000","-0.0500","-0.0050","-1.0000","0.0000","0.0000","0.0000","0.0000","0.0000"
"10677.0","15:13:20.612","2221411.0000","1.3555","60563.0000","-0.0500","-0.0050","-1.0000","0.0000","0.0000","0.0000","0.0000","0.0000"
"10678.0","15:13:20.613","2221524.0000","1.3678","60563.0000","-0.0500","-0.0050","-1.0000","0.0000","0.0000","0.0000","0.0000","0.0000"
"10679.0","15:13:20.614","2221375.0000","1.3515","60563.0000","-0.0500","-0.0050","-1.0000","0.0000","0.0000","0.0000","0.0000","0.0000"
"10680.0","15:13:20.615","2220638.0000","1.2712","60563.0000","-0.0500","-0.0050","-1.0000","0.0000","0.0000","0.0000","0.0000","0.0000"
"10681.0","15:13:20.616","2220812.0000","1.2901","60563.0000","-0.0500","-0.0050","-1.0000","0.0000","0.0000","0.0000","0.0000","0.0000"
"10682.0","15:13:20.617","2220606.0000","1.2677","60563.0000","-0.0500","-0.0050","-1.0000","0.0000","0.0000","0.0000","0.0000","0.0000"
"10683.0","15:13:20.618","2220639.0000","1.2713","60563.0000","-0.0500","-0.0050","-1.0000","0.0000","0.0000","0.0000","0.0000","0.0000"
"10684.0","15:13:20.619","2221168.0000","1.3290","60563.0000","-0.0500","-0.0050","-1.0000","0.0000","0.0000","0.0000","0.0000","0.0000"
"10685.0","15:13:20.620","2221168.0000","1.3290","60563.0000","-0.0500","-0.0050","-1.0000","0.0000","0.0000","0.0000","0.0000","0.0000"
"10686.0","15:13:20.621","2220435.0000","1.2491","60563.0000","-0.0500","-0.0050","-1.0000","0.0000","0.0000","0.0000","0.0000","0.0000"
"10687.0","15:13:20.622","2221774.0000","1.3950","60563.0000","-0.0500","-0.0050","-1.0000","0.0000","0.0000","0.0000","0.0000","0.0000"
"10688.0","15:13:20.623","2221788.0000","1.3966","60563.0000","-0.0500","-0.0050","-1.0000","0.0000","0.0000","0.0000","0.0000","0.0000"
"10689.0","15:13:20.624","2221139.0000","1.3258","60563.0000","-0.0500","-0.0050","-1.0000","0.0000","0.0000","0.0000","0.0000","0.0000"
"10690.0","15:13:20.625","2221332.0000","1.3469","60563.0000","-0.0500","-0.0050","-1.0000","0.0000","0.0000","0.0000","0.0000","0.0000"
"10691.0","15:13:20.626","2221480.0000","1.3630","60563.0000","-0.0500","-0.0050","-1.0000","0.0000","0.0000","0.0000","0.0000","0.0000"
"10692.0","15:13:20.627","2222044.0000","1.4245","60563.0000","-0.0500","-0.0050","-1.0000","0.0000","0.0000","0.0000","0.0000","0.0000"
"10693.0","15:13:20.628","2221561.0000","1.3718","60563.0000","-0.0500","-0.0050","-1.0000","0.0000","0.0000","0.0000","0.0000","0.0000"
"10694.0","15:13:20.629","2221558.0000","1.3715","60563.0000","-0.0500","-0.0050","-1.0000","0.0000","0.0000","0.0000","0.0000","0.0000"
"10695.0","15:13:20.630","2221285.0000","1.3417","60563.0000","-0.0500","-0.0050","-1.0000","0.0000","0.0000","0.0000","0.0000","0.0000"
"10696.0","15:13:20.631","2221929.0000","1.4119","60563.0000","-0.0500","-0.0050","-1.0000","0.0000","0.0000","0.0000","0.0000","0.0000"
"10697.0","15:13:20.632","2221562.0000","1.3719","60563.0000","-0.0500","-0.0050","-1.0000","0.0000","0.0000","0.0000","0.0000","0.0000"
"10698.0","15:13:20.633","2221258.0000","1.3388","60563.0000","-0.0500","-0.0050","-1.0000","0.0000","0.0000","0.0000","0.0000","0.0000"
"10699.0","15:13:20.634","2221615.0000","1.3777","60563.0000","-0.0500","-0.0050","-1.0000","0.0000","0.0000","0.0000","0.0000","0.0000"
"10700.0","15:13:20.635","2221454.0000","1.3601","60563.0000","-0.0500","-0.0050","-1.0000","0.0000","0.0000","0.0000","0.0000","0.0000"
"10701.0","15:13:20.636","2221260.0000","1.3390","60563.0000","-0.0500","-0.0050","-1.0000","0.0000","0.0000","0.0000","0.0000","0.0000"
"10702.0","15:13:20.637","2221862.0000","1.4046","60563.0000","-0.0500","-0.0050","-1.0000","0.0000","0.0000","0.0000","0.0000","0.0000"
"10703.0","15:13:20.638","2221705.0000","1.3875","60563.0000","-0.0500","-0.0050","-1.0000","0.0000","0.0000","0.0000","0.0000","0.0000"
"10704.0","15:13:20.639","2221794.0000","1.3972","60563.0000","-0.0500","-0.0050","-1.0000","0.0000","0.0000","0.0000","0.0000","0.0000"
"10705.0","15:13:20.640","2222052.0000","1.4253","60563.0000","-0.0500","-0.0050","-1.0000","0.0000","0.0000","0.0000","0.0000","0.0000"
"10706.0","15:13:20.641","2222383.0000","1.4614","60563.0000","-0.0500","-0.0050","-1.0000","0.0000","0.0000","0.0000","0.0000","0.0000"
"10707.0","15:13:20.642","2222443.0000","1.4680","60563.0000","-0.0500","-0.0050","-1.0000","0.0000","0.0000","0.0000","0.0000","0.0000"
"10708.0","15:13:20.643","2221434.0000","1.3580","60563.0000","-0.0500","-0.0050","-1.0000","0.0000","0.0000","0.0000","0.0000","0.0000"
"10709.0","15:13:20.644","2221317.0000","1.3452","60563.0000","-0.0500","-0.0050","-1.0000","0.0000","0.0000","0.0000","0.0000","0.0000"
"10710.0","15:13:20.645","2221666.0000","1.3833","60556.0000","-0.0500","-0.0050","-1.0000","0.0000","0.0000","0.0000","0.0000","0.0000"
"10711.0","15:13:20.646","2222646.0000","1.4901","60556.0000","-0.0500","-0.0050","-1.0000","0.0000","0.0000","0.0000","0.0000","0.0000"
"10712.0","15:13:20.647","2222166.0000","1.4378","60556.0000","-0.0500","-0.0050","-1.0000","0.0000","0.0000","0.0000","0.0000","0.0000"
"10713.0","15:13:20.648","2221562.0000","1.3719","60556.0000","-0.0500","-0.0050","-1.0000","0.0000","0.0000","0.0000","0.0000","0.0000"
"10714.0","15:13:20.649","2221765.0000","1.3940","60556.0000","-0.0500","-0.0050","-1.0000","0.0000","0.0000","0.0000","0.0000","0.0000"
"10715.0","15:13:20.650","2221720.0000","1.3892","60556.0000","-0.0500","-0.0050","-1.0000","0.0000","0.0000","0.0000","0.0000","0.0000"
"10716.0","15:13:20.651","2221658.0000","1.3824","60556.0000","-0.0500","-0.0050","-1.0000","0.0000","0.0000","0.0000","0.0000","0.0000"
"10717.0","15:13:20.652","2221748.0000","1.3922","60556.0000","-0.0500","-0.0050","-1.0000","0.0000","0.0000","0.0000","0.0000","0.0000"
"10718.0","15:13:20.653","2221814.0000","1.3994","60556.0000","-0.0500","-0.0050","-1.0000","0.0000","0.0000","0.0000","0.0000","0.0000"
"10719.0","15:13:20.654","2221649.0000","1.3814","60556.0000","-0.0500","-0.0050","-1.0000","0.0000","0.0000","0.0000","0.0000","0.0000"
"10720.0","15:13:20.655","2222025.0000","1.4224","60556.0000","-0.0500","-0.0050","-1.0000","0.0000","0.0000","0.0000","0.0000","0.0000"
"10721.0","15:13:20.656","2222070.0000","1.4273","60556.0000","-0.0500","-0.0050","-1.0000","0.0000","0.0000","0.0000","0.0000","0.0000"
"10722.0","15:13:20.657","2221513.0000","1.3666","60556.0000","-0.0500","-0.0050","-1.0000","0.0000","0.0000","0.0000","0.0000","0.0000"
"10723.0","15:13:20.658","2222235.0000","1.4453","60556.0000","-0.0500","-0.0050","-1.0000","0.0000","0.0000","0.0000","0.0000","0.0000"
"10724.0","15:13:20.659","2222601.0000","1.4852","60556.0000","-0.0500","-0.0050","-1.0000","0.0000","0.0000","0.0000","0.0000","0.0000"
"10725.0","15:13:20.660","2221864.0000","1.4049","60556.0000","-0.0500","-0.0050","-1.0000","0.0000","0.0000","0.0000","0.0000","0.0000"
"10726.0","15:13:20.661","2222003.0000","1.4200","60556.0000","-0.0500","-0.0050","-1.0000","0.0000","0.0000","0.0000","0.0000","0.0000"
"10727.0","15:13:20.662","2221617.0000","1.3779","60556.0000","-0.0500","-0.0050","-1.0000","0.0000","0.0000","0.0000","0.0000","0.0000"
"10728.0","15:13:20.663","2221602.0000","1.3763","60556.0000","-0.0500","-0.0050","-1.0000","0.0000","0.0000","0.0000","0.0000","0.0000"
"10729.0","15:13:20.664","2222187.0000","1.4401","60556.0000","-0.0500","-0.0050","-1.0000","0.0000","0.0000","0.0000","0.0000","0.0000"
"10730.0","15:13:20.665","2222770.0000","1.5036","60556.0000","-0.0500","-0.0050","-1.0000","0.0000","0.0000","0.0000","0.0000","0.0000"
"10731.0","15:13:20.666","2222510.0000","1.4753","60556.0000","-0.0500","-0.0050","-1.0000","0.0000","0.0000","0.0000","0.0000","0.0000"
"10732.0","15:13:20.667","2222510.0000","1.4753","60556.0000","-0.0500","-0.0050","-1.0000","0.0000","0.0000","0.0000","0.0000","0.0000"
"10733.0","15:13:20.668","2221564.0000","1.3721","60556.0000","-0.0500","-0.0050","-1.0000","0.0000","0.0000","0.0000","0.0000","0.0000"
"10734.0","15:13:20.669","2221996.0000","1.4192","60556.0000","-0.0500","-0.0050","-1.0000","0.0000","0.0000","0.0000","0.0000","0.0000"
"10735.0","15:13:20.670","2222531.0000","1.4776","60556.0000","-0.0500","-0.0050","-1.0000","0.0000","0.0000","0.0000","0.0000","0.0000"
"10736.0","15:13:20.671","2222262.0000","1.4483","60556.0000","-0.0500","-0.0050","-1.0000","0.0000","0.0000","0.0000","0.0000","0.0000"
"10737.0","15:13:20.672","2222537.0000","1.4782","60556.0000","-0.0500","-0.0050","-1.0000","0.0000","0.0000","0.0000","0.0000","0.0000"
"10738.0","15:13:20.673","2221287.0000","1.3420","60556.0000","-0.0500","-0.0050","-1.0000","0.0000","0.0000","0.0000","0.0000","0.0000"
"10739.0","15:13:20.674","2221688.0000","1.3857","60556.0000","-0.0500","-0.0050","-1.0000","0.0000","0.0000","0.0000","0.0000","0.0000"
"10740.0","15:13:20.675","2222708.0000","1.4969","60556.0000","-0.0500","-0.0050","-1.0000","0.0000","0.0000","0.0000","0.0000","0.0000"
"10741.0","15:13:20.676","2222428.0000","1.4663","60556.0000","-0.0500","-0.0050","-1.0000","0.0000","0.0000","0.0000","0.0000","0.0000"
"10742.0","15:13:20.677","2221970.0000","1.4164","60556.0000","-0.0500","-0.0050","-1.0000","0.0000","0.0000","0.0000","0.0000","0.0000"
"10743.0","15:13:20.678","2222124.0000","1.4332","60556.0000","-0.0500","-0.0050","-1.0000","0.0000","0.0000","0.0000","0.0000","0.0000"
"10744.0","15:13:20.679","2222612.0000","1.4864","60556.0000","-0.0500","-0.0050","-1.0000","0.0000","0.0000","0.0000","0.0000","0.0000"
"10745.0","15:13:20.680","2221616.0000","1.3778","60556.0000","-0.0500","-0.0050","-1.0000","0.0000","0.0000","0.0000","0.0000","0.0000"
"10746.0","15:13:20.681","2221994.0000","1.4190","60556.0000","-0.0500","-0.0050","-1.0000","0.0000","0.0000","0.0000","0.0000","0.0000"
"10747.0","15:13:20.682","2221803.0000","1.3982","60556.0000","-0.0500","-0.0050","-1.0000","0.0000","0.0000","0.0000","0.0000","0.0000"
"10748.0","15:13:20.683","2221955.0000","1.4148","60556.0000","-0.0500","-0.0050","-1.0000","0.0000","0.0000","0.0000","0.0000","0.0000"
"10749.0","15:13:20.684","2223026.0000","1.5315","60556.0000","-0.0500","-0.0050","-1.0000","0.0000","0.0000","0.0000","0.0000","0.0000"
"10750.0","15:13:20.685","2222392.0000","1.4624","60556.0000","-0.0500","-0.0050","-1.0000","0.0000","0.0000","0.0000","0.0000","0.0000"
"10751.0","15:13:20.686","2223123.0000","1.5421","60556.0000","-0.0500","-0.0050","-1.0000","0.0000","0.0000","0.0000","0.0000","0.0000"
"10752.0","15:13:20.687","2222582.0000","1.4831","60556.0000","-0.0500","-0.0050","-1.0000","0.0000","0.0000","0.0000","0.0000","0.0000"
"10753.0","15:13:20.688","2223317.0000","1.5632","60556.0000","-0.0500","-0.0050","-1.0000","0.0000","0.0000","0.0000","0.0000","0.0000"
"10754.0","15:13:20.689","2223537.0000","1.5872","60556.0000","-0.0500","-0.0050","-1.0000","0.0000","0.0000","0.0000","0.0000","0.0000"
"10755.0","15:13:20.690","2222937.0000","1.5218","60556.0000","-0.0500","-0.0050","-1.0000","0.0000","0.0000","0.0000","0.0000","0.0000"
"10756.0","15:13:20.691","2222890.0000","1.5167","60556.0000","-0.0500","-0.0050","-1.0000","0.0000","0.0000","0.0000","0.0000","0.0000"
"10757.0","15:13:20.692","2223376.0000","1.5697","60556.0000","-0.0500","-0.0050","-1.0000","0.0000","0.0000","0.0000","0.0000","0.0000"
"10758.0","15:13:20.693","2223957.0000","1.6330","60556.0000","-0.0500","-0.0050","-1.0000","0.0000","0.0000","0.0000","0.0000","0.0000"
"10759.0","15:13:20.694","2223108.0000","1.5405","60556.0000","-0.0500","-0.0050","-1.0000","0.0000","0.0000","0.0000","0.0000","0.0000"
"10760.0","15:13:20.695","2222674.0000","1.4931","60556.0000","-0.0500","-0.0050","-1.0000","0.0000","0.0000","0.0000","0.0000","0.0000"
"10761.0","15:13:20.696","2222326.0000","1.4552","60556.0000","-0.0500","-0.0050","-1.0000","0.0000","0.0000","0.0000","0.0000","0.0000"
"10762.0","15:13:20.697","2222949.0000","1.5231","60556.0000","-0.0500","-0.0050","-1.0000","0.0000","0.0000","0.0000","0.0000","0.0000"
"10763.0","15:13:20.698","2222678.0000","1.4936","60556.0000","-0.0500","-0.0050","-1.0000","0.0000","0.0000","0.0000","0.0000","0.0000"
"10764.0","15:13:20.699","2223602.0000","1.5943","60556.0000","-0.0500","-0.0050","-1.0000","0.0000","0.0000","0.0000","0.0000","0.0000"
"10765.0","15:13:20.700","2223345.0000","1.5663","60556.0000","-0.0500","-0.0050","-1.0000","0.0000","0.0000","0.0000","0.0000","0.0000"
"10766.0","15:13:20.701","2222531.0000","1.4776","60556.0000","-0.0500","-0.0050","-1.0000","0.0000","0.0000","0.0000","0.0000","0.0000"
"10767.0","15:13:20.702","2221887.0000","1.4074","60556.0000","-0.0500","-0.0050","-1.0000","0.0000","0.0000","0.0000","0.0000","0.0000"
"10768.0","15:13:20.703","2222063.0000","1.4265","60556.0000","-0.0500","-0.0050","-1.0000","0.0000","0.0000","0.0000","0.0000","0.0000"
"10769.0","15:13:20.704","2222879.0000","1.5155","60556.0000","-0.0500","-0.0050","-1.0000","0.0000","0.0000","0.0000","0.0000","0.0000"
"10770.0","15:13:20.705","2222846.0000","1.5119","60565.0000","-0.0500","-0.0050","-1.0000","0.0000","0.0000","0.0000","0.0000","0.0000"
"10771.0","15:13:20.706","2222748.0000","1.5012","60565.0000","-0.0500","-0.0050","-1.0000","0.0000","0.0000","0.0000","0.0000","0.0000"
"10772.0","15:13:20.707","2223874.0000","1.6240","60565.0000","-0.0500","-0.0050","-1.0000","0.0000","0.0000","0.0000","0.0000","0.0000"
"10773.0","15:13:20.708","2223658.0000","1.6004","60565.0000","-0.0500","-0.0050","-1.0000","0.0000","0.0000","0.0000","0.0000","0.0000"
"10774.0","15:13:20.709","2222473.0000","1.4712","60565.0000","-0.0500","-0.0050","-1.0000","0.0000","0.0000","0.0000","0.0000","0.0000"
"10775.0","15:13:20.710","2222548.0000","1.4794","60565.0000","-0.0500","-0.0050","-1.0000","0.0000","0.0000","0.0000","0.0000","0.0000"
"10776.0","15:13:20.711","2222236.0000","1.4454","60565.0000","-0.0500","-0.0050","-1.0000","0.0000","0.0000","0.0000","0.0000","0.0000"
"10777.0","15:13:20.712","2222467.0000","1.4706","60565.0000","-0.0500","-0.0050","-1.0000","0.0000","0.0000","0.0000","0.0000","0.0000"
"10778.0","15:13:20.713","2223082.0000","1.5376","60565.0000","-0.0500","-0.0050","-1.0000","0.0000","0.0000","0.0000","0.0000","0.0000"
"10779.0","15:13:20.714","2223082.0000","1.5376","60565.0000","-0.0500","-0.0050","-1.0000","0.0000","0.0000","0.0000","0.0000","0.0000"
"10780.0","15:13:20.715","2223180.0000","1.5483","60565.0000","-0.0500","-0.0050","-1.0000","0.0000","0.0000","0.0000","0.0000","0.0000"
"10781.0","15:13:20.716","2223145.0000","1.5445","60565.0000","-0.0500","-0.0050","-1.0000","0.0000","0.0000","0.0000","0.0000","0.0000"
"10782.0","15:13:20.717","2222594.0000","1.4844","60565.0000","-0.0500","-0.0050","-1.0000","0.0000","0.0000","0.0000","0.0000","0.0000"
"10783.0","15:13:20.718","2222984.0000","1.5269","60565.0000","-0.0500","-0.0050","-1.0000","0.0000","0.0000","0.0000","0.0000","0.0000"
"10784.0","15:13:20.719","2222495.0000","1.4737","60565.0000","-0.0500","-0.0050","-1.0000","0.0000","0.0000","0.0000","0.0000","0.0000"
"10785.0","15:13:20.720","2222331.0000","1.4558","60565.0000","-0.0500","-0.0050","-1.0000","0.0000","0.0000","0.0000","0.0000","0.0000"
"10786.0","15:13:20.721","2222554.0000","1.4801","60565.0000","-0.0500","-0.0050","-1.0000","0.0000","0.0000","0.0000","0.0000","0.0000"
"10787.0","15:13:20.722","2223407.0000","1.5731","60565.0000","-0.0500","-0.0050","-1.0000","0.0000","0.0000","0.0000","0.0000","0.0000"
"10788.0","15:13:20.723","2222588.0000","1.4838","60565.0000","-0.0500","-0.0050","-1.0000","0.0000","0.0000","0.0000","0.0000","0.0000"
"10789.0","15:13:20.724","2222781.0000","1.5048","60565.0000","-0.0500","-0.0050","-1.0000","0.0000","0.0000","0.0000","0.0000","0.0000"
"10790.0","15:13:20.725","2223358.0000","1.5677","60565.0000","-0.0500","-0.0050","-1.0000","0.0000","0.0000","0.0000","0.0000","0.0000"
"10791.0","15:13:20.726","2223468.0000","1.5797","60565.0000","-0.0500","-0.0050","-1.0000","0.0000","0.0000","0.0000","0.0000","0.0000"
"10792.0","15:13:20.727","2223123.0000","1.5421","60565.0000","-0.0500","-0.0050","-1.0000","0.0000","0.0000","0.0000","0.0000","0.0000"
"10793.0","15:13:20.728","2222925.0000","1.5205","60565.0000","-0.0500","-0.0050","-1.0000","0.0000","0.0000","0.0000","0.0000","0.0000"
"10794.0","15:13:20.729","2222191.0000","1.4405","60565.0000","-0.0500","-0.0050","-1.0000","0.0000","0.0000","0.0000","0.0000","0.0000"
"10795.0","15:13:20.730","2222467.0000","1.4706","60565.0000","-0.0500","-0.0050","-1.0000","0.0000","0.0000","0.0000","0.0000","0.0000"
"10796.0","15:13:20.731","2222678.0000","1.4936","60565.0000","-0.0500","-0.0050","-1.0000","0.0000","0.0000","0.0000","0.0000","0.0000"
"10797.0","15:13:20.732","2222731.0000","1.4994","60565.0000","-0.0500","-0.0050","-1.0000","0.0000","0.0000","0.0000","0.0000","0.0000"
"10798.0","15:13:20.733","2223787.0000","1.6145","60565.0000","-0.0500","-0.0050","-1.0000","0.0000","0.0000","0.0000","0.0000","0.0000"
"10799.0","15:13:20.734","2223134.0000","1.5433","60565.0000","-0.0500","-0.0050","-1.0000","0.0000","0.0000","0.0000","0.0000","0.0000"
"10800.0","15:13:20.735","2223187.0000","1.5491","60565.0000","-0.0500","-0.0050","-1.0000","0.0000","0.0000","0.0000","0.0000","0.0000"
"10801.0","15:13:20.736","2222783.0000","1.5050","60565.0000","-0.0500","-0.0050","-1.0000","0.0000","0.0000","0.0000","0.0000","0.0000"
"10802.0","15:13:20.737","2223208.0000","1.5514","60565.0000","-0.0500","-0.0050","-1.0000","0.0000","0.0000","0.0000","0.0000","0.0000"
"10803.0","15:13:20.738","2223267.0000","1.5578","60565.0000","-0.0500","-0.0050","-1.0000","0.0000","0.0000","0.0000","0.0000","0.0000"
"10804.0","15:13:20.739","2224433.0000","1.6849","60565.0000","-0.0500","-0.0050","-1.0000","0.0000","0.0000","0.0000","0.0000","0.0000"
"10805.0","15:13:20.740","2224344.0000","1.6752","60565.0000","-0.0500","-0.0050","-1.0000","0.0000","0.0000","0.0000","0.0000","0.0000"
"10806.0","15:13:20.741","2224561.0000","1.6989","60565.0000","-0.0500","-0.0050","-1.0000","0.0000","0.0000","0.0000","0.0000","0.0000"
"10807.0","15:13:20.742","2224408.0000","1.6822","60565.0000","-0.0500","-0.0050","-1.0000","0.0000","0.0000","0.0000","0.0000","0.0000"
"10808.0","15:13:20.743","2224531.0000","1.6956","60565.0000","-0.0500","-0.0050","-1.0000","0.0000","0.0000","0.0000","0.0000","0.0000"
"10809.0","15:13:20.744","2223590.0000","1.5930","60565.0000","-0.0500","-0.0050","-1.0000","0.0000","0.0000","0.0000","0.0000","0.0000"
"10810.0","15:13:20.745","2223894.0000","1.6261","60565.0000","-0.0500","-0.0050","-1.0000","0.0000","0.0000","0.0000","0.0000","0.0000"
"10811.0","15:13:20.746","2223810.0000","1.6170","60565.0000","-0.0500","-0.0050","-1.0000","0.0000","0.0000","0.0000","0.0000","0.0000"
"10812.0","15:13:20.747","2223025.0000","1.5314","60565.0000","-0.0500","-0.0050","-1.0000","0.0000","0.0000","0.0000","0.0000","0.0000"
"10813.0","15:13:20.748","2222634.0000","1.4888","60565.0000","-0.0500","-0.0050","-1.0000","0.0000","0.0000","0.0000","0.0000","0.0000"
"10814.0","15:13:20.749","2222858.0000","1.5132","60565.0000","-0.0500","-0.0050","-1.0000","0.0000","0.0000","0.0000","0.0000","0.0000"
"10815.0","15:13:20.750","2223044.0000","1.5335","60565.0000","-0.0500","-0.0050","-1.0000","0.0000","0.0000","0.0000","0.0000","0.0000"
"10816.0","15:13:20.751","2222329.0000","1.4555","60565.0000","-0.0500","-0.0050","-1.0000","0.0000","0.0000","0.0000","0.0000","0.0000"
"10817.0","15:13:20.752","2222973.0000","1.5257","60565.0000","-0.0500","-0.0050","-1.0000","0.0000","0.0000","0.0000","0.0000","0.0000"
"10818.0","15:13:20.753","2222583.0000","1.4832","60565.0000","-0.0500","-0.0050","-1.0000","0.0000","0.0000","0.0000","0.0000","0.0000"
"10819.0","15:13:20.754","2223027.0000","1.5316","60565.0000","-0.0500","-0.0050","-1.0000","0.0000","0.0000","0.0000","0.0000","0.0000"
"10820.0","15:13:20.755","2223682.0000","1.6030","60565.0000","-0.0500","-0.0050","-1.0000","0.0000","0.0000","0.0000","0.0000","0.0000"
"10821.0","15:13:20.756","2223514.0000","1.5847","60565.0000","-0.0500","-0.0050","-1.0000","0.0000","0.0000","0.0000","0.0000","0.0000"
"10822.0","15:13:20.757","2224261.0000","1.6661","60565.0000","-0.0500","-0.0050","-1.0000","0.0000","0.0000","0.0000","0.0000","0.0000"
"10823.0","15:13:20.758","2223238.0000","1.5547","60565.0000","-0.0500","-0.0050","-1.0000","0.0000","0.0000","0.0000","0.0000","0.0000"
"10824.0","15:13:20.759","2222751.0000","1.5015","60565.0000","-0.0500","-0.0050","-1.0000","0.0000","0.0000","0.0000","0.0000","0.0000"
"10825.0","15:13:20.760","2223312.0000","1.5627","60565.0000","-0.0500","-0.0050","-1.0000","0.0000","0.0000","0.0000","0.0000","0.0000"
"10826.0","15:13:20.761","2223312.0000","1.5627","60565.0000","-0.0500","-0.0050","-1.0000","0.0000","0.0000","0.0000","0.0000","0.0000"
"10827.0","15:13:20.762","2222863.0000","1.5137","60565.0000","-0.0500","-0.0050","-1.0000","0.0000","0.0000","0.0000","0.0000","0.0000"
"10828.0","15:13:20.763","2222627.0000","1.4880","60565.0000","-0.0500","-0.0050","-1.0000","0.0000","0.0000","0.0000","0.0000","0.0000"
"10829.0","15:13:20.764","2222597.0000","1.4847","60565.0000","-0.0500","-0.0050","-1.0000","0.0000","0.0000","0.0000","0.0000","0.0000"
"10830.0","15:13:20.765","2222927.0000","1.5207","60565.0000","-0.0500","-0.0050","-1.0000","0.0000","0.0000","0.0000","0.0000","0.0000"
"10831.0","15:13:20.766","2222578.0000","1.4827","60559.0000","-0.0500","-0.0050","-1.0000","0.0000","0.0000","0.0000","0.0000","0.0000"
"10832.0","15:13:20.767","2223225.0000","1.5532","60559.0000","-0.0500","-0.0050","-1.0000","0.0000","0.0000","0.0000","0.0000","0.0000"
"10833.0","15:13:20.768","2223382.0000","1.5703","60559.0000","-0.0500","-0.0050","-1.0000","0.0000","0.0000","0.0000","0.0000","0.0000"
"10834.0","15:13:20.769","2223427.0000","1.5753","60559.0000","-0.0500","-0.0050","-1.0000","0.0000","0.0000","0.0000","0.0000","0.0000"
"10835.0","15:13:20.770","2222802.0000","1.5071","60559.0000","-0.0500","-0.0050","-1.0000","0.0000","0.0000","0.0000","0.0000","0.0000"
"10836.0","15:13:20.771","2223093.0000","1.5388","60559.0000","-0.0500","-0.0050","-1.0000","0.0000","0.0000","0.0000","0.0000","0.0000"
"10837.0","15:13:20.772","2223475.0000","1.5805","60559.0000","-0.0500","-0.0050","-1.0000","0.0000","0.0000","0.0000","0.0000","0.0000"
"10838.0","15:13:20.773","2223556.0000","1.5893","60559.0000","-0.0500","-0.0050","-1.0000","0.0000","0.0000","0.0000","0.0000","0.0000"
"10839.0","15:13:20.774","2223842.0000","1.6205","60559.0000","-0.0500","-0.0050","-1.0000","0.0000","0.0000","0.0000","0.0000","0.0000"
"10840.0","15:13:20.775","2223596.0000","1.5937","60559.0000","-0.0500","-0.0050","-1.0000","0.0000","0.0000","0.0000","0.0000","0.0000"
"10841.0","15:13:20.776","2223786.0000","1.6144","60559.0000","-0.0500","-0.0050","-1.0000","0.0000","0.0000","0.0000","0.0000","0.0000"
"10842.0","15:13:20.777","2223297.0000","1.5611","60559.0000","-0.0500","-0.0050","-1.0000","0.0000","0.0000","0.0000","0.0000","0.0000"
"10843.0","15:13:20.778","2222439.0000","1.4675","60559.0000","-0.0500","-0.0050","-1.0000","0.0000","0.0000","0.0000","0.0000","0.0000"
"10844.0","15:13:20.779","2222805.0000","1.5074","60559.0000","-0.0500","-0.0050","-1.0000","0.0000","0.0000","0.0000","0.0000","0.0000"
"10845.0","15:13:20.780","2223122.0000","1.5420","60559.0000","-0.0500","-0.0050","-1.0000","0.0000","0.0000","0.0000","0.0000","0.0000"
"10846.0","15:13:20.781","2223306.0000","1.5621","60559.0000","-0.0500","-0.0050","-1.0000","0.0000","0.0000","0.0000","0.0000","0.0000"
"10847.0","15:13:20.782","2222791.0000","1.5059","60559.0000","-0.0500","-0.0050","-1.0000","0.0000","0.0000","0.0000","0.0000","0.0000"
"10848.0","15:13:20.783","2223439.0000","1.5766","60559.0000","-0.0500","-0.0050","-1.0000","0.0000","0.0000","0.0000","0.0000","0.0000"
"10849.0","15:13:20.784","2222554.0000","1.4801","60559.0000","-0.0500","-0.0050","-1.0000","0.0000","0.0000","0.0000","0.0000","0.0000"
"10850.0","15:13:20.785","2222973.0000","1.5257","60559.0000","-0.0500","-0.0050","-1.0000","0.0000","0.0000","0.0000","0.0000","0.0000"
"10851.0","15:13:20.786","2223229.0000","1.5537","60559.0000","-0.0500","-0.0050","-1.0000","0.0000","0.0000","0.0000","0.0000","0.0000"
"10852.0","15:13:20.787","2223577.0000","1.5916","60559.0000","-0.0500","-0.0050","-1.0000","0.0000","0.0000","0.0000","0.0000","0.0000"
"10853.0","15:13:20.788","2223624.0000","1.5967","60559.0000","-0.0500","-0.0050","-1.0000","0.0000","0.0000","0.0000","0.0000","0.0000"
"10854.0","15:13:20.789","2223550.0000","1.5887","60559.0000","-0.0500","-0.0050","-1.0000","0.0000","0.0000","0.0000","0.0000","0.0000"
"10855.0","15:13:20.790","2224082.0000","1.6467","60559.0000","-0.0500","-0.0050","-1.0000","0.0000","0.0000","0.0000","0.0000","0.0000"
"10856.0","15:13:20.791","2224406.0000","1.6820","60559.0000","-0.0500","-0.0050","-1.0000","0.0000","0.0000","0.0000","0.0000","0.0000"
"10857.0","15:13:20.792","2223675.0000","1.6023","60559.0000","-0.0500","-0.0050","-1.0000","0.0000","0.0000","0.0000","0.0000","0.0000"
"10858.0","15:13:20.793","2223959.0000","1.6332","60559.0000","-0.0500","-0.0050","-1.0000","0.0000","0.0000","0.0000","0.0000","0.0000"
"10859.0","15:13:20.794","2223776.0000","1.6133","60559.0000","-0.0500","-0.0050","-1.0000","0.0000","0.0000","0.0000","0.0000","0.0000"
"10860.0","15:13:20.795","2223030.0000","1.5319","60559.0000","-0.0500","-0.0050","-1.0000","0.0000","0.0000","0.0000","0.0000","0.0000"
"10861.0","15:13:20.796","2222855.0000","1.5129","60559.0000","-0.0500","-0.0050","-1.0000","0.0000","0.0000","0.0000","0.0000","0.0000"
"10862.0","15:13:20.797","2222303.0000","1.4527","60559.0000","-0.0500","-0.0050","-1.0000","0.0000","0.0000","0.0000","0.0000","0.0000"
"10863.0","15:13:20.798","2221940.0000","1.4131","60559.0000","-0.0500","-0.0050","-1.0000","0.0000","0.0000","0.0000","0.0000","0.0000"
"10864.0","15:13:20.799","2221905.0000","1.4093","60559.0000","-0.0500","-0.0050","-1.0000","0.0000","0.0000","0.0000","0.0000","0.0000"
"10865.0","15:13:20.800","2222695.0000","1.4954","60559.0000","-0.0500","-0.0050","-1.0000","0.0000","0.0000","0.0000","0.0000","0.0000"
"10866.0","15:13:20.801","2223650.0000","1.5995","60559.0000","-0.0500","-0.0050","-1.0000","0.0000","0.0000","0.0000","0.0000","0.0000"
"10867.0","15:13:20.802","2223262.0000","1.5572","60559.0000","-0.0500","-0.0050","-1.0000","0.0000","0.0000","0.0000","0.0000","0.0000"
"10868.0","15:13:20.803","2223150.0000","1.5450","60559.0000","-0.0500","-0.0050","-1.0000","0.0000","0.0000","0.0000","0.0000","0.0000"
"10869.0","15:13:20.804","2223294.0000","1.5607","60559.0000","-0.0500","-0.0050","-1.0000","0.0000","0.0000","0.0000","0.0000","0.0000"
"10870.0","15:13:20.805","2223822.0000","1.6183","60559.0000","-0.0500","-0.0050","-1.0000","0.0000","0.0000","0.0000","0.0000","0.0000"
"10871.0","15:13:20.806","2223658.0000","1.6004","60559.0000","-0.0500","-0.0050","-1.0000","0.0000","0.0000","0.0000","0.0000","0.0000"
"10872.0","15:13:20.807","2223658.0000","1.6004","60559.0000","-0.0500","-0.0050","-1.0000","0.0000","0.0000","0.0000","0.0000","0.0000"
"10873.0","15:13:20.808","2222934.0000","1.5215","60559.0000","-0.0500","-0.0050","-1.0000","0.0000","0.0000","0.0000","0.0000","0.0000"
"10874.0","15:13:20.809","2222999.0000","1.5286","60559.0000","-0.0500","-0.0050","-1.0000","0.0000","0.0000","0.0000","0.0000","0.0000"
"10875.0","15:13:20.810","2223264.0000","1.5575","60559.0000","-0.0500","-0.0050","-1.0000","0.0000","0.0000","0.0000","0.0000","0.0000"
"10876.0","15:13:20.811","2222542.0000","1.4787","60559.0000","-0.0500","-0.0050","-1.0000","0.0000","0.0000","0.0000","0.0000","0.0000"
"10877.0","15:13:20.812","2222107.0000","1.4314","60559.0000","-0.0500","-0.0050","-1.0000","0.0000","0.0000","0.0000","0.0000","0.0000"
"10878.0","15:13:20.813","2221804.0000","1.3983","60559.0000","-0.0500","-0.0050","-1.0000","0.0000","0.0000","0.0000","0.0000","0.0000"
"10879.0","15:13:20.814","2221524.0000","1.3678","60559.0000","-0.0500","-0.0050","-1.0000","0.0000","0.0000","0.0000","0.0000","0.0000"
"10880.0","15:13:20.815","2221205.0000","1.3330","60559.0000","-0.0500","-0.0050","-1.0000","0.0000","0.0000","0.0000","0.0000","0.0000"
"10881.0","15:13:20.816","2221354.0000","1.3492","60559.0000","-0.0500","-0.0050","-1.0000","0.0000","0.0000","0.0000","0.0000","0.0000"
"10882.0","15:13:20.817","2221993.0000","1.4189","60559.0000","-0.0500","-0.0050","-1.0000","0.0000","0.0000","0.0000","0.0000","0.0000"
"10883.0","15:13:20.818","2222033.0000","1.4233","60559.0000","-0.0500","-0.0050","-1.0000","0.0000","0.0000","0.0000","0.0000","0.0000"
"10884.0","15:13:20.819","2221656.0000","1.3822","60559.0000","-0.0500","-0.0050","-1.0000","0.0000","0.0000","0.0000","0.0000","0.0000"
"10885.0","15:13:20.820","2222042.0000","1.4243","60559.0000","-0.0500","-0.0050","-1.0000","0.0000","0.0000","0.0000","0.0000","0.0000"
"10886.0","15:13:20.821","2222038.0000","1.4238","60559.0000","-0.0500","-0.0050","-1.0000","0.0000","0.0000","0.0000","0.0000","0.0000"
"10887.0","15:13:20.822","2221439.0000","1.3585","60559.0000","-0.0500","-0.0050","-1.0000","0.0000","0.0000","0.0000","0.0000","0.0000"
"10888.0","15:13:20.823","2221928.0000","1.4118","60559.0000","-0.0500","-0.0050","-1.0000","0.0000","0.0000","0.0000","0.0000","0.0000"
"10889.0","15:13:20.824","2221921.0000","1.4111","60559.0000","-0.0500","-0.0050","-1.0000","0.0000","0.0000","0.0000","0.0000","0.0000"
"10890.0","15:13:20.825","2222129.0000","1.4337","60559.0000","-0.0500","-0.0050","-1.0000","0.0000","0.0000","0.0000","0.0000","0.0000"
"10891.0","15:13:20.826","2221892.0000","1.4079","60550.0000","-0.0500","-0.0050","-1.0000","0.0000","0.0000","0.0000","0.0000","0.0000"
"10892.0","15:13:20.827","2221306.0000","1.3440","60550.0000","-0.0500","-0.0050","-1.0000","0.0000","0.0000","0.0000","0.0000","0.0000"
"10893.0","15:13:20.828","2220536.0000","1.2601","60550.0000","-0.0500","-0.0050","-1.0000","0.0000","0.0000","0.0000","0.0000","0.0000"
"10894.0","15:13:20.829","2221060.0000","1.3172","60550.0000","-0.0500","-0.0050","-1.0000","0.0000","0.0000","0.0000","0.0000","0.0000"
"10895.0","15:13:20.830","2221511.0000","1.3664","60550.0000","-0.0500","-0.0050","-1.0000","0.0000","0.0000","0.0000","0.0000","0.0000"
"10896.0","15:13:20.831","2221353.0000","1.3492","60550.0000","-0.0500","-0.0050","-1.0000","0.0000","0.0000","0.0000","0.0000","0.0000"
"10897.0","15:13:20.832","2221856.0000","1.4040","60550.0000","-0.0500","-0.0050","-1.0000","0.0000","0.0000","0.0000","0.0000","0.0000"
"10898.0","15:13:20.833","2221259.0000","1.3389","60550.0000","-0.0500","-0.0050","-1.0000","0.0000","0.0000","0.0000","0.0000","0.0000"
"10899.0","15:13:20.834","2222344.0000","1.4572","60550.0000","-0.0500","-0.0050","-1.0000","0.0000","0.0000","0.0000","0.0000","0.0000"
"10900.0","15:13:20.835","2222389.0000","1.4621","60550.0000","-0.0500","-0.0050","-1.0000","0.0000","0.0000","0.0000","0.0000","0.0000"
"10901.0","15:13:20.836","2222999.0000","1.5286","60550.0000","-0.0500","-0.0050","-1.0000","0.0000","0.0000","0.0000","0.0000","0.0000"
"10902.0","15:13:20.837","2221549.0000","1.3705","60550.0000","-0.0500","-0.0050","-1.0000","0.0000","0.0000","0.0000","0.0000","0.0000"
"10903.0","15:13:20.838","2222540.0000","1.4785","60550.0000","-0.0500","-0.0050","-1.0000","0.0000","0.0000","0.0000","0.0000","0.0000"
"10904.0","15:13:20.839","2222662.0000","1.4918","60550.0000","-0.0500","-0.0050","-1.0000","0.0000","0.0000","0.0000","0.0000","0.0000"
"10905.0","15:13:20.840","2222908.0000","1.5187","60550.0000","-0.0500","-0.0050","-1.0000","0.0000","0.0000","0.0000","0.0000","0.0000"
"10906.0","15:13:20.841","2223251.0000","1.5560","60550.0000","-0.0500","-0.0050","-1.0000","0.0000","0.0000","0.0000","0.0000","0.0000"
"10907.0","15:13:20.842","2222645.0000","1.4900","60550.0000","-0.0500","-0.0050","-1.0000","0.0000","0.0000","0.0000","0.0000","0.0000"
"10908.0","15:13:20.843","2222922.0000","1.5202","60550.0000","-0.0500","-0.0050","-1.0000","0.0000","0.0000","0.0000","0.0000","0.0000"
"10909.0","15:13:20.844","2222642.0000","1.4897","60550.0000","-0.0500","-0.0050","-1.0000","0.0000","0.0000","0.0000","0.0000","0.0000"
"10910.0","15:13:20.845","2223180.0000","1.5483","60550.0000","-0.0500","-0.0050","-1.0000","0.0000","0.0000","0.0000","0.0000","0.0000"
"10911.0","15:13:20.846","2222632.0000","1.4886","60550.0000","-0.0500","-0.0050","-1.0000","0.0000","0.0000","0.0000","0.0000","0.0000"
"10912.0","15:13:20.847","2222654.0000","1.4910","60550.0000","-0.0500","-0.0050","-1.0000","0.0000","0.0000","0.0000","0.0000","0.0000"
"10913.0","15:13:20.848","2222724.0000","1.4986","60550.0000","-0.0500","-0.0050","-1.0000","0.0000","0.0000","0.0000","0.0000","0.0000"
"10914.0","15:13:20.849","2223093.0000","1.5388","60550.0000","-0.0500","-0.0050","-1.0000","0.0000","0.0000","0.0000","0.0000","0.0000"
"10915.0","15:13:20.850","2222544.0000","1.4790","60550.0000","-0.0500","-0.0050","-1.0000","0.0000","0.0000","0.0000","0.0000","0.0000"
"10916.0","15:13:20.851","2222239.0000","1.4457","60550.0000","-0.0500","-0.0050","-1.0000","0.0000","0.0000","0.0000","0.0000","0.0000"
"10917.0","15:13:20.852","2222682.0000","1.4940","60550.0000","-0.0500","-0.0050","-1.0000","0.0000","0.0000","0.0000","0.0000","0.0000"
"10918.0","15:13:20.853","2223160.0000","1.5461","60550.0000","-0.0500","-0.0050","-1.0000","0.0000","0.0000","0.0000","0.0000","0.0000"
"10919.0","15:13:20.854","2223160.0000","1.5461","60550.0000","-0.0500","-0.0050","-1.0000","0.0000","0.0000","0.0000","0.0000","0.0000"
"10920.0","15:13:20.855","2223242.0000","1.5551","60550.0000","-0.0500","-0.0050","-1.0000","0.0000","0.0000","0.0000","0.0000","0.0000"
"10921.0","15:13:20.856","2223205.0000","1.5510","60550.0000","-0.0500","-0.0050","-1.0000","0.0000","0.0000","0.0000","0.0000","0.0000"
"10922.0","15:13:20.857","2222742.0000","1.5006","60550.0000","-0.0500","-0.0050","-1.0000","0.0000","0.0000","0.0000","0.0000","0.0000"
"10923.0","15:13:20.858","2222977.0000","1.5262","60550.0000","-0.0500","-0.0050","-1.0000","0.0000","0.0000","0.0000","0.0000","0.0000"
"10924.0","15:13:20.859","2222687.0000","1.4946","60550.0000","-0.0500","-0.0050","-1.0000","0.0000","0.0000","0.0000","0.0000","0.0000"
"10925.0","15:13:20.860","2222095.0000","1.4300","60550.0000","-0.0500","-0.0050","-1.0000","0.0000","0.0000","0.0000","0.0000","0.0000"
"10926.0","15:13:20.861","2222733.0000","1.4996","60550.0000","-0.0500","-0.0050","-1.0000","0.0000","0.0000","0.0000","0.0000","0.0000"
"10927.0","15:13:20.862","2223020.0000","1.5309","60550.0000","-0.0500","-0.0050","-1.0000","0.0000","0.0000","0.0000","0.0000","0.0000"
"10928.0","15:13:20.863","2222600.0000","1.4851","60550.0000","-0.0500","-0.0050","-1.0000","0.0000","0.0000","0.0000","0.0000","0.0000"
"10929.0","15:13:20.864","2222274.0000","1.4496","60550.0000","-0.0500","-0.0050","-1.0000","0.0000","0.0000","0.0000","0.0000","0.0000"
"10930.0","15:13:20.865","2223056.0000","1.5348","60550.0000","-0.0500","-0.0050","-1.0000","0.0000","0.0000","0.0000","0.0000","0.0000"
"10931.0","15:13:20.866","2222609.0000","1.4861","60550.0000","-0.0500","-0.0050","-1.0000","0.0000","0.0000","0.0000","0.0000","0.0000"
"10932.0","15:13:20.867","2222804.0000","1.5073","60550.0000","-0.0500","-0.0050","-1.0000","0.0000","0.0000","0.0000","0.0000","0.0000"
"10933.0","15:13:20.868","2223728.0000","1.6081","60550.0000","-0.0500","-0.0050","-1.0000","0.0000","0.0000","0.0000","0.0000","0.0000"
"10934.0","15:13:20.869","2222913.0000","1.5192","60550.0000","-0.0500","-0.0050","-1.0000","0.0000","0.0000","0.0000","0.0000","0.0000"
"10935.0","15:13:20.870","2222854.0000","1.5128","60550.0000","-0.0500","-0.0050","-1.0000","0.0000","0.0000","0.0000","0.0000","0.0000"
"10936.0","15:13:20.871","2223163.0000","1.5465","60550.0000","-0.0500","-0.0050","-1.0000","0.0000","0.0000","0.0000","0.0000","0.0000"
"10937.0","15:13:20.872","2223139.0000","1.5438","60550.0000","-0.0500","-0.0050","-1.0000","0.0000","0.0000","0.0000","0.0000","0.0000"
"10938.0","15:13:20.873","2223542.0000","1.5878","60550.0000","-0.0500","-0.0050","-1.0000","0.0000","0.0000","0.0000","0.0000","0.0000"
"10939.0","15:13:20.874","2224463.0000","1.6882","60550.0000","-0.0500","-0.0050","-1.0000","0.0000","0.0000","0.0000","0.0000","0.0000"
"10940.0","15:13:20.875","2224406.0000","1.6820","60550.0000","-0.0500","-0.0050","-1.0000","0.0000","0.0000","0.0000","0.0000","0.0000"
"10941.0","15:13:20.876","2222955.0000","1.5238","60550.0000","-0.0500","-0.0050","-1.0000","0.0000","0.0000","0.0000","0.0000","0.0000"
"10942.0","15:13:20.877","2223028.0000","1.5318","60550.0000","-0.0500","-0.0050","-1.0000","0.0000","0.0000","0.0000","0.0000","0.0000"
"10943.0","15:13:20.878","2223762.0000","1.6118","60550.0000","-0.0500","-0.0050","-1.0000","0.0000","0.0000","0.0000","0.0000","0.0000"
"10944.0","15:13:20.879","2223072.0000","1.5365","60550.0000","-0.0500","-0.0050","-1.0000","0.0000","0.0000","0.0000","0.0000","0.0000"
"10945.0","15:13:20.880","2223243.0000","1.5552","60550.0000","-0.0500","-0.0050","-1.0000","0.0000","0.0000","0.0000","0.0000","0.0000"
"10946.0","15:13:20.881","2222362.0000","1.4591","60550.0000","-0.0500","-0.0050","-1.0000","0.0000","0.0000","0.0000","0.0000","0.0000"
"10947.0","15:13:20.882","2222529.0000","1.4774","60550.0000","-0.0500","-0.0050","-1.0000","0.0000","0.0000","0.0000","0.0000","0.0000"
"10948.0","15:13:20.883","2223154.0000","1.5455","60550.0000","-0.0500","-0.0050","-1.0000","0.0000","0.0000","0.0000","0.0000","0.0000"
"10949.0","15:13:20.884","2222890.0000","1.5167","60550.0000","-0.0500","-0.0050","-1.0000","0.0000","0.0000","0.0000","0.0000","0.0000"
"10950.0","15:13:20.885","2223673.0000","1.6021","60550.0000","-0.0500","-0.0050","-1.0000","0.0000","0.0000","0.0000","0.0000","0.0000"
"10951.0","15:13:20.886","2223545.0000","1.5881","60550.0000","-0.0500","-0.0050","-1.0000","0.0000","0.0000","0.0000","0.0000","0.0000"
"10952.0","15:13:20.887","2224052.0000","1.6434","60563.0000","-0.0500","-0.0050","-1.0000","0.0000","0.0000","0.0000","0.0000","0.0000"
"10953.0","15:13:20.888","2223676.0000","1.6024","60563.0000","-0.0500","-0.0050","-1.0000","0.0000","0.0000","0.0000","0.0000","0.0000"
"10954.0","15:13:20.889","2222972.0000","1.5256","60563.0000","-0.0500","-0.0050","-1.0000","0.0000","0.0000","0.0000","0.0000","0.0000"
"10955.0","15:13:20.890","2223931.0000","1.6302","60563.0000","-0.0500","-0.0050","-1.0000","0.0000","0.0000","0.0000","0.0000","0.0000"
"10956.0","15:13:20.891","2223530.0000","1.5865","60563.0000","-0.0500","-0.0050","-1.0000","0.0000","0.0000","0.0000","0.0000","0.0000"
"10957.0","15:13:20.892","2223601.0000","1.5942","60563.0000","-0.0500","-0.0050","-1.0000","0.0000","0.0000","0.0000","0.0000","0.0000"
"10958.0","15:13:20.893","2224087.0000","1.6472","60563.0000","-0.0500","-0.0050","-1.0000","0.0000","0.0000","0.0000","0.0000","0.0000"
"10959.0","15:13:20.894","2223349.0000","1.5667","60563.0000","-0.0500","-0.0050","-1.0000","0.0000","0.0000","0.0000","0.0000","0.0000"
"10960.0","15:13:20.895","2223366.0000","1.5686","60563.0000","-0.0500","-0.0050","-1.0000","0.0000","0.0000","0.0000","0.0000","0.0000"
"10961.0","15:13:20.896","2223555.0000","1.5892","60563.0000","-0.0500","-0.0050","-1.0000","0.0000","0.0000","0.0000","0.0000","0.0000"
"10962.0","15:13:20.897","2223247.0000","1.5556","60563.0000","-0.0500","-0.0050","-1.0000","0.0000","0.0000","0.0000","0.0000","0.0000"
"10963.0","15:13:20.898","2224287.0000","1.6690","60563.0000","-0.0500","-0.0050","-1.0000","0.0000","0.0000","0.0000","0.0000","0.0000"
"10964.0","15:13:20.899","2222775.0000","1.5042","60563.0000","-0.0500","-0.0050","-1.0000","0.0000","0.0000","0.0000","0.0000","0.0000"
"10965.0","15:13:20.900","2223289.0000","1.5602","60563.0000","-0.0500","-0.0050","-1.0000","0.0000","0.0000","0.0000","0.0000","0.0000"
"10966.0","15:13:20.901","2223289.0000","1.5602","60563.0000","-0.0500","-0.0050","-1.0000","0.0000","0.0000","0.0000","0.0000","0.0000"
"10967.0","15:13:20.902","2223352.0000","1.5671","60563.0000","-0.0500","-0.0050","-1.0000","0.0000","0.0000","0.0000","0.0000","0.0000"
"10968.0","15:13:20.903","2222821.0000","1.5092","60563.0000","-0.0500","-0.0050","-1.0000","0.0000","0.0000","0.0000","0.0000","0.0000"
"10969.0","15:13:20.904","2223571.0000","1.5910","60563.0000","-0.0500","-0.0050","-1.0000","0.0000","0.0000","0.0000","0.0000","0.0000"
"10970.0","15:13:20.905","2223762.0000","1.6118","60563.0000","-0.0500","-0.0050","-1.0000","0.0000","0.0000","0.0000","0.0000","0.0000"
"10971.0","15:13:20.906","2224352.0000","1.6761","60563.0000","-0.0500","-0.0050","-1.0000","0.0000","0.0000","0.0000","0.0000","0.0000"
"10972.0","15:13:20.907","2224194.0000","1.6589","60563.0000","-0.0500","-0.0050","-1.0000","0.0000","0.0000","0.0000","0.0000","0.0000"
"10973.0","15:13:20.908","2224744.0000","1.7188","60563.0000","-0.0500","-0.0050","-1.0000","0.0000","0.0000","0.0000","0.0000","0.0000"
"10974.0","15:13:20.909","2224641.0000","1.7076","60563.0000","-0.0500","-0.0050","-1.0000","0.0000","0.0000","0.0000","0.0000","0.0000"
"10975.0","15:13:20.910","2224231.0000","1.6629","60563.0000","-0.0500","-0.0050","-1.0000","0.0000","0.0000","0.0000","0.0000","0.0000"
"10976.0","15:13:20.911","2223991.0000","1.6367","60563.0000","-0.0500","-0.0050","-1.0000","0.0000","0.0000","0.0000","0.0000","0.0000"
"10977.0","15:13:20.912","2224020.0000","1.6399","60563.0000","-0.0500","-0.0050","-1.0000","0.0000","0.0000","0.0000","0.0000","0.0000"
"10978.0","15:13:20.913","2223936.0000","1.6307","60563.0000","-0.0500","-0.0050","-1.0000","0.0000","0.0000","0.0000","0.0000","0.0000"
"10979.0","15:13:20.914","2224377.0000","1.6788","60563.0000","-0.0500","-0.0050","-1.0000","0.0000","0.0000","0.0000","0.0000","0.0000"
"10980.0","15:13:20.915","2224135.0000","1.6524","60563.0000","-0.0500","-0.0050","-1.0000","0.0000","0.0000","0.0000","0.0000","0.0000"
"10981.0","15:13:20.916","2223908.0000","1.6277","60563.0000","-0.0500","-0.0050","-1.0000","0.0000","0.0000","0.0000","0.0000","0.0000"
"10982.0","15:13:20.917","2224175.0000","1.6568","60563.0000","-0.0500","-0.0050","-1.0000","0.0000","0.0000","0.0000","0.0000","0.0000"
"10983.0","15:13:20.918","2224130.0000","1.6519","60563.0000","-0.0500","-0.0050","-1.0000","0.0000","0.0000","0.0000","0.0000","0.0000"
"10984.0","15:13:20.919","2224428.0000","1.6844","60563.0000","-0.0500","-0.0050","-1.0000","0.0000","0.0000","0.0000","0.0000","0.0000"
"10985.0","15:13:20.920","2223970.0000","1.6344","60563.0000","-0.0500","-0.0050","-1.0000","0.0000","0.0000","0.0000","0.0000","0.0000"
"10986.0","15:13:20.921","2224884.0000","1.7341","60563.0000","-0.0500","-0.0050","-1.0000","0.0000","0.0000","0.0000","0.0000","0.0000"
"10987.0","15:13:20.922","2225164.0000","1.7646","60563.0000","-0.0500","-0.0050","-1.0000","0.0000","0.0000","0.0000","0.0000","0.0000"
"10988.0","15:13:20.923","2224881.0000","1.7337","60563.0000","-0.0500","-0.0050","-1.0000","0.0000","0.0000","0.0000","0.0000","0.0000"
"10989.0","15:13:20.924","2224003.0000","1.6380","60563.0000","-0.0500","-0.0050","-1.0000","0.0000","0.0000","0.0000","0.0000","0.0000"
"10990.0","15:13:20.925","2224197.0000","1.6592","60563.0000","-0.0500","-0.0050","-1.0000","0.0000","0.0000","0.0000","0.0000","0.0000"
"10991.0","15:13:20.926","2224370.0000","1.6780","60563.0000","-0.0500","-0.0050","-1.0000","0.0000","0.0000","0.0000","0.0000","0.0000"
"10992.0","15:13:20.927","2224238.0000","1.6636","60563.0000","-0.0500","-0.0050","-1.0000","0.0000","0.0000","0.0000","0.0000","0.0000"
"10993.0","15:13:20.928","2223955.0000","1.6328","60563.0000","-0.0500","-0.0050","-1.0000","0.0000","0.0000","0.0000","0.0000","0.0000"
"10994.0","15:13:20.929","2223836.0000","1.6198","60563.0000","-0.0500","-0.0050","-1.0000","0.0000","0.0000","0.0000","0.0000","0.0000"
"10995.0","15:13:20.930","2223512.0000","1.5845","60563.0000","-0.0500","-0.0050","-1.0000","0.0000","0.0000","0.0000","0.0000","0.0000"
"10996.0","15:13:20.931","2224239.0000","1.6638","60563.0000","-0.0500","-0.0050","-1.0000","0.0000","0.0000","0.0000","0.0000","0.0000"
"10997.0","15:13:20.932","2223990.0000","1.6366","60563.0000","-0.0500","-0.0050","-1.0000","0.0000","0.0000","0.0000","0.0000","0.0000"
"10998.0","15:13:20.933","2223623.0000","1.5966","60563.0000","-0.0500","-0.0050","-1.0000","0.0000","0.0000","0.0000","0.0000","0.0000"
"10999.0","15:13:20.934","2224641.0000","1.7076","60563.0000","-0.0500","-0.0050","-1.0000","0.0000","0.0000","0.0000","0.0000","0.0000"
"11000.0","15:13:20.935","2223910.0000","1.6279","60563.0000","-0.0500","-0.0050","-1.0000","0.0000","0.0000","0.0000","0.0000","0.0000"
"11001.0","15:13:20.936","2224469.0000","1.6889","60563.0000","-0.0500","-0.0050","-1.0000","0.0000","0.0000","0.0000","0.0000","0.0000"
"11002.0","15:13:20.937","2224595.0000","1.7026","60563.0000","-0.0500","-0.0050","-1.0000","0.0000","0.0000","0.0000","0.0000","0.0000"
"11003.0","15:13:20.938","2224395.0000","1.6808","60563.0000","-0.0500","-0.0050","-1.0000","0.0000","0.0000","0.0000","0.0000","0.0000"
"11004.0","15:13:20.939","2224713.0000","1.7155","60563.0000","-0.0500","-0.0050","-1.0000","0.0000","0.0000","0.0000","0.0000","0.0000"
"11005.0","15:13:20.940","2224516.0000","1.6939","60563.0000","-0.0500","-0.0050","-1.0000","0.0000","0.0000","0.0000","0.0000","0.0000"
"11006.0","15:13:20.941","2225006.0000","1.7474","60563.0000","-0.0500","-0.0050","-1.0000","0.0000","0.0000","0.0000","0.0000","0.0000"
"11007.0","15:13:20.942","2224543.0000","1.6969","60563.0000","-0.0500","-0.0050","-1.0000","0.0000","0.0000","0.0000","0.0000","0.0000"
"11008.0","15:13:20.943","2224429.0000","1.6845","60563.0000","-0.0500","-0.0050","-1.0000","0.0000","0.0000","0.0000","0.0000","0.0000"
"11009.0","15:13:20.944","2224649.0000","1.7085","60563.0000","-0.0500","-0.0050","-1.0000","0.0000","0.0000","0.0000","0.0000","0.0000"
"11010.0","15:13:20.945","2223826.0000","1.6188","60563.0000","-0.0500","-0.0050","-1.0000","0.0000","0.0000","0.0000","0.0000","0.0000"
"11011.0","15:13:20.946","2222927.0000","1.5207","60563.0000","-0.0500","-0.0050","-1.0000","0.0000","0.0000","0.0000","0.0000","0.0000"
"11012.0","15:13:20.947","2223911.0000","1.6280","60568.0000","-0.0500","-0.0050","-1.0000","0.0000","0.0000","0.0000","0.0000","0.0000"
"11013.0","15:13:20.948","2223911.0000","1.6280","60568.0000","-0.0500","-0.0050","-1.0000","0.0000","0.0000","0.0000","0.0000","0.0000"
"11014.0","15:13:20.949","2223666.0000","1.6013","60568.0000","-0.0500","-0.0050","-1.0000","0.0000","0.0000","0.0000","0.0000","0.0000"
"11015.0","15:13:20.950","2223648.0000","1.5994","60568.0000","-0.0500","-0.0050","-1.0000","0.0000","0.0000","0.0000","0.0000","0.0000"
"11016.0","15:13:20.951","2223638.0000","1.5982","60568.0000","-0.0500","-0.0050","-1.0000","0.0000","0.0000","0.0000","0.0000","0.0000"
"11017.0","15:13:20.952","2223970.0000","1.6344","60568.0000","-0.0500","-0.0050","-1.0000","0.0000","0.0000","0.0000","0.0000","0.0000"
"11018.0","15:13:20.953","2223615.0000","1.5957","60568.0000","-0.0500","-0.0050","-1.0000","0.0000","0.0000","0.0000","0.0000","0.0000"
"11019.0","15:13:20.954","2224462.0000","1.6881","60568.0000","-0.0500","-0.0050","-1.0000","0.0000","0.0000","0.0000","0.0000","0.0000"
"11020.0","15:13:20.955","2224172.0000","1.6564","60568.0000","-0.0500","-0.0050","-1.0000","0.0000","0.0000","0.0000","0.0000","0.0000"
"11021.0","15:13:20.956","2225511.0000","1.8024","60568.0000","-0.0500","-0.0050","-1.0000","0.0000","0.0000","0.0000","0.0000","0.0000"
"11022.0","15:13:20.957","2223845.0000","1.6208","60568.0000","-0.0500","-0.0050","-1.0000","0.0000","0.0000","0.0000","0.0000","0.0000"
"11023.0","15:13:20.958","2224487.0000","1.6908","60568.0000","-0.0500","-0.0050","-1.0000","0.0000","0.0000","0.0000","0.0000","0.0000"
"11024.0","15:13:20.959","2224604.0000","1.7036","60568.0000","-0.0500","-0.0050","-1.0000","0.0000","0.0000","0.0000","0.0000","0.0000"
"11025.0","15:13:20.960","2223973.0000","1.6348","60568.0000","-0.0500","-0.0050","-1.0000","0.0000","0.0000","0.0000","0.0000","0.0000"
"11026.0","15:13:20.961","2224306.0000","1.6711","60568.0000","-0.0500","-0.0050","-1.0000","0.0000","0.0000","0.0000","0.0000","0.0000"
"11027.0","15:13:20.962","2223922.0000","1.6292","60568.0000","-0.0500","-0.0050","-1.0000","0.0000","0.0000","0.0000","0.0000","0.0000"
"11028.0","15:13:20.963","2223918.0000","1.6288","60568.0000","-0.0500","-0.0050","-1.0000","0.0000","0.0000","0.0000","0.0000","0.0000"
"11029.0","15:13:20.964","2223992.0000","1.6368","60568.0000","-0.0500","-0.0050","-1.0000","0.0000","0.0000","0.0000","0.0000","0.0000"
"11030.0","15:13:20.965","2223844.0000","1.6207","60568.0000","-0.0500","-0.0050","-1.0000","0.0000","0.0000","0.0000","0.0000","0.0000"
"11031.0","15:13:20.966","2223659.0000","1.6005","60568.0000","-0.0500","-0.0050","-1.0000","0.0000","0.0000","0.0000","0.0000","0.0000"
"11032.0","15:13:20.967","2224734.0000","1.7177","60568.0000","-0.0500","-0.0050","-1.0000","0.0000","0.0000","0.0000","0.0000","0.0000"
"11033.0","15:13:20.968","2224543.0000","1.6969","60568.0000","-0.0500","-0.0050","-1.0000","0.0000","0.0000","0.0000","0.0000","0.0000"
"11034.0","15:13:20.969","2223583.0000","1.5922","60568.0000","-0.0500","-0.0050","-1.0000","0.0000","0.0000","0.0000","0.0000","0.0000"
"11035.0","15:13:20.970","2224531.0000","1.6956","60568.0000","-0.0500","-0.0050","-1.0000","0.0000","0.0000","0.0000","0.0000","0.0000"
"11036.0","15:13:20.971","2223459.0000","1.5787","60568.0000","-0.0500","-0.0050","-1.0000","0.0000","0.0000","0.0000","0.0000","0.0000"
"11037.0","15:13:20.972","2224376.0000","1.6787","60568.0000","-0.0500","-0.0050","-1.0000","0.0000","0.0000","0.0000","0.0000","0.0000"
"11038.0","15:13:20.973","2225184.0000","1.7668","60568.0000","-0.0500","-0.0050","-1.0000","0.0000","0.0000","0.0000","0.0000","0.0000"
"11039.0","15:13:20.974","2223948.0000","1.6320","60568.0000","-0.0500","-0.0050","-1.0000","0.0000","0.0000","0.0000","0.0000","0.0000"
"11040.0","15:13:20.975","2225114.0000","1.7592","60568.0000","-0.0500","-0.0050","-1.0000","0.0000","0.0000","0.0000","0.0000","0.0000"
"11041.0","15:13:20.976","2224426.0000","1.6842","60568.0000","-0.0500","-0.0050","-1.0000","0.0000","0.0000","0.0000","0.0000","0.0000"
"11042.0","15:13:20.977","2224326.0000","1.6733","60568.0000","-0.0500","-0.0050","-1.0000","0.0000","0.0000","0.0000","0.0000","0.0000"
"11043.0","15:13:20.978","2223558.0000","1.5895","60568.0000","-0.0500","-0.0050","-1.0000","0.0000","0.0000","0.0000","0.0000","0.0000"
"11044.0","15:13:20.979","2221519.0000","1.3673","60568.0000","-0.0500","-0.0050","-1.0000","0.0000","0.0000","0.0000","0.0000","0.0000"
"11045.0","15:13:20.980","2222579.0000","1.4828","60568.0000","-0.0500","-0.0050","-1.0000","0.0000","0.0000","0.0000","0.0000","0.0000"
"11046.0","15:13:20.981","2222524.0000","1.4768","60568.0000","-0.0500","-0.0050","-1.0000","0.0000","0.0000","0.0000","0.0000","0.0000"
"11047.0","15:13:20.982","2222751.0000","1.5015","60568.0000","-0.0500","-0.0050","-1.0000","0.0000","0.0000","0.0000","0.0000","0.0000"
"11048.0","15:13:20.983","2222877.0000","1.5153","60568.0000","-0.0500","-0.0050","-1.0000","0.0000","0.0000","0.0000","0.0000","0.0000"
"11049.0","15:13:20.984","2222587.0000","1.4837","60568.0000","-0.0500","-0.0050","-1.0000","0.0000","0.0000","0.0000","0.0000","0.0000"
"11050.0","15:13:20.985","2222009.0000","1.4207","60568.0000","-0.0500","-0.0050","-1.0000","0.0000","0.0000","0.0000","0.0000","0.0000"
"11051.0","15:13:20.986","2222172.0000","1.4384","60568.0000","-0.0500","-0.0050","-1.0000","0.0000","0.0000","0.0000","0.0000","0.0000"
"11052.0","15:13:20.987","2222738.0000","1.5001","60568.0000","-0.0500","-0.0050","-1.0000","0.0000","0.0000","0.0000","0.0000","0.0000"
"11053.0","15:13:20.988","2222746.0000","1.5010","60568.0000","-0.0500","-0.0050","-1.0000","0.0000","0.0000","0.0000","0.0000","0.0000"
"11054.0","15:13:20.989","2222729.0000","1.4991","60568.0000","-0.0500","-0.0050","-1.0000","0.0000","0.0000","0.0000","0.0000","0.0000"
"11055.0","15:13:20.990","2222248.0000","1.4467","60568.0000","-0.0500","-0.0050","-1.0000","0.0000","0.0000","0.0000","0.0000","0.0000"
"11056.0","15:13:20.991","2222783.0000","1.5050","60568.0000","-0.0500","-0.0050","-1.0000","0.0000","0.0000","0.0000","0.0000","0.0000"
"11057.0","15:13:20.992","2222802.0000","1.5071","60568.0000","-0.0500","-0.0050","-1.0000","0.0000","0.0000","0.0000","0.0000","0.0000"
"11058.0","15:13:20.993","2222521.0000","1.4765","60568.0000","-0.0500","-0.0050","-1.0000","0.0000","0.0000","0.0000","0.0000","0.0000"
"11059.0","15:13:20.994","2221270.0000","1.3401","60568.0000","-0.0500","-0.0050","-1.0000","0.0000","0.0000","0.0000","0.0000","0.0000"
"11060.0","15:13:20.995","2221270.0000","1.3401","60568.0000","-0.0500","-0.0050","-1.0000","0.0000","0.0000","0.0000","0.0000","0.0000"
"11061.0","15:13:20.996","2221972.0000","1.4166","60568.0000","-0.0500","-0.0050","-1.0000","0.0000","0.0000","0.0000","0.0000","0.0000"
"11062.0","15:13:20.997","2222450.0000","1.4687","60568.0000","-0.0500","-0.0050","-1.0000","0.0000","0.0000","0.0000","0.0000","0.0000"
"11063.0","15:13:20.998","2221725.0000","1.3897","60568.0000","-0.0500","-0.0050","-1.0000","0.0000","0.0000","0.0000","0.0000","0.0000"
"11064.0","15:13:20.999","2220695.0000","1.2774","60568.0000","-0.0500","-0.0050","-1.0000","0.0000","0.0000","0.0000","0.0000","0.0000"
"11065.0","15:13:21.0","2221069.0000","1.3182","60568.0000","-0.0500","-0.0050","-1.0000","0.0000","0.0000","0.0000","0.0000","0.0000"
"11066.0","15:13:21.1","2222198.0000","1.4412","60568.0000","-0.0500","-0.0050","-1.0000","0.0000","0.0000","0.0000","0.0000","0.0000"
"11067.0","15:13:21.2","2222080.0000","1.4284","60568.0000","-0.0500","-0.0050","-1.0000","0.0000","0.0000","0.0000","0.0000","0.0000"
"11068.0","15:13:21.3","2221760.0000","1.3935","60568.0000","-0.0500","-0.0050","-1.0000","0.0000","0.0000","0.0000","0.0000","0.0000"
"11069.0","15:13:21.4","2222066.0000","1.4269","60568.0000","-0.0500","-0.0050","-1.0000","0.0000","0.0000","0.0000","0.0000","0.0000"
"11070.0","15:13:21.5","2222771.0000","1.5037","60568.0000","-0.0500","-0.0050","-1.0000","0.0000","0.0000","0.0000","0.0000","0.0000"
"11071.0","15:13:21.6","2221744.0000","1.3918","60568.0000","-0.0500","-0.0050","-1.0000","0.0000","0.0000","0.0000","0.0000","0.0000"
"11072.0","15:13:21.7","2221144.0000","1.3264","60568.0000","-0.0500","-0.0050","-1.0000","0.0000","0.0000","0.0000","0.0000","0.0000"
"11073.0","15:13:21.8","2222100.0000","1.4306","60558.0000","-0.0500","-0.0050","-1.0000","0.0000","0.0000","0.0000","0.0000","0.0000"
"11074.0","15:13:21.9","2221880.0000","1.4066","60558.0000","-0.0500","-0.0050","-1.0000","0.0000","0.0000","0.0000","0.0000","0.0000"
"11075.0","15:13:21.10","2221832.0000","1.4014","60558.0000","-0.0500","-0.0050","-1.0000","0.0000","0.0000","0.0000","0.0000","0.0000"
"11076.0","15:13:21.11","2222344.0000","1.4572","60558.0000","-0.0500","-0.0050","-1.0000","0.0000","0.0000","0.0000","0.0000","0.0000"
"11077.0","15:13:21.12","2221999.0000","1.4196","60558.0000","-0.0500","-0.0050","-1.0000","0.0000","0.0000","0.0000","0.0000","0.0000"
"11078.0","15:13:21.13","2221786.0000","1.3964","60558.0000","-0.0500","-0.0050","-1.0000","0.0000","0.0000","0.0000","0.0000","0.0000"
"11079.0","15:13:21.14","2221925.0000","1.4115","60558.0000","-0.0500","-0.0050","-1.0000","0.0000","0.0000","0.0000","0.0000","0.0000"
"11080.0","15:13:21.15","2221804.0000","1.3983","60558.0000","-0.0500","-0.0050","-1.0000","0.0000","0.0000","0.0000","0.0000","0.0000"
"11081.0","15:13:21.16","2221908.0000","1.4096","60558.0000","-0.0500","-0.0050","-1.0000","0.0000","0.0000","0.0000","0.0000","0.0000"
"11082.0","15:13:21.17","2221780.0000","1.3957","60558.0000","-0.0500","-0.0050","-1.0000","0.0000","0.0000","0.0000","0.0000","0.0000"
"11083.0","15:13:21.18","2222011.0000","1.4209","60558.0000","-0.0500","-0.0050","-1.0000","0.0000","0.0000","0.0000","0.0000","0.0000"
"11084.0","15:13:21.19","2221733.0000","1.3905","60558.0000","-0.0500","-0.0050","-1.0000","0.0000","0.0000","0.0000","0.0000","0.0000"
"11085.0","15:13:21.20","2221097.0000","1.3212","60558.0000","-0.0500","-0.0050","-1.0000","0.0000","0.0000","0.0000","0.0000","0.0000"
"11086.0","15:13:21.21","2221550.0000","1.3706","60558.0000","-0.0500","-0.0050","-1.0000","0.0000","0.0000","0.0000","0.0000","0.0000"
"11087.0","15:13:21.22","2221940.0000","1.4131","60558.0000","-0.0500","-0.0050","-1.0000","0.0000","0.0000","0.0000","0.0000","0.0000"
"11088.0","15:13:21.23","2221987.0000","1.4183","60558.0000","-0.0500","-0.0050","-1.0000","0.0000","0.0000","0.0000","0.0000","0.0000"
"11089.0","15:13:21.24","2222721.0000","1.4983","60558.0000","-0.0500","-0.0050","-1.0000","0.0000","0.0000","0.0000","0.0000","0.0000"
"11090.0","15:13:21.25","2222073.0000","1.4277","60558.0000","-0.0500","-0.0050","-1.0000","0.0000","0.0000","0.0000","0.0000","0.0000"
"11091.0","15:13:21.26","2221804.0000","1.3983","60558.0000","-0.0500","-0.0050","-1.0000","0.0000","0.0000","0.0000","0.0000","0.0000"
"11092.0","15:13:21.27","2222007.0000","1.4205","60558.0000","-0.0500","-0.0050","-1.0000","0.0000","0.0000","0.0000","0.0000","0.0000"
"11093.0","15:13:21.28","2221500.0000","1.3652","60558.0000","-0.0500","-0.0050","-1.0000","0.0000","0.0000","0.0000","0.0000","0.0000"
"11094.0","15:13:21.29","2221014.0000","1.3122","60558.0000","-0.0500","-0.0050","-1.0000","0.0000","0.0000","0.0000","0.0000","0.0000"
"11095.0","15:13:21.30","2221568.0000","1.3726","60558.0000","-0.0500","-0.0050","-1.0000","0.0000","0.0000","0.0000","0.0000","0.0000"
"11096.0","15:13:21.31","2221741.0000","1.3914","60558.0000","-0.0500","-0.0050","-1.0000","0.0000","0.0000","0.0000","0.0000","0.0000"
"11097.0","15:13:21.32","2221736.0000","1.3909","60558.0000","-0.0500","-0.0050","-1.0000","0.0000","0.0000","0.0000","0.0000","0.0000"
"11098.0","15:13:21.33","2221615.0000","1.3777","60558.0000","-0.0500","-0.0050","-1.0000","0.0000","0.0000","0.0000","0.0000","0.0000"
"11099.0","15:13:21.34","2220145.0000","1.2175","60558.0000","-0.0500","-0.0050","-1.0000","0.0000","0.0000","0.0000","0.0000","0.0000"
"11100.0","15:13:21.35","2221894.0000","1.4081","60558.0000","-0.0500","-0.0050","-1.0000","0.0000","0.0000","0.0000","0.0000","0.0000"
"11101.0","15:13:21.36","2223095.0000","1.5391","60558.0000","-0.0500","-0.0050","-1.0000","0.0000","0.0000","0.0000","0.0000","0.0000"
"11102.0","15:13:21.37","2222951.0000","1.5234","60558.0000","-0.0500","-0.0050","-1.0000","0.0000","0.0000","0.0000","0.0000","0.0000"
"11103.0","15:13:21.38","2223056.0000","1.5348","60558.0000","-0.0500","-0.0050","-1.0000","0.0000","0.0000","0.0000","0.0000","0.0000"
"11104.0","15:13:21.39","2223310.0000","1.5625","60558.0000","-0.0500","-0.0050","-1.0000","0.0000","0.0000","0.0000","0.0000","0.0000"
"11105.0","15:13:21.40","2222100.0000","1.4306","60558.0000","-0.0500","-0.0050","-1.0000","0.0000","0.0000","0.0000","0.0000","0.0000"
"11106.0","15:13:21.41","2222412.0000","1.4646","60558.0000","-0.0500","-0.0050","-1.0000","0.0000","0.0000","0.0000","0.0000","0.0000"
"11107.0","15:13:21.42","2222412.0000","1.4646","60558.0000","-0.0500","-0.0050","-1.0000","0.0000","0.0000","0.0000","0.0000","0.0000"
"11108.0","15:13:21.43","2223454.0000","1.5782","60558.0000","-0.0500","-0.0050","-1.0000","0.0000","0.0000","0.0000","0.0000","0.0000"
"11109.0","15:13:21.44","2222257.0000","1.4477","60558.0000","-0.0500","-0.0050","-1.0000","0.0000","0.0000","0.0000","0.0000","0.0000"
"11110.0","15:13:21.45","2221328.0000","1.3464","60558.0000","-0.0500","-0.0050","-1.0000","0.0000","0.0000","0.0000","0.0000","0.0000"
"11111.0","15:13:21.46","2220644.0000","1.2719","60558.0000","-0.0500","-0.0050","-1.0000","0.0000","0.0000","0.0000","0.0000","0.0000"
"11112.0","15:13:21.47","2221782.0000","1.3959","60558.0000","-0.0500","-0.0050","-1.0000","0.0000","0.0000","0.0000","0.0000","0.0000"
"11113.0","15:13:21.48","2221890.0000","1.4077","60558.0000","-0.0500","-0.0050","-1.0000","0.0000","0.0000","0.0000","0.0000","0.0000"
"11114.0","15:13:21.49","2222304.0000","1.4528","60558.0000","-0.0500","-0.0050","-1.0000","0.0000","0.0000","0.0000","0.0000","0.0000"
"11115.0","15:13:21.50","2222047.0000","1.4248","60558.0000","-0.0500","-0.0050","-1.0000","0.0000","0.0000","0.0000","0.0000","0.0000"
"11116.0","15:13:21.51","2222385.0000","1.4616","60558.0000","-0.0500","-0.0050","-1.0000","0.0000","0.0000","0.0000","0.0000","0.0000"
"11117.0","15:13:21.52","2221954.0000","1.4146","60558.0000","-0.0500","-0.0050","-1.0000","0.0000","0.0000","0.0000","0.0000","0.0000"
"11118.0","15:13:21.53","2221842.0000","1.4024","60558.0000","-0.0500","-0.0050","-1.0000","0.0000","0.0000","0.0000","0.0000","0.0000"
"11119.0","15:13:21.54","2222245.0000","1.4464","60558.0000","-0.0500","-0.0050","-1.0000","0.0000","0.0000","0.0000","0.0000","0.0000"
"11120.0","15:13:21.55","2222623.0000","1.4876","60558.0000","-0.0500","-0.0050","-1.0000","0.0000","0.0000","0.0000","0.0000","0.0000"
"11121.0","15:13:21.56","2222990.0000","1.5276","60558.0000","-0.0500","-0.0050","-1.0000","0.0000","0.0000","0.0000","0.0000","0.0000"
"11122.0","15:13:21.57","2222900.0000","1.5178","60558.0000","-0.0500","-0.0050","-1.0000","0.0000","0.0000","0.0000","0.0000","0.0000"
"11123.0","15:13:21.58","2223260.0000","1.5570","60558.0000","-0.0500","-0.0050","-1.0000","0.0000","0.0000","0.0000","0.0000","0.0000"
"11124.0","15:13:21.59","2223107.0000","1.5403","60558.0000","-0.0500","-0.0050","-1.0000","0.0000","0.0000","0.0000","0.0000","0.0000"
"11125.0","15:13:21.60","2222451.0000","1.4688","60558.0000","-0.0500","-0.0050","-1.0000","0.0000","0.0000","0.0000","0.0000","0.0000"
"11126.0","15:13:21.61","2221339.0000","1.3476","60558.0000","-0.0500","-0.0050","-1.0000","0.0000","0.0000","0.0000","0.0000","0.0000"
"11127.0","15:13:21.62","2221595.0000","1.3755","60558.0000","-0.0500","-0.0050","-1.0000","0.0000","0.0000","0.0000","0.0000","0.0000"
"11128.0","15:13:21.63","2222634.0000","1.4888","60558.0000","-0.0500","-0.0050","-1.0000","0.0000","0.0000","0.0000","0.0000","0.0000"
"11129.0","15:13:21.64","2222482.0000","1.4722","60558.0000","-0.0500","-0.0050","-1.0000","0.0000","0.0000","0.0000","0.0000","0.0000"
"11130.0","15:13:21.65","2222395.0000","1.4627","60558.0000","-0.0500","-0.0050","-1.0000","0.0000","0.0000","0.0000","0.0000","0.0000"
"11131.0","15:13:21.66","2221675.0000","1.3842","60558.0000","-0.0500","-0.0050","-1.0000","0.0000","0.0000","0.0000","0.0000","0.0000"
"11132.0","15:13:21.67","2221363.0000","1.3502","60558.0000","-0.0500","-0.0050","-1.0000","0.0000","0.0000","0.0000","0.0000","0.0000"
"11133.0","15:13:21.68","2220774.0000","1.2860","60567.0000","-0.0500","-0.0050","-1.0000","0.0000","0.0000","0.0000","0.0000","0.0000"
"11134.0","15:13:21.69","2220574.0000","1.2642","60567.0000","-0.0500","-0.0050","-1.0000","0.0000","0.0000","0.0000","0.0000","0.0000"
"11135.0","15:13:21.70","2221649.0000","1.3814","60567.0000","-0.0500","-0.0050","-1.0000","0.0000","0.0000","0.0000","0.0000","0.0000"
"11136.0","15:13:21.71","2222479.0000","1.4719","60567.0000","-0.0500","-0.0050","-1.0000","0.0000","0.0000","0.0000","0.0000","0.0000"
"11137.0","15:13:21.72","2222147.0000","1.4357","60567.0000","-0.0500","-0.0050","-1.0000","0.0000","0.0000","0.0000","0.0000","0.0000"
"11138.0","15:13:21.73","2221786.0000","1.3964","60567.0000","-0.0500","-0.0050","-1.0000","0.0000","0.0000","0.0000","0.0000","0.0000"
"11139.0","15:13:21.74","2222206.0000","1.4421","60567.0000","-0.0500","-0.0050","-1.0000","0.0000","0.0000","0.0000","0.0000","0.0000"
"11140.0","15:13:21.75","2220997.0000","1.3103","60567.0000","-0.0500","-0.0050","-1.0000","0.0000","0.0000","0.0000","0.0000","0.0000"
"11141.0","15:13:21.76","2220428.0000","1.2483","60567.0000","-0.0500","-0.0050","-1.0000","0.0000","0.0000","0.0000","0.0000","0.0000"
"11142.0","15:13:21.77","2220381.0000","1.2432","60567.0000","-0.0500","-0.0050","-1.0000","0.0000","0.0000","0.0000","0.0000","0.0000"
"11143.0","15:13:21.78","2220869.0000","1.2964","60567.0000","-0.0500","-0.0050","-1.0000","0.0000","0.0000","0.0000","0.0000","0.0000"
"11144.0","15:13:21.79","2220925.0000","1.3025","60567.0000","-0.0500","-0.0050","-1.0000","0.0000","0.0000","0.0000","0.0000","0.0000"
"11145.0","15:13:21.80","2220244.0000","1.2282","60567.0000","-0.0500","-0.0050","-1.0000","0.0000","0.0000","0.0000","0.0000","0.0000"
"11146.0","15:13:21.81","2220359.0000","1.2408","60567.0000","-0.0500","-0.0050","-1.0000","0.0000","0.0000","0.0000","0.0000","0.0000"
"11147.0","15:13:21.82","2221746.0000","1.3920","60567.0000","-0.0500","-0.0050","-1.0000","0.0000","0.0000","0.0000","0.0000","0.0000"
"11148.0","15:13:21.83","2222338.0000","1.4565","60567.0000","-0.0500","-0.0050","-1.0000","0.0000","0.0000","0.0000","0.0000","0.0000"
"11149.0","15:13:21.84","2222006.0000","1.4203","60567.0000","-0.0500","-0.0050","-1.0000","0.0000","0.0000","0.0000","0.0000","0.0000"
"11150.0","15:13:21.85","2221607.0000","1.3768","60567.0000","-0.0500","-0.0050","-1.0000","0.0000","0.0000","0.0000","0.0000","0.0000"
"11151.0","15:13:21.86","2222131.0000","1.4340","60567.0000","-0.0500","-0.0050","-1.0000","0.0000","0.0000","0.0000","0.0000","0.0000"
"11152.0","15:13:21.87","2222245.0000","1.4464","60567.0000","-0.0500","-0.0050","-1.0000","0.0000","0.0000","0.0000","0.0000","0.0000"
"11153.0","15:13:21.88","2222966.0000","1.5250","60567.0000","-0.0500","-0.0050","-1.0000","0.0000","0.0000","0.0000","0.0000","0.0000"
"11154.0","15:13:21.89","2222966.0000","1.5250","60567.0000","-0.0500","-0.0050","-1.0000","0.0000","0.0000","0.0000","0.0000","0.0000"
"11155.0","15:13:21.90","2222367.0000","1.4597","60567.0000","-0.0500","-0.0050","-1.0000","0.0000","0.0000","0.0000","0.0000","0.0000"
"11156.0","15:13:21.91","2221889.0000","1.4076","60567.0000","-0.0500","-0.0050","-1.0000","0.0000","0.0000","0.0000","0.0000","0.0000"
"11157.0","15:13:21.92","2222799.0000","1.5068","60567.0000","-0.0500","-0.0050","-1.0000","0.0000","0.0000","0.0000","0.0000","0.0000"
"11158.0","15:13:21.93","2222530.0000","1.4775","60567.0000","-0.0500","-0.0050","-1.0000","0.0000","0.0000","0.0000","0.0000","0.0000"
"11159.0","15:13:21.94","2221280.0000","1.3412","60567.0000","-0.0500","-0.0050","-1.0000","0.0000","0.0000","0.0000","0.0000","0.0000"
"11160.0","15:13:21.95","2220444.0000","1.2500","60567.0000","-0.0500","-0.0050","-1.0000","0.0000","0.0000","0.0000","0.0000","0.0000"
"11161.0","15:13:21.96","2220660.0000","1.2736","60567.0000","-0.0500","-0.0050","-1.0000","0.0000","0.0000","0.0000","0.0000","0.0000"
"11162.0","15:13:21.97","2220621.0000","1.2694","60567.0000","-0.0500","-0.0050","-1.0000","0.0000","0.0000","0.0000","0.0000","0.0000"
"11163.0","15:13:21.98","2221237.0000","1.3365","60567.0000","-0.0500","-0.0050","-1.0000","0.0000","0.0000","0.0000","0.0000","0.0000"
"11164.0","15:13:21.99","2221648.0000","1.3813","60567.0000","-0.0500","-0.0050","-1.0000","0.0000","0.0000","0.0000","0.0000","0.0000"
"11165.0","15:13:21.100","2221253.0000","1.3382","60567.0000","-0.0500","-0.0050","-1.0000","0.0000","0.0000","0.0000","0.0000","0.0000"
"11166.0","15:13:21.101","2221725.0000","1.3897","60567.0000","-0.0500","-0.0050","-1.0000","0.0000","0.0000","0.0000","0.0000","0.0000"
"11167.0","15:13:21.102","2222258.0000","1.4478","60567.0000","-0.0500","-0.0050","-1.0000","0.0000","0.0000","0.0000","0.0000","0.0000"
"11168.0","15:13:21.103","2221873.0000","1.4058","60567.0000","-0.0500","-0.0050","-1.0000","0.0000","0.0000","0.0000","0.0000","0.0000"
"11169.0","15:13:21.104","2221658.0000","1.3824","60567.0000","-0.0500","-0.0050","-1.0000","0.0000","0.0000","0.0000","0.0000","0.0000"
"11170.0","15:13:21.105","2222528.0000","1.4772","60567.0000","-0.0500","-0.0050","-1.0000","0.0000","0.0000","0.0000","0.0000","0.0000"
"11171.0","15:13:21.106","2222470.0000","1.4709","60567.0000","-0.0500","-0.0050","-1.0000","0.0000","0.0000","0.0000","0.0000","0.0000"
"11172.0","15:13:21.107","2222701.0000","1.4961","60567.0000","-0.0500","-0.0050","-1.0000","0.0000","0.0000","0.0000","0.0000","0.0000"
"11173.0","15:13:21.108","2224126.0000","1.6514","60567.0000","-0.0500","-0.0050","-1.0000","0.0000","0.0000","0.0000","0.0000","0.0000"
"11174.0","15:13:21.109","2224035.0000","1.6415","60567.0000","-0.0500","-0.0050","-1.0000","0.0000","0.0000","0.0000","0.0000","0.0000"
"11175.0","15:13:21.110","2223287.0000","1.5600","60567.0000","-0.0500","-0.0050","-1.0000","0.0000","0.0000","0.0000","0.0000","0.0000"
"11176.0","15:13:21.111","2223060.0000","1.5353","60567.0000","-0.0500","-0.0050","-1.0000","0.0000","0.0000","0.0000","0.0000","0.0000"
"11177.0","15:13:21.112","2222558.0000","1.4805","60567.0000","-0.0500","-0.0050","-1.0000","0.0000","0.0000","0.0000","0.0000","0.0000"
"11178.0","15:13:21.113","2223158.0000","1.5459","60567.0000","-0.0500","-0.0050","-1.0000","0.0000","0.0000","0.0000","0.0000","0.0000"
"11179.0","15:13:21.114","2222310.0000","1.4535","60567.0000","-0.0500","-0.0050","-1.0000","0.0000","0.0000","0.0000","0.0000","0.0000"
"11180.0","15:13:21.115","2222832.0000","1.5104","60567.0000","-0.0500","-0.0050","-1.0000","0.0000","0.0000","0.0000","0.0000","0.0000"
"11181.0","15:13:21.116","2222651.0000","1.4906","60567.0000","-0.0500","-0.0050","-1.0000","0.0000","0.0000","0.0000","0.0000","0.0000"
"11182.0","15:13:21.117","2222394.0000","1.4626","60567.0000","-0.0500","-0.0050","-1.0000","0.0000","0.0000","0.0000","0.0000","0.0000"
"11183.0","15:13:21.118","2222769.0000","1.5035","60567.0000","-0.0500","-0.0050","-1.0000","0.0000","0.0000","0.0000","0.0000","0.0000"
"11184.0","15:13:21.119","2222922.0000","1.5202","60567.0000","-0.0500","-0.0050","-1.0000","0.0000","0.0000","0.0000","0.0000","0.0000"
"11185.0","15:13:21.120","2223011.0000","1.5299","60567.0000","-0.0500","-0.0050","-1.0000","0.0000","0.0000","0.0000","0.0000","0.0000"
"11186.0","15:13:21.121","2223357.0000","1.5676","60567.0000","-0.0500","-0.0050","-1.0000","0.0000","0.0000","0.0000","0.0000","0.0000"
"11187.0","15:13:21.122","2223446.0000","1.5773","60567.0000","-0.0500","-0.0050","-1.0000","0.0000","0.0000","0.0000","0.0000","0.0000"
"11188.0","15:13:21.123","2223963.0000","1.6337","60567.0000","-0.0500","-0.0050","-1.0000","0.0000","0.0000","0.0000","0.0000","0.0000"
"11189.0","15:13:21.124","2223906.0000","1.6275","60567.0000","-0.0500","-0.0050","-1.0000","0.0000","0.0000","0.0000","0.0000","0.0000"
"11190.0","15:13:21.125","2224014.0000","1.6392","60567.0000","-0.0500","-0.0050","-1.0000","0.0000","0.0000","0.0000","0.0000","0.0000"
"11191.0","15:13:21.126","2223620.0000","1.5963","60567.0000","-0.0500","-0.0050","-1.0000","0.0000","0.0000","0.0000","0.0000","0.0000"
"11192.0","15:13:21.127","2222040.0000","1.4240","60567.0000","-0.0500","-0.0050","-1.0000","0.0000","0.0000","0.0000","0.0000","0.0000"
"11193.0","15:13:21.128","2222135.0000","1.4344","60561.0000","-0.0500","-0.0050","-1.0000","0.0000","0.0000","0.0000","0.0000","0.0000"
"11194.0","15:13:21.129","2221305.0000","1.3439","60561.0000","-0.0500","-0.0050","-1.0000","0.0000","0.0000","0.0000","0.0000","0.0000"
"11195.0","15:13:21.130","2222018.0000","1.4216","60561.0000","-0.0500","-0.0050","-1.0000","0.0000","0.0000","0.0000","0.0000","0.0000"
"11196.0","15:13:21.131","2223109.0000","1.5406","60561.0000","-0.0500","-0.0050","-1.0000","0.0000","0.0000","0.0000","0.0000","0.0000"
"11197.0","15:13:21.132","2221947.0000","1.4139","60561.0000","-0.0500","-0.0050","-1.0000","0.0000","0.0000","0.0000","0.0000","0.0000"
"11198.0","15:13:21.133","2222048.0000","1.4249","60561.0000","-0.0500","-0.0050","-1.0000","0.0000","0.0000","0.0000","0.0000","0.0000"
"11199.0","15:13:21.134","2222910.0000","1.5189","60561.0000","-0.0500","-0.0050","-1.0000","0.0000","0.0000","0.0000","0.0000","0.0000"
"11200.0","15:13:21.135","2222910.0000","1.5189","60561.0000","-0.0500","-0.0050","-1.0000","0.0000","0.0000","0.0000","0.0000","0.0000"
"11201.0","15:13:21.136","2222808.0000","1.5078","60561.0000","-0.0500","-0.0050","-1.0000","0.0000","0.0000","0.0000","0.0000","0.0000"
"11202.0","15:13:21.137","2221980.0000","1.4175","60561.0000","-0.0500","-0.0050","-1.0000","0.0000","0.0000","0.0000","0.0000","0.0000"
"11203.0","15:13:21.138","2222927.0000","1.5207","60561.0000","-0.0500","-0.0050","-1.0000","0.0000","0.0000","0.0000","0.0000","0.0000"
"11204.0","15:13:21.139","2223542.0000","1.5878","60561.0000","-0.0500","-0.0050","-1.0000","0.0000","0.0000","0.0000","0.0000","0.0000"
"11205.0","15:13:21.140","2223116.0000","1.5413","60561.0000","-0.0500","-0.0050","-1.0000","0.0000","0.0000","0.0000","0.0000","0.0000"
"11206.0","15:13:21.141","2223533.0000","1.5868","60561.0000","-0.0500","-0.0050","-1.0000","0.0000","0.0000","0.0000","0.0000","0.0000"
"11207.0","15:13:21.142","2222134.0000","1.4343","60561.0000","-0.0500","-0.0050","-1.0000","0.0000","0.0000","0.0000","0.0000","0.0000"
"11208.0","15:13:21.143","2222424.0000","1.4659","60561.0000","-0.0500","-0.0050","-1.0000","0.0000","0.0000","0.0000","0.0000","0.0000"
"11209.0","15:13:21.144","2222044.0000","1.4245","60561.0000","-0.0500","-0.0050","-1.0000","0.0000","0.0000","0.0000","0.0000","0.0000"
"11210.0","15:13:21.145","2221912.0000","1.4101","60561.0000","-0.0500","-0.0050","-1.0000","0.0000","0.0000","0.0000","0.0000","0.0000"
"11211.0","15:13:21.146","2221831.0000","1.4012","60561.0000","-0.0500","-0.0050","-1.0000","0.0000","0.0000","0.0000","0.0000","0.0000"
"11212.0","15:13:21.147","2222306.0000","1.4530","60561.0000","-0.0500","-0.0050","-1.0000","0.0000","0.0000","0.0000","0.0000","0.0000"
"11213.0","15:13:21.148","2221699.0000","1.3869","60561.0000","-0.0500","-0.0050","-1.0000","0.0000","0.0000","0.0000","0.0000","0.0000"
"11214.0","15:13:21.149","2221933.0000","1.4124","60561.0000","-0.0500","-0.0050","-1.0000","0.0000","0.0000","0.0000","0.0000","0.0000"
"11215.0","15:13:21.150","2221728.0000","1.3900","60561.0000","-0.0500","-0.0050","-1.0000","0.0000","0.0000","0.0000","0.0000","0.0000"
"11216.0","15:13:21.151","2222766.0000","1.5032","60561.0000","-0.0500","-0.0050","-1.0000","0.0000","0.0000","0.0000","0.0000","0.0000"
"11217.0","15:13:21.152","2222084.0000","1.4288","60561.0000","-0.0500","-0.0050","-1.0000","0.0000","0.0000","0.0000","0.0000","0.0000"
"11218.0","15:13:21.153","2222766.0000","1.5032","60561.0000","-0.0500","-0.0050","-1.0000","0.0000","0.0000","0.0000","0.0000","0.0000"
"11219.0","15:13:21.154","2223684.0000","1.6032","60561.0000","-0.0500","-0.0050","-1.0000","0.0000","0.0000","0.0000","0.0000","0.0000"
"11220.0","15:13:21.155","2222909.0000","1.5188","60561.0000","-0.0500","-0.0050","-1.0000","0.0000","0.0000","0.0000","0.0000","0.0000"
"11221.0","15:13:21.156","2222988.0000","1.5274","60561.0000","-0.0500","-0.0050","-1.0000","0.0000","0.0000","0.0000","0.0000","0.0000"
"11222.0","15:13:21.157","2222891.0000","1.5168","60561.0000","-0.0500","-0.0050","-1.0000","0.0000","0.0000","0.0000","0.0000","0.0000"
"11223.0","15:13:21.158","2223255.0000","1.5565","60561.0000","-0.0500","-0.0050","-1.0000","0.0000","0.0000","0.0000","0.0000","0.0000"
"11224.0","15:13:21.159","2222152.0000","1.4362","60561.0000","-0.0500","-0.0050","-1.0000","0.0000","0.0000","0.0000","0.0000","0.0000"
"11225.0","15:13:21.160","2222714.0000","1.4975","60561.0000","-0.0500","-0.0050","-1.0000","0.0000","0.0000","0.0000","0.0000","0.0000"
"11226.0","15:13:21.161","2222884.0000","1.5160","60561.0000","-0.0500","-0.0050","-1.0000","0.0000","0.0000","0.0000","0.0000","0.0000"
"11227.0","15:13:21.162","2221822.0000","1.4002","60561.0000","-0.0500","-0.0050","-1.0000","0.0000","0.0000","0.0000","0.0000","0.0000"
"11228.0","15:13:21.163","2221343.0000","1.3480","60561.0000","-0.0500","-0.0050","-1.0000","0.0000","0.0000","0.0000","0.0000","0.0000"
"11229.0","15:13:21.164","2221457.0000","1.3605","60561.0000","-0.0500","-0.0050","-1.0000","0.0000","0.0000","0.0000","0.0000","0.0000"
"11230.0","15:13:21.165","2222020.0000","1.4218","60561.0000","-0.0500","-0.0050","-1.0000","0.0000","0.0000","0.0000","0.0000","0.0000"
"11231.0","15:13:21.166","2222119.0000","1.4327","60561.0000","-0.0500","-0.0050","-1.0000","0.0000","0.0000","0.0000","0.0000","0.0000"
"11232.0","15:13:21.167","2222262.0000","1.4483","60561.0000","-0.0500","-0.0050","-1.0000","0.0000","0.0000","0.0000","0.0000","0.0000"
"11233.0","15:13:21.168","2221774.0000","1.3950","60561.0000","-0.0500","-0.0050","-1.0000","0.0000","0.0000","0.0000","0.0000","0.0000"
"11234.0","15:13:21.169","2221915.0000","1.4104","60561.0000","-0.0500","-0.0050","-1.0000","0.0000","0.0000","0.0000","0.0000","0.0000"
"11235.0","15:13:21.170","2222139.0000","1.4348","60561.0000","-0.0500","-0.0050","-1.0000","0.0000","0.0000","0.0000","0.0000","0.0000"
"11236.0","15:13:21.171","2222586.0000","1.4836","60561.0000","-0.0500","-0.0050","-1.0000","0.0000","0.0000","0.0000","0.0000","0.0000"
"11237.0","15:13:21.172","2222130.0000","1.4339","60561.0000","-0.0500","-0.0050","-1.0000","0.0000","0.0000","0.0000","0.0000","0.0000"
"11238.0","15:13:21.173","2223147.0000","1.5447","60561.0000","-0.0500","-0.0050","-1.0000","0.0000","0.0000","0.0000","0.0000","0.0000"
"11239.0","15:13:21.174","2222586.0000","1.4836","60561.0000","-0.0500","-0.0050","-1.0000","0.0000","0.0000","0.0000","0.0000","0.0000"
"11240.0","15:13:21.175","2222613.0000","1.4865","60561.0000","-0.0500","-0.0050","-1.0000","0.0000","0.0000","0.0000","0.0000","0.0000"
"11241.0","15:13:21.176","2222436.0000","1.4672","60561.0000","-0.0500","-0.0050","-1.0000","0.0000","0.0000","0.0000","0.0000","0.0000"
"11242.0","15:13:21.177","2221920.0000","1.4109","60561.0000","-0.0500","-0.0050","-1.0000","0.0000","0.0000","0.0000","0.0000","0.0000"
"11243.0","15:13:21.178","2221481.0000","1.3631","60561.0000","-0.0500","-0.0050","-1.0000","0.0000","0.0000","0.0000","0.0000","0.0000"
"11244.0","15:13:21.179","2222142.0000","1.4352","60561.0000","-0.0500","-0.0050","-1.0000","0.0000","0.0000","0.0000","0.0000","0.0000"
"11245.0","15:13:21.180","2222042.0000","1.4243","60561.0000","-0.0500","-0.0050","-1.0000","0.0000","0.0000","0.0000","0.0000","0.0000"
"11246.0","15:13:21.181","2221416.0000","1.3560","60561.0000","-0.0500","-0.0050","-1.0000","0.0000","0.0000","0.0000","0.0000","0.0000"
"11247.0","15:13:21.182","2221416.0000","1.3560","60561.0000","-0.0500","-0.0050","-1.0000","0.0000","0.0000","0.0000","0.0000","0.0000"
"11248.0","15:13:21.183","2221504.0000","1.3656","60561.0000","-0.0500","-0.0050","-1.0000","0.0000","0.0000","0.0000","0.0000","0.0000"
"11249.0","15:13:21.184","2221883.0000","1.4069","60561.0000","-0.0500","-0.0050","-1.0000","0.0000","0.0000","0.0000","0.0000","0.0000"
"11250.0","15:13:21.185","2222037.0000","1.4237","60561.0000","-0.0500","-0.0050","-1.0000","0.0000","0.0000","0.0000","0.0000","0.0000"
"11251.0","15:13:21.186","2223111.0000","1.5408","60561.0000","-0.0500","-0.0050","-1.0000","0.0000","0.0000","0.0000","0.0000","0.0000"
"11252.0","15:13:21.187","2222029.0000","1.4228","60561.0000","-0.0500","-0.0050","-1.0000","0.0000","0.0000","0.0000","0.0000","0.0000"
"11253.0","15:13:21.188","2222722.0000","1.4984","60561.0000","-0.0500","-0.0050","-1.0000","0.0000","0.0000","0.0000","0.0000","0.0000"
"11254.0","15:13:21.189","2222944.0000","1.5226","60560.0000","-0.0500","-0.0050","-1.0000","0.0000","0.0000","0.0000","0.0000","0.0000"
"11255.0","15:13:21.190","2223222.0000","1.5529","60560.0000","-0.0500","-0.0050","-1.0000","0.0000","0.0000","0.0000","0.0000","0.0000"
"11256.0","15:13:21.191","2222187.0000","1.4401","60560.0000","-0.0500","-0.0050","-1.0000","0.0000","0.0000","0.0000","0.0000","0.0000"
"11257.0","15:13:21.192","2221957.0000","1.4150","60560.0000","-0.0500","-0.0050","-1.0000","0.0000","0.0000","0.0000","0.0000","0.0000"
"11258.0","15:13:21.193","2221669.0000","1.3836","60560.0000","-0.0500","-0.0050","-1.0000","0.0000","0.0000","0.0000","0.0000","0.0000"
"11259.0","15:13:21.194","2221794.0000","1.3972","60560.0000","-0.0500","-0.0050","-1.0000","0.0000","0.0000","0.0000","0.0000","0.0000"
"11260.0","15:13:21.195","2222145.0000","1.4355","60560.0000","-0.0500","-0.0050","-1.0000","0.0000","0.0000","0.0000","0.0000","0.0000"
"11261.0","15:13:21.196","2221405.0000","1.3548","60560.0000","-0.0500","-0.0050","-1.0000","0.0000","0.0000","0.0000","0.0000","0.0000"
"11262.0","15:13:21.197","2222603.0000","1.4854","60560.0000","-0.0500","-0.0050","-1.0000","0.0000","0.0000","0.0000","0.0000","0.0000"
"11263.0","15:13:21.198","2221958.0000","1.4151","60560.0000","-0.0500","-0.0050","-1.0000","0.0000","0.0000","0.0000","0.0000","0.0000"
"11264.0","15:13:21.199","2221589.0000","1.3749","60560.0000","-0.0500","-0.0050","-1.0000","0.0000","0.0000","0.0000","0.0000","0.0000"
"11265.0","15:13:21.200","2221781.0000","1.3958","60560.0000","-0.0500","-0.0050","-1.0000","0.0000","0.0000","0.0000","0.0000","0.0000"
"11266.0","15:13:21.201","2221356.0000","1.3495","60560.0000","-0.0500","-0.0050","-1.0000","0.0000","0.0000","0.0000","0.0000","0.0000"
"11267.0","15:13:21.202","2221438.0000","1.3584","60560.0000","-0.0500","-0.0050","-1.0000","0.0000","0.0000","0.0000","0.0000","0.0000"
"11268.0","15:13:21.203","2221321.0000","1.3457","60560.0000","-0.0500","-0.0050","-1.0000","0.0000","0.0000","0.0000","0.0000","0.0000"
"11269.0","15:13:21.204","2222160.0000","1.4371","60560.0000","-0.0500","-0.0050","-1.0000","0.0000","0.0000","0.0000","0.0000","0.0000"
"11270.0","15:13:21.205","2222247.0000","1.4466","60560.0000","-0.0500","-0.0050","-1.0000","0.0000","0.0000","0.0000","0.0000","0.0000"
"11271.0","15:13:21.206","2222649.0000","1.4904","60560.0000","-0.0500","-0.0050","-1.0000","0.0000","0.0000","0.0000","0.0000","0.0000"
"11272.0","15:13:21.207","2222214.0000","1.4430","60560.0000","-0.0500","-0.0050","-1.0000","0.0000","0.0000","0.0000","0.0000","0.0000"
"11273.0","15:13:21.208","2221951.0000","1.4143","60560.0000","-0.0500","-0.0050","-1.0000","0.0000","0.0000","0.0000","0.0000","0.0000"
"11274.0","15:13:21.209","2222260.0000","1.4480","60560.0000","-0.0500","-0.0050","-1.0000","0.0000","0.0000","0.0000","0.0000","0.0000"
"11275.0","15:13:21.210","2221488.0000","1.3639","60560.0000","-0.0500","-0.0050","-1.0000","0.0000","0.0000","0.0000","0.0000","0.0000"
"11276.0","15:13:21.211","2221695.0000","1.3864","60560.0000","-0.0500","-0.0050","-1.0000","0.0000","0.0000","0.0000","0.0000","0.0000"
"11277.0","15:13:21.212","2221494.0000","1.3645","60560.0000","-0.0500","-0.0050","-1.0000","0.0000","0.0000","0.0000","0.0000","0.0000"
"11278.0","15:13:21.213","2221706.0000","1.3876","60560.0000","-0.0500","-0.0050","-1.0000","0.0000","0.0000","0.0000","0.0000","0.0000"
"11279.0","15:13:21.214","2221368.0000","1.3508","60560.0000","-0.0500","-0.0050","-1.0000","0.0000","0.0000","0.0000","0.0000","0.0000"
"11280.0","15:13:21.215","2221631.0000","1.3795","60560.0000","-0.0500","-0.0050","-1.0000","0.0000","0.0000","0.0000","0.0000","0.0000"
"11281.0","15:13:21.216","2221350.0000","1.3488","60560.0000","-0.0500","-0.0050","-1.0000","0.0000","0.0000","0.0000","0.0000","0.0000"
"11282.0","15:13:21.217","2221192.0000","1.3316","60560.0000","-0.0500","-0.0050","-1.0000","0.0000","0.0000","0.0000","0.0000","0.0000"
"11283.0","15:13:21.218","2221196.0000","1.3320","60560.0000","-0.0500","-0.0050","-1.0000","0.0000","0.0000","0.0000","0.0000","0.0000"
"11284.0","15:13:21.219","2221053.0000","1.3164","60560.0000","-0.0500","-0.0050","-1.0000","0.0000","0.0000","0.0000","0.0000","0.0000"
"11285.0","15:13:21.220","2221892.0000","1.4079","60560.0000","-0.0500","-0.0050","-1.0000","0.0000","0.0000","0.0000","0.0000","0.0000"
"11286.0","15:13:21.221","2221598.0000","1.3758","60560.0000","-0.0500","-0.0050","-1.0000","0.0000","0.0000","0.0000","0.0000","0.0000"
"11287.0","15:13:21.222","2221702.0000","1.3872","60560.0000","-0.0500","-0.0050","-1.0000","0.0000","0.0000","0.0000","0.0000","0.0000"
"11288.0","15:13:21.223","2221898.0000","1.4086","60560.0000","-0.0500","-0.0050","-1.0000","0.0000","0.0000","0.0000","0.0000","0.0000"
"11289.0","15:13:21.224","2221801.0000","1.3980","60560.0000","-0.0500","-0.0050","-1.0000","0.0000","0.0000","0.0000","0.0000","0.0000"
"11290.0","15:13:21.225","2221880.0000","1.4066","60560.0000","-0.0500","-0.0050","-1.0000","0.0000","0.0000","0.0000","0.0000","0.0000"
"11291.0","15:13:21.226","2221674.0000","1.3842","60560.0000","-0.0500","-0.0050","-1.0000","0.0000","0.0000","0.0000","0.0000","0.0000"
"11292.0","15:13:21.227","2220502.0000","1.2563","60560.0000","-0.0500","-0.0050","-1.0000","0.0000","0.0000","0.0000","0.0000","0.0000"
"11293.0","15:13:21.228","2220636.0000","1.2710","60560.0000","-0.0500","-0.0050","-1.0000","0.0000","0.0000","0.0000","0.0000","0.0000"
"11294.0","15:13:21.229","2220636.0000","1.2710","60560.0000","-0.0500","-0.0050","-1.0000","0.0000","0.0000","0.0000","0.0000","0.0000"
"11295.0","15:13:21.230","2220528.0000","1.2592","60560.0000","-0.0500","-0.0050","-1.0000","0.0000","0.0000","0.0000","0.0000","0.0000"
"11296.0","15:13:21.231","2220746.0000","1.2829","60560.0000","-0.0500","-0.0050","-1.0000","0.0000","0.0000","0.0000","0.0000","0.0000"
"11297.0","15:13:21.232","2221406.0000","1.3549","60560.0000","-0.0500","-0.0050","-1.0000","0.0000","0.0000","0.0000","0.0000","0.0000"
"11298.0","15:13:21.233","2221691.0000","1.3860","60560.0000","-0.0500","-0.0050","-1.0000","0.0000","0.0000","0.0000","0.0000","0.0000"
"11299.0","15:13:21.234","2220818.0000","1.2908","60560.0000","-0.0500","-0.0050","-1.0000","0.0000","0.0000","0.0000","0.0000","0.0000"
"11300.0","15:13:21.235","2221440.0000","1.3586","60560.0000","-0.0500","-0.0050","-1.0000","0.0000","0.0000","0.0000","0.0000","0.0000"
"11301.0","15:13:21.236","2222638.0000","1.4892","60560.0000","-0.0500","-0.0050","-1.0000","0.0000","0.0000","0.0000","0.0000","0.0000"
"11302.0","15:13:21.237","2222475.0000","1.4715","60560.0000","-0.0500","-0.0050","-1.0000","0.0000","0.0000","0.0000","0.0000","0.0000"
"11303.0","15:13:21.238","2222643.0000","1.4898","60560.0000","-0.0500","-0.0050","-1.0000","0.0000","0.0000","0.0000","0.0000","0.0000"
"11304.0","15:13:21.239","2222644.0000","1.4899","60560.0000","-0.0500","-0.0050","-1.0000","0.0000","0.0000","0.0000","0.0000","0.0000"
"11305.0","15:13:21.240","2222928.0000","1.5209","60560.0000","-0.0500","-0.0050","-1.0000","0.0000","0.0000","0.0000","0.0000","0.0000"
"11306.0","15:13:21.241","2222350.0000","1.4578","60560.0000","-0.0500","-0.0050","-1.0000","0.0000","0.0000","0.0000","0.0000","0.0000"
"11307.0","15:13:21.242","2221980.0000","1.4175","60560.0000","-0.0500","-0.0050","-1.0000","0.0000","0.0000","0.0000","0.0000","0.0000"
"11308.0","15:13:21.243","2221881.0000","1.4067","60560.0000","-0.0500","-0.0050","-1.0000","0.0000","0.0000","0.0000","0.0000","0.0000"
"11309.0","15:13:21.244","2221545.0000","1.3701","60560.0000","-0.0500","-0.0050","-1.0000","0.0000","0.0000","0.0000","0.0000","0.0000"
"11310.0","15:13:21.245","2220680.0000","1.2758","60560.0000","-0.0500","-0.0050","-1.0000","0.0000","0.0000","0.0000","0.0000","0.0000"
"11311.0","15:13:21.246","2221412.0000","1.3556","60560.0000","-0.0500","-0.0050","-1.0000","0.0000","0.0000","0.0000","0.0000","0.0000"
"11312.0","15:13:21.247","2221684.0000","1.3852","60560.0000","-0.0500","-0.0050","-1.0000","0.0000","0.0000","0.0000","0.0000","0.0000"
"11313.0","15:13:21.248","2221523.0000","1.3677","60560.0000","-0.0500","-0.0050","-1.0000","0.0000","0.0000","0.0000","0.0000","0.0000"
"11314.0","15:13:21.249","2221744.0000","1.3918","60572.0000","-0.0500","-0.0050","-1.0000","0.0000","0.0000","0.0000","0.0000","0.0000"
"11315.0","15:13:21.250","2222168.0000","1.4380","60572.0000","-0.0500","-0.0050","-1.0000","0.0000","0.0000","0.0000","0.0000","0.0000"
"11316.0","15:13:21.251","2222413.0000","1.4647","60572.0000","-0.0500","-0.0050","-1.0000","0.0000","0.0000","0.0000","0.0000","0.0000"
"11317.0","15:13:21.252","2222985.0000","1.5271","60572.0000","-0.0500","-0.0050","-1.0000","0.0000","0.0000","0.0000","0.0000","0.0000"
"11318.0","15:13:21.253","2222487.0000","1.4728","60572.0000","-0.0500","-0.0050","-1.0000","0.0000","0.0000","0.0000","0.0000","0.0000"
"11319.0","15:13:21.254","2222646.0000","1.4901","60572.0000","-0.0500","-0.0050","-1.0000","0.0000","0.0000","0.0000","0.0000","0.0000"
"11320.0","15:13:21.255","2223028.0000","1.5318","60572.0000","-0.0500","-0.0050","-1.0000","0.0000","0.0000","0.0000","0.0000","0.0000"
"11321.0","15:13:21.256","2223726.0000","1.6079","60572.0000","-0.0500","-0.0050","-1.0000","0.0000","0.0000","0.0000","0.0000","0.0000"
"11322.0","15:13:21.257","2223793.0000","1.6151","60572.0000","-0.0500","-0.0050","-1.0000","0.0000","0.0000","0.0000","0.0000","0.0000"
"11323.0","15:13:21.258","2223659.0000","1.6005","60572.0000","-0.0500","-0.0050","-1.0000","0.0000","0.0000","0.0000","0.0000","0.0000"
"11324.0","15:13:21.259","2223745.0000","1.6099","60572.0000","-0.0500","-0.0050","-1.0000","0.0000","0.0000","0.0000","0.0000","0.0000"
"11325.0","15:13:21.260","2223248.0000","1.5557","60572.0000","-0.0500","-0.0050","-1.0000","0.0000","0.0000","0.0000","0.0000","0.0000"
"11326.0","15:13:21.261","2222590.0000","1.4840","60572.0000","-0.0500","-0.0050","-1.0000","0.0000","0.0000","0.0000","0.0000","0.0000"
"11327.0","15:13:21.262","2222404.0000","1.4637","60572.0000","-0.0500","-0.0050","-1.0000","0.0000","0.0000","0.0000","0.0000","0.0000"
"11328.0","15:13:21.263","2223175.0000","1.5478","60572.0000","-0.0500","-0.0050","-1.0000","0.0000","0.0000","0.0000","0.0000","0.0000"
"11329.0","15:13:21.264","2222883.0000","1.5159","60572.0000","-0.0500","-0.0050","-1.0000","0.0000","0.0000","0.0000","0.0000","0.0000"
"11330.0","15:13:21.265","2222206.0000","1.4421","60572.0000","-0.0500","-0.0050","-1.0000","0.0000","0.0000","0.0000","0.0000","0.0000"
"11331.0","15:13:21.266","2222699.0000","1.4959","60572.0000","-0.0500","-0.0050","-1.0000","0.0000","0.0000","0.0000","0.0000","0.0000"
"11332.0","15:13:21.267","2222995.0000","1.5281","60572.0000","-0.0500","-0.0050","-1.0000","0.0000","0.0000","0.0000","0.0000","0.0000"
"11333.0","15:13:21.268","2222884.0000","1.5160","60572.0000","-0.0500","-0.0050","-1.0000","0.0000","0.0000","0.0000","0.0000","0.0000"
"11334.0","15:13:21.269","2222734.0000","1.4997","60572.0000","-0.0500","-0.0050","-1.0000","0.0000","0.0000","0.0000","0.0000","0.0000"
"11335.0","15:13:21.270","2223516.0000","1.5850","60572.0000","-0.0500","-0.0050","-1.0000","0.0000","0.0000","0.0000","0.0000","0.0000"
"11336.0","15:13:21.271","2222832.0000","1.5104","60572.0000","-0.0500","-0.0050","-1.0000","0.0000","0.0000","0.0000","0.0000","0.0000"
"11337.0","15:13:21.272","2223728.0000","1.6081","60572.0000","-0.0500","-0.0050","-1.0000","0.0000","0.0000","0.0000","0.0000","0.0000"
"11338.0","15:13:21.273","2223190.0000","1.5494","60572.0000","-0.0500","-0.0050","-1.0000","0.0000","0.0000","0.0000","0.0000","0.0000"
"11339.0","15:13:21.274","2223095.0000","1.5391","60572.0000","-0.0500","-0.0050","-1.0000","0.0000","0.0000","0.0000","0.0000","0.0000"
"11340.0","15:13:21.275","2223816.0000","1.6176","60572.0000","-0.0500","-0.0050","-1.0000","0.0000","0.0000","0.0000","0.0000","0.0000"
"11341.0","15:13:21.276","2223816.0000","1.6176","60572.0000","-0.0500","-0.0050","-1.0000","0.0000","0.0000","0.0000","0.0000","0.0000"
"11342.0","15:13:21.277","2223441.0000","1.5768","60572.0000","-0.0500","-0.0050","-1.0000","0.0000","0.0000","0.0000","0.0000","0.0000"
"11343.0","15:13:21.278","2222424.0000","1.4659","60572.0000","-0.0500","-0.0050","-1.0000","0.0000","0.0000","0.0000","0.0000","0.0000"
"11344.0","15:13:21.279","2223050.0000","1.5341","60572.0000","-0.0500","-0.0050","-1.0000","0.0000","0.0000","0.0000","0.0000","0.0000"
"11345.0","15:13:21.280","2222449.0000","1.4686","60572.0000","-0.0500","-0.0050","-1.0000","0.0000","0.0000","0.0000","0.0000","0.0000"
"11346.0","15:13:21.281","2222988.0000","1.5274","60572.0000","-0.0500","-0.0050","-1.0000","0.0000","0.0000","0.0000","0.0000","0.0000"
"11347.0","15:13:21.282","2223326.0000","1.5642","60572.0000","-0.0500","-0.0050","-1.0000","0.0000","0.0000","0.0000","0.0000","0.0000"
"11348.0","15:13:21.283","2221809.0000","1.3989","60572.0000","-0.0500","-0.0050","-1.0000","0.0000","0.0000","0.0000","0.0000","0.0000"
"11349.0","15:13:21.284","2223294.0000","1.5607","60572.0000","-0.0500","-0.0050","-1.0000","0.0000","0.0000","0.0000","0.0000","0.0000"
"11350.0","15:13:21.285","2222681.0000","1.4939","60572.0000","-0.0500","-0.0050","-1.0000","0.0000","0.0000","0.0000","0.0000","0.0000"
"11351.0","15:13:21.286","2223610.0000","1.5952","60572.0000","-0.0500","-0.0050","-1.0000","0.0000","0.0000","0.0000","0.0000","0.0000"
"11352.0","15:13:21.287","2223100.0000","1.5396","60572.0000","-0.0500","-0.0050","-1.0000","0.0000","0.0000","0.0000","0.0000","0.0000"
"11353.0","15:13:21.288","2223152.0000","1.5453","60572.0000","-0.0500","-0.0050","-1.0000","0.0000","0.0000","0.0000","0.0000","0.0000"
"11354.0","15:13:21.289","2223464.0000","1.5793","60572.0000","-0.0500","-0.0050","-1.0000","0.0000","0.0000","0.0000","0.0000","0.0000"
"11355.0","15:13:21.290","2223540.0000","1.5876","60572.0000","-0.0500","-0.0050","-1.0000","0.0000","0.0000","0.0000","0.0000","0.0000"
"11356.0","15:13:21.291","2223374.0000","1.5694","60572.0000","-0.0500","-0.0050","-1.0000","0.0000","0.0000","0.0000","0.0000","0.0000"
"11357.0","15:13:21.292","2222617.0000","1.4869","60572.0000","-0.0500","-0.0050","-1.0000","0.0000","0.0000","0.0000","0.0000","0.0000"
"11358.0","15:13:21.293","2223071.0000","1.5364","60572.0000","-0.0500","-0.0050","-1.0000","0.0000","0.0000","0.0000","0.0000","0.0000"
"11359.0","15:13:21.294","2223297.0000","1.5611","60572.0000","-0.0500","-0.0050","-1.0000","0.0000","0.0000","0.0000","0.0000","0.0000"
"11360.0","15:13:21.295","2223100.0000","1.5396","60572.0000","-0.0500","-0.0050","-1.0000","0.0000","0.0000","0.0000","0.0000","0.0000"
"11361.0","15:13:21.296","2222350.0000","1.4578","60572.0000","-0.0500","-0.0050","-1.0000","0.0000","0.0000","0.0000","0.0000","0.0000"
"11362.0","15:13:21.297","2223274.0000","1.5585","60572.0000","-0.0500","-0.0050","-1.0000","0.0000","0.0000","0.0000","0.0000","0.0000"
"11363.0","15:13:21.298","2223170.0000","1.5472","60572.0000","-0.0500","-0.0050","-1.0000","0.0000","0.0000","0.0000","0.0000","0.0000"
"11364.0","15:13:21.299","2222827.0000","1.5098","60572.0000","-0.0500","-0.0050","-1.0000","0.0000","0.0000","0.0000","0.0000","0.0000"
"11365.0","15:13:21.300","2222974.0000","1.5259","60572.0000","-0.0500","-0.0050","-1.0000","0.0000","0.0000","0.0000","0.0000","0.0000"
"11366.0","15:13:21.301","2222782.0000","1.5049","60572.0000","-0.0500","-0.0050","-1.0000","0.0000","0.0000","0.0000","0.0000","0.0000"
"11367.0","15:13:21.302","2223121.0000","1.5419","60572.0000","-0.0500","-0.0050","-1.0000","0.0000","0.0000","0.0000","0.0000","0.0000"
"11368.0","15:13:21.303","2223378.0000","1.5699","60572.0000","-0.0500","-0.0050","-1.0000","0.0000","0.0000","0.0000","0.0000","0.0000"
"11369.0","15:13:21.304","2223469.0000","1.5798","60572.0000","-0.0500","-0.0050","-1.0000","0.0000","0.0000","0.0000","0.0000","0.0000"
"11370.0","15:13:21.305","2223713.0000","1.6064","60572.0000","-0.0500","-0.0050","-1.0000","0.0000","0.0000","0.0000","0.0000","0.0000"
"11371.0","15:13:21.306","2223472.0000","1.5801","60572.0000","-0.0500","-0.0050","-1.0000","0.0000","0.0000","0.0000","0.0000","0.0000"
"11372.0","15:13:21.307","2223574.0000","1.5913","60572.0000","-0.0500","-0.0050","-1.0000","0.0000","0.0000","0.0000","0.0000","0.0000"
"11373.0","15:13:21.308","2223778.0000","1.6135","60572.0000","-0.0500","-0.0050","-1.0000","0.0000","0.0000","0.0000","0.0000","0.0000"
"11374.0","15:13:21.309","2223882.0000","1.6248","60572.0000","-0.0500","-0.0050","-1.0000","0.0000","0.0000","0.0000","0.0000","0.0000"
"11375.0","15:13:21.310","2222906.0000","1.5184","60563.0000","-0.0500","-0.0050","-1.0000","0.0000","0.0000","0.0000","0.0000","0.0000"
"11376.0","15:13:21.311","2222789.0000","1.5057","60563.0000","-0.0500","-0.0050","-1.0000","0.0000","0.0000","0.0000","0.0000","0.0000"
"11377.0","15:13:21.312","2223221.0000","1.5528","60563.0000","-0.0500","-0.0050","-1.0000","0.0000","0.0000","0.0000","0.0000","0.0000"
"11378.0","15:13:21.313","2222136.0000","1.4345","60563.0000","-0.0500","-0.0050","-1.0000","0.0000","0.0000","0.0000","0.0000","0.0000"
"11379.0","15:13:21.314","2222600.0000","1.4851","60563.0000","-0.0500","-0.0050","-1.0000","0.0000","0.0000","0.0000","0.0000","0.0000"
"11380.0","15:13:21.315","2222409.0000","1.4643","60563.0000","-0.0500","-0.0050","-1.0000","0.0000","0.0000","0.0000","0.0000","0.0000"
"11381.0","15:13:21.316","2222162.0000","1.4374","60563.0000","-0.0500","-0.0050","-1.0000","0.0000","0.0000","0.0000","0.0000","0.0000"
"11382.0","15:13:21.317","2222655.0000","1.4911","60563.0000","-0.0500","-0.0050","-1.0000","0.0000","0.0000","0.0000","0.0000","0.0000"
"11383.0","15:13:21.318","2223221.0000","1.5528","60563.0000","-0.0500","-0.0050","-1.0000","0.0000","0.0000","0.0000","0.0000","0.0000"
"11384.0","15:13:21.319","2222765.0000","1.5031","60563.0000","-0.0500","-0.0050","-1.0000","0.0000","0.0000","0.0000","0.0000","0.0000"
"11385.0","15:13:21.320","2222609.0000","1.4861","60563.0000","-0.0500","-0.0050","-1.0000","0.0000","0.0000","0.0000","0.0000","0.0000"
"11386.0","15:13:21.321","2223659.0000","1.6005","60563.0000","-0.0500","-0.0050","-1.0000","0.0000","0.0000","0.0000","0.0000","0.0000"
"11387.0","15:13:21.322","2223883.0000","1.6250","60563.0000","-0.0500","-0.0050","-1.0000","0.0000","0.0000","0.0000","0.0000","0.0000"
"11388.0","15:13:21.323","2223883.0000","1.6250","60563.0000","-0.0500","-0.0050","-1.0000","0.0000","0.0000","0.0000","0.0000","0.0000"
"11389.0","15:13:21.324","2223557.0000","1.5894","60563.0000","-0.0500","-0.0050","-1.0000","0.0000","0.0000","0.0000","0.0000","0.0000"
"11390.0","15:13:21.325","2223169.0000","1.5471","60563.0000","-0.0500","-0.0050","-1.0000","0.0000","0.0000","0.0000","0.0000","0.0000"
"11391.0","15:13:21.326","2223496.0000","1.5828","60563.0000","-0.0500","-0.0050","-1.0000","0.0000","0.0000","0.0000","0.0000","0.0000"
"11392.0","15:13:21.327","2222116.0000","1.4323","60563.0000","-0.0500","-0.0050","-1.0000","0.0000","0.0000","0.0000","0.0000","0.0000"
"11393.0","15:13:21.328","2221997.0000","1.4193","60563.0000","-0.0500","-0.0050","-1.0000","0.0000","0.0000","0.0000","0.0000","0.0000"
"11394.0","15:13:21.329","2222082.0000","1.4286","60563.0000","-0.0500","-0.0050","-1.0000","0.0000","0.0000","0.0000","0.0000","0.0000"
"11395.0","15:13:21.330","2221786.0000","1.3964","60563.0000","-0.0500","-0.0050","-1.0000","0.0000","0.0000","0.0000","0.0000","0.0000"
"11396.0","15:13:21.331","2221744.0000","1.3918","60563.0000","-0.0500","-0.0050","-1.0000","0.0000","0.0000","0.0000","0.0000","0.0000"
"11397.0","15:13:21.332","2221590.0000","1.3750","60563.0000","-0.0500","-0.0050","-1.0000","0.0000","0.0000","0.0000","0.0000","0.0000"
"11398.0","15:13:21.333","2222539.0000","1.4784","60563.0000","-0.0500","-0.0050","-1.0000","0.0000","0.0000","0.0000","0.0000","0.0000"
"11399.0","15:13:21.334","2222919.0000","1.5199","60563.0000","-0.0500","-0.0050","-1.0000","0.0000","0.0000","0.0000","0.0000","0.0000"
"11400.0","15:13:21.335","2222687.0000","1.4946","60563.0000","-0.0500","-0.0050","-1.0000","0.0000","0.0000","0.0000","0.0000","0.0000"
"11401.0","15:13:21.336","2223047.0000","1.5338","60563.0000","-0.0500","-0.0050","-1.0000","0.0000","0.0000","0.0000","0.0000","0.0000"
"11402.0","15:13:21.337","2222744.0000","1.5008","60563.0000","-0.0500","-0.0050","-1.0000","0.0000","0.0000","0.0000","0.0000","0.0000"
"11403.0","15:13:21.338","2222975.0000","1.5260","60563.0000","-0.0500","-0.0050","-1.0000","0.0000","0.0000","0.0000","0.0000","0.0000"
"11404.0","15:13:21.339","2223875.0000","1.6241","60563.0000","-0.0500","-0.0050","-1.0000","0.0000","0.0000","0.0000","0.0000","0.0000"
"11405.0","15:13:21.340","2224217.0000","1.6614","60563.0000","-0.0500","-0.0050","-1.0000","0.0000","0.0000","0.0000","0.0000","0.0000"
"11406.0","15:13:21.341","2223833.0000","1.6195","60563.0000","-0.0500","-0.0050","-1.0000","0.0000","0.0000","0.0000","0.0000","0.0000"
"11407.0","15:13:21.342","2223782.0000","1.6139","60563.0000","-0.0500","-0.0050","-1.0000","0.0000","0.0000","0.0000","0.0000","0.0000"
"11408.0","15:13:21.343","2222756.0000","1.5021","60563.0000","-0.0500","-0.0050","-1.0000","0.0000","0.0000","0.0000","0.0000","0.0000"
"11409.0","15:13:21.344","2223278.0000","1.5590","60563.0000","-0.0500","-0.0050","-1.0000","0.0000","0.0000","0.0000","0.0000","0.0000"
"11410.0","15:13:21.345","2223300.0000","1.5614","60563.0000","-0.0500","-0.0050","-1.0000","0.0000","0.0000","0.0000","0.0000","0.0000"
"11411.0","15:13:21.346","2223164.0000","1.5466","60563.0000","-0.0500","-0.0050","-1.0000","0.0000","0.0000","0.0000","0.0000","0.0000"
"11412.0","15:13:21.347","2223343.0000","1.5661","60563.0000","-0.0500","-0.0050","-1.0000","0.0000","0.0000","0.0000","0.0000","0.0000"
"11413.0","15:13:21.348","2222190.0000","1.4404","60563.0000","-0.0500","-0.0050","-1.0000","0.0000","0.0000","0.0000","0.0000","0.0000"
"11414.0","15:13:21.349","2223002.0000","1.5289","60563.0000","-0.0500","-0.0050","-1.0000","0.0000","0.0000","0.0000","0.0000","0.0000"
"11415.0","15:13:21.350","2223852.0000","1.6216","60563.0000","-0.0500","-0.0050","-1.0000","0.0000","0.0000","0.0000","0.0000","0.0000"
"11416.0","15:13:21.351","2223388.0000","1.5710","60563.0000","-0.0500","-0.0050","-1.0000","0.0000","0.0000","0.0000","0.0000","0.0000"
"11417.0","15:13:21.352","2223431.0000","1.5757","60563.0000","-0.0500","-0.0050","-1.0000","0.0000","0.0000","0.0000","0.0000","0.0000"
"11418.0","15:13:21.353","2223276.0000","1.5588","60563.0000","-0.0500","-0.0050","-1.0000","0.0000","0.0000","0.0000","0.0000","0.0000"
"11419.0","15:13:21.354","2223726.0000","1.6079","60563.0000","-0.0500","-0.0050","-1.0000","0.0000","0.0000","0.0000","0.0000","0.0000"
"11420.0","15:13:21.355","2225370.0000","1.7871","60563.0000","-0.0500","-0.0050","-1.0000","0.0000","0.0000","0.0000","0.0000","0.0000"
"11421.0","15:13:21.356","2224722.0000","1.7164","60563.0000","-0.0500","-0.0050","-1.0000","0.0000","0.0000","0.0000","0.0000","0.0000"
"11422.0","15:13:21.357","2224084.0000","1.6469","60563.0000","-0.0500","-0.0050","-1.0000","0.0000","0.0000","0.0000","0.0000","0.0000"
"11423.0","15:13:21.358","2224090.0000","1.6475","60563.0000","-0.0500","-0.0050","-1.0000","0.0000","0.0000","0.0000","0.0000","0.0000"
"11424.0","15:13:21.359","2223934.0000","1.6305","60563.0000","-0.0500","-0.0050","-1.0000","0.0000","0.0000","0.0000","0.0000","0.0000"
"11425.0","15:13:21.360","2222671.0000","1.4928","60563.0000","-0.0500","-0.0050","-1.0000","0.0000","0.0000","0.0000","0.0000","0.0000"
"11426.0","15:13:21.361","2223346.0000","1.5664","60563.0000","-0.0500","-0.0050","-1.0000","0.0000","0.0000","0.0000","0.0000","0.0000"
"11427.0","15:13:21.362","2222490.0000","1.4731","60563.0000","-0.0500","-0.0050","-1.0000","0.0000","0.0000","0.0000","0.0000","0.0000"
"11428.0","15:13:21.363","2222553.0000","1.4800","60563.0000","-0.0500","-0.0050","-1.0000","0.0000","0.0000","0.0000","0.0000","0.0000"
"11429.0","15:13:21.364","2223573.0000","1.5912","60563.0000","-0.0500","-0.0050","-1.0000","0.0000","0.0000","0.0000","0.0000","0.0000"
"11430.0","15:13:21.365","2222181.0000","1.4394","60563.0000","-0.0500","-0.0050","-1.0000","0.0000","0.0000","0.0000","0.0000","0.0000"
"11431.0","15:13:21.366","2223219.0000","1.5526","60563.0000","-0.0500","-0.0050","-1.0000","0.0000","0.0000","0.0000","0.0000","0.0000"
"11432.0","15:13:21.367","2223753.0000","1.6108","60563.0000","-0.0500","-0.0050","-1.0000","0.0000","0.0000","0.0000","0.0000","0.0000"
"11433.0","15:13:21.368","2223882.0000","1.6248","60563.0000","-0.0500","-0.0050","-1.0000","0.0000","0.0000","0.0000","0.0000","0.0000"
"11434.0","15:13:21.369","2223239.0000","1.5547","60563.0000","-0.0500","-0.0050","-1.0000","0.0000","0.0000","0.0000","0.0000","0.0000"
"11435.0","15:13:21.370","2223239.0000","1.5547","60576.0000","-0.0500","-0.0050","-1.0000","0.0000","0.0000","0.0000","0.0000","0.0000"
"11436.0","15:13:21.371","2223788.0000","1.6146","60576.0000","-0.0500","-0.0050","-1.0000","0.0000","0.0000","0.0000","0.0000","0.0000"
"11437.0","15:13:21.372","2224169.0000","1.6561","60576.0000","-0.0500","-0.0050","-1.0000","0.0000","0.0000","0.0000","0.0000","0.0000"
"11438.0","15:13:21.373","2223937.0000","1.6308","60576.0000","-0.0500","-0.0050","-1.0000","0.0000","0.0000","0.0000","0.0000","0.0000"
"11439.0","15:13:21.374","2224590.0000","1.7020","60576.0000","-0.0500","-0.0050","-1.0000","0.0000","0.0000","0.0000","0.0000","0.0000"
"11440.0","15:13:21.375","2223053.0000","1.5345","60576.0000","-0.0500","-0.0050","-1.0000","0.0000","0.0000","0.0000","0.0000","0.0000"
"11441.0","15:13:21.376","2223939.0000","1.6311","60576.0000","-0.0500","-0.0050","-1.0000","0.0000","0.0000","0.0000","0.0000","0.0000"
"11442.0","15:13:21.377","2223321.0000","1.5637","60576.0000","-0.0500","-0.0050","-1.0000","0.0000","0.0000","0.0000","0.0000","0.0000"
"11443.0","15:13:21.378","2223283.0000","1.5595","60576.0000","-0.0500","-0.0050","-1.0000","0.0000","0.0000","0.0000","0.0000","0.0000"
"11444.0","15:13:21.379","2222779.0000","1.5046","60576.0000","-0.0500","-0.0050","-1.0000","0.0000","0.0000","0.0000","0.0000","0.0000"
"11445.0","15:13:21.380","2222941.0000","1.5222","60576.0000","-0.0500","-0.0050","-1.0000","0.0000","0.0000","0.0000","0.0000","0.0000"
"11446.0","15:13:21.381","2222520.0000","1.4764","60576.0000","-0.0500","-0.0050","-1.0000","0.0000","0.0000","0.0000","0.0000","0.0000"
"11447.0","15:13:21.382","2223417.0000","1.5741","60576.0000","-0.0500","-0.0050","-1.0000","0.0000","0.0000","0.0000","0.0000","0.0000"
"11448.0","15:13:21.383","2222384.0000","1.4615","60576.0000","-0.0500","-0.0050","-1.0000","0.0000","0.0000","0.0000","0.0000","0.0000"
"11449.0","15:13:21.384","2222348.0000","1.4576","60576.0000","-0.0500","-0.0050","-1.0000","0.0000","0.0000","0.0000","0.0000","0.0000"
"11450.0","15:13:21.385","2223019.0000","1.5308","60576.0000","-0.0500","-0.0050","-1.0000","0.0000","0.0000","0.0000","0.0000","0.0000"
"11451.0","15:13:21.386","2222666.0000","1.4923","60576.0000","-0.0500","-0.0050","-1.0000","0.0000","0.0000","0.0000","0.0000","0.0000"
"11452.0","15:13:21.387","2223897.0000","1.6265","60576.0000","-0.0500","-0.0050","-1.0000","0.0000","0.0000","0.0000","0.0000","0.0000"
"11453.0","15:13:21.388","2224639.0000","1.7074","60576.0000","-0.0500","-0.0050","-1.0000","0.0000","0.0000","0.0000","0.0000","0.0000"
"11454.0","15:13:21.389","2224584.0000","1.7014","60576.0000","-0.0500","-0.0050","-1.0000","0.0000","0.0000","0.0000","0.0000","0.0000"
"11455.0","15:13:21.390","2224578.0000","1.7007","60576.0000","-0.0500","-0.0050","-1.0000","0.0000","0.0000","0.0000","0.0000","0.0000"
"11456.0","15:13:21.391","2223760.0000","1.6116","60576.0000","-0.0500","-0.0050","-1.0000","0.0000","0.0000","0.0000","0.0000","0.0000"
"11457.0","15:13:21.392","2223718.0000","1.6070","60576.0000","-0.0500","-0.0050","-1.0000","0.0000","0.0000","0.0000","0.0000","0.0000"
"11458.0","15:13:21.393","2223126.0000","1.5424","60576.0000","-0.0500","-0.0050","-1.0000","0.0000","0.0000","0.0000","0.0000","0.0000"
"11459.0","15:13:21.394","2222618.0000","1.4871","60576.0000","-0.0500","-0.0050","-1.0000","0.0000","0.0000","0.0000","0.0000","0.0000"
"11460.0","15:13:21.395","2222563.0000","1.4811","60576.0000","-0.0500","-0.0050","-1.0000","0.0000","0.0000","0.0000","0.0000","0.0000"
"11461.0","15:13:21.396","2223136.0000","1.5435","60576.0000","-0.0500","-0.0050","-1.0000","0.0000","0.0000","0.0000","0.0000","0.0000"
"11462.0","15:13:21.397","2223141.0000","1.5441","60576.0000","-0.0500","-0.0050","-1.0000","0.0000","0.0000","0.0000","0.0000","0.0000"
"11463.0","15:13:21.398","2222971.0000","1.5256","60576.0000","-0.0500","-0.0050","-1.0000","0.0000","0.0000","0.0000","0.0000","0.0000"
"11464.0","15:13:21.399","2222872.0000","1.5147","60576.0000","-0.0500","-0.0050","-1.0000","0.0000","0.0000","0.0000","0.0000","0.0000"
"11465.0","15:13:21.400","2221952.0000","1.4145","60576.0000","-0.0500","-0.0050","-1.0000","0.0000","0.0000","0.0000","0.0000","0.0000"
"11466.0","15:13:21.401","2221933.0000","1.4124","60576.0000","-0.0500","-0.0050","-1.0000","0.0000","0.0000","0.0000","0.0000","0.0000"
"11467.0","15:13:21.402","2223250.0000","1.5559","60576.0000","-0.0500","-0.0050","-1.0000","0.0000","0.0000","0.0000","0.0000","0.0000"
"11468.0","15:13:21.403","2223128.0000","1.5426","60576.0000","-0.0500","-0.0050","-1.0000","0.0000","0.0000","0.0000","0.0000","0.0000"
"11469.0","15:13:21.404","2224102.0000","1.6488","60576.0000","-0.0500","-0.0050","-1.0000","0.0000","0.0000","0.0000","0.0000","0.0000"
"11470.0","15:13:21.405","2223383.0000","1.5704","60576.0000","-0.0500","-0.0050","-1.0000","0.0000","0.0000","0.0000","0.0000","0.0000"
"11471.0","15:13:21.406","2223337.0000","1.5654","60576.0000","-0.0500","-0.0050","-1.0000","0.0000","0.0000","0.0000","0.0000","0.0000"
"11472.0","15:13:21.407","2223375.0000","1.5696","60576.0000","-0.0500","-0.0050","-1.0000","0.0000","0.0000","0.0000","0.0000","0.0000"
"11473.0","15:13:21.408","2223068.0000","1.5361","60576.0000","-0.0500","-0.0050","-1.0000","0.0000","0.0000","0.0000","0.0000","0.0000"
"11474.0","15:13:21.409","2223197.0000","1.5502","60576.0000","-0.0500","-0.0050","-1.0000","0.0000","0.0000","0.0000","0.0000","0.0000"
"11475.0","15:13:21.410","2221518.0000","1.3671","60576.0000","-0.0500","-0.0050","-1.0000","0.0000","0.0000","0.0000","0.0000","0.0000"
"11476.0","15:13:21.411","2222097.0000","1.4302","60576.0000","-0.0500","-0.0050","-1.0000","0.0000","0.0000","0.0000","0.0000","0.0000"
"11477.0","15:13:21.412","2222072.0000","1.4275","60576.0000","-0.0500","-0.0050","-1.0000","0.0000","0.0000","0.0000","0.0000","0.0000"
"11478.0","15:13:21.413","2222544.0000","1.4790","60576.0000","-0.0500","-0.0050","-1.0000","0.0000","0.0000","0.0000","0.0000","0.0000"
"11479.0","15:13:21.414","2222309.0000","1.4534","60576.0000","-0.0500","-0.0050","-1.0000","0.0000","0.0000","0.0000","0.0000","0.0000"
"11480.0","15:13:21.415","2221156.0000","1.3276","60576.0000","-0.0500","-0.0050","-1.0000","0.0000","0.0000","0.0000","0.0000","0.0000"
"11481.0","15:13:21.416","2222262.0000","1.4483","60576.0000","-0.0500","-0.0050","-1.0000","0.0000","0.0000","0.0000","0.0000","0.0000"
"11482.0","15:13:21.417","2222262.0000","1.4483","60576.0000","-0.0500","-0.0050","-1.0000","0.0000","0.0000","0.0000","0.0000","0.0000"
"11483.0","15:13:21.418","2222352.0000","1.4580","60576.0000","-0.0500","-0.0050","-1.0000","0.0000","0.0000","0.0000","0.0000","0.0000"
"11484.0","15:13:21.419","2222238.0000","1.4456","60576.0000","-0.0500","-0.0050","-1.0000","0.0000","0.0000","0.0000","0.0000","0.0000"
"11485.0","15:13:21.420","2222406.0000","1.4639","60576.0000","-0.0500","-0.0050","-1.0000","0.0000","0.0000","0.0000","0.0000","0.0000"
"11486.0","15:13:21.421","2222815.0000","1.5085","60576.0000","-0.0500","-0.0050","-1.0000","0.0000","0.0000","0.0000","0.0000","0.0000"
"11487.0","15:13:21.422","2223813.0000","1.6173","60576.0000","-0.0500","-0.0050","-1.0000","0.0000","0.0000","0.0000","0.0000","0.0000"
"11488.0","15:13:21.423","2223171.0000","1.5473","60576.0000","-0.0500","-0.0050","-1.0000","0.0000","0.0000","0.0000","0.0000","0.0000"
"11489.0","15:13:21.424","2222471.0000","1.4710","60576.0000","-0.0500","-0.0050","-1.0000","0.0000","0.0000","0.0000","0.0000","0.0000"
"11490.0","15:13:21.425","2223027.0000","1.5316","60576.0000","-0.0500","-0.0050","-1.0000","0.0000","0.0000","0.0000","0.0000","0.0000"
"11491.0","15:13:21.426","2222481.0000","1.4721","60576.0000","-0.0500","-0.0050","-1.0000","0.0000","0.0000","0.0000","0.0000","0.0000"
"11492.0","15:13:21.427","2222742.0000","1.5006","60576.0000","-0.0500","-0.0050","-1.0000","0.0000","0.0000","0.0000","0.0000","0.0000"
"11493.0","15:13:21.428","2222643.0000","1.4898","60576.0000","-0.0500","-0.0050","-1.0000","0.0000","0.0000","0.0000","0.0000","0.0000"
"11494.0","15:13:21.429","2221589.0000","1.3749","60576.0000","-0.0500","-0.0050","-1.0000","0.0000","0.0000","0.0000","0.0000","0.0000"
"11495.0","15:13:21.430","2221583.0000","1.3742","60576.0000","-0.0500","-0.0050","-1.0000","0.0000","0.0000","0.0000","0.0000","0.0000"
"11496.0","15:13:21.431","2222215.0000","1.4431","60570.0000","-0.0500","-0.0050","-1.0000","0.0000","0.0000","0.0000","0.0000","0.0000"
"11497.0","15:13:21.432","2222209.0000","1.4424","60570.0000","-0.0500","-0.0050","-1.0000","0.0000","0.0000","0.0000","0.0000","0.0000"
"11498.0","15:13:21.433","2221962.0000","1.4155","60570.0000","-0.0500","-0.0050","-1.0000","0.0000","0.0000","0.0000","0.0000","0.0000"
"11499.0","15:13:21.434","2222170.0000","1.4382","60570.0000","-0.0500","-0.0050","-1.0000","0.0000","0.0000","0.0000","0.0000","0.0000"
"11500.0","15:13:21.435","2221800.0000","1.3979","60570.0000","-0.0500","-0.0050","-1.0000","0.0000","0.0000","0.0000","0.0000","0.0000"
"11501.0","15:13:21.436","2221766.0000","1.3942","60570.0000","-0.0500","-0.0050","-1.0000","0.0000","0.0000","0.0000","0.0000","0.0000"
"11502.0","15:13:21.437","2222992.0000","1.5278","60570.0000","-0.0500","-0.0050","-1.0000","0.0000","0.0000","0.0000","0.0000","0.0000"
"11503.0","15:13:21.438","2223320.0000","1.5636","60570.0000","-0.0500","-0.0050","-1.0000","0.0000","0.0000","0.0000","0.0000","0.0000"
"11504.0","15:13:21.439","2223494.0000","1.5825","60570.0000","-0.0500","-0.0050","-1.0000","0.0000","0.0000","0.0000","0.0000","0.0000"
"11505.0","15:13:21.440","2223391.0000","1.5713","60570.0000","-0.0500","-0.0050","-1.0000","0.0000","0.0000","0.0000","0.0000","0.0000"
"11506.0","15:13:21.441","2222678.0000","1.4936","60570.0000","-0.0500","-0.0050","-1.0000","0.0000","0.0000","0.0000","0.0000","0.0000"
"11507.0","15:13:21.442","2222380.0000","1.4611","60570.0000","-0.0500","-0.0050","-1.0000","0.0000","0.0000","0.0000","0.0000","0.0000"
"11508.0","15:13:21.443","2222154.0000","1.4365","60570.0000","-0.0500","-0.0050","-1.0000","0.0000","0.0000","0.0000","0.0000","0.0000"
"11509.0","15:13:21.444","2222730.0000","1.4993","60570.0000","-0.0500","-0.0050","-1.0000","0.0000","0.0000","0.0000","0.0000","0.0000"
"11510.0","15:13:21.445","2221388.0000","1.3530","60570.0000","-0.0500","-0.0050","-1.0000","0.0000","0.0000","0.0000","0.0000","0.0000"
"11511.0","15:13:21.446","2220909.0000","1.3007","60570.0000","-0.0500","-0.0050","-1.0000","0.0000","0.0000","0.0000","0.0000","0.0000"
"11512.0","15:13:21.447","2221520.0000","1.3673","60570.0000","-0.0500","-0.0050","-1.0000","0.0000","0.0000","0.0000","0.0000","0.0000"
"11513.0","15:13:21.448","2221320.0000","1.3455","60570.0000","-0.0500","-0.0050","-1.0000","0.0000","0.0000","0.0000","0.0000","0.0000"
"11514.0","15:13:21.449","2221463.0000","1.3611","60570.0000","-0.0500","-0.0050","-1.0000","0.0000","0.0000","0.0000","0.0000","0.0000"
"11515.0","15:13:21.450","2220651.0000","1.2726","60570.0000","-0.0500","-0.0050","-1.0000","0.0000","0.0000","0.0000","0.0000","0.0000"
"11516.0","15:13:21.451","2220794.0000","1.2882","60570.0000","-0.0500","-0.0050","-1.0000","0.0000","0.0000","0.0000","0.0000","0.0000"
"11517.0","15:13:21.452","2220887.0000","1.2983","60570.0000","-0.0500","-0.0050","-1.0000","0.0000","0.0000","0.0000","0.0000","0.0000"
"11518.0","15:13:21.453","2220431.0000","1.2486","60570.0000","-0.0500","-0.0050","-1.0000","0.0000","0.0000","0.0000","0.0000","0.0000"
"11519.0","15:13:21.454","2221005.0000","1.3112","60570.0000","-0.0500","-0.0050","-1.0000","0.0000","0.0000","0.0000","0.0000","0.0000"
"11520.0","15:13:21.455","2222372.0000","1.4602","60570.0000","-0.0500","-0.0050","-1.0000","0.0000","0.0000","0.0000","0.0000","0.0000"
"11521.0","15:13:21.456","2222148.0000","1.4358","60570.0000","-0.0500","-0.0050","-1.0000","0.0000","0.0000","0.0000","0.0000","0.0000"
"11522.0","15:13:21.457","2221418.0000","1.3562","60570.0000","-0.0500","-0.0050","-1.0000","0.0000","0.0000","0.0000","0.0000","0.0000"
"11523.0","15:13:21.458","2221366.0000","1.3505","60570.0000","-0.0500","-0.0050","-1.0000","0.0000","0.0000","0.0000","0.0000","0.0000"
"11524.0","15:13:21.459","2221110.0000","1.3226","60570.0000","-0.0500","-0.0050","-1.0000","0.0000","0.0000","0.0000","0.0000","0.0000"
"11525.0","15:13:21.460","2220469.0000","1.2528","60570.0000","-0.0500","-0.0050","-1.0000","0.0000","0.0000","0.0000","0.0000","0.0000"
"11526.0","15:13:21.461","2219902.0000","1.1909","60570.0000","-0.0500","-0.0050","-1.0000","0.0000","0.0000","0.0000","0.0000","0.0000"
"11527.0","15:13:21.462","2220361.0000","1.2410","60570.0000","-0.0500","-0.0050","-1.0000","0.0000","0.0000","0.0000","0.0000","0.0000"
"11528.0","15:13:21.463","2219908.0000","1.1916","60570.0000","-0.0500","-0.0050","-1.0000","0.0000","0.0000","0.0000","0.0000","0.0000"
"11529.0","15:13:21.464","2219908.0000","1.1916","60570.0000","-0.0500","-0.0050","-1.0000","0.0000","0.0000","0.0000","0.0000","0.0000"
"11530.0","15:13:21.465","2220605.0000","1.2676","60570.0000","-0.0500","-0.0050","-1.0000","0.0000","0.0000","0.0000","0.0000","0.0000"
"11531.0","15:13:21.466","2221186.0000","1.3309","60570.0000","-0.0500","-0.0050","-1.0000","0.0000","0.0000","0.0000","0.0000","0.0000"
"11532.0","15:13:21.467","2222016.0000","1.4214","60570.0000","-0.0500","-0.0050","-1.0000","0.0000","0.0000","0.0000","0.0000","0.0000"
"11533.0","15:13:21.468","2222025.0000","1.4224","60570.0000","-0.0500","-0.0050","-1.0000","0.0000","0.0000","0.0000","0.0000","0.0000"
"11534.0","15:13:21.469","2221281.0000","1.3413","60570.0000","-0.0500","-0.0050","-1.0000","0.0000","0.0000","0.0000","0.0000","0.0000"
"11535.0","15:13:21.470","2220664.0000","1.2740","60570.0000","-0.0500","-0.0050","-1.0000","0.0000","0.0000","0.0000","0.0000","0.0000"
"11536.0","15:13:21.471","2220267.0000","1.2307","60570.0000","-0.0500","-0.0050","-1.0000","0.0000","0.0000","0.0000","0.0000","0.0000"
"11537.0","15:13:21.472","2220512.0000","1.2575","60570.0000","-0.0500","-0.0050","-1.0000","0.0000","0.0000","0.0000","0.0000","0.0000"
"11538.0","15:13:21.473","2221616.0000","1.3778","60570.0000","-0.0500","-0.0050","-1.0000","0.0000","0.0000","0.0000","0.0000","0.0000"
"11539.0","15:13:21.474","2220840.0000","1.2932","60570.0000","-0.0500","-0.0050","-1.0000","0.0000","0.0000","0.0000","0.0000","0.0000"
"11540.0","15:13:21.475","2220821.0000","1.2911","60570.0000","-0.0500","-0.0050","-1.0000","0.0000","0.0000","0.0000","0.0000","0.0000"
"11541.0","15:13:21.476","2221312.0000","1.3447","60570.0000","-0.0500","-0.0050","-1.0000","0.0000","0.0000","0.0000","0.0000","0.0000"
"11542.0","15:13:21.477","2221324.0000","1.3460","60570.0000","-0.0500","-0.0050","-1.0000","0.0000","0.0000","0.0000","0.0000","0.0000"
"11543.0","15:13:21.478","2221004.0000","1.3111","60570.0000","-0.0500","-0.0050","-1.0000","0.0000","0.0000","0.0000","0.0000","0.0000"
"11544.0","15:13:21.479","2221899.0000","1.4087","60570.0000","-0.0500","-0.0050","-1.0000","0.0000","0.0000","0.0000","0.0000","0.0000"
"11545.0","15:13:21.480","2222933.0000","1.5214","60570.0000","-0.0500","-0.0050","-1.0000","0.0000","0.0000","0.0000","0.0000","0.0000"
"11546.0","15:13:21.481","2222447.0000","1.4684","60570.0000","-0.0500","-0.0050","-1.0000","0.0000","0.0000","0.0000","0.0000","0.0000"
"11547.0","15:13:21.482","2221994.0000","1.4190","60570.0000","-0.0500","-0.0050","-1.0000","0.0000","0.0000","0.0000","0.0000","0.0000"
"11548.0","15:13:21.483","2222795.0000","1.5063","60570.0000","-0.0500","-0.0050","-1.0000","0.0000","0.0000","0.0000","0.0000","0.0000"
"11549.0","15:13:21.484","2222307.0000","1.4531","60570.0000","-0.0500","-0.0050","-1.0000","0.0000","0.0000","0.0000","0.0000","0.0000"
"11550.0","15:13:21.485","2222345.0000","1.4573","60570.0000","-0.0500","-0.0050","-1.0000","0.0000","0.0000","0.0000","0.0000","0.0000"
"11551.0","15:13:21.486","2221766.0000","1.3942","60570.0000","-0.0500","-0.0050","-1.0000","0.0000","0.0000","0.0000","0.0000","0.0000"
"11552.0","15:13:21.487","2221685.0000","1.3853","60570.0000","-0.0500","-0.0050","-1.0000","0.0000","0.0000","0.0000","0.0000","0.0000"
"11553.0","15:13:21.488","2222406.0000","1.4639","60570.0000","-0.0500","-0.0050","-1.0000","0.0000","0.0000","0.0000","0.0000","0.0000"
"11554.0","15:13:21.489","2222342.0000","1.4570","60570.0000","-0.0500","-0.0050","-1.0000","0.0000","0.0000","0.0000","0.0000","0.0000"
"11555.0","15:13:21.490","2222369.0000","1.4599","60570.0000","-0.0500","-0.0050","-1.0000","0.0000","0.0000","0.0000","0.0000","0.0000"
"11556.0","15:13:21.491","2221562.0000","1.3719","60566.0000","-0.0500","-0.0050","-1.0000","0.0000","0.0000","0.0000","0.0000","0.0000"
"11557.0","15:13:21.492","2220823.0000","1.2913","60566.0000","-0.0500","-0.0050","-1.0000","0.0000","0.0000","0.0000","0.0000","0.0000"
"11558.0","15:13:21.493","2221629.0000","1.3792","60566.0000","-0.0500","-0.0050","-1.0000","0.0000","0.0000","0.0000","0.0000","0.0000"
"11559.0","15:13:21.494","2221636.0000","1.3800","60566.0000","-0.0500","-0.0050","-1.0000","0.0000","0.0000","0.0000","0.0000","0.0000"
"11560.0","15:13:21.495","2221163.0000","1.3284","60566.0000","-0.0500","-0.0050","-1.0000","0.0000","0.0000","0.0000","0.0000","0.0000"
"11561.0","15:13:21.496","2221809.0000","1.3989","60566.0000","-0.0500","-0.0050","-1.0000","0.0000","0.0000","0.0000","0.0000","0.0000"
"11562.0","15:13:21.497","2222572.0000","1.4821","60566.0000","-0.0500","-0.0050","-1.0000","0.0000","0.0000","0.0000","0.0000","0.0000"
"11563.0","15:13:21.498","2222887.0000","1.5164","60566.0000","-0.0500","-0.0050","-1.0000","0.0000","0.0000","0.0000","0.0000","0.0000"
"11564.0","15:13:21.499","2222907.0000","1.5185","60566.0000","-0.0500","-0.0050","-1.0000","0.0000","0.0000","0.0000","0.0000","0.0000"
"11565.0","15:13:21.500","2223022.0000","1.5311","60566.0000","-0.0500","-0.0050","-1.0000","0.0000","0.0000","0.0000","0.0000","0.0000"
"11566.0","15:13:21.501","2222845.0000","1.5118","60566.0000","-0.0500","-0.0050","-1.0000","0.0000","0.0000","0.0000","0.0000","0.0000"
"11567.0","15:13:21.502","2223231.0000","1.5539","60566.0000","-0.0500","-0.0050","-1.0000","0.0000","0.0000","0.0000","0.0000","0.0000"
"11568.0","15:13:21.503","2223502.0000","1.5834","60566.0000","-0.0500","-0.0050","-1.0000","0.0000","0.0000","0.0000","0.0000","0.0000"
"11569.0","15:13:21.504","2224236.0000","1.6634","60566.0000","-0.0500","-0.0050","-1.0000","0.0000","0.0000","0.0000","0.0000","0.0000"
"11570.0","15:13:21.505","2224175.0000","1.6568","60566.0000","-0.0500","-0.0050","-1.0000","0.0000","0.0000","0.0000","0.0000","0.0000"
"11571.0","15:13:21.506","2223820.0000","1.6181","60566.0000","-0.0500","-0.0050","-1.0000","0.0000","0.0000","0.0000","0.0000","0.0000"
"11572.0","15:13:21.507","2223617.0000","1.5960","60566.0000","-0.0500","-0.0050","-1.0000","0.0000","0.0000","0.0000","0.0000","0.0000"
"11573.0","15:13:21.508","2223296.0000","1.5610","60566.0000","-0.0500","-0.0050","-1.0000","0.0000","0.0000","0.0000","0.0000","0.0000"
"11574.0","15:13:21.509","2223459.0000","1.5787","60566.0000","-0.0500","-0.0050","-1.0000","0.0000","0.0000","0.0000","0.0000","0.0000"
"11575.0","15:13:21.510","2221874.0000","1.4059","60566.0000","-0.0500","-0.0050","-1.0000","0.0000","0.0000","0.0000","0.0000","0.0000"
"11576.0","15:13:21.511","2221874.0000","1.4059","60566.0000","-0.0500","-0.0050","-1.0000","0.0000","0.0000","0.0000","0.0000","0.0000"
"11577.0","15:13:21.512","2222085.0000","1.4289","60566.0000","-0.0500","-0.0050","-1.0000","0.0000","0.0000","0.0000","0.0000","0.0000"
"11578.0","15:13:21.513","2223133.0000","1.5432","60566.0000","-0.0500","-0.0050","-1.0000","0.0000","0.0000","0.0000","0.0000","0.0000"
"11579.0","15:13:21.514","2223612.0000","1.5954","60566.0000","-0.0500","-0.0050","-1.0000","0.0000","0.0000","0.0000","0.0000","0.0000"
"11580.0","15:13:21.515","2223142.0000","1.5442","60566.0000","-0.0500","-0.0050","-1.0000","0.0000","0.0000","0.0000","0.0000","0.0000"
"11581.0","15:13:21.516","2222618.0000","1.4871","60566.0000","-0.0500","-0.0050","-1.0000","0.0000","0.0000","0.0000","0.0000","0.0000"
"11582.0","15:13:21.517","2222268.0000","1.4489","60566.0000","-0.0500","-0.0050","-1.0000","0.0000","0.0000","0.0000","0.0000","0.0000"
"11583.0","15:13:21.518","2223466.0000","1.5795","60566.0000","-0.0500","-0.0050","-1.0000","0.0000","0.0000","0.0000","0.0000","0.0000"
"11584.0","15:13:21.519","2223443.0000","1.5770","60566.0000","-0.0500","-0.0050","-1.0000","0.0000","0.0000","0.0000","0.0000","0.0000"
"11585.0","15:13:21.520","2223203.0000","1.5508","60566.0000","-0.0500","-0.0050","-1.0000","0.0000","0.0000","0.0000","0.0000","0.0000"
"11586.0","15:13:21.521","2224027.0000","1.6407","60566.0000","-0.0500","-0.0050","-1.0000","0.0000","0.0000","0.0000","0.0000","0.0000"
"11587.0","15:13:21.522","2224388.0000","1.6800","60566.0000","-0.0500","-0.0050","-1.0000","0.0000","0.0000","0.0000","0.0000","0.0000"
"11588.0","15:13:21.523","2225233.0000","1.7721","60566.0000","-0.0500","-0.0050","-1.0000","0.0000","0.0000","0.0000","0.0000","0.0000"
"11589.0","15:13:21.524","2225166.0000","1.7648","60566.0000","-0.0500","-0.0050","-1.0000","0.0000","0.0000","0.0000","0.0000","0.0000"
"11590.0","15:13:21.525","2224671.0000","1.7108","60566.0000","-0.0500","-0.0050","-1.0000","0.0000","0.0000","0.0000","0.0000","0.0000"
"11591.0","15:13:21.526","2224914.0000","1.7374","60566.0000","-0.0500","-0.0050","-1.0000","0.0000","0.0000","0.0000","0.0000","0.0000"
"11592.0","15:13:21.527","2224435.0000","1.6851","60566.0000","-0.0500","-0.0050","-1.0000","0.0000","0.0000","0.0000","0.0000","0.0000"
"11593.0","15:13:21.528","2223475.0000","1.5805","60566.0000","-0.0500","-0.0050","-1.0000","0.0000","0.0000","0.0000","0.0000","0.0000"
"11594.0","15:13:21.529","2223163.0000","1.5465","60566.0000","-0.0500","-0.0050","-1.0000","0.0000","0.0000","0.0000","0.0000","0.0000"
"11595.0","15:13:21.530","2222807.0000","1.5077","60566.0000","-0.0500","-0.0050","-1.0000","0.0000","0.0000","0.0000","0.0000","0.0000"
"11596.0","15:13:21.531","2223510.0000","1.5843","60566.0000","-0.0500","-0.0050","-1.0000","0.0000","0.0000","0.0000","0.0000","0.0000"
"11597.0","15:13:21.532","2223255.0000","1.5565","60566.0000","-0.0500","-0.0050","-1.0000","0.0000","0.0000","0.0000","0.0000","0.0000"
"11598.0","15:13:21.533","2222354.0000","1.4583","60566.0000","-0.0500","-0.0050","-1.0000","0.0000","0.0000","0.0000","0.0000","0.0000"
"11599.0","15:13:21.534","2222393.0000","1.4625","60566.0000","-0.0500","-0.0050","-1.0000","0.0000","0.0000","0.0000","0.0000","0.0000"
"11600.0","15:13:21.535","2222124.0000","1.4332","60566.0000","-0.0500","-0.0050","-1.0000","0.0000","0.0000","0.0000","0.0000","0.0000"
"11601.0","15:13:21.536","2223077.0000","1.5371","60566.0000","-0.0500","-0.0050","-1.0000","0.0000","0.0000","0.0000","0.0000","0.0000"
"11602.0","15:13:21.537","2222622.0000","1.4875","60566.0000","-0.0500","-0.0050","-1.0000","0.0000","0.0000","0.0000","0.0000","0.0000"
"11603.0","15:13:21.538","2223938.0000","1.6310","60566.0000","-0.0500","-0.0050","-1.0000","0.0000","0.0000","0.0000","0.0000","0.0000"
"11604.0","15:13:21.539","2223974.0000","1.6349","60566.0000","-0.0500","-0.0050","-1.0000","0.0000","0.0000","0.0000","0.0000","0.0000"
"11605.0","15:13:21.540","2223068.0000","1.5361","60566.0000","-0.0500","-0.0050","-1.0000","0.0000","0.0000","0.0000","0.0000","0.0000"
"11606.0","15:13:21.541","2223019.0000","1.5308","60566.0000","-0.0500","-0.0050","-1.0000","0.0000","0.0000","0.0000","0.0000","0.0000"
"11607.0","15:13:21.542","2223237.0000","1.5545","60566.0000","-0.0500","-0.0050","-1.0000","0.0000","0.0000","0.0000","0.0000","0.0000"
"11608.0","15:13:21.543","2223022.0000","1.5311","60566.0000","-0.0500","-0.0050","-1.0000","0.0000","0.0000","0.0000","0.0000","0.0000"
"11609.0","15:13:21.544","2222862.0000","1.5137","60566.0000","-0.0500","-0.0050","-1.0000","0.0000","0.0000","0.0000","0.0000","0.0000"
"11610.0","15:13:21.545","2222272.0000","1.4493","60566.0000","-0.0500","-0.0050","-1.0000","0.0000","0.0000","0.0000","0.0000","0.0000"
"11611.0","15:13:21.546","2222296.0000","1.4519","60566.0000","-0.0500","-0.0050","-1.0000","0.0000","0.0000","0.0000","0.0000","0.0000"
"11612.0","15:13:21.547","2223506.0000","1.5838","60566.0000","-0.0500","-0.0050","-1.0000","0.0000","0.0000","0.0000","0.0000","0.0000"
"11613.0","15:13:21.548","2222581.0000","1.4830","60566.0000","-0.0500","-0.0050","-1.0000","0.0000","0.0000","0.0000","0.0000","0.0000"
"11614.0","15:13:21.549","2223048.0000","1.5339","60566.0000","-0.0500","-0.0050","-1.0000","0.0000","0.0000","0.0000","0.0000","0.0000"
"11615.0","15:13:21.550","2223198.0000","1.5503","60566.0000","-0.0500","-0.0050","-1.0000","0.0000","0.0000","0.0000","0.0000","0.0000"
"11616.0","15:13:21.551","2222728.0000","1.4990","60566.0000","-0.0500","-0.0050","-1.0000","0.0000","0.0000","0.0000","0.0000","0.0000"
"11617.0","15:13:21.552","2222846.0000","1.5119","60570.0000","-0.0500","-0.0050","-1.0000","0.0000","0.0000","0.0000","0.0000","0.0000"
"11618.0","15:13:21.553","2222111.0000","1.4318","60570.0000","-0.0500","-0.0050","-1.0000","0.0000","0.0000","0.0000","0.0000","0.0000"
"11619.0","15:13:21.554","2223188.0000","1.5492","60570.0000","-0.0500","-0.0050","-1.0000","0.0000","0.0000","0.0000","0.0000","0.0000"
"11620.0","15:13:21.555","2222131.0000","1.4340","60570.0000","-0.0500","-0.0050","-1.0000","0.0000","0.0000","0.0000","0.0000","0.0000"
"11621.0","15:13:21.556","2222582.0000","1.4831","60570.0000","-0.0500","-0.0050","-1.0000","0.0000","0.0000","0.0000","0.0000","0.0000"
"11622.0","15:13:21.557","2221356.0000","1.3495","60570.0000","-0.0500","-0.0050","-1.0000","0.0000","0.0000","0.0000","0.0000","0.0000"
"11623.0","15:13:21.558","2221356.0000","1.3495","60570.0000","-0.0500","-0.0050","-1.0000","0.0000","0.0000","0.0000","0.0000","0.0000"
"11624.0","15:13:21.559","2221696.0000","1.3865","60570.0000","-0.0500","-0.0050","-1.0000","0.0000","0.0000","0.0000","0.0000","0.0000"
"11625.0","15:13:21.560","2222357.0000","1.4586","60570.0000","-0.0500","-0.0050","-1.0000","0.0000","0.0000","0.0000","0.0000","0.0000"
"11626.0","15:13:21.561","2221421.0000","1.3566","60570.0000","-0.0500","-0.0050","-1.0000","0.0000","0.0000","0.0000","0.0000","0.0000"
"11627.0","15:13:21.562","2221192.0000","1.3316","60570.0000","-0.0500","-0.0050","-1.0000","0.0000","0.0000","0.0000","0.0000","0.0000"
"11628.0","15:13:21.563","2221737.0000","1.3910","60570.0000","-0.0500","-0.0050","-1.0000","0.0000","0.0000","0.0000","0.0000","0.0000"
"11629.0","15:13:21.564","2221619.0000","1.3781","60570.0000","-0.0500","-0.0050","-1.0000","0.0000","0.0000","0.0000","0.0000","0.0000"
"11630.0","15:13:21.565","2221355.0000","1.3494","60570.0000","-0.0500","-0.0050","-1.0000","0.0000","0.0000","0.0000","0.0000","0.0000"
"11631.0","15:13:21.566","2222744.0000","1.5008","60570.0000","-0.0500","-0.0050","-1.0000","0.0000","0.0000","0.0000","0.0000","0.0000"
"11632.0","15:13:21.567","2222648.0000","1.4903","60570.0000","-0.0500","-0.0050","-1.0000","0.0000","0.0000","0.0000","0.0000","0.0000"
"11633.0","15:13:21.568","2223556.0000","1.5893","60570.0000","-0.0500","-0.0050","-1.0000","0.0000","0.0000","0.0000","0.0000","0.0000"
"11634.0","15:13:21.569","2223435.0000","1.5761","60570.0000","-0.0500","-0.0050","-1.0000","0.0000","0.0000","0.0000","0.0000","0.0000"
"11635.0","15:13:21.570","2223361.0000","1.5681","60570.0000","-0.0500","-0.0050","-1.0000","0.0000","0.0000","0.0000","0.0000","0.0000"
"11636.0","15:13:21.571","2224331.0000","1.6738","60570.0000","-0.0500","-0.0050","-1.0000","0.0000","0.0000","0.0000","0.0000","0.0000"
"11637.0","15:13:21.572","2224624.0000","1.7058","60570.0000","-0.0500","-0.0050","-1.0000","0.0000","0.0000","0.0000","0.0000","0.0000"
"11638.0","15:13:21.573","2223890.0000","1.6257","60570.0000","-0.0500","-0.0050","-1.0000","0.0000","0.0000","0.0000","0.0000","0.0000"
"11639.0","15:13:21.574","2224754.0000","1.7199","60570.0000","-0.0500","-0.0050","-1.0000","0.0000","0.0000","0.0000","0.0000","0.0000"
"11640.0","15:13:21.575","2224363.0000","1.6773","60570.0000","-0.0500","-0.0050","-1.0000","0.0000","0.0000","0.0000","0.0000","0.0000"
"11641.0","15:13:21.576","2223624.0000","1.5967","60570.0000","-0.0500","-0.0050","-1.0000","0.0000","0.0000","0.0000","0.0000","0.0000"
"11642.0","15:13:21.577","2223190.0000","1.5494","60570.0000","-0.0500","-0.0050","-1.0000","0.0000","0.0000","0.0000","0.0000","0.0000"
"11643.0","15:13:21.578","2223459.0000","1.5787","60570.0000","-0.0500","-0.0050","-1.0000","0.0000","0.0000","0.0000","0.0000","0.0000"
"11644.0","15:13:21.579","2222734.0000","1.4997","60570.0000","-0.0500","-0.0050","-1.0000","0.0000","0.0000","0.0000","0.0000","0.0000"
"11645.0","15:13:21.580","2222890.0000","1.5167","60570.0000","-0.0500","-0.0050","-1.0000","0.0000","0.0000","0.0000","0.0000","0.0000"
"11646.0","15:13:21.581","2223022.0000","1.5311","60570.0000","-0.0500","-0.0050","-1.0000","0.0000","0.0000","0.0000","0.0000","0.0000"
"11647.0","15:13:21.582","2223140.0000","1.5440","60570.0000","-0.0500","-0.0050","-1.0000","0.0000","0.0000","0.0000","0.0000","0.0000"
"11648.0","15:13:21.583","2222841.0000","1.5114","60570.0000","-0.0500","-0.0050","-1.0000","0.0000","0.0000","0.0000","0.0000","0.0000"
"11649.0","15:13:21.584","2223064.0000","1.5357","60570.0000","-0.0500","-0.0050","-1.0000","0.0000","0.0000","0.0000","0.0000","0.0000"
"11650.0","15:13:21.585","2222770.0000","1.5036","60570.0000","-0.0500","-0.0050","-1.0000","0.0000","0.0000","0.0000","0.0000","0.0000"
"11651.0","15:13:21.586","2222370.0000","1.4600","60570.0000","-0.0500","-0.0050","-1.0000","0.0000","0.0000","0.0000","0.0000","0.0000"
"11652.0","15:13:21.587","2222934.0000","1.5215","60570.0000","-0.0500","-0.0050","-1.0000","0.0000","0.0000","0.0000","0.0000","0.0000"
"11653.0","15:13:21.588","2223689.0000","1.6038","60570.0000","-0.0500","-0.0050","-1.0000","0.0000","0.0000","0.0000","0.0000","0.0000"
"11654.0","15:13:21.589","2224480.0000","1.6901","60570.0000","-0.0500","-0.0050","-1.0000","0.0000","0.0000","0.0000","0.0000","0.0000"
"11655.0","15:13:21.590","2224136.0000","1.6526","60570.0000","-0.0500","-0.0050","-1.0000","0.0000","0.0000","0.0000","0.0000","0.0000"
"11656.0","15:13:21.591","2223568.0000","1.5906","60570.0000","-0.0500","-0.0050","-1.0000","0.0000","0.0000","0.0000","0.0000","0.0000"
"11657.0","15:13:21.592","2224146.0000","1.6536","60570.0000","-0.0500","-0.0050","-1.0000","0.0000","0.0000","0.0000","0.0000","0.0000"
"11658.0","15:13:21.593","2222521.0000","1.4765","60570.0000","-0.0500","-0.0050","-1.0000","0.0000","0.0000","0.0000","0.0000","0.0000"
"11659.0","15:13:21.594","2222906.0000","1.5184","60570.0000","-0.0500","-0.0050","-1.0000","0.0000","0.0000","0.0000","0.0000","0.0000"
"11660.0","15:13:21.595","2222630.0000","1.4884","60570.0000","-0.0500","-0.0050","-1.0000","0.0000","0.0000","0.0000","0.0000","0.0000"
"11661.0","15:13:21.596","2222880.0000","1.5156","60570.0000","-0.0500","-0.0050","-1.0000","0.0000","0.0000","0.0000","0.0000","0.0000"
"11662.0","15:13:21.597","2222444.0000","1.4681","60570.0000","-0.0500","-0.0050","-1.0000","0.0000","0.0000","0.0000","0.0000","0.0000"
"11663.0","15:13:21.598","2222297.0000","1.4521","60570.0000","-0.0500","-0.0050","-1.0000","0.0000","0.0000","0.0000","0.0000","0.0000"
"11664.0","15:13:21.599","2222677.0000","1.4935","60570.0000","-0.0500","-0.0050","-1.0000","0.0000","0.0000","0.0000","0.0000","0.0000"
"11665.0","15:13:21.600","2222417.0000","1.4652","60570.0000","-0.0500","-0.0050","-1.0000","0.0000","0.0000","0.0000","0.0000","0.0000"
"11666.0","15:13:21.601","2222611.0000","1.4863","60570.0000","-0.0500","-0.0050","-1.0000","0.0000","0.0000","0.0000","0.0000","0.0000"
"11667.0","15:13:21.602","2222315.0000","1.4540","60570.0000","-0.0500","-0.0050","-1.0000","0.0000","0.0000","0.0000","0.0000","0.0000"
"11668.0","15:13:21.603","2223387.0000","1.5709","60570.0000","-0.0500","-0.0050","-1.0000","0.0000","0.0000","0.0000","0.0000","0.0000"
"11669.0","15:13:21.604","2223005.0000","1.5292","60570.0000","-0.0500","-0.0050","-1.0000","0.0000","0.0000","0.0000","0.0000","0.0000"
"11670.0","15:13:21.605","2223005.0000","1.5292","60570.0000","-0.0500","-0.0050","-1.0000","0.0000","0.0000","0.0000","0.0000","0.0000"
"11671.0","15:13:21.606","2223115.0000","1.5412","60570.0000","-0.0500","-0.0050","-1.0000","0.0000","0.0000","0.0000","0.0000","0.0000"
"11672.0","15:13:21.607","2223507.0000","1.5840","60570.0000","-0.0500","-0.0050","-1.0000","0.0000","0.0000","0.0000","0.0000","0.0000"
"11673.0","15:13:21.608","2223283.0000","1.5595","60570.0000","-0.0500","-0.0050","-1.0000","0.0000","0.0000","0.0000","0.0000","0.0000"
"11674.0","15:13:21.609","2222867.0000","1.5142","60570.0000","-0.0500","-0.0050","-1.0000","0.0000","0.0000","0.0000","0.0000","0.0000"
"11675.0","15:13:21.610","2221767.0000","1.3943","60570.0000","-0.0500","-0.0050","-1.0000","0.0000","0.0000","0.0000","0.0000","0.0000"
"11676.0","15:13:21.611","2220737.0000","1.2820","60570.0000","-0.0500","-0.0050","-1.0000","0.0000","0.0000","0.0000","0.0000","0.0000"
"11677.0","15:13:21.612","2220436.0000","1.2491","60566.0000","-0.0500","-0.0050","-1.0000","0.0000","0.0000","0.0000","0.0000","0.0000"
"11678.0","15:13:21.613","2220022.0000","1.2040","60566.0000","-0.0500","-0.0050","-1.0000","0.0000","0.0000","0.0000","0.0000","0.0000"
"11679.0","15:13:21.614","2220550.0000","1.2616","60566.0000","-0.0500","-0.0050","-1.0000","0.0000","0.0000","0.0000","0.0000","0.0000"
"11680.0","15:13:21.615","2220817.0000","1.2907","60566.0000","-0.0500","-0.0050","-1.0000","0.0000","0.0000","0.0000","0.0000","0.0000"
"11681.0","15:13:21.616","2221662.0000","1.3828","60566.0000","-0.0500","-0.0050","-1.0000","0.0000","0.0000","0.0000","0.0000","0.0000"
"11682.0","15:13:21.617","2220574.0000","1.2642","60566.0000","-0.0500","-0.0050","-1.0000","0.0000","0.0000","0.0000","0.0000","0.0000"
"11683.0","15:13:21.618","2221923.0000","1.4113","60566.0000","-0.0500","-0.0050","-1.0000","0.0000","0.0000","0.0000","0.0000","0.0000"
"11684.0","15:13:21.619","2222529.0000","1.4774","60566.0000","-0.0500","-0.0050","-1.0000","0.0000","0.0000","0.0000","0.0000","0.0000"
"11685.0","15:13:21.620","2220806.0000","1.2895","60566.0000","-0.0500","-0.0050","-1.0000","0.0000","0.0000","0.0000","0.0000","0.0000"
"11686.0","15:13:21.621","2222167.0000","1.4379","60566.0000","-0.0500","-0.0050","-1.0000","0.0000","0.0000","0.0000","0.0000","0.0000"
"11687.0","15:13:21.622","2223105.0000","1.5401","60566.0000","-0.0500","-0.0050","-1.0000","0.0000","0.0000","0.0000","0.0000","0.0000"
"11688.0","15:13:21.623","2223694.0000","1.6044","60566.0000","-0.0500","-0.0050","-1.0000","0.0000","0.0000","0.0000","0.0000","0.0000"
"11689.0","15:13:21.624","2222983.0000","1.5268","60566.0000","-0.0500","-0.0050","-1.0000","0.0000","0.0000","0.0000","0.0000","0.0000"
"11690.0","15:13:21.625","2222400.0000","1.4633","60566.0000","-0.0500","-0.0050","-1.0000","0.0000","0.0000","0.0000","0.0000","0.0000"
"11691.0","15:13:21.626","2221300.0000","1.3434","60566.0000","-0.0500","-0.0050","-1.0000","0.0000","0.0000","0.0000","0.0000","0.0000"
"11692.0","15:13:21.627","2220080.0000","1.2103","60566.0000","-0.0500","-0.0050","-1.0000","0.0000","0.0000","0.0000","0.0000","0.0000"
"11693.0","15:13:21.628","2220014.0000","1.2031","60566.0000","-0.0500","-0.0050","-1.0000","0.0000","0.0000","0.0000","0.0000","0.0000"
"11694.0","15:13:21.629","2219080.0000","1.1014","60566.0000","-0.0500","-0.0050","-1.0000","0.0000","0.0000","0.0000","0.0000","0.0000"
"11695.0","15:13:21.630","2219943.0000","1.1954","60566.0000","-0.0500","-0.0050","-1.0000","0.0000","0.0000","0.0000","0.0000","0.0000"
"11696.0","15:13:21.631","2220567.0000","1.2635","60566.0000","-0.0500","-0.0050","-1.0000","0.0000","0.0000","0.0000","0.0000","0.0000"
"11697.0","15:13:21.632","2219729.0000","1.1721","60566.0000","-0.0500","-0.0050","-1.0000","0.0000","0.0000","0.0000","0.0000","0.0000"
"11698.0","15:13:21.633","2220627.0000","1.2700","60566.0000","-0.0500","-0.0050","-1.0000","0.0000","0.0000","0.0000","0.0000","0.0000"
"11699.0","15:13:21.634","2220591.0000","1.2660","60566.0000","-0.0500","-0.0050","-1.0000","0.0000","0.0000","0.0000","0.0000","0.0000"
"11700.0","15:13:21.635","2220614.0000","1.2686","60566.0000","-0.0500","-0.0050","-1.0000","0.0000","0.0000","0.0000","0.0000","0.0000"
"11701.0","15:13:21.636","2220451.0000","1.2508","60566.0000","-0.0500","-0.0050","-1.0000","0.0000","0.0000","0.0000","0.0000","0.0000"
"11702.0","15:13:21.637","2221832.0000","1.4014","60566.0000","-0.0500","-0.0050","-1.0000","0.0000","0.0000","0.0000","0.0000","0.0000"
"11703.0","15:13:21.638","2222265.0000","1.4486","60566.0000","-0.0500","-0.0050","-1.0000","0.0000","0.0000","0.0000","0.0000","0.0000"
"11704.0","15:13:21.639","2222968.0000","1.5252","60566.0000","-0.0500","-0.0050","-1.0000","0.0000","0.0000","0.0000","0.0000","0.0000"
"11705.0","15:13:21.640","2222722.0000","1.4984","60566.0000","-0.0500","-0.0050","-1.0000","0.0000","0.0000","0.0000","0.0000","0.0000"
"11706.0","15:13:21.641","2221897.0000","1.4084","60566.0000","-0.0500","-0.0050","-1.0000","0.0000","0.0000","0.0000","0.0000","0.0000"
"11707.0","15:13:21.642","2222085.0000","1.4289","60566.0000","-0.0500","-0.0050","-1.0000","0.0000","0.0000","0.0000","0.0000","0.0000"
"11708.0","15:13:21.643","2221708.0000","1.3878","60566.0000","-0.0500","-0.0050","-1.0000","0.0000","0.0000","0.0000","0.0000","0.0000"
"11709.0","15:13:21.644","2221239.0000","1.3367","60566.0000","-0.0500","-0.0050","-1.0000","0.0000","0.0000","0.0000","0.0000","0.0000"
"11710.0","15:13:21.645","2220703.0000","1.2783","60566.0000","-0.0500","-0.0050","-1.0000","0.0000","0.0000","0.0000","0.0000","0.0000"
"11711.0","15:13:21.646","2220984.0000","1.3089","60566.0000","-0.0500","-0.0050","-1.0000","0.0000","0.0000","0.0000","0.0000","0.0000"
"11712.0","15:13:21.647","2222114.0000","1.4321","60566.0000","-0.0500","-0.0050","-1.0000","0.0000","0.0000","0.0000","0.0000","0.0000"
"11713.0","15:13:21.648","2222342.0000","1.4570","60566.0000","-0.0500","-0.0050","-1.0000","0.0000","0.0000","0.0000","0.0000","0.0000"
"11714.0","15:13:21.649","2221913.0000","1.4102","60566.0000","-0.0500","-0.0050","-1.0000","0.0000","0.0000","0.0000","0.0000","0.0000"
"11715.0","15:13:21.650","2221916.0000","1.4105","60566.0000","-0.0500","-0.0050","-1.0000","0.0000","0.0000","0.0000","0.0000","0.0000"
"11716.0","15:13:21.651","2221898.0000","1.4086","60566.0000","-0.0500","-0.0050","-1.0000","0.0000","0.0000","0.0000","0.0000","0.0000"
"11717.0","15:13:21.652","2221898.0000","1.4086","60566.0000","-0.0500","-0.0050","-1.0000","0.0000","0.0000","0.0000","0.0000","0.0000"
"11718.0","15:13:21.653","2222697.0000","1.4956","60566.0000","-0.0500","-0.0050","-1.0000","0.0000","0.0000","0.0000","0.0000","0.0000"
"11719.0","15:13:21.654","2222425.0000","1.4660","60566.0000","-0.0500","-0.0050","-1.0000","0.0000","0.0000","0.0000","0.0000","0.0000"
"11720.0","15:13:21.655","2223420.0000","1.5745","60566.0000","-0.0500","-0.0050","-1.0000","0.0000","0.0000","0.0000","0.0000","0.0000"
"11721.0","15:13:21.656","2223502.0000","1.5834","60566.0000","-0.0500","-0.0050","-1.0000","0.0000","0.0000","0.0000","0.0000","0.0000"
"11722.0","15:13:21.657","2222932.0000","1.5213","60566.0000","-0.0500","-0.0050","-1.0000","0.0000","0.0000","0.0000","0.0000","0.0000"
"11723.0","15:13:21.658","2221980.0000","1.4175","60566.0000","-0.0500","-0.0050","-1.0000","0.0000","0.0000","0.0000","0.0000","0.0000"
"11724.0","15:13:21.659","2222439.0000","1.4675","60566.0000","-0.0500","-0.0050","-1.0000","0.0000","0.0000","0.0000","0.0000","0.0000"
"11725.0","15:13:21.660","2221247.0000","1.3376","60566.0000","-0.0500","-0.0050","-1.0000","0.0000","0.0000","0.0000","0.0000","0.0000"
"11726.0","15:13:21.661","2220844.0000","1.2936","60566.0000","-0.0500","-0.0050","-1.0000","0.0000","0.0000","0.0000","0.0000","0.0000"
"11727.0","15:13:21.662","2220733.0000","1.2816","60566.0000","-0.0500","-0.0050","-1.0000","0.0000","0.0000","0.0000","0.0000","0.0000"
"11728.0","15:13:21.663","2221206.0000","1.3331","60566.0000","-0.0500","-0.0050","-1.0000","0.0000","0.0000","0.0000","0.0000","0.0000"
"11729.0","15:13:21.664","2222759.0000","1.5024","60566.0000","-0.0500","-0.0050","-1.0000","0.0000","0.0000","0.0000","0.0000","0.0000"
"11730.0","15:13:21.665","2222461.0000","1.4699","60566.0000","-0.0500","-0.0050","-1.0000","0.0000","0.0000","0.0000","0.0000","0.0000"
"11731.0","15:13:21.666","2223017.0000","1.5306","60566.0000","-0.0500","-0.0050","-1.0000","0.0000","0.0000","0.0000","0.0000","0.0000"
"11732.0","15:13:21.667","2223161.0000","1.5462","60566.0000","-0.0500","-0.0050","-1.0000","0.0000","0.0000","0.0000","0.0000","0.0000"
"11733.0","15:13:21.668","2223230.0000","1.5538","60566.0000","-0.0500","-0.0050","-1.0000","0.0000","0.0000","0.0000","0.0000","0.0000"
"11734.0","15:13:21.669","2222605.0000","1.4856","60566.0000","-0.0500","-0.0050","-1.0000","0.0000","0.0000","0.0000","0.0000","0.0000"
"11735.0","15:13:21.670","2222491.0000","1.4732","60566.0000","-0.0500","-0.0050","-1.0000","0.0000","0.0000","0.0000","0.0000","0.0000"
"11736.0","15:13:21.671","2223284.0000","1.5597","60566.0000","-0.0500","-0.0050","-1.0000","0.0000","0.0000","0.0000","0.0000","0.0000"
"11737.0","15:13:21.672","2223681.0000","1.6029","60563.0000","-0.0500","-0.0050","-1.0000","0.0000","0.0000","0.0000","0.0000","0.0000"
"11738.0","15:13:21.673","2223705.0000","1.6056","60563.0000","-0.0500","-0.0050","-1.0000","0.0000","0.0000","0.0000","0.0000","0.0000"
"11739.0","15:13:21.674","2222625.0000","1.4878","60563.0000","-0.0500","-0.0050","-1.0000","0.0000","0.0000","0.0000","0.0000","0.0000"
"11740.0","15:13:21.675","2223619.0000","1.5962","60563.0000","-0.0500","-0.0050","-1.0000","0.0000","0.0000","0.0000","0.0000","0.0000"
"11741.0","15:13:21.676","2222281.0000","1.4503","60563.0000","-0.0500","-0.0050","-1.0000","0.0000","0.0000","0.0000","0.0000","0.0000"
"11742.0","15:13:21.677","2221599.0000","1.3760","60563.0000","-0.0500","-0.0050","-1.0000","0.0000","0.0000","0.0000","0.0000","0.0000"
"11743.0","15:13:21.678","2221703.0000","1.3873","60563.0000","-0.0500","-0.0050","-1.0000","0.0000","0.0000","0.0000","0.0000","0.0000"
"11744.0","15:13:21.679","2220598.0000","1.2669","60563.0000","-0.0500","-0.0050","-1.0000","0.0000","0.0000","0.0000","0.0000","0.0000"
"11745.0","15:13:21.680","2220924.0000","1.3024","60563.0000","-0.0500","-0.0050","-1.0000","0.0000","0.0000","0.0000","0.0000","0.0000"
"11746.0","15:13:21.681","2221059.0000","1.3171","60563.0000","-0.0500","-0.0050","-1.0000","0.0000","0.0000","0.0000","0.0000","0.0000"
"11747.0","15:13:21.682","2220339.0000","1.2386","60563.0000","-0.0500","-0.0050","-1.0000","0.0000","0.0000","0.0000","0.0000","0.0000"
"11748.0","15:13:21.683","2220331.0000","1.2377","60563.0000","-0.0500","-0.0050","-1.0000","0.0000","0.0000","0.0000","0.0000","0.0000"
"11749.0","15:13:21.684","2219652.0000","1.1637","60563.0000","-0.0500","-0.0050","-1.0000","0.0000","0.0000","0.0000","0.0000","0.0000"
"11750.0","15:13:21.685","2219694.0000","1.1683","60563.0000","-0.0500","-0.0050","-1.0000","0.0000","0.0000","0.0000","0.0000","0.0000"
"11751.0","15:13:21.686","2220552.0000","1.2618","60563.0000","-0.0500","-0.0050","-1.0000","0.0000","0.0000","0.0000","0.0000","0.0000"
"11752.0","15:13:21.687","2220297.0000","1.2340","60563.0000","-0.0500","-0.0050","-1.0000","0.0000","0.0000","0.0000","0.0000","0.0000"
"11753.0","15:13:21.688","2220424.0000","1.2479","60563.0000","-0.0500","-0.0050","-1.0000","0.0000","0.0000","0.0000","0.0000","0.0000"
"11754.0","15:13:21.689","2221943.0000","1.4135","60563.0000","-0.0500","-0.0050","-1.0000","0.0000","0.0000","0.0000","0.0000","0.0000"
"11755.0","15:13:21.690","2221756.0000","1.3931","60563.0000","-0.0500","-0.0050","-1.0000","0.0000","0.0000","0.0000","0.0000","0.0000"
"11756.0","15:13:21.691","2221679.0000","1.3847","60563.0000","-0.0500","-0.0050","-1.0000","0.0000","0.0000","0.0000","0.0000","0.0000"
"11757.0","15:13:21.692","2221659.0000","1.3825","60563.0000","-0.0500","-0.0050","-1.0000","0.0000","0.0000","0.0000","0.0000","0.0000"
"11758.0","15:13:21.693","2221444.0000","1.3591","60563.0000","-0.0500","-0.0050","-1.0000","0.0000","0.0000","0.0000","0.0000","0.0000"
"11759.0","15:13:21.694","2220449.0000","1.2506","60563.0000","-0.0500","-0.0050","-1.0000","0.0000","0.0000","0.0000","0.0000","0.0000"
"11760.0","15:13:21.695","2220798.0000","1.2886","60563.0000","-0.0500","-0.0050","-1.0000","0.0000","0.0000","0.0000","0.0000","0.0000"
"11761.0","15:13:21.696","2221632.0000","1.3795","60563.0000","-0.0500","-0.0050","-1.0000","0.0000","0.0000","0.0000","0.0000","0.0000"
"11762.0","15:13:21.697","2221771.0000","1.3947","60563.0000","-0.0500","-0.0050","-1.0000","0.0000","0.0000","0.0000","0.0000","0.0000"
"11763.0","15:13:21.698","2222251.0000","1.4471","60563.0000","-0.0500","-0.0050","-1.0000","0.0000","0.0000","0.0000","0.0000","0.0000"
"11764.0","15:13:21.699","2222251.0000","1.4471","60563.0000","-0.0500","-0.0050","-1.0000","0.0000","0.0000","0.0000","0.0000","0.0000"
"11765.0","15:13:21.700","2221460.0000","1.3608","60563.0000","-0.0500","-0.0050","-1.0000","0.0000","0.0000","0.0000","0.0000","0.0000"
"11766.0","15:13:21.701","2221356.0000","1.3495","60563.0000","-0.0500","-0.0050","-1.0000","0.0000","0.0000","0.0000","0.0000","0.0000"
"11767.0","15:13:21.702","2222666.0000","1.4923","60563.0000","-0.0500","-0.0050","-1.0000","0.0000","0.0000","0.0000","0.0000","0.0000"
"11768.0","15:13:21.703","2221739.0000","1.3912","60563.0000","-0.0500","-0.0050","-1.0000","0.0000","0.0000","0.0000","0.0000","0.0000"
"11769.0","15:13:21.704","2222506.0000","1.4749","60563.0000","-0.0500","-0.0050","-1.0000","0.0000","0.0000","0.0000","0.0000","0.0000"
"11770.0","15:13:21.705","2223672.0000","1.6019","60563.0000","-0.0500","-0.0050","-1.0000","0.0000","0.0000","0.0000","0.0000","0.0000"
"11771.0","15:13:21.706","2224024.0000","1.6403","60563.0000","-0.0500","-0.0050","-1.0000","0.0000","0.0000","0.0000","0.0000","0.0000"
"11772.0","15:13:21.707","2224024.0000","1.6403","60563.0000","-0.0500","-0.0050","-1.0000","0.0000","0.0000","0.0000","0.0000","0.0000"
"11773.0","15:13:21.708","2222764.0000","1.5030","60563.0000","-0.0500","-0.0050","-1.0000","0.0000","0.0000","0.0000","0.0000","0.0000"
"11774.0","15:13:21.709","2223965.0000","1.6339","60563.0000","-0.0500","-0.0050","-1.0000","0.0000","0.0000","0.0000","0.0000","0.0000"
"11775.0","15:13:21.710","2223152.0000","1.5453","60563.0000","-0.0500","-0.0050","-1.0000","0.0000","0.0000","0.0000","0.0000","0.0000"
"11776.0","15:13:21.711","2222810.0000","1.5080","60563.0000","-0.0500","-0.0050","-1.0000","0.0000","0.0000","0.0000","0.0000","0.0000"
"11777.0","15:13:21.712","2221840.0000","1.4022","60563.0000","-0.0500","-0.0050","-1.0000","0.0000","0.0000","0.0000","0.0000","0.0000"
"11778.0","15:13:21.713","2222826.0000","1.5097","60563.0000","-0.0500","-0.0050","-1.0000","0.0000","0.0000","0.0000","0.0000","0.0000"
"11779.0","15:13:21.714","2222536.0000","1.4781","60563.0000","-0.0500","-0.0050","-1.0000","0.0000","0.0000","0.0000","0.0000","0.0000"
"11780.0","15:13:21.715","2221932.0000","1.4123","60563.0000","-0.0500","-0.0050","-1.0000","0.0000","0.0000","0.0000","0.0000","0.0000"
"11781.0","15:13:21.716","2222678.0000","1.4936","60563.0000","-0.0500","-0.0050","-1.0000","0.0000","0.0000","0.0000","0.0000","0.0000"
"11782.0","15:13:21.717","2222530.0000","1.4775","60563.0000","-0.0500","-0.0050","-1.0000","0.0000","0.0000","0.0000","0.0000","0.0000"
"11783.0","15:13:21.718","2222766.0000","1.5032","60563.0000","-0.0500","-0.0050","-1.0000","0.0000","0.0000","0.0000","0.0000","0.0000"
"11784.0","15:13:21.719","2222855.0000","1.5129","60563.0000","-0.0500","-0.0050","-1.0000","0.0000","0.0000","0.0000","0.0000","0.0000"
"11785.0","15:13:21.720","2223570.0000","1.5908","60563.0000","-0.0500","-0.0050","-1.0000","0.0000","0.0000","0.0000","0.0000","0.0000"
"11786.0","15:13:21.721","2223045.0000","1.5336","60563.0000","-0.0500","-0.0050","-1.0000","0.0000","0.0000","0.0000","0.0000","0.0000"
"11787.0","15:13:21.722","2223797.0000","1.6156","60563.0000","-0.0500","-0.0050","-1.0000","0.0000","0.0000","0.0000","0.0000","0.0000"
"11788.0","15:13:21.723","2223294.0000","1.5607","60563.0000","-0.0500","-0.0050","-1.0000","0.0000","0.0000","0.0000","0.0000","0.0000"
"11789.0","15:13:21.724","2222616.0000","1.4868","60563.0000","-0.0500","-0.0050","-1.0000","0.0000","0.0000","0.0000","0.0000","0.0000"
"11790.0","15:13:21.725","2221406.0000","1.3549","60563.0000","-0.0500","-0.0050","-1.0000","0.0000","0.0000","0.0000","0.0000","0.0000"
"11791.0","15:13:21.726","2221161.0000","1.3282","60563.0000","-0.0500","-0.0050","-1.0000","0.0000","0.0000","0.0000","0.0000","0.0000"
"11792.0","15:13:21.727","2220961.0000","1.3064","60563.0000","-0.0500","-0.0050","-1.0000","0.0000","0.0000","0.0000","0.0000","0.0000"
"11793.0","15:13:21.728","2220252.0000","1.2291","60563.0000","-0.0500","-0.0050","-1.0000","0.0000","0.0000","0.0000","0.0000","0.0000"
"11794.0","15:13:21.729","2219921.0000","1.1930","60563.0000","-0.0500","-0.0050","-1.0000","0.0000","0.0000","0.0000","0.0000","0.0000"
"11795.0","15:13:21.730","2220176.0000","1.2208","60563.0000","-0.0500","-0.0050","-1.0000","0.0000","0.0000","0.0000","0.0000","0.0000"
"11796.0","15:13:21.731","2220506.0000","1.2568","60563.0000","-0.0500","-0.0050","-1.0000","0.0000","0.0000","0.0000","0.0000","0.0000"
"11797.0","15:13:21.732","2219942.0000","1.1953","60563.0000","-0.0500","-0.0050","-1.0000","0.0000","0.0000","0.0000","0.0000","0.0000"
"11798.0","15:13:21.733","2220971.0000","1.3075","60563.0000","-0.0500","-0.0050","-1.0000","0.0000","0.0000","0.0000","0.0000","0.0000"
"11799.0","15:13:21.734","2221570.0000","1.3728","60563.0000","-0.0500","-0.0050","-1.0000","0.0000","0.0000","0.0000","0.0000","0.0000"
"11800.0","15:13:21.735","2221692.0000","1.3861","60563.0000","-0.0500","-0.0050","-1.0000","0.0000","0.0000","0.0000","0.0000","0.0000"
"11801.0","15:13:21.736","2222680.0000","1.4938","60563.0000","-0.0500","-0.0050","-1.0000","0.0000","0.0000","0.0000","0.0000","0.0000"
"11802.0","15:13:21.737","2222857.0000","1.5131","60563.0000","-0.0500","-0.0050","-1.0000","0.0000","0.0000","0.0000","0.0000","0.0000"
"11803.0","15:13:21.738","2222863.0000","1.5137","60563.0000","-0.0500","-0.0050","-1.0000","0.0000","0.0000","0.0000","0.0000","0.0000"
"11804.0","15:13:21.739","2222566.0000","1.4814","60563.0000","-0.0500","-0.0050","-1.0000","0.0000","0.0000","0.0000","0.0000","0.0000"
"11805.0","15:13:21.740","2221709.0000","1.3880","60563.0000","-0.0500","-0.0050","-1.0000","0.0000","0.0000","0.0000","0.0000","0.0000"
"11806.0","15:13:21.741","2221334.0000","1.3471","60563.0000","-0.0500","-0.0050","-1.0000","0.0000","0.0000","0.0000","0.0000","0.0000"
"11807.0","15:13:21.742","2221903.0000","1.4091","60563.0000","-0.0500","-0.0050","-1.0000","0.0000","0.0000","0.0000","0.0000","0.0000"
"11808.0","15:13:21.743","2221385.0000","1.3526","60563.0000","-0.0500","-0.0050","-1.0000","0.0000","0.0000","0.0000","0.0000","0.0000"
"11809.0","15:13:21.744","2220195.0000","1.2229","60563.0000","-0.0500","-0.0050","-1.0000","0.0000","0.0000","0.0000","0.0000","0.0000"
"11810.0","15:13:21.745","2220106.0000","1.2132","60563.0000","-0.0500","-0.0050","-1.0000","0.0000","0.0000","0.0000","0.0000","0.0000"
"11811.0","15:13:21.746","2220106.0000","1.2132","60563.0000","-0.0500","-0.0050","-1.0000","0.0000","0.0000","0.0000","0.0000","0.0000"
"11812.0","15:13:21.747","2221484.0000","1.3634","60563.0000","-0.0500","-0.0050","-1.0000","0.0000","0.0000","0.0000","0.0000","0.0000"
"11813.0","15:13:21.748","2221528.0000","1.3682","60563.0000","-0.0500","-0.0050","-1.0000","0.0000","0.0000","0.0000","0.0000","0.0000"
"11814.0","15:13:21.749","2222082.0000","1.4286","60563.0000","-0.0500","-0.0050","-1.0000","0.0000","0.0000","0.0000","0.0000","0.0000"
"11815.0","15:13:21.750","2221932.0000","1.4123","60563.0000","-0.0500","-0.0050","-1.0000","0.0000","0.0000","0.0000","0.0000","0.0000"
"11816.0","15:13:21.751","2222556.0000","1.4803","60563.0000","-0.0500","-0.0050","-1.0000","0.0000","0.0000","0.0000","0.0000","0.0000"
"11817.0","15:13:21.752","2222414.0000","1.4648","60563.0000","-0.0500","-0.0050","-1.0000","0.0000","0.0000","0.0000","0.0000","0.0000"
"11818.0","15:13:21.753","2222128.0000","1.4336","60563.0000","-0.0500","-0.0050","-1.0000","0.0000","0.0000","0.0000","0.0000","0.0000"
"11819.0","15:13:21.754","2222555.0000","1.4802","60563.0000","-0.0500","-0.0050","-1.0000","0.0000","0.0000","0.0000","0.0000","0.0000"
"11820.0","15:13:21.755","2224212.0000","1.6608","60563.0000","-0.0500","-0.0050","-1.0000","0.0000","0.0000","0.0000","0.0000","0.0000"
"11821.0","15:13:21.756","2223884.0000","1.6251","60563.0000","-0.0500","-0.0050","-1.0000","0.0000","0.0000","0.0000","0.0000","0.0000"
"11822.0","15:13:21.757","2224030.0000","1.6410","60563.0000","-0.0500","-0.0050","-1.0000","0.0000","0.0000","0.0000","0.0000","0.0000"
"11823.0","15:13:21.758","2223069.0000","1.5362","60563.0000","-0.0500","-0.0050","-1.0000","0.0000","0.0000","0.0000","0.0000","0.0000"
"11824.0","15:13:21.759","2222835.0000","1.5107","60563.0000","-0.0500","-0.0050","-1.0000","0.0000","0.0000","0.0000","0.0000","0.0000"
"11825.0","15:13:21.760","2222654.0000","1.4910","60563.0000","-0.0500","-0.0050","-1.0000","0.0000","0.0000","0.0000","0.0000","0.0000"
"11826.0","15:13:21.761","2222544.0000","1.4790","60563.0000","-0.0500","-0.0050","-1.0000","0.0000","0.0000","0.0000","0.0000","0.0000"
"11827.0","15:13:21.762","2222213.0000","1.4429","60563.0000","-0.0500","-0.0050","-1.0000","0.0000","0.0000","0.0000","0.0000","0.0000"
"11828.0","15:13:21.763","2222608.0000","1.4859","60563.0000","-0.0500","-0.0050","-1.0000","0.0000","0.0000","0.0000","0.0000","0.0000"
"11829.0","15:13:21.764","2222558.0000","1.4805","60563.0000","-0.0500","-0.0050","-1.0000","0.0000","0.0000","0.0000","0.0000","0.0000"
"11830.0","15:13:21.765","2222724.0000","1.4986","60563.0000","-0.0500","-0.0050","-1.0000","0.0000","0.0000","0.0000","0.0000","0.0000"
"11831.0","15:13:21.766","2221691.0000","1.3860","60563.0000","-0.0500","-0.0050","-1.0000","0.0000","0.0000","0.0000","0.0000","0.0000"
"11832.0","15:13:21.767","2222632.0000","1.4886","60563.0000","-0.0500","-0.0050","-1.0000","0.0000","0.0000","0.0000","0.0000","0.0000"
"11833.0","15:13:21.768","2222634.0000","1.4888","60563.0000","-0.0500","-0.0050","-1.0000","0.0000","0.0000","0.0000","0.0000","0.0000"
"11834.0","15:13:21.769","2222317.0000","1.4542","60563.0000","-0.0500","-0.0050","-1.0000","0.0000","0.0000","0.0000","0.0000","0.0000"
"11835.0","15:13:21.770","2222806.0000","1.5075","60563.0000","-0.0500","-0.0050","-1.0000","0.0000","0.0000","0.0000","0.0000","0.0000"
"11836.0","15:13:21.771","2223239.0000","1.5547","60563.0000","-0.0500","-0.0050","-1.0000","0.0000","0.0000","0.0000","0.0000","0.0000"
"11837.0","15:13:21.772","2224388.0000","1.6800","60563.0000","-0.0500","-0.0050","-1.0000","0.0000","0.0000","0.0000","0.0000","0.0000"
"11838.0","15:13:21.773","2224050.0000","1.6432","60563.0000","-0.0500","-0.0050","-1.0000","0.0000","0.0000","0.0000","0.0000","0.0000"
"11839.0","15:13:21.774","2222062.0000","1.4264","60563.0000","-0.0500","-0.0050","-1.0000","0.0000","0.0000","0.0000","0.0000","0.0000"
"11840.0","15:13:21.775","2222633.0000","1.4887","60563.0000","-0.0500","-0.0050","-1.0000","0.0000","0.0000","0.0000","0.0000","0.0000"
"11841.0","15:13:21.776","2222739.0000","1.5002","60563.0000","-0.0500","-0.0050","-1.0000","0.0000","0.0000","0.0000","0.0000","0.0000"
"11842.0","15:13:21.777","2222330.0000","1.4556","60563.0000","-0.0500","-0.0050","-1.0000","0.0000","0.0000","0.0000","0.0000","0.0000"
"11843.0","15:13:21.778","2221676.0000","1.3843","60563.0000","-0.0500","-0.0050","-1.0000","0.0000","0.0000","0.0000","0.0000","0.0000"
"11844.0","15:13:21.779","2220928.0000","1.3028","60563.0000","-0.0500","-0.0050","-1.0000","0.0000","0.0000","0.0000","0.0000","0.0000"
"11845.0","15:13:21.780","2220771.0000","1.2857","60563.0000","-0.0500","-0.0050","-1.0000","0.0000","0.0000","0.0000","0.0000","0.0000"
"11846.0","15:13:21.781","2220884.0000","1.2980","60563.0000","-0.0500","-0.0050","-1.0000","0.0000","0.0000","0.0000","0.0000","0.0000"
"11847.0","15:13:21.782","2220780.0000","1.2867","60563.0000","-0.0500","-0.0050","-1.0000","0.0000","0.0000","0.0000","0.0000","0.0000"
"11848.0","15:13:21.783","2221392.0000","1.3534","60563.0000","-0.0500","-0.0050","-1.0000","0.0000","0.0000","0.0000","0.0000","0.0000"
"11849.0","15:13:21.784","2221547.0000","1.3703","60563.0000","-0.0500","-0.0050","-1.0000","0.0000","0.0000","0.0000","0.0000","0.0000"
"11850.0","15:13:21.785","2220559.0000","1.2626","60563.0000","-0.0500","-0.0050","-1.0000","0.0000","0.0000","0.0000","0.0000","0.0000"
"11851.0","15:13:21.786","2220638.0000","1.2712","60563.0000","-0.0500","-0.0050","-1.0000","0.0000","0.0000","0.0000","0.0000","0.0000"
"11852.0","15:13:21.787","2222058.0000","1.4260","60563.0000","-0.0500","-0.0050","-1.0000","0.0000","0.0000","0.0000","0.0000","0.0000"
"11853.0","15:13:21.788","2223155.0000","1.5456","60563.0000","-0.0500","-0.0050","-1.0000","0.0000","0.0000","0.0000","0.0000","0.0000"
"11854.0","15:13:21.789","2222698.0000","1.4958","60563.0000","-0.0500","-0.0050","-1.0000","0.0000","0.0000","0.0000","0.0000","0.0000"
"11855.0","15:13:21.790","2223480.0000","1.5810","60563.0000","-0.0500","-0.0050","-1.0000","0.0000","0.0000","0.0000","0.0000","0.0000"
"11856.0","15:13:21.791","2223621.0000","1.5964","60563.0000","-0.0500","-0.0050","-1.0000","0.0000","0.0000","0.0000","0.0000","0.0000"
"11857.0","15:13:21.792","2223396.0000","1.5719","60563.0000","-0.0500","-0.0050","-1.0000","0.0000","0.0000","0.0000","0.0000","0.0000"
"11858.0","15:13:21.793","2223396.0000","1.5719","60565.0000","-0.0500","-0.0050","-1.0000","0.0000","0.0000","0.0000","0.0000","0.0000"
"11859.0","15:13:21.794","2222250.0000","1.4469","60565.0000","-0.0500","-0.0050","-1.0000","0.0000","0.0000","0.0000","0.0000","0.0000"
"11860.0","15:13:21.795","2221951.0000","1.4143","60565.0000","-0.0500","-0.0050","-1.0000","0.0000","0.0000","0.0000","0.0000","0.0000"
"11861.0","15:13:21.796","2221475.0000","1.3624","60565.0000","-0.0500","-0.0050","-1.0000","0.0000","0.0000","0.0000","0.0000","0.0000"
"11862.0","15:13:21.797","2221293.0000","1.3426","60565.0000","-0.0500","-0.0050","-1.0000","0.0000","0.0000","0.0000","0.0000","0.0000"
"11863.0","15:13:21.798","2221999.0000","1.4196","60565.0000","-0.0500","-0.0050","-1.0000","0.0000","0.0000","0.0000","0.0000","0.0000"
"11864.0","15:13:21.799","2222053.0000","1.4255","60565.0000","-0.0500","-0.0050","-1.0000","0.0000","0.0000","0.0000","0.0000","0.0000"
"11865.0","15:13:21.800","2222621.0000","1.4874","60565.0000","-0.0500","-0.0050","-1.0000","0.0000","0.0000","0.0000","0.0000","0.0000"
"11866.0","15:13:21.801","2221854.0000","1.4038","60565.0000","-0.0500","-0.0050","-1.0000","0.0000","0.0000","0.0000","0.0000","0.0000"
"11867.0","15:13:21.802","2222399.0000","1.4632","60565.0000","-0.0500","-0.0050","-1.0000","0.0000","0.0000","0.0000","0.0000","0.0000"
"11868.0","15:13:21.803","2222051.0000","1.4252","60565.0000","-0.0500","-0.0050","-1.0000","0.0000","0.0000","0.0000","0.0000","0.0000"
"11869.0","15:13:21.804","2221712.0000","1.3883","60565.0000","-0.0500","-0.0050","-1.0000","0.0000","0.0000","0.0000","0.0000","0.0000"
"11870.0","15:13:21.805","2223442.0000","1.5769","60565.0000","-0.0500","-0.0050","-1.0000","0.0000","0.0000","0.0000","0.0000","0.0000"
"11871.0","15:13:21.806","2223089.0000","1.5384","60565.0000","-0.0500","-0.0050","-1.0000","0.0000","0.0000","0.0000","0.0000","0.0000"
"11872.0","15:13:21.807","2223143.0000","1.5443","60565.0000","-0.0500","-0.0050","-1.0000","0.0000","0.0000","0.0000","0.0000","0.0000"
"11873.0","15:13:21.808","2222551.0000","1.4797","60565.0000","-0.0500","-0.0050","-1.0000","0.0000","0.0000","0.0000","0.0000","0.0000"
"11874.0","15:13:21.809","2222176.0000","1.4389","60565.0000","-0.0500","-0.0050","-1.0000","0.0000","0.0000","0.0000","0.0000","0.0000"
"11875.0","15:13:21.810","2222390.0000","1.4622","60565.0000","-0.0500","-0.0050","-1.0000","0.0000","0.0000","0.0000","0.0000","0.0000"
"11876.0","15:13:21.811","2222203.0000","1.4418","60565.0000","-0.0500","-0.0050","-1.0000","0.0000","0.0000","0.0000","0.0000","0.0000"
"11877.0","15:13:21.812","2221851.0000","1.4034","60565.0000","-0.0500","-0.0050","-1.0000","0.0000","0.0000","0.0000","0.0000","0.0000"
"11878.0","15:13:21.813","2221731.0000","1.3904","60565.0000","-0.0500","-0.0050","-1.0000","0.0000","0.0000","0.0000","0.0000","0.0000"
"11879.0","15:13:21.814","2222357.0000","1.4586","60565.0000","-0.0500","-0.0050","-1.0000","0.0000","0.0000","0.0000","0.0000","0.0000"
"11880.0","15:13:21.815","2222505.0000","1.4747","60565.0000","-0.0500","-0.0050","-1.0000","0.0000","0.0000","0.0000","0.0000","0.0000"
"11881.0","15:13:21.816","2221509.0000","1.3661","60565.0000","-0.0500","-0.0050","-1.0000","0.0000","0.0000","0.0000","0.0000","0.0000"
"11882.0","15:13:21.817","2221496.0000","1.3647","60565.0000","-0.0500","-0.0050","-1.0000","0.0000","0.0000","0.0000","0.0000","0.0000"
"11883.0","15:13:21.818","2221850.0000","1.4033","60565.0000","-0.0500","-0.0050","-1.0000","0.0000","0.0000","0.0000","0.0000","0.0000"
"11884.0","15:13:21.819","2221910.0000","1.4099","60565.0000","-0.0500","-0.0050","-1.0000","0.0000","0.0000","0.0000","0.0000","0.0000"
"11885.0","15:13:21.820","2222630.0000","1.4884","60565.0000","-0.0500","-0.0050","-1.0000","0.0000","0.0000","0.0000","0.0000","0.0000"
"11886.0","15:13:21.821","2223195.0000","1.5500","60565.0000","-0.0500","-0.0050","-1.0000","0.0000","0.0000","0.0000","0.0000","0.0000"
"11887.0","15:13:21.822","2223988.0000","1.6364","60565.0000","-0.0500","-0.0050","-1.0000","0.0000","0.0000","0.0000","0.0000","0.0000"
"11888.0","15:13:21.823","2223558.0000","1.5895","60565.0000","-0.0500","-0.0050","-1.0000","0.0000","0.0000","0.0000","0.0000","0.0000"
"11889.0","15:13:21.824","2223132.0000","1.5431","60565.0000","-0.0500","-0.0050","-1.0000","0.0000","0.0000","0.0000","0.0000","0.0000"
"11890.0","15:13:21.825","2223195.0000","1.5500","60565.0000","-0.0500","-0.0050","-1.0000","0.0000","0.0000","0.0000","0.0000","0.0000"
"11891.0","15:13:21.826","2222104.0000","1.4310","60565.0000","-0.0500","-0.0050","-1.0000","0.0000","0.0000","0.0000","0.0000","0.0000"
"11892.0","15:13:21.827","2221814.0000","1.3994","60565.0000","-0.0500","-0.0050","-1.0000","0.0000","0.0000","0.0000","0.0000","0.0000"
"11893.0","15:13:21.828","2221478.0000","1.3628","60565.0000","-0.0500","-0.0050","-1.0000","0.0000","0.0000","0.0000","0.0000","0.0000"
"11894.0","15:13:21.829","2221683.0000","1.3851","60565.0000","-0.0500","-0.0050","-1.0000","0.0000","0.0000","0.0000","0.0000","0.0000"
"11895.0","15:13:21.830","2222484.0000","1.4724","60565.0000","-0.0500","-0.0050","-1.0000","0.0000","0.0000","0.0000","0.0000","0.0000"
"11896.0","15:13:21.831","2222510.0000","1.4753","60565.0000","-0.0500","-0.0050","-1.0000","0.0000","0.0000","0.0000","0.0000","0.0000"
"11897.0","15:13:21.832","2221573.0000","1.3731","60565.0000","-0.0500","-0.0050","-1.0000","0.0000","0.0000","0.0000","0.0000","0.0000"
"11898.0","15:13:21.833","2222985.0000","1.5271","60565.0000","-0.0500","-0.0050","-1.0000","0.0000","0.0000","0.0000","0.0000","0.0000"
"11899.0","15:13:21.834","2222281.0000","1.4503","60565.0000","-0.0500","-0.0050","-1.0000","0.0000","0.0000","0.0000","0.0000","0.0000"
"11900.0","15:13:21.835","2222081.0000","1.4285","60565.0000","-0.0500","-0.0050","-1.0000","0.0000","0.0000","0.0000","0.0000","0.0000"
"11901.0","15:13:21.836","2222374.0000","1.4605","60565.0000","-0.0500","-0.0050","-1.0000","0.0000","0.0000","0.0000","0.0000","0.0000"
"11902.0","15:13:21.837","2222562.0000","1.4809","60565.0000","-0.0500","-0.0050","-1.0000","0.0000","0.0000","0.0000","0.0000","0.0000"
"11903.0","15:13:21.838","2223559.0000","1.5896","60565.0000","-0.0500","-0.0050","-1.0000","0.0000","0.0000","0.0000","0.0000","0.0000"
"11904.0","15:13:21.839","2222766.0000","1.5032","60565.0000","-0.0500","-0.0050","-1.0000","0.0000","0.0000","0.0000","0.0000","0.0000"
"11905.0","15:13:21.840","2222766.0000","1.5032","60565.0000","-0.0500","-0.0050","-1.0000","0.0000","0.0000","0.0000","0.0000","0.0000"
"11906.0","15:13:21.841","2222823.0000","1.5094","60565.0000","-0.0500","-0.0050","-1.0000","0.0000","0.0000","0.0000","0.0000","0.0000"
"11907.0","15:13:21.842","2222574.0000","1.4822","60565.0000","-0.0500","-0.0050","-1.0000","0.0000","0.0000","0.0000","0.0000","0.0000"
"11908.0","15:13:21.843","2223004.0000","1.5291","60565.0000","-0.0500","-0.0050","-1.0000","0.0000","0.0000","0.0000","0.0000","0.0000"
"11909.0","15:13:21.844","2222708.0000","1.4969","60565.0000","-0.0500","-0.0050","-1.0000","0.0000","0.0000","0.0000","0.0000","0.0000"
"11910.0","15:13:21.845","2221405.0000","1.3548","60565.0000","-0.0500","-0.0050","-1.0000","0.0000","0.0000","0.0000","0.0000","0.0000"
"11911.0","15:13:21.846","2220102.0000","1.2128","60565.0000","-0.0500","-0.0050","-1.0000","0.0000","0.0000","0.0000","0.0000","0.0000"
"11912.0","15:13:21.847","2220932.0000","1.3032","60565.0000","-0.0500","-0.0050","-1.0000","0.0000","0.0000","0.0000","0.0000","0.0000"
"11913.0","15:13:21.848","2221408.0000","1.3551","60565.0000","-0.0500","-0.0050","-1.0000","0.0000","0.0000","0.0000","0.0000","0.0000"
"11914.0","15:13:21.849","2221043.0000","1.3154","60565.0000","-0.0500","-0.0050","-1.0000","0.0000","0.0000","0.0000","0.0000","0.0000"
"11915.0","15:13:21.850","2221110.0000","1.3226","60565.0000","-0.0500","-0.0050","-1.0000","0.0000","0.0000","0.0000","0.0000","0.0000"
"11916.0","15:13:21.851","2220681.0000","1.2759","60565.0000","-0.0500","-0.0050","-1.0000","0.0000","0.0000","0.0000","0.0000","0.0000"
"11917.0","15:13:21.852","2221084.0000","1.3198","60565.0000","-0.0500","-0.0050","-1.0000","0.0000","0.0000","0.0000","0.0000","0.0000"
"11918.0","15:13:21.853","2220309.0000","1.2353","60565.0000","-0.0500","-0.0050","-1.0000","0.0000","0.0000","0.0000","0.0000","0.0000"
"11919.0","15:13:21.854","2221501.0000","1.3653","60560.0000","-0.0500","-0.0050","-1.0000","0.0000","0.0000","0.0000","0.0000","0.0000"
"11920.0","15:13:21.855","2222116.0000","1.4323","60560.0000","-0.0500","-0.0050","-1.0000","0.0000","0.0000","0.0000","0.0000","0.0000"
"11921.0","15:13:21.856","2220987.0000","1.3092","60560.0000","-0.0500","-0.0050","-1.0000","0.0000","0.0000","0.0000","0.0000","0.0000"
"11922.0","15:13:21.857","2222179.0000","1.4392","60560.0000","-0.0500","-0.0050","-1.0000","0.0000","0.0000","0.0000","0.0000","0.0000"
"11923.0","15:13:21.858","2222479.0000","1.4719","60560.0000","-0.0500","-0.0050","-1.0000","0.0000","0.0000","0.0000","0.0000","0.0000"
"11924.0","15:13:21.859","2221650.0000","1.3815","60560.0000","-0.0500","-0.0050","-1.0000","0.0000","0.0000","0.0000","0.0000","0.0000"
"11925.0","15:13:21.860","2221384.0000","1.3525","60560.0000","-0.0500","-0.0050","-1.0000","0.0000","0.0000","0.0000","0.0000","0.0000"
"11926.0","15:13:21.861","2220923.0000","1.3023","60560.0000","-0.0500","-0.0050","-1.0000","0.0000","0.0000","0.0000","0.0000","0.0000"
"11927.0","15:13:21.862","2221078.0000","1.3192","60560.0000","-0.0500","-0.0050","-1.0000","0.0000","0.0000","0.0000","0.0000","0.0000"
"11928.0","15:13:21.863","2221385.0000","1.3526","60560.0000","-0.0500","-0.0050","-1.0000","0.0000","0.0000","0.0000","0.0000","0.0000"
"11929.0","15:13:21.864","2221381.0000","1.3522","60560.0000","-0.0500","-0.0050","-1.0000","0.0000","0.0000","0.0000","0.0000","0.0000"
"11930.0","15:13:21.865","2222583.0000","1.4832","60560.0000","-0.0500","-0.0050","-1.0000","0.0000","0.0000","0.0000","0.0000","0.0000"
"11931.0","15:13:21.866","2221801.0000","1.3980","60560.0000","-0.0500","-0.0050","-1.0000","0.0000","0.0000","0.0000","0.0000","0.0000"
"11932.0","15:13:21.867","2221829.0000","1.4011","60560.0000","-0.0500","-0.0050","-1.0000","0.0000","0.0000","0.0000","0.0000","0.0000"
"11933.0","15:13:21.868","2222590.0000","1.4840","60560.0000","-0.0500","-0.0050","-1.0000","0.0000","0.0000","0.0000","0.0000","0.0000"
"11934.0","15:13:21.869","2222589.0000","1.4839","60560.0000","-0.0500","-0.0050","-1.0000","0.0000","0.0000","0.0000","0.0000","0.0000"
"11935.0","15:13:21.870","2222278.0000","1.4500","60560.0000","-0.0500","-0.0050","-1.0000","0.0000","0.0000","0.0000","0.0000","0.0000"
"11936.0","15:13:21.871","2223262.0000","1.5572","60560.0000","-0.0500","-0.0050","-1.0000","0.0000","0.0000","0.0000","0.0000","0.0000"
"11937.0","15:13:21.872","2223307.0000","1.5622","60560.0000","-0.0500","-0.0050","-1.0000","0.0000","0.0000","0.0000","0.0000","0.0000"
"11938.0","15:13:21.873","2222656.0000","1.4912","60560.0000","-0.0500","-0.0050","-1.0000","0.0000","0.0000","0.0000","0.0000","0.0000"
"11939.0","15:13:21.874","2221195.0000","1.3319","60560.0000","-0.0500","-0.0050","-1.0000","0.0000","0.0000","0.0000","0.0000","0.0000"
"11940.0","15:13:21.875","2221548.0000","1.3704","60560.0000","-0.0500","-0.0050","-1.0000","0.0000","0.0000","0.0000","0.0000","0.0000"
"11941.0","15:13:21.876","2221506.0000","1.3658","60560.0000","-0.0500","-0.0050","-1.0000","0.0000","0.0000","0.0000","0.0000","0.0000"
"11942.0","15:13:21.877","2219912.0000","1.1921","60560.0000","-0.0500","-0.0050","-1.0000","0.0000","0.0000","0.0000","0.0000","0.0000"
"11943.0","15:13:21.878","2219253.0000","1.1202","60560.0000","-0.0500","-0.0050","-1.0000","0.0000","0.0000","0.0000","0.0000","0.0000"
"11944.0","15:13:21.879","2220096.0000","1.2121","60560.0000","-0.0500","-0.0050","-1.0000","0.0000","0.0000","0.0000","0.0000","0.0000"
"11945.0","15:13:21.880","2220512.0000","1.2575","60560.0000","-0.0500","-0.0050","-1.0000","0.0000","0.0000","0.0000","0.0000","0.0000"
"11946.0","15:13:21.881","2221424.0000","1.3569","60560.0000","-0.0500","-0.0050","-1.0000","0.0000","0.0000","0.0000","0.0000","0.0000"
"11947.0","15:13:21.882","2221693.0000","1.3862","60560.0000","-0.0500","-0.0050","-1.0000","0.0000","0.0000","0.0000","0.0000","0.0000"
"11948.0","15:13:21.883","2222331.0000","1.4558","60560.0000","-0.0500","-0.0050","-1.0000","0.0000","0.0000","0.0000","0.0000","0.0000"
"11949.0","15:13:21.884","2222275.0000","1.4496","60560.0000","-0.0500","-0.0050","-1.0000","0.0000","0.0000","0.0000","0.0000","0.0000"
"11950.0","15:13:21.885","2221980.0000","1.4175","60560.0000","-0.0500","-0.0050","-1.0000","0.0000","0.0000","0.0000","0.0000","0.0000"
"11951.0","15:13:21.886","2221980.0000","1.4175","60560.0000","-0.0500","-0.0050","-1.0000","0.0000","0.0000","0.0000","0.0000","0.0000"
"11952.0","15:13:21.887","2221966.0000","1.4160","60560.0000","-0.0500","-0.0050","-1.0000","0.0000","0.0000","0.0000","0.0000","0.0000"
"11953.0","15:13:21.888","2222868.0000","1.5143","60560.0000","-0.0500","-0.0050","-1.0000","0.0000","0.0000","0.0000","0.0000","0.0000"
"11954.0","15:13:21.889","2223358.0000","1.5677","60560.0000","-0.0500","-0.0050","-1.0000","0.0000","0.0000","0.0000","0.0000","0.0000"
"11955.0","15:13:21.890","2221854.0000","1.4038","60560.0000","-0.0500","-0.0050","-1.0000","0.0000","0.0000","0.0000","0.0000","0.0000"
"11956.0","15:13:21.891","2222595.0000","1.4846","60560.0000","-0.0500","-0.0050","-1.0000","0.0000","0.0000","0.0000","0.0000","0.0000"
"11957.0","15:13:21.892","2221900.0000","1.4088","60560.0000","-0.0500","-0.0050","-1.0000","0.0000","0.0000","0.0000","0.0000","0.0000"
"11958.0","15:13:21.893","2222219.0000","1.4436","60560.0000","-0.0500","-0.0050","-1.0000","0.0000","0.0000","0.0000","0.0000","0.0000"
"11959.0","15:13:21.894","2221800.0000","1.3979","60560.0000","-0.0500","-0.0050","-1.0000","0.0000","0.0000","0.0000","0.0000","0.0000"
"11960.0","15:13:21.895","2220779.0000","1.2866","60560.0000","-0.0500","-0.0050","-1.0000","0.0000","0.0000","0.0000","0.0000","0.0000"
"11961.0","15:13:21.896","2220241.0000","1.2279","60560.0000","-0.0500","-0.0050","-1.0000","0.0000","0.0000","0.0000","0.0000","0.0000"
"11962.0","15:13:21.897","2221747.0000","1.3921","60560.0000","-0.0500","-0.0050","-1.0000","0.0000","0.0000","0.0000","0.0000","0.0000"
"11963.0","15:13:21.898","2221759.0000","1.3934","60560.0000","-0.0500","-0.0050","-1.0000","0.0000","0.0000","0.0000","0.0000","0.0000"
"11964.0","15:13:21.899","2222515.0000","1.4758","60560.0000","-0.0500","-0.0050","-1.0000","0.0000","0.0000","0.0000","0.0000","0.0000"
"11965.0","15:13:21.900","2222016.0000","1.4214","60560.0000","-0.0500","-0.0050","-1.0000","0.0000","0.0000","0.0000","0.0000","0.0000"
"11966.0","15:13:21.901","2222863.0000","1.5137","60560.0000","-0.0500","-0.0050","-1.0000","0.0000","0.0000","0.0000","0.0000","0.0000"
"11967.0","15:13:21.902","2221822.0000","1.4002","60560.0000","-0.0500","-0.0050","-1.0000","0.0000","0.0000","0.0000","0.0000","0.0000"
"11968.0","15:13:21.903","2221230.0000","1.3357","60560.0000","-0.0500","-0.0050","-1.0000","0.0000","0.0000","0.0000","0.0000","0.0000"
"11969.0","15:13:21.904","2222789.0000","1.5057","60560.0000","-0.0500","-0.0050","-1.0000","0.0000","0.0000","0.0000","0.0000","0.0000"
"11970.0","15:13:21.905","2222899.0000","1.5177","60560.0000","-0.0500","-0.0050","-1.0000","0.0000","0.0000","0.0000","0.0000","0.0000"
"11971.0","15:13:21.906","2224145.0000","1.6535","60560.0000","-0.0500","-0.0050","-1.0000","0.0000","0.0000","0.0000","0.0000","0.0000"
"11972.0","15:13:21.907","2223487.0000","1.5818","60560.0000","-0.0500","-0.0050","-1.0000","0.0000","0.0000","0.0000","0.0000","0.0000"
"11973.0","15:13:21.908","2223659.0000","1.6005","60560.0000","-0.0500","-0.0050","-1.0000","0.0000","0.0000","0.0000","0.0000","0.0000"
"11974.0","15:13:21.909","2223646.0000","1.5991","60560.0000","-0.0500","-0.0050","-1.0000","0.0000","0.0000","0.0000","0.0000","0.0000"
"11975.0","15:13:21.910","2222722.0000","1.4984","60560.0000","-0.0500","-0.0050","-1.0000","0.0000","0.0000","0.0000","0.0000","0.0000"
"11976.0","15:13:21.911","2222590.0000","1.4840","60560.0000","-0.0500","-0.0050","-1.0000","0.0000","0.0000","0.0000","0.0000","0.0000"
"11977.0","15:13:21.912","2222577.0000","1.4826","60560.0000","-0.0500","-0.0050","-1.0000","0.0000","0.0000","0.0000","0.0000","0.0000"
"11978.0","15:13:21.913","2222634.0000","1.4888","60560.0000","-0.0500","-0.0050","-1.0000","0.0000","0.0000","0.0000","0.0000","0.0000"
"11979.0","15:13:21.914","2223029.0000","1.5319","60561.0000","-0.0500","-0.0050","-1.0000","0.0000","0.0000","0.0000","0.0000","0.0000"
"11980.0","15:13:21.915","2222709.0000","1.4970","60561.0000","-0.0500","-0.0050","-1.0000","0.0000","0.0000","0.0000","0.0000","0.0000"
"11981.0","15:13:21.916","2222638.0000","1.4892","60561.0000","-0.0500","-0.0050","-1.0000","0.0000","0.0000","0.0000","0.0000","0.0000"
"11982.0","15:13:21.917","2222189.0000","1.4403","60561.0000","-0.0500","-0.0050","-1.0000","0.0000","0.0000","0.0000","0.0000","0.0000"
"11983.0","15:13:21.918","2221458.0000","1.3606","60561.0000","-0.0500","-0.0050","-1.0000","0.0000","0.0000","0.0000","0.0000","0.0000"
"11984.0","15:13:21.919","2222173.0000","1.4385","60561.0000","-0.0500","-0.0050","-1.0000","0.0000","0.0000","0.0000","0.0000","0.0000"
"11985.0","15:13:21.920","2222728.0000","1.4990","60561.0000","-0.0500","-0.0050","-1.0000","0.0000","0.0000","0.0000","0.0000","0.0000"
"11986.0","15:13:21.921","2222612.0000","1.4864","60561.0000","-0.0500","-0.0050","-1.0000","0.0000","0.0000","0.0000","0.0000","0.0000"
"11987.0","15:13:21.922","2223093.0000","1.5388","60561.0000","-0.0500","-0.0050","-1.0000","0.0000","0.0000","0.0000","0.0000","0.0000"
"11988.0","15:13:21.923","2222661.0000","1.4918","60561.0000","-0.0500","-0.0050","-1.0000","0.0000","0.0000","0.0000","0.0000","0.0000"
"11989.0","15:13:21.924","2222289.0000","1.4512","60561.0000","-0.0500","-0.0050","-1.0000","0.0000","0.0000","0.0000","0.0000","0.0000"
"11990.0","15:13:21.925","2222357.0000","1.4586","60561.0000","-0.0500","-0.0050","-1.0000","0.0000","0.0000","0.0000","0.0000","0.0000"
"11991.0","15:13:21.926","2222273.0000","1.4494","60561.0000","-0.0500","-0.0050","-1.0000","0.0000","0.0000","0.0000","0.0000","0.0000"
"11992.0","15:13:21.927","2221243.0000","1.3371","60561.0000","-0.0500","-0.0050","-1.0000","0.0000","0.0000","0.0000","0.0000","0.0000"
"11993.0","15:13:21.928","2221400.0000","1.3542","60561.0000","-0.0500","-0.0050","-1.0000","0.0000","0.0000","0.0000","0.0000","0.0000"
"11994.0","15:13:21.929","2222056.0000","1.4258","60561.0000","-0.0500","-0.0050","-1.0000","0.0000","0.0000","0.0000","0.0000","0.0000"
"11995.0","15:13:21.930","2222211.0000","1.4427","60561.0000","-0.0500","-0.0050","-1.0000","0.0000","0.0000","0.0000","0.0000","0.0000"
"11996.0","15:13:21.931","2221957.0000","1.4150","60561.0000","-0.0500","-0.0050","-1.0000","0.0000","0.0000","0.0000","0.0000","0.0000"
"11997.0","15:13:21.932","2221240.0000","1.3368","60561.0000","-0.0500","-0.0050","-1.0000","0.0000","0.0000","0.0000","0.0000","0.0000"
"11998.0","15:13:21.933","2221240.0000","1.3368","60561.0000","-0.0500","-0.0050","-1.0000","0.0000","0.0000","0.0000","0.0000","0.0000"
"11999.0","15:13:21.934","2221882.0000","1.4068","60561.0000","-0.0500","-0.0050","-1.0000","0.0000","0.0000","0.0000","0.0000","0.0000"
"12000.0","15:13:21.935","2221861.0000","1.4045","60561.0000","-0.0500","-0.0050","-1.0000","0.0000","0.0000","0.0000","0.0000","0.0000"
"12001.0","15:13:21.936","2221857.0000","1.4041","60561.0000","-0.0500","-0.0050","-1.0000","0.0000","0.0000","0.0000","0.0000","0.0000"
"12002.0","15:13:21.937","2221349.0000","1.3487","60561.0000","-0.0500","-0.0050","-1.0000","0.0000","0.0000","0.0000","0.0000","0.0000"
"12003.0","15:13:21.938","2222549.0000","1.4795","60561.0000","-0.0500","-0.0050","-1.0000","0.0000","0.0000","0.0000","0.0000","0.0000"
"12004.0","15:13:21.939","2222664.0000","1.4921","60561.0000","-0.0500","-0.0050","-1.0000","0.0000","0.0000","0.0000","0.0000","0.0000"
"12005.0","15:13:21.940","2222422.0000","1.4657","60561.0000","-0.0500","-0.0050","-1.0000","0.0000","0.0000","0.0000","0.0000","0.0000"
"12006.0","15:13:21.941","2223819.0000","1.6180","60561.0000","-0.0500","-0.0050","-1.0000","0.0000","0.0000","0.0000","0.0000","0.0000"
"12007.0","15:13:21.942","2223158.0000","1.5459","60561.0000","-0.0500","-0.0050","-1.0000","0.0000","0.0000","0.0000","0.0000","0.0000"
"12008.0","15:13:21.943","2222495.0000","1.4737","60561.0000","-0.0500","-0.0050","-1.0000","0.0000","0.0000","0.0000","0.0000","0.0000"
"12009.0","15:13:21.944","2223224.0000","1.5531","60561.0000","-0.0500","-0.0050","-1.0000","0.0000","0.0000","0.0000","0.0000","0.0000"
"12010.0","15:13:21.945","2222366.0000","1.4596","60561.0000","-0.0500","-0.0050","-1.0000","0.0000","0.0000","0.0000","0.0000","0.0000"
"12011.0","15:13:21.946","2222649.0000","1.4904","60561.0000","-0.0500","-0.0050","-1.0000","0.0000","0.0000","0.0000","0.0000","0.0000"
"12012.0","15:13:21.947","2221959.0000","1.4152","60561.0000","-0.0500","-0.0050","-1.0000","0.0000","0.0000","0.0000","0.0000","0.0000"
"12013.0","15:13:21.948","2222697.0000","1.4956","60561.0000","-0.0500","-0.0050","-1.0000","0.0000","0.0000","0.0000","0.0000","0.0000"
"12014.0","15:13:21.949","2222914.0000","1.5193","60561.0000","-0.0500","-0.0050","-1.0000","0.0000","0.0000","0.0000","0.0000","0.0000"
"12015.0","15:13:21.950","2221714.0000","1.3885","60561.0000","-0.0500","-0.0050","-1.0000","0.0000","0.0000","0.0000","0.0000","0.0000"
"12016.0","15:13:21.951","2221889.0000","1.4076","60561.0000","-0.0500","-0.0050","-1.0000","0.0000","0.0000","0.0000","0.0000","0.0000"
"12017.0","15:13:21.952","2223084.0000","1.5378","60561.0000","-0.0500","-0.0050","-1.0000","0.0000","0.0000","0.0000","0.0000","0.0000"
"12018.0","15:13:21.953","2222441.0000","1.4677","60561.0000","-0.0500","-0.0050","-1.0000","0.0000","0.0000","0.0000","0.0000","0.0000"
"12019.0","15:13:21.954","2222822.0000","1.5093","60561.0000","-0.0500","-0.0050","-1.0000","0.0000","0.0000","0.0000","0.0000","0.0000"
"12020.0","15:13:21.955","2223006.0000","1.5294","60561.0000","-0.0500","-0.0050","-1.0000","0.0000","0.0000","0.0000","0.0000","0.0000"
"12021.0","15:13:21.956","2222898.0000","1.5176","60561.0000","-0.0500","-0.0050","-1.0000","0.0000","0.0000","0.0000","0.0000","0.0000"
"12022.0","15:13:21.957","2223002.0000","1.5289","60561.0000","-0.0500","-0.0050","-1.0000","0.0000","0.0000","0.0000","0.0000","0.0000"
"12023.0","15:13:21.958","2223130.0000","1.5429","60561.0000","-0.0500","-0.0050","-1.0000","0.0000","0.0000","0.0000","0.0000","0.0000"
"12024.0","15:13:21.959","2223510.0000","1.5843","60561.0000","-0.0500","-0.0050","-1.0000","0.0000","0.0000","0.0000","0.0000","0.0000"
"12025.0","15:13:21.960","2222169.0000","1.4381","60561.0000","-0.0500","-0.0050","-1.0000","0.0000","0.0000","0.0000","0.0000","0.0000"
"12026.0","15:13:21.961","2222138.0000","1.4347","60561.0000","-0.0500","-0.0050","-1.0000","0.0000","0.0000","0.0000","0.0000","0.0000"
"12027.0","15:13:21.962","2221716.0000","1.3887","60561.0000","-0.0500","-0.0050","-1.0000","0.0000","0.0000","0.0000","0.0000","0.0000"
"12028.0","15:13:21.963","2222260.0000","1.4480","60561.0000","-0.0500","-0.0050","-1.0000","0.0000","0.0000","0.0000","0.0000","0.0000"
"12029.0","15:13:21.964","2221514.0000","1.3667","60561.0000","-0.0500","-0.0050","-1.0000","0.0000","0.0000","0.0000","0.0000","0.0000"
"12030.0","15:13:21.965","2221689.0000","1.3858","60561.0000","-0.0500","-0.0050","-1.0000","0.0000","0.0000","0.0000","0.0000","0.0000"
"12031.0","15:13:21.966","2221876.0000","1.4061","60561.0000","-0.0500","-0.0050","-1.0000","0.0000","0.0000","0.0000","0.0000","0.0000"
"12032.0","15:13:21.967","2222648.0000","1.4903","60561.0000","-0.0500","-0.0050","-1.0000","0.0000","0.0000","0.0000","0.0000","0.0000"
"12033.0","15:13:21.968","2222260.0000","1.4480","60561.0000","-0.0500","-0.0050","-1.0000","0.0000","0.0000","0.0000","0.0000","0.0000"
"12034.0","15:13:21.969","2221279.0000","1.3411","60561.0000","-0.0500","-0.0050","-1.0000","0.0000","0.0000","0.0000","0.0000","0.0000"
"12035.0","15:13:21.970","2222213.0000","1.4429","60561.0000","-0.0500","-0.0050","-1.0000","0.0000","0.0000","0.0000","0.0000","0.0000"
"12036.0","15:13:21.971","2222354.0000","1.4583","60561.0000","-0.0500","-0.0050","-1.0000","0.0000","0.0000","0.0000","0.0000","0.0000"
"12037.0","15:13:21.972","2223646.0000","1.5991","60561.0000","-0.0500","-0.0050","-1.0000","0.0000","0.0000","0.0000","0.0000","0.0000"
"12038.0","15:13:21.973","2223410.0000","1.5734","60561.0000","-0.0500","-0.0050","-1.0000","0.0000","0.0000","0.0000","0.0000","0.0000"
"12039.0","15:13:21.974","2223320.0000","1.5636","60561.0000","-0.0500","-0.0050","-1.0000","0.0000","0.0000","0.0000","0.0000","0.0000"
"12040.0","15:13:21.975","2222718.0000","1.4980","60563.0000","-0.0500","-0.0050","-1.0000","0.0000","0.0000","0.0000","0.0000","0.0000"
"12041.0","15:13:21.976","2222200.0000","1.4415","60563.0000","-0.0500","-0.0050","-1.0000","0.0000","0.0000","0.0000","0.0000","0.0000"
"12042.0","15:13:21.977","2221888.0000","1.4074","60563.0000","-0.0500","-0.0050","-1.0000","0.0000","0.0000","0.0000","0.0000","0.0000"
"12043.0","15:13:21.978","2221552.0000","1.3708","60563.0000","-0.0500","-0.0050","-1.0000","0.0000","0.0000","0.0000","0.0000","0.0000"
"12044.0","15:13:21.979","2221959.0000","1.4152","60563.0000","-0.0500","-0.0050","-1.0000","0.0000","0.0000","0.0000","0.0000","0.0000"
"12045.0","15:13:21.980","2221959.0000","1.4152","60563.0000","-0.0500","-0.0050","-1.0000","0.0000","0.0000","0.0000","0.0000","0.0000"
"12046.0","15:13:21.981","2222097.0000","1.4302","60563.0000","-0.0500","-0.0050","-1.0000","0.0000","0.0000","0.0000","0.0000","0.0000"
"12047.0","15:13:21.982","2222752.0000","1.5016","60563.0000","-0.0500","-0.0050","-1.0000","0.0000","0.0000","0.0000","0.0000","0.0000"
"12048.0","15:13:21.983","2221982.0000","1.4177","60563.0000","-0.0500","-0.0050","-1.0000","0.0000","0.0000","0.0000","0.0000","0.0000"
"12049.0","15:13:21.984","2221993.0000","1.4189","60563.0000","-0.0500","-0.0050","-1.0000","0.0000","0.0000","0.0000","0.0000","0.0000"
"12050.0","15:13:21.985","2221896.0000","1.4083","60563.0000","-0.0500","-0.0050","-1.0000","0.0000","0.0000","0.0000","0.0000","0.0000"
"12051.0","15:13:21.986","2222054.0000","1.4255","60563.0000","-0.0500","-0.0050","-1.0000","0.0000","0.0000","0.0000","0.0000","0.0000"
"12052.0","15:13:21.987","2221695.0000","1.3864","60563.0000","-0.0500","-0.0050","-1.0000","0.0000","0.0000","0.0000","0.0000","0.0000"
"12053.0","15:13:21.988","2222053.0000","1.4255","60563.0000","-0.0500","-0.0050","-1.0000","0.0000","0.0000","0.0000","0.0000","0.0000"
"12054.0","15:13:21.989","2221749.0000","1.3923","60563.0000","-0.0500","-0.0050","-1.0000","0.0000","0.0000","0.0000","0.0000","0.0000"
"12055.0","15:13:21.990","2222138.0000","1.4347","60563.0000","-0.0500","-0.0050","-1.0000","0.0000","0.0000","0.0000","0.0000","0.0000"
"12056.0","15:13:21.991","2221804.0000","1.3983","60563.0000","-0.0500","-0.0050","-1.0000","0.0000","0.0000","0.0000","0.0000","0.0000"
"12057.0","15:13:21.992","2222109.0000","1.4315","60563.0000","-0.0500","-0.0050","-1.0000","0.0000","0.0000","0.0000","0.0000","0.0000"
"12058.0","15:13:21.993","2222849.0000","1.5122","60563.0000","-0.0500","-0.0050","-1.0000","0.0000","0.0000","0.0000","0.0000","0.0000"
"12059.0","15:13:21.994","2221838.0000","1.4020","60563.0000","-0.0500","-0.0050","-1.0000","0.0000","0.0000","0.0000","0.0000","0.0000"
"12060.0","15:13:21.995","2220786.0000","1.2873","60563.0000","-0.0500","-0.0050","-1.0000","0.0000","0.0000","0.0000","0.0000","0.0000"
"12061.0","15:13:21.996","2222134.0000","1.4343","60563.0000","-0.0500","-0.0050","-1.0000","0.0000","0.0000","0.0000","0.0000","0.0000"
"12062.0","15:13:21.997","2222146.0000","1.4356","60563.0000","-0.0500","-0.0050","-1.0000","0.0000","0.0000","0.0000","0.0000","0.0000"
"12063.0","15:13:21.998","2222773.0000","1.5040","60563.0000","-0.0500","-0.0050","-1.0000","0.0000","0.0000","0.0000","0.0000","0.0000"
"12064.0","15:13:21.999","2223170.0000","1.5472","60563.0000","-0.0500","-0.0050","-1.0000","0.0000","0.0000","0.0000","0.0000","0.0000"
"12065.0","15:13:22.0","2222452.0000","1.4690","60563.0000","-0.0500","-0.0050","-1.0000","0.0000","0.0000","0.0000","0.0000","0.0000"
"12066.0","15:13:22.1","2222180.0000","1.4393","60563.0000","-0.0500","-0.0050","-1.0000","0.0000","0.0000","0.0000","0.0000","0.0000"
"12067.0","15:13:22.2","2222464.0000","1.4703","60563.0000","-0.0500","-0.0050","-1.0000","0.0000","0.0000","0.0000","0.0000","0.0000"
"12068.0","15:13:22.3","2221846.0000","1.4029","60563.0000","-0.0500","-0.0050","-1.0000","0.0000","0.0000","0.0000","0.0000","0.0000"
"12069.0","15:13:22.4","2223211.0000","1.5517","60563.0000","-0.0500","-0.0050","-1.0000","0.0000","0.0000","0.0000","0.0000","0.0000"
"12070.0","15:13:22.5","2223583.0000","1.5922","60563.0000","-0.0500","-0.0050","-1.0000","0.0000","0.0000","0.0000","0.0000","0.0000"
"12071.0","15:13:22.6","2224354.0000","1.6763","60563.0000","-0.0500","-0.0050","-1.0000","0.0000","0.0000","0.0000","0.0000","0.0000"
"12072.0","15:13:22.7","2223292.0000","1.5605","60563.0000","-0.0500","-0.0050","-1.0000","0.0000","0.0000","0.0000","0.0000","0.0000"
"12073.0","15:13:22.8","2223184.0000","1.5488","60563.0000","-0.0500","-0.0050","-1.0000","0.0000","0.0000","0.0000","0.0000","0.0000"
"12074.0","15:13:22.9","2222965.0000","1.5249","60563.0000","-0.0500","-0.0050","-1.0000","0.0000","0.0000","0.0000","0.0000","0.0000"
"12075.0","15:13:22.10","2222318.0000","1.4543","60563.0000","-0.0500","-0.0050","-1.0000","0.0000","0.0000","0.0000","0.0000","0.0000"
"12076.0","15:13:22.11","2222076.0000","1.4280","60563.0000","-0.0500","-0.0050","-1.0000","0.0000","0.0000","0.0000","0.0000","0.0000"
"12077.0","15:13:22.12","2221688.0000","1.3857","60563.0000","-0.0500","-0.0050","-1.0000","0.0000","0.0000","0.0000","0.0000","0.0000"
"12078.0","15:13:22.13","2221961.0000","1.4154","60563.0000","-0.0500","-0.0050","-1.0000","0.0000","0.0000","0.0000","0.0000","0.0000"
"12079.0","15:13:22.14","2220618.0000","1.2690","60563.0000","-0.0500","-0.0050","-1.0000","0.0000","0.0000","0.0000","0.0000","0.0000"
"12080.0","15:13:22.15","2220500.0000","1.2562","60563.0000","-0.0500","-0.0050","-1.0000","0.0000","0.0000","0.0000","0.0000","0.0000"
"12081.0","15:13:22.16","2221130.0000","1.3248","60563.0000","-0.0500","-0.0050","-1.0000","0.0000","0.0000","0.0000","0.0000","0.0000"
"12082.0","15:13:22.17","2221152.0000","1.3272","60563.0000","-0.0500","-0.0050","-1.0000","0.0000","0.0000","0.0000","0.0000","0.0000"
"12083.0","15:13:22.18","2221196.0000","1.3320","60563.0000","-0.0500","-0.0050","-1.0000","0.0000","0.0000","0.0000","0.0000","0.0000"
"12084.0","15:13:22.19","2220777.0000","1.2863","60563.0000","-0.0500","-0.0050","-1.0000","0.0000","0.0000","0.0000","0.0000","0.0000"
"12085.0","15:13:22.20","2220996.0000","1.3102","60563.0000","-0.0500","-0.0050","-1.0000","0.0000","0.0000","0.0000","0.0000","0.0000"
"12086.0","15:13:22.21","2222439.0000","1.4675","60563.0000","-0.0500","-0.0050","-1.0000","0.0000","0.0000","0.0000","0.0000","0.0000"
"12087.0","15:13:22.22","2222210.0000","1.4426","60563.0000","-0.0500","-0.0050","-1.0000","0.0000","0.0000","0.0000","0.0000","0.0000"
"12088.0","15:13:22.23","2221784.0000","1.3961","60563.0000","-0.0500","-0.0050","-1.0000","0.0000","0.0000","0.0000","0.0000","0.0000"
"12089.0","15:13:22.24","2221717.0000","1.3888","60563.0000","-0.0500","-0.0050","-1.0000","0.0000","0.0000","0.0000","0.0000","0.0000"
"12090.0","15:13:22.25","2222078.0000","1.4282","60563.0000","-0.0500","-0.0050","-1.0000","0.0000","0.0000","0.0000","0.0000","0.0000"
"12091.0","15:13:22.26","2220821.0000","1.2911","60563.0000","-0.0500","-0.0050","-1.0000","0.0000","0.0000","0.0000","0.0000","0.0000"
"12092.0","15:13:22.27","2220821.0000","1.2911","60563.0000","-0.0500","-0.0050","-1.0000","0.0000","0.0000","0.0000","0.0000","0.0000"
"12093.0","15:13:22.28","2220060.0000","1.2082","60563.0000","-0.0500","-0.0050","-1.0000","0.0000","0.0000","0.0000","0.0000","0.0000"
"12094.0","15:13:22.29","2220501.0000","1.2563","60563.0000","-0.0500","-0.0050","-1.0000","0.0000","0.0000","0.0000","0.0000","0.0000"
"12095.0","15:13:22.30","2220981.0000","1.3086","60563.0000","-0.0500","-0.0050","-1.0000","0.0000","0.0000","0.0000","0.0000","0.0000"
"12096.0","15:13:22.31","2220516.0000","1.2579","60563.0000","-0.0500","-0.0050","-1.0000","0.0000","0.0000","0.0000","0.0000","0.0000"
"12097.0","15:13:22.32","2221382.0000","1.3523","60563.0000","-0.0500","-0.0050","-1.0000","0.0000","0.0000","0.0000","0.0000","0.0000"
"12098.0","15:13:22.33","2222129.0000","1.4337","60563.0000","-0.0500","-0.0050","-1.0000","0.0000","0.0000","0.0000","0.0000","0.0000"
"12099.0","15:13:22.34","2220922.0000","1.3022","60563.0000","-0.0500","-0.0050","-1.0000","0.0000","0.0000","0.0000","0.0000","0.0000"
"12100.0","15:13:22.35","2220828.0000","1.2919","60563.0000","-0.0500","-0.0050","-1.0000","0.0000","0.0000","0.0000","0.0000","0.0000"
"12101.0","15:13:22.36","2221781.0000","1.3958","60563.0000","-0.0500","-0.0050","-1.0000","0.0000","0.0000","0.0000","0.0000","0.0000"
"12102.0","15:13:22.37","2221846.0000","1.4029","60563.0000","-0.0500","-0.0050","-1.0000","0.0000","0.0000","0.0000","0.0000","0.0000"
"12103.0","15:13:22.38","2221943.0000","1.4135","60563.0000","-0.0500","-0.0050","-1.0000","0.0000","0.0000","0.0000","0.0000","0.0000"
"12104.0","15:13:22.39","2223635.0000","1.5979","60563.0000","-0.0500","-0.0050","-1.0000","0.0000","0.0000","0.0000","0.0000","0.0000"
"12105.0","15:13:22.40","2222739.0000","1.5002","60563.0000","-0.0500","-0.0050","-1.0000","0.0000","0.0000","0.0000","0.0000","0.0000"
"12106.0","15:13:22.41","2221680.0000","1.3848","60563.0000","-0.0500","-0.0050","-1.0000","0.0000","0.0000","0.0000","0.0000","0.0000"
"12107.0","15:13:22.42","2222169.0000","1.4381","60563.0000","-0.0500","-0.0050","-1.0000","0.0000","0.0000","0.0000","0.0000","0.0000"
"12108.0","15:13:22.43","2222019.0000","1.4217","60563.0000","-0.0500","-0.0050","-1.0000","0.0000","0.0000","0.0000","0.0000","0.0000"
"12109.0","15:13:22.44","2221200.0000","1.3325","60563.0000","-0.0500","-0.0050","-1.0000","0.0000","0.0000","0.0000","0.0000","0.0000"
"12110.0","15:13:22.45","2220903.0000","1.3001","60563.0000","-0.0500","-0.0050","-1.0000","0.0000","0.0000","0.0000","0.0000","0.0000"
"12111.0","15:13:22.46","2221438.0000","1.3584","60563.0000","-0.0500","-0.0050","-1.0000","0.0000","0.0000","0.0000","0.0000","0.0000"
"12112.0","15:13:22.47","2221615.0000","1.3777","60563.0000","-0.0500","-0.0050","-1.0000","0.0000","0.0000","0.0000","0.0000","0.0000"
"12113.0","15:13:22.48","2221210.0000","1.3335","60563.0000","-0.0500","-0.0050","-1.0000","0.0000","0.0000","0.0000","0.0000","0.0000"
"12114.0","15:13:22.49","2221053.0000","1.3164","60563.0000","-0.0500","-0.0050","-1.0000","0.0000","0.0000","0.0000","0.0000","0.0000"
"12115.0","15:13:22.50","2220948.0000","1.3050","60563.0000","-0.0500","-0.0050","-1.0000","0.0000","0.0000","0.0000","0.0000","0.0000"
"12116.0","15:13:22.51","2221365.0000","1.3504","60563.0000","-0.0500","-0.0050","-1.0000","0.0000","0.0000","0.0000","0.0000","0.0000"
"12117.0","15:13:22.52","2221526.0000","1.3680","60563.0000","-0.0500","-0.0050","-1.0000","0.0000","0.0000","0.0000","0.0000","0.0000"
"12118.0","15:13:22.53","2222554.0000","1.4801","60563.0000","-0.0500","-0.0050","-1.0000","0.0000","0.0000","0.0000","0.0000","0.0000"
"12119.0","15:13:22.54","2221699.0000","1.3869","60563.0000","-0.0500","-0.0050","-1.0000","0.0000","0.0000","0.0000","0.0000","0.0000"
"12120.0","15:13:22.55","2221921.0000","1.4111","60563.0000","-0.0500","-0.0050","-1.0000","0.0000","0.0000","0.0000","0.0000","0.0000"
"12121.0","15:13:22.56","2222331.0000","1.4558","60563.0000","-0.0500","-0.0050","-1.0000","0.0000","0.0000","0.0000","0.0000","0.0000"
"12122.0","15:13:22.57","2221770.0000","1.3946","60563.0000","-0.0500","-0.0050","-1.0000","0.0000","0.0000","0.0000","0.0000","0.0000"
"12123.0","15:13:22.58","2222329.0000","1.4555","60563.0000","-0.0500","-0.0050","-1.0000","0.0000","0.0000","0.0000","0.0000","0.0000"
"12124.0","15:13:22.59","2222286.0000","1.4509","60563.0000","-0.0500","-0.0050","-1.0000","0.0000","0.0000","0.0000","0.0000","0.0000"
"12125.0","15:13:22.60","2221765.0000","1.3940","60563.0000","-0.0500","-0.0050","-1.0000","0.0000","0.0000","0.0000","0.0000","0.0000"
"12126.0","15:13:22.61","2220615.0000","1.2687","60563.0000","-0.0500","-0.0050","-1.0000","0.0000","0.0000","0.0000","0.0000","0.0000"
"12127.0","15:13:22.62","2221236.0000","1.3364","60563.0000","-0.0500","-0.0050","-1.0000","0.0000","0.0000","0.0000","0.0000","0.0000"
"12128.0","15:13:22.63","2221552.0000","1.3708","60563.0000","-0.0500","-0.0050","-1.0000","0.0000","0.0000","0.0000","0.0000","0.0000"
"12129.0","15:13:22.64","2221065.0000","1.3177","60563.0000","-0.0500","-0.0050","-1.0000","0.0000","0.0000","0.0000","0.0000","0.0000"
"12130.0","15:13:22.65","2221186.0000","1.3309","60563.0000","-0.0500","-0.0050","-1.0000","0.0000","0.0000","0.0000","0.0000","0.0000"
"12131.0","15:13:22.66","2221756.0000","1.3931","60563.0000","-0.0500","-0.0050","-1.0000","0.0000","0.0000","0.0000","0.0000","0.0000"
"12132.0","15:13:22.67","2221192.0000","1.3316","60563.0000","-0.0500","-0.0050","-1.0000","0.0000","0.0000","0.0000","0.0000","0.0000"
"12133.0","15:13:22.68","2222040.0000","1.4240","60563.0000","-0.0500","-0.0050","-1.0000","0.0000","0.0000","0.0000","0.0000","0.0000"
"12134.0","15:13:22.69","2221726.0000","1.3898","60563.0000","-0.0500","-0.0050","-1.0000","0.0000","0.0000","0.0000","0.0000","0.0000"
"12135.0","15:13:22.70","2222340.0000","1.4568","60563.0000","-0.0500","-0.0050","-1.0000","0.0000","0.0000","0.0000","0.0000","0.0000"
"12136.0","15:13:22.71","2223007.0000","1.5294","60563.0000","-0.0500","-0.0050","-1.0000","0.0000","0.0000","0.0000","0.0000","0.0000"
"12137.0","15:13:22.72","2222764.0000","1.5030","60563.0000","-0.0500","-0.0050","-1.0000","0.0000","0.0000","0.0000","0.0000","0.0000"
"12138.0","15:13:22.73","2222764.0000","1.5030","60563.0000","-0.0500","-0.0050","-1.0000","0.0000","0.0000","0.0000","0.0000","0.0000"
"12139.0","15:13:22.74","2222209.0000","1.4424","60563.0000","-0.0500","-0.0050","-1.0000","0.0000","0.0000","0.0000","0.0000","0.0000"
"12140.0","15:13:22.75","2222120.0000","1.4327","60563.0000","-0.0500","-0.0050","-1.0000","0.0000","0.0000","0.0000","0.0000","0.0000"
"12141.0","15:13:22.76","2222216.0000","1.4432","60563.0000","-0.0500","-0.0050","-1.0000","0.0000","0.0000","0.0000","0.0000","0.0000"
"12142.0","15:13:22.77","2222060.0000","1.4262","60563.0000","-0.0500","-0.0050","-1.0000","0.0000","0.0000","0.0000","0.0000","0.0000"
"12143.0","15:13:22.78","2221568.0000","1.3726","60563.0000","-0.0500","-0.0050","-1.0000","0.0000","0.0000","0.0000","0.0000","0.0000"
"12144.0","15:13:22.79","2221666.0000","1.3833","60563.0000","-0.0500","-0.0050","-1.0000","0.0000","0.0000","0.0000","0.0000","0.0000"
"12145.0","15:13:22.80","2220822.0000","1.2913","60563.0000","-0.0500","-0.0050","-1.0000","0.0000","0.0000","0.0000","0.0000","0.0000"
"12146.0","15:13:22.81","2221687.0000","1.3855","60563.0000","-0.0500","-0.0050","-1.0000","0.0000","0.0000","0.0000","0.0000","0.0000"
"12147.0","15:13:22.82","2221817.0000","1.3997","60563.0000","-0.0500","-0.0050","-1.0000","0.0000","0.0000","0.0000","0.0000","0.0000"
"12148.0","15:13:22.83","2221383.0000","1.3524","60563.0000","-0.0500","-0.0050","-1.0000","0.0000","0.0000","0.0000","0.0000","0.0000"
"12149.0","15:13:22.84","2221261.0000","1.3391","60563.0000","-0.0500","-0.0050","-1.0000","0.0000","0.0000","0.0000","0.0000","0.0000"
"12150.0","15:13:22.85","2221094.0000","1.3209","60563.0000","-0.0500","-0.0050","-1.0000","0.0000","0.0000","0.0000","0.0000","0.0000"
"12151.0","15:13:22.86","2222182.0000","1.4395","60563.0000","-0.0500","-0.0050","-1.0000","0.0000","0.0000","0.0000","0.0000","0.0000"
"12152.0","15:13:22.87","2222488.0000","1.4729","60563.0000","-0.0500","-0.0050","-1.0000","0.0000","0.0000","0.0000","0.0000","0.0000"
"12153.0","15:13:22.88","2223121.0000","1.5419","60563.0000","-0.0500","-0.0050","-1.0000","0.0000","0.0000","0.0000","0.0000","0.0000"
"12154.0","15:13:22.89","2223959.0000","1.6332","60563.0000","-0.0500","-0.0050","-1.0000","0.0000","0.0000","0.0000","0.0000","0.0000"
"12155.0","15:13:22.90","2223935.0000","1.6306","60563.0000","-0.0500","-0.0050","-1.0000","0.0000","0.0000","0.0000","0.0000","0.0000"
"12156.0","15:13:22.91","2223002.0000","1.5289","60563.0000","-0.0500","-0.0050","-1.0000","0.0000","0.0000","0.0000","0.0000","0.0000"
"12157.0","15:13:22.92","2222838.0000","1.5110","60563.0000","-0.0500","-0.0050","-1.0000","0.0000","0.0000","0.0000","0.0000","0.0000"
"12158.0","15:13:22.93","2222935.0000","1.5216","60563.0000","-0.0500","-0.0050","-1.0000","0.0000","0.0000","0.0000","0.0000","0.0000"
"12159.0","15:13:22.94","2222768.0000","1.5034","60563.0000","-0.0500","-0.0050","-1.0000","0.0000","0.0000","0.0000","0.0000","0.0000"
"12160.0","15:13:22.95","2222087.0000","1.4292","60563.0000","-0.0500","-0.0050","-1.0000","0.0000","0.0000","0.0000","0.0000","0.0000"
"12161.0","15:13:22.96","2222195.0000","1.4409","60557.0000","-0.0500","-0.0050","-1.0000","0.0000","0.0000","0.0000","0.0000","0.0000"
"12162.0","15:13:22.97","2222123.0000","1.4331","60557.0000","-0.0500","-0.0050","-1.0000","0.0000","0.0000","0.0000","0.0000","0.0000"
"12163.0","15:13:22.98","2221737.0000","1.3910","60557.0000","-0.0500","-0.0050","-1.0000","0.0000","0.0000","0.0000","0.0000","0.0000"
"12164.0","15:13:22.99","2222338.0000","1.4565","60557.0000","-0.0500","-0.0050","-1.0000","0.0000","0.0000","0.0000","0.0000","0.0000"
"12165.0","15:13:22.100","2222185.0000","1.4399","60557.0000","-0.0500","-0.0050","-1.0000","0.0000","0.0000","0.0000","0.0000","0.0000"
"12166.0","15:13:22.101","2221951.0000","1.4143","60557.0000","-0.0500","-0.0050","-1.0000","0.0000","0.0000","0.0000","0.0000","0.0000"
"12167.0","15:13:22.102","2222305.0000","1.4529","60557.0000","-0.0500","-0.0050","-1.0000","0.0000","0.0000","0.0000","0.0000","0.0000"
"12168.0","15:13:22.103","2222644.0000","1.4899","60557.0000","-0.0500","-0.0050","-1.0000","0.0000","0.0000","0.0000","0.0000","0.0000"
"12169.0","15:13:22.104","2223803.0000","1.6163","60557.0000","-0.0500","-0.0050","-1.0000","0.0000","0.0000","0.0000","0.0000","0.0000"
"12170.0","15:13:22.105","2223392.0000","1.5714","60557.0000","-0.0500","-0.0050","-1.0000","0.0000","0.0000","0.0000","0.0000","0.0000"
"12171.0","15:13:22.106","2224021.0000","1.6400","60557.0000","-0.0500","-0.0050","-1.0000","0.0000","0.0000","0.0000","0.0000","0.0000"
"12172.0","15:13:22.107","2223579.0000","1.5918","60557.0000","-0.0500","-0.0050","-1.0000","0.0000","0.0000","0.0000","0.0000","0.0000"
"12173.0","15:13:22.108","2223978.0000","1.6353","60557.0000","-0.0500","-0.0050","-1.0000","0.0000","0.0000","0.0000","0.0000","0.0000"
"12174.0","15:13:22.109","2223629.0000","1.5973","60557.0000","-0.0500","-0.0050","-1.0000","0.0000","0.0000","0.0000","0.0000","0.0000"
"12175.0","15:13:22.110","2221829.0000","1.4011","60557.0000","-0.0500","-0.0050","-1.0000","0.0000","0.0000","0.0000","0.0000","0.0000"
"12176.0","15:13:22.111","2221382.0000","1.3523","60557.0000","-0.0500","-0.0050","-1.0000","0.0000","0.0000","0.0000","0.0000","0.0000"
"12177.0","15:13:22.112","2221648.0000","1.3813","60557.0000","-0.0500","-0.0050","-1.0000","0.0000","0.0000","0.0000","0.0000","0.0000"
"12178.0","15:13:22.113","2222472.0000","1.4711","60557.0000","-0.0500","-0.0050","-1.0000","0.0000","0.0000","0.0000","0.0000","0.0000"
"12179.0","15:13:22.114","2222385.0000","1.4616","60557.0000","-0.0500","-0.0050","-1.0000","0.0000","0.0000","0.0000","0.0000","0.0000"
"12180.0","15:13:22.115","2221576.0000","1.3735","60557.0000","-0.0500","-0.0050","-1.0000","0.0000","0.0000","0.0000","0.0000","0.0000"
"12181.0","15:13:22.116","2222128.0000","1.4336","60557.0000","-0.0500","-0.0050","-1.0000","0.0000","0.0000","0.0000","0.0000","0.0000"
"12182.0","15:13:22.117","2222464.0000","1.4703","60557.0000","-0.0500","-0.0050","-1.0000","0.0000","0.0000","0.0000","0.0000","0.0000"
"12183.0","15:13:22.118","2221698.0000","1.3867","60557.0000","-0.0500","-0.0050","-1.0000","0.0000","0.0000","0.0000","0.0000","0.0000"
"12184.0","15:13:22.119","2221402.0000","1.3545","60557.0000","-0.0500","-0.0050","-1.0000","0.0000","0.0000","0.0000","0.0000","0.0000"
"12185.0","15:13:22.120","2221402.0000","1.3545","60557.0000","-0.0500","-0.0050","-1.0000","0.0000","0.0000","0.0000","0.0000","0.0000"
"12186.0","15:13:22.121","2221893.0000","1.4080","60557.0000","-0.0500","-0.0050","-1.0000","0.0000","0.0000","0.0000","0.0000","0.0000"
"12187.0","15:13:22.122","2222930.0000","1.5211","60557.0000","-0.0500","-0.0050","-1.0000","0.0000","0.0000","0.0000","0.0000","0.0000"
"12188.0","15:13:22.123","2222185.0000","1.4399","60557.0000","-0.0500","-0.0050","-1.0000","0.0000","0.0000","0.0000","0.0000","0.0000"
"12189.0","15:13:22.124","2222478.0000","1.4718","60557.0000","-0.0500","-0.0050","-1.0000","0.0000","0.0000","0.0000","0.0000","0.0000"
"12190.0","15:13:22.125","2222770.0000","1.5036","60557.0000","-0.0500","-0.0050","-1.0000","0.0000","0.0000","0.0000","0.0000","0.0000"
"12191.0","15:13:22.126","2221947.0000","1.4139","60557.0000","-0.0500","-0.0050","-1.0000","0.0000","0.0000","0.0000","0.0000","0.0000"
"12192.0","15:13:22.127","2221816.0000","1.3996","60557.0000","-0.0500","-0.0050","-1.0000","0.0000","0.0000","0.0000","0.0000","0.0000"
"12193.0","15:13:22.128","2221413.0000","1.3557","60557.0000","-0.0500","-0.0050","-1.0000","0.0000","0.0000","0.0000","0.0000","0.0000"
"12194.0","15:13:22.129","2220896.0000","1.2993","60557.0000","-0.0500","-0.0050","-1.0000","0.0000","0.0000","0.0000","0.0000","0.0000"
"12195.0","15:13:22.130","2220835.0000","1.2927","60557.0000","-0.0500","-0.0050","-1.0000","0.0000","0.0000","0.0000","0.0000","0.0000"
"12196.0","15:13:22.131","2221230.0000","1.3357","60557.0000","-0.0500","-0.0050","-1.0000","0.0000","0.0000","0.0000","0.0000","0.0000"
"12197.0","15:13:22.132","2220836.0000","1.2928","60557.0000","-0.0500","-0.0050","-1.0000","0.0000","0.0000","0.0000","0.0000","0.0000"
"12198.0","15:13:22.133","2222291.0000","1.4514","60557.0000","-0.0500","-0.0050","-1.0000","0.0000","0.0000","0.0000","0.0000","0.0000"
"12199.0","15:13:22.134","2223241.0000","1.5550","60557.0000","-0.0500","-0.0050","-1.0000","0.0000","0.0000","0.0000","0.0000","0.0000"
"12200.0","15:13:22.135","2222705.0000","1.4965","60557.0000","-0.0500","-0.0050","-1.0000","0.0000","0.0000","0.0000","0.0000","0.0000"
"12201.0","15:13:22.136","2222347.0000","1.4575","60557.0000","-0.0500","-0.0050","-1.0000","0.0000","0.0000","0.0000","0.0000","0.0000"
"12202.0","15:13:22.137","2222153.0000","1.4364","60557.0000","-0.0500","-0.0050","-1.0000","0.0000","0.0000","0.0000","0.0000","0.0000"
"12203.0","15:13:22.138","2223281.0000","1.5593","60557.0000","-0.0500","-0.0050","-1.0000","0.0000","0.0000","0.0000","0.0000","0.0000"
"12204.0","15:13:22.139","2223090.0000","1.5385","60557.0000","-0.0500","-0.0050","-1.0000","0.0000","0.0000","0.0000","0.0000","0.0000"
"12205.0","15:13:22.140","2223219.0000","1.5526","60557.0000","-0.0500","-0.0050","-1.0000","0.0000","0.0000","0.0000","0.0000","0.0000"
"12206.0","15:13:22.141","2222307.0000","1.4531","60557.0000","-0.0500","-0.0050","-1.0000","0.0000","0.0000","0.0000","0.0000","0.0000"
"12207.0","15:13:22.142","2223051.0000","1.5343","60557.0000","-0.0500","-0.0050","-1.0000","0.0000","0.0000","0.0000","0.0000","0.0000"
"12208.0","15:13:22.143","2223377.0000","1.5698","60557.0000","-0.0500","-0.0050","-1.0000","0.0000","0.0000","0.0000","0.0000","0.0000"
"12209.0","15:13:22.144","2222684.0000","1.4943","60557.0000","-0.0500","-0.0050","-1.0000","0.0000","0.0000","0.0000","0.0000","0.0000"
"12210.0","15:13:22.145","2222359.0000","1.4588","60557.0000","-0.0500","-0.0050","-1.0000","0.0000","0.0000","0.0000","0.0000","0.0000"
"12211.0","15:13:22.146","2221373.0000","1.3513","60557.0000","-0.0500","-0.0050","-1.0000","0.0000","0.0000","0.0000","0.0000","0.0000"
"12212.0","15:13:22.147","2222701.0000","1.4961","60557.0000","-0.0500","-0.0050","-1.0000","0.0000","0.0000","0.0000","0.0000","0.0000"
"12213.0","15:13:22.148","2223414.0000","1.5738","60557.0000","-0.0500","-0.0050","-1.0000","0.0000","0.0000","0.0000","0.0000","0.0000"
"12214.0","15:13:22.149","2223213.0000","1.5519","60557.0000","-0.0500","-0.0050","-1.0000","0.0000","0.0000","0.0000","0.0000","0.0000"
"12215.0","15:13:22.150","2223492.0000","1.5823","60557.0000","-0.0500","-0.0050","-1.0000","0.0000","0.0000","0.0000","0.0000","0.0000"
"12216.0","15:13:22.151","2223723.0000","1.6075","60557.0000","-0.0500","-0.0050","-1.0000","0.0000","0.0000","0.0000","0.0000","0.0000"
"12217.0","15:13:22.152","2223675.0000","1.6023","60557.0000","-0.0500","-0.0050","-1.0000","0.0000","0.0000","0.0000","0.0000","0.0000"
"12218.0","15:13:22.153","2222988.0000","1.5274","60557.0000","-0.0500","-0.0050","-1.0000","0.0000","0.0000","0.0000","0.0000","0.0000"
"12219.0","15:13:22.154","2222844.0000","1.5117","60557.0000","-0.0500","-0.0050","-1.0000","0.0000","0.0000","0.0000","0.0000","0.0000"
"12220.0","15:13:22.155","2224019.0000","1.6398","60557.0000","-0.0500","-0.0050","-1.0000","0.0000","0.0000","0.0000","0.0000","0.0000"
"12221.0","15:13:22.156","2224275.0000","1.6677","60567.0000","-0.0500","-0.0050","-1.0000","0.0000","0.0000","0.0000","0.0000","0.0000"
"12222.0","15:13:22.157","2224391.0000","1.6803","60567.0000","-0.0500","-0.0050","-1.0000","0.0000","0.0000","0.0000","0.0000","0.0000"
"12223.0","15:13:22.158","2223964.0000","1.6338","60567.0000","-0.0500","-0.0050","-1.0000","0.0000","0.0000","0.0000","0.0000","0.0000"
"12224.0","15:13:22.159","2224164.0000","1.6556","60567.0000","-0.0500","-0.0050","-1.0000","0.0000","0.0000","0.0000","0.0000","0.0000"
"12225.0","15:13:22.160","2223660.0000","1.6007","60567.0000","-0.0500","-0.0050","-1.0000","0.0000","0.0000","0.0000","0.0000","0.0000"
"12226.0","15:13:22.161","2222337.0000","1.4564","60567.0000","-0.0500","-0.0050","-1.0000","0.0000","0.0000","0.0000","0.0000","0.0000"
"12227.0","15:13:22.162","2222979.0000","1.5264","60567.0000","-0.0500","-0.0050","-1.0000","0.0000","0.0000","0.0000","0.0000","0.0000"
"12228.0","15:13:22.163","2223199.0000","1.5504","60567.0000","-0.0500","-0.0050","-1.0000","0.0000","0.0000","0.0000","0.0000","0.0000"
"12229.0","15:13:22.164","2223384.0000","1.5706","60567.0000","-0.0500","-0.0050","-1.0000","0.0000","0.0000","0.0000","0.0000","0.0000"
"12230.0","15:13:22.165","2224028.0000","1.6408","60567.0000","-0.0500","-0.0050","-1.0000","0.0000","0.0000","0.0000","0.0000","0.0000"
"12231.0","15:13:22.166","2223365.0000","1.5685","60567.0000","-0.0500","-0.0050","-1.0000","0.0000","0.0000","0.0000","0.0000","0.0000"
"12232.0","15:13:22.167","2223365.0000","1.5685","60567.0000","-0.0500","-0.0050","-1.0000","0.0000","0.0000","0.0000","0.0000","0.0000"
"12233.0","15:13:22.168","2223450.0000","1.5778","60567.0000","-0.0500","-0.0050","-1.0000","0.0000","0.0000","0.0000","0.0000","0.0000"
"12234.0","15:13:22.169","2222621.0000","1.4874","60567.0000","-0.0500","-0.0050","-1.0000","0.0000","0.0000","0.0000","0.0000","0.0000"
"12235.0","15:13:22.170","2221870.0000","1.4055","60567.0000","-0.0500","-0.0050","-1.0000","0.0000","0.0000","0.0000","0.0000","0.0000"
"12236.0","15:13:22.171","2223148.0000","1.5448","60567.0000","-0.0500","-0.0050","-1.0000","0.0000","0.0000","0.0000","0.0000","0.0000"
"12237.0","15:13:22.172","2223892.0000","1.6260","60567.0000","-0.0500","-0.0050","-1.0000","0.0000","0.0000","0.0000","0.0000","0.0000"
"12238.0","15:13:22.173","2224959.0000","1.7423","60567.0000","-0.0500","-0.0050","-1.0000","0.0000","0.0000","0.0000","0.0000","0.0000"
"12239.0","15:13:22.174","2223762.0000","1.6118","60567.0000","-0.0500","-0.0050","-1.0000","0.0000","0.0000","0.0000","0.0000","0.0000"
"12240.0","15:13:22.175","2223542.0000","1.5878","60567.0000","-0.0500","-0.0050","-1.0000","0.0000","0.0000","0.0000","0.0000","0.0000"
"12241.0","15:13:22.176","2223538.0000","1.5873","60567.0000","-0.0500","-0.0050","-1.0000","0.0000","0.0000","0.0000","0.0000","0.0000"
"12242.0","15:13:22.177","2223079.0000","1.5373","60567.0000","-0.0500","-0.0050","-1.0000","0.0000","0.0000","0.0000","0.0000","0.0000"
"12243.0","15:13:22.178","2222098.0000","1.4304","60567.0000","-0.0500","-0.0050","-1.0000","0.0000","0.0000","0.0000","0.0000","0.0000"
"12244.0","15:13:22.179","2222453.0000","1.4690","60567.0000","-0.0500","-0.0050","-1.0000","0.0000","0.0000","0.0000","0.0000","0.0000"
"12245.0","15:13:22.180","2222518.0000","1.4762","60567.0000","-0.0500","-0.0050","-1.0000","0.0000","0.0000","0.0000","0.0000","0.0000"
"12246.0","15:13:22.181","2223386.0000","1.5708","60567.0000","-0.0500","-0.0050","-1.0000","0.0000","0.0000","0.0000","0.0000","0.0000"
"12247.0","15:13:22.182","2222624.0000","1.4877","60567.0000","-0.0500","-0.0050","-1.0000","0.0000","0.0000","0.0000","0.0000","0.0000"
"12248.0","15:13:22.183","2223413.0000","1.5737","60567.0000","-0.0500","-0.0050","-1.0000","0.0000","0.0000","0.0000","0.0000","0.0000"
"12249.0","15:13:22.184","2222765.0000","1.5031","60567.0000","-0.0500","-0.0050","-1.0000","0.0000","0.0000","0.0000","0.0000","0.0000"
"12250.0","15:13:22.185","2222974.0000","1.5259","60567.0000","-0.0500","-0.0050","-1.0000","0.0000","0.0000","0.0000","0.0000","0.0000"
"12251.0","15:13:22.186","2222612.0000","1.4864","60567.0000","-0.0500","-0.0050","-1.0000","0.0000","0.0000","0.0000","0.0000","0.0000"
"12252.0","15:13:22.187","2222694.0000","1.4953","60567.0000","-0.0500","-0.0050","-1.0000","0.0000","0.0000","0.0000","0.0000","0.0000"
"12253.0","15:13:22.188","2222710.0000","1.4971","60567.0000","-0.0500","-0.0050","-1.0000","0.0000","0.0000","0.0000","0.0000","0.0000"
"12254.0","15:13:22.189","2222969.0000","1.5253","60567.0000","-0.0500","-0.0050","-1.0000","0.0000","0.0000","0.0000","0.0000","0.0000"
"12255.0","15:13:22.190","2223402.0000","1.5725","60567.0000","-0.0500","-0.0050","-1.0000","0.0000","0.0000","0.0000","0.0000","0.0000"
"12256.0","15:13:22.191","2222873.0000","1.5149","60567.0000","-0.0500","-0.0050","-1.0000","0.0000","0.0000","0.0000","0.0000","0.0000"
"12257.0","15:13:22.192","2223436.0000","1.5762","60567.0000","-0.0500","-0.0050","-1.0000","0.0000","0.0000","0.0000","0.0000","0.0000"
"12258.0","15:13:22.193","2222069.0000","1.4272","60567.0000","-0.0500","-0.0050","-1.0000","0.0000","0.0000","0.0000","0.0000","0.0000"
"12259.0","15:13:22.194","2221916.0000","1.4105","60567.0000","-0.0500","-0.0050","-1.0000","0.0000","0.0000","0.0000","0.0000","0.0000"
"12260.0","15:13:22.195","2221744.0000","1.3918","60567.0000","-0.0500","-0.0050","-1.0000","0.0000","0.0000","0.0000","0.0000","0.0000"
"12261.0","15:13:22.196","2221954.0000","1.4146","60567.0000","-0.0500","-0.0050","-1.0000","0.0000","0.0000","0.0000","0.0000","0.0000"
"12262.0","15:13:22.197","2223365.0000","1.5685","60567.0000","-0.0500","-0.0050","-1.0000","0.0000","0.0000","0.0000","0.0000","0.0000"
"12263.0","15:13:22.198","2223128.0000","1.5426","60567.0000","-0.0500","-0.0050","-1.0000","0.0000","0.0000","0.0000","0.0000","0.0000"
"12264.0","15:13:22.199","2222401.0000","1.4634","60567.0000","-0.0500","-0.0050","-1.0000","0.0000","0.0000","0.0000","0.0000","0.0000"
"12265.0","15:13:22.200","2222710.0000","1.4971","60567.0000","-0.0500","-0.0050","-1.0000","0.0000","0.0000","0.0000","0.0000","0.0000"
"12266.0","15:13:22.201","2222338.0000","1.4565","60567.0000","-0.0500","-0.0050","-1.0000","0.0000","0.0000","0.0000","0.0000","0.0000"
"12267.0","15:13:22.202","2222527.0000","1.4771","60567.0000","-0.0500","-0.0050","-1.0000","0.0000","0.0000","0.0000","0.0000","0.0000"
"12268.0","15:13:22.203","2222986.0000","1.5272","60567.0000","-0.0500","-0.0050","-1.0000","0.0000","0.0000","0.0000","0.0000","0.0000"
"12269.0","15:13:22.204","2224052.0000","1.6434","60567.0000","-0.0500","-0.0050","-1.0000","0.0000","0.0000","0.0000","0.0000","0.0000"
"12270.0","15:13:22.205","2223982.0000","1.6357","60567.0000","-0.0500","-0.0050","-1.0000","0.0000","0.0000","0.0000","0.0000","0.0000"
"12271.0","15:13:22.206","2223714.0000","1.6065","60567.0000","-0.0500","-0.0050","-1.0000","0.0000","0.0000","0.0000","0.0000","0.0000"
"12272.0","15:13:22.207","2223668.0000","1.6015","60567.0000","-0.0500","-0.0050","-1.0000","0.0000","0.0000","0.0000","0.0000","0.0000"
"12273.0","15:13:22.208","2223491.0000","1.5822","60567.0000","-0.0500","-0.0050","-1.0000","0.0000","0.0000","0.0000","0.0000","0.0000"
"12274.0","15:13:22.209","2223805.0000","1.6164","60567.0000","-0.0500","-0.0050","-1.0000","0.0000","0.0000","0.0000","0.0000","0.0000"
"12275.0","15:13:22.210","2223350.0000","1.5669","60567.0000","-0.0500","-0.0050","-1.0000","0.0000","0.0000","0.0000","0.0000","0.0000"
"12276.0","15:13:22.211","2222946.0000","1.5228","60567.0000","-0.0500","-0.0050","-1.0000","0.0000","0.0000","0.0000","0.0000","0.0000"
"12277.0","15:13:22.212","2222997.0000","1.5284","60567.0000","-0.0500","-0.0050","-1.0000","0.0000","0.0000","0.0000","0.0000","0.0000"
"12278.0","15:13:22.213","2223182.0000","1.5485","60567.0000","-0.0500","-0.0050","-1.0000","0.0000","0.0000","0.0000","0.0000","0.0000"
"12279.0","15:13:22.214","2223182.0000","1.5485","60567.0000","-0.0500","-0.0050","-1.0000","0.0000","0.0000","0.0000","0.0000","0.0000"
"12280.0","15:13:22.215","2222367.0000","1.4597","60567.0000","-0.0500","-0.0050","-1.0000","0.0000","0.0000","0.0000","0.0000","0.0000"
"12281.0","15:13:22.216","2222292.0000","1.4515","60573.0000","-0.0500","-0.0050","-1.0000","0.0000","0.0000","0.0000","0.0000","0.0000"
"12282.0","15:13:22.217","2222022.0000","1.4221","60573.0000","-0.0500","-0.0050","-1.0000","0.0000","0.0000","0.0000","0.0000","0.0000"
"12283.0","15:13:22.218","2222950.0000","1.5232","60573.0000","-0.0500","-0.0050","-1.0000","0.0000","0.0000","0.0000","0.0000","0.0000"
"12284.0","15:13:22.219","2222666.0000","1.4923","60573.0000","-0.0500","-0.0050","-1.0000","0.0000","0.0000","0.0000","0.0000","0.0000"
"12285.0","15:13:22.220","2221974.0000","1.4168","60573.0000","-0.0500","-0.0050","-1.0000","0.0000","0.0000","0.0000","0.0000","0.0000"
"12286.0","15:13:22.221","2222741.0000","1.5005","60573.0000","-0.0500","-0.0050","-1.0000","0.0000","0.0000","0.0000","0.0000","0.0000"
"12287.0","15:13:22.222","2222618.0000","1.4871","60573.0000","-0.0500","-0.0050","-1.0000","0.0000","0.0000","0.0000","0.0000","0.0000"
"12288.0","15:13:22.223","2222816.0000","1.5087","60573.0000","-0.0500","-0.0050","-1.0000","0.0000","0.0000","0.0000","0.0000","0.0000"
"12289.0","15:13:22.224","2223432.0000","1.5758","60573.0000","-0.0500","-0.0050","-1.0000","0.0000","0.0000","0.0000","0.0000","0.0000"
"12290.0","15:13:22.225","2221954.0000","1.4146","60573.0000","-0.0500","-0.0050","-1.0000","0.0000","0.0000","0.0000","0.0000","0.0000"
"12291.0","15:13:22.226","2222793.0000","1.5061","60573.0000","-0.0500","-0.0050","-1.0000","0.0000","0.0000","0.0000","0.0000","0.0000"
"12292.0","15:13:22.227","2223068.0000","1.5361","60573.0000","-0.0500","-0.0050","-1.0000","0.0000","0.0000","0.0000","0.0000","0.0000"
"12293.0","15:13:22.228","2222060.0000","1.4262","60573.0000","-0.0500","-0.0050","-1.0000","0.0000","0.0000","0.0000","0.0000","0.0000"
"12294.0","15:13:22.229","2221381.0000","1.3522","60573.0000","-0.0500","-0.0050","-1.0000","0.0000","0.0000","0.0000","0.0000","0.0000"
"12295.0","15:13:22.230","2222360.0000","1.4589","60573.0000","-0.0500","-0.0050","-1.0000","0.0000","0.0000","0.0000","0.0000","0.0000"
"12296.0","15:13:22.231","2222325.0000","1.4551","60573.0000","-0.0500","-0.0050","-1.0000","0.0000","0.0000","0.0000","0.0000","0.0000"
"12297.0","15:13:22.232","2221890.0000","1.4077","60573.0000","-0.0500","-0.0050","-1.0000","0.0000","0.0000","0.0000","0.0000","0.0000"
"12298.0","15:13:22.233","2222654.0000","1.4910","60573.0000","-0.0500","-0.0050","-1.0000","0.0000","0.0000","0.0000","0.0000","0.0000"
"12299.0","15:13:22.234","2222045.0000","1.4246","60573.0000","-0.0500","-0.0050","-1.0000","0.0000","0.0000","0.0000","0.0000","0.0000"
"12300.0","15:13:22.235","2222456.0000","1.4694","60573.0000","-0.0500","-0.0050","-1.0000","0.0000","0.0000","0.0000","0.0000","0.0000"
"12301.0","15:13:22.236","2220996.0000","1.3102","60573.0000","-0.0500","-0.0050","-1.0000","0.0000","0.0000","0.0000","0.0000","0.0000"
"12302.0","15:13:22.237","2221948.0000","1.4140","60573.0000","-0.0500","-0.0050","-1.0000","0.0000","0.0000","0.0000","0.0000","0.0000"
"12303.0","15:13:22.238","2222326.0000","1.4552","60573.0000","-0.0500","-0.0050","-1.0000","0.0000","0.0000","0.0000","0.0000","0.0000"
"12304.0","15:13:22.239","2222635.0000","1.4889","60573.0000","-0.0500","-0.0050","-1.0000","0.0000","0.0000","0.0000","0.0000","0.0000"
"12305.0","15:13:22.240","2222359.0000","1.4588","60573.0000","-0.0500","-0.0050","-1.0000","0.0000","0.0000","0.0000","0.0000","0.0000"
"12306.0","15:13:22.241","2222928.0000","1.5209","60573.0000","-0.0500","-0.0050","-1.0000","0.0000","0.0000","0.0000","0.0000","0.0000"
"12307.0","15:13:22.242","2222704.0000","1.4964","60573.0000","-0.0500","-0.0050","-1.0000","0.0000","0.0000","0.0000","0.0000","0.0000"
"12308.0","15:13:22.243","2221595.0000","1.3755","60573.0000","-0.0500","-0.0050","-1.0000","0.0000","0.0000","0.0000","0.0000","0.0000"
"12309.0","15:13:22.244","2221342.0000","1.3479","60573.0000","-0.0500","-0.0050","-1.0000","0.0000","0.0000","0.0000","0.0000","0.0000"
"12310.0","15:13:22.245","2220822.0000","1.2913","60573.0000","-0.0500","-0.0050","-1.0000","0.0000","0.0000","0.0000","0.0000","0.0000"
"12311.0","15:13:22.246","2220752.0000","1.2836","60573.0000","-0.0500","-0.0050","-1.0000","0.0000","0.0000","0.0000","0.0000","0.0000"
"12312.0","15:13:22.247","2221371.0000","1.3511","60573.0000","-0.0500","-0.0050","-1.0000","0.0000","0.0000","0.0000","0.0000","0.0000"
"12313.0","15:13:22.248","2221836.0000","1.4018","60573.0000","-0.0500","-0.0050","-1.0000","0.0000","0.0000","0.0000","0.0000","0.0000"
"12314.0","15:13:22.249","2221938.0000","1.4129","60573.0000","-0.0500","-0.0050","-1.0000","0.0000","0.0000","0.0000","0.0000","0.0000"
"12315.0","15:13:22.250","2220995.0000","1.3101","60573.0000","-0.0500","-0.0050","-1.0000","0.0000","0.0000","0.0000","0.0000","0.0000"
"12316.0","15:13:22.251","2221389.0000","1.3531","60573.0000","-0.0500","-0.0050","-1.0000","0.0000","0.0000","0.0000","0.0000","0.0000"
"12317.0","15:13:22.252","2221901.0000","1.4089","60573.0000","-0.0500","-0.0050","-1.0000","0.0000","0.0000","0.0000","0.0000","0.0000"
"12318.0","15:13:22.253","2222078.0000","1.4282","60573.0000","-0.0500","-0.0050","-1.0000","0.0000","0.0000","0.0000","0.0000","0.0000"
"12319.0","15:13:22.254","2222945.0000","1.5227","60573.0000","-0.0500","-0.0050","-1.0000","0.0000","0.0000","0.0000","0.0000","0.0000"
"12320.0","15:13:22.255","2222245.0000","1.4464","60573.0000","-0.0500","-0.0050","-1.0000","0.0000","0.0000","0.0000","0.0000","0.0000"
"12321.0","15:13:22.256","2222340.0000","1.4568","60573.0000","-0.0500","-0.0050","-1.0000","0.0000","0.0000","0.0000","0.0000","0.0000"
"12322.0","15:13:22.257","2222997.0000","1.5284","60573.0000","-0.0500","-0.0050","-1.0000","0.0000","0.0000","0.0000","0.0000","0.0000"
"12323.0","15:13:22.258","2222814.0000","1.5084","60573.0000","-0.0500","-0.0050","-1.0000","0.0000","0.0000","0.0000","0.0000","0.0000"
"12324.0","15:13:22.259","2222460.0000","1.4698","60573.0000","-0.0500","-0.0050","-1.0000","0.0000","0.0000","0.0000","0.0000","0.0000"
"12325.0","15:13:22.260","2221613.0000","1.3775","60573.0000","-0.0500","-0.0050","-1.0000","0.0000","0.0000","0.0000","0.0000","0.0000"
"12326.0","15:13:22.261","2221613.0000","1.3775","60573.0000","-0.0500","-0.0050","-1.0000","0.0000","0.0000","0.0000","0.0000","0.0000"
"12327.0","15:13:22.262","2221780.0000","1.3957","60573.0000","-0.0500","-0.0050","-1.0000","0.0000","0.0000","0.0000","0.0000","0.0000"
"12328.0","15:13:22.263","2222049.0000","1.4250","60573.0000","-0.0500","-0.0050","-1.0000","0.0000","0.0000","0.0000","0.0000","0.0000"
"12329.0","15:13:22.264","2222712.0000","1.4973","60573.0000","-0.0500","-0.0050","-1.0000","0.0000","0.0000","0.0000","0.0000","0.0000"
"12330.0","15:13:22.265","2222687.0000","1.4946","60573.0000","-0.0500","-0.0050","-1.0000","0.0000","0.0000","0.0000","0.0000","0.0000"
"12331.0","15:13:22.266","2222920.0000","1.5200","60573.0000","-0.0500","-0.0050","-1.0000","0.0000","0.0000","0.0000","0.0000","0.0000"
"12332.0","15:13:22.267","2222335.0000","1.4562","60573.0000","-0.0500","-0.0050","-1.0000","0.0000","0.0000","0.0000","0.0000","0.0000"
"12333.0","15:13:22.268","2222890.0000","1.5167","60573.0000","-0.0500","-0.0050","-1.0000","0.0000","0.0000","0.0000","0.0000","0.0000"
"12334.0","15:13:22.269","2222761.0000","1.5026","60573.0000","-0.0500","-0.0050","-1.0000","0.0000","0.0000","0.0000","0.0000","0.0000"
"12335.0","15:13:22.270","2222566.0000","1.4814","60573.0000","-0.0500","-0.0050","-1.0000","0.0000","0.0000","0.0000","0.0000","0.0000"
"12336.0","15:13:22.271","2223317.0000","1.5632","60573.0000","-0.0500","-0.0050","-1.0000","0.0000","0.0000","0.0000","0.0000","0.0000"
"12337.0","15:13:22.272","2223480.0000","1.5810","60573.0000","-0.0500","-0.0050","-1.0000","0.0000","0.0000","0.0000","0.0000","0.0000"
"12338.0","15:13:22.273","2224256.0000","1.6656","60573.0000","-0.0500","-0.0050","-1.0000","0.0000","0.0000","0.0000","0.0000","0.0000"
"12339.0","15:13:22.274","2223780.0000","1.6137","60573.0000","-0.0500","-0.0050","-1.0000","0.0000","0.0000","0.0000","0.0000","0.0000"
"12340.0","15:13:22.275","2224454.0000","1.6872","60573.0000","-0.0500","-0.0050","-1.0000","0.0000","0.0000","0.0000","0.0000","0.0000"
"12341.0","15:13:22.276","2223357.0000","1.5676","60573.0000","-0.0500","-0.0050","-1.0000","0.0000","0.0000","0.0000","0.0000","0.0000"
"12342.0","15:13:22.277","2222692.0000","1.4951","60565.0000","-0.0500","-0.0050","-1.0000","0.0000","0.0000","0.0000","0.0000","0.0000"
"12343.0","15:13:22.278","2222253.0000","1.4473","60565.0000","-0.0500","-0.0050","-1.0000","0.0000","0.0000","0.0000","0.0000","0.0000"
"12344.0","15:13:22.279","2221365.0000","1.3504","60565.0000","-0.0500","-0.0050","-1.0000","0.0000","0.0000","0.0000","0.0000","0.0000"
"12345.0","15:13:22.280","2222566.0000","1.4814","60565.0000","-0.0500","-0.0050","-1.0000","0.0000","0.0000","0.0000","0.0000","0.0000"
"12346.0","15:13:22.281","2222350.0000","1.4578","60565.0000","-0.0500","-0.0050","-1.0000","0.0000","0.0000","0.0000","0.0000","0.0000"
"12347.0","15:13:22.282","2222718.0000","1.4980","60565.0000","-0.0500","-0.0050","-1.0000","0.0000","0.0000","0.0000","0.0000","0.0000"
"12348.0","15:13:22.283","2223099.0000","1.5395","60565.0000","-0.0500","-0.0050","-1.0000","0.0000","0.0000","0.0000","0.0000","0.0000"
"12349.0","15:13:22.284","2222662.0000","1.4918","60565.0000","-0.0500","-0.0050","-1.0000","0.0000","0.0000","0.0000","0.0000","0.0000"
"12350.0","15:13:22.285","2222384.0000","1.4615","60565.0000","-0.0500","-0.0050","-1.0000","0.0000","0.0000","0.0000","0.0000","0.0000"
"12351.0","15:13:22.286","2222720.0000","1.4981","60565.0000","-0.0500","-0.0050","-1.0000","0.0000","0.0000","0.0000","0.0000","0.0000"
"12352.0","15:13:22.287","2222173.0000","1.4385","60565.0000","-0.0500","-0.0050","-1.0000","0.0000","0.0000","0.0000","0.0000","0.0000"
"12353.0","15:13:22.288","2223206.0000","1.5512","60565.0000","-0.0500","-0.0050","-1.0000","0.0000","0.0000","0.0000","0.0000","0.0000"
"12354.0","15:13:22.289","2223793.0000","1.6151","60565.0000","-0.0500","-0.0050","-1.0000","0.0000","0.0000","0.0000","0.0000","0.0000"
"12355.0","15:13:22.290","2223116.0000","1.5413","60565.0000","-0.0500","-0.0050","-1.0000","0.0000","0.0000","0.0000","0.0000","0.0000"
"12356.0","15:13:22.291","2222918.0000","1.5197","60565.0000","-0.0500","-0.0050","-1.0000","0.0000","0.0000","0.0000","0.0000","0.0000"
"12357.0","15:13:22.292","2223114.0000","1.5411","60565.0000","-0.0500","-0.0050","-1.0000","0.0000","0.0000","0.0000","0.0000","0.0000"
"12358.0","15:13:22.293","2222642.0000","1.4897","60565.0000","-0.0500","-0.0050","-1.0000","0.0000","0.0000","0.0000","0.0000","0.0000"
"12359.0","15:13:22.294","2222750.0000","1.5015","60565.0000","-0.0500","-0.0050","-1.0000","0.0000","0.0000","0.0000","0.0000","0.0000"
"12360.0","15:13:22.295","2221608.0000","1.3770","60565.0000","-0.0500","-0.0050","-1.0000","0.0000","0.0000","0.0000","0.0000","0.0000"
"12361.0","15:13:22.296","2222119.0000","1.4327","60565.0000","-0.0500","-0.0050","-1.0000","0.0000","0.0000","0.0000","0.0000","0.0000"
"12362.0","15:13:22.297","2221564.0000","1.3721","60565.0000","-0.0500","-0.0050","-1.0000","0.0000","0.0000","0.0000","0.0000","0.0000"
"12363.0","15:13:22.298","2221668.0000","1.3835","60565.0000","-0.0500","-0.0050","-1.0000","0.0000","0.0000","0.0000","0.0000","0.0000"
"12364.0","15:13:22.299","2221293.0000","1.3426","60565.0000","-0.0500","-0.0050","-1.0000","0.0000","0.0000","0.0000","0.0000","0.0000"
"12365.0","15:13:22.300","2221512.0000","1.3665","60565.0000","-0.0500","-0.0050","-1.0000","0.0000","0.0000","0.0000","0.0000","0.0000"
"12366.0","15:13:22.301","2221629.0000","1.3792","60565.0000","-0.0500","-0.0050","-1.0000","0.0000","0.0000","0.0000","0.0000","0.0000"
"12367.0","15:13:22.302","2222493.0000","1.4734","60565.0000","-0.0500","-0.0050","-1.0000","0.0000","0.0000","0.0000","0.0000","0.0000"
"12368.0","15:13:22.303","2222724.0000","1.4986","60565.0000","-0.0500","-0.0050","-1.0000","0.0000","0.0000","0.0000","0.0000","0.0000"
"12369.0","15:13:22.304","2222940.0000","1.5222","60565.0000","-0.0500","-0.0050","-1.0000","0.0000","0.0000","0.0000","0.0000","0.0000"
"12370.0","15:13:22.305","2221966.0000","1.4160","60565.0000","-0.0500","-0.0050","-1.0000","0.0000","0.0000","0.0000","0.0000","0.0000"
"12371.0","15:13:22.306","2222044.0000","1.4245","60565.0000","-0.0500","-0.0050","-1.0000","0.0000","0.0000","0.0000","0.0000","0.0000"
"12372.0","15:13:22.307","2222044.0000","1.4245","60565.0000","-0.0500","-0.0050","-1.0000","0.0000","0.0000","0.0000","0.0000","0.0000"
"12373.0","15:13:22.308","2221898.0000","1.4086","60565.0000","-0.0500","-0.0050","-1.0000","0.0000","0.0000","0.0000","0.0000","0.0000"
"12374.0","15:13:22.309","2221289.0000","1.3422","60565.0000","-0.0500","-0.0050","-1.0000","0.0000","0.0000","0.0000","0.0000","0.0000"
"12375.0","15:13:22.310","2221461.0000","1.3609","60565.0000","-0.0500","-0.0050","-1.0000","0.0000","0.0000","0.0000","0.0000","0.0000"
"12376.0","15:13:22.311","2221473.0000","1.3622","60565.0000","-0.0500","-0.0050","-1.0000","0.0000","0.0000","0.0000","0.0000","0.0000"
"12377.0","15:13:22.312","2221384.0000","1.3525","60565.0000","-0.0500","-0.0050","-1.0000","0.0000","0.0000","0.0000","0.0000","0.0000"
"12378.0","15:13:22.313","2220994.0000","1.3100","60565.0000","-0.0500","-0.0050","-1.0000","0.0000","0.0000","0.0000","0.0000","0.0000"
"12379.0","15:13:22.314","2221908.0000","1.4096","60565.0000","-0.0500","-0.0050","-1.0000","0.0000","0.0000","0.0000","0.0000","0.0000"
"12380.0","15:13:22.315","2222374.0000","1.4605","60565.0000","-0.0500","-0.0050","-1.0000","0.0000","0.0000","0.0000","0.0000","0.0000"
"12381.0","15:13:22.316","2222172.0000","1.4384","60565.0000","-0.0500","-0.0050","-1.0000","0.0000","0.0000","0.0000","0.0000","0.0000"
"12382.0","15:13:22.317","2223478.0000","1.5808","60565.0000","-0.0500","-0.0050","-1.0000","0.0000","0.0000","0.0000","0.0000","0.0000"
"12383.0","15:13:22.318","2223528.0000","1.5863","60565.0000","-0.0500","-0.0050","-1.0000","0.0000","0.0000","0.0000","0.0000","0.0000"
"12384.0","15:13:22.319","2222897.0000","1.5175","60565.0000","-0.0500","-0.0050","-1.0000","0.0000","0.0000","0.0000","0.0000","0.0000"
"12385.0","15:13:22.320","2222568.0000","1.4816","60565.0000","-0.0500","-0.0050","-1.0000","0.0000","0.0000","0.0000","0.0000","0.0000"
"12386.0","15:13:22.321","2223546.0000","1.5882","60565.0000","-0.0500","-0.0050","-1.0000","0.0000","0.0000","0.0000","0.0000","0.0000"
"12387.0","15:13:22.322","2224520.0000","1.6944","60565.0000","-0.0500","-0.0050","-1.0000","0.0000","0.0000","0.0000","0.0000","0.0000"
"12388.0","15:13:22.323","2223612.0000","1.5954","60565.0000","-0.0500","-0.0050","-1.0000","0.0000","0.0000","0.0000","0.0000","0.0000"
"12389.0","15:13:22.324","2223046.0000","1.5337","60565.0000","-0.0500","-0.0050","-1.0000","0.0000","0.0000","0.0000","0.0000","0.0000"
"12390.0","15:13:22.325","2223653.0000","1.5999","60565.0000","-0.0500","-0.0050","-1.0000","0.0000","0.0000","0.0000","0.0000","0.0000"
"12391.0","15:13:22.326","2222769.0000","1.5035","60565.0000","-0.0500","-0.0050","-1.0000","0.0000","0.0000","0.0000","0.0000","0.0000"
"12392.0","15:13:22.327","2221938.0000","1.4129","60565.0000","-0.0500","-0.0050","-1.0000","0.0000","0.0000","0.0000","0.0000","0.0000"
"12393.0","15:13:22.328","2221443.0000","1.3589","60565.0000","-0.0500","-0.0050","-1.0000","0.0000","0.0000","0.0000","0.0000","0.0000"
"12394.0","15:13:22.329","2222174.0000","1.4386","60565.0000","-0.0500","-0.0050","-1.0000","0.0000","0.0000","0.0000","0.0000","0.0000"
"12395.0","15:13:22.330","2223074.0000","1.5368","60565.0000","-0.0500","-0.0050","-1.0000","0.0000","0.0000","0.0000","0.0000","0.0000"
"12396.0","15:13:22.331","2223523.0000","1.5857","60565.0000","-0.0500","-0.0050","-1.0000","0.0000","0.0000","0.0000","0.0000","0.0000"
"12397.0","15:13:22.332","2222390.0000","1.4622","60565.0000","-0.0500","-0.0050","-1.0000","0.0000","0.0000","0.0000","0.0000","0.0000"
"12398.0","15:13:22.333","2222812.0000","1.5082","60565.0000","-0.0500","-0.0050","-1.0000","0.0000","0.0000","0.0000","0.0000","0.0000"
"12399.0","15:13:22.334","2222191.0000","1.4405","60565.0000","-0.0500","-0.0050","-1.0000","0.0000","0.0000","0.0000","0.0000","0.0000"
"12400.0","15:13:22.335","2221915.0000","1.4104","60565.0000","-0.0500","-0.0050","-1.0000","0.0000","0.0000","0.0000","0.0000","0.0000"
"12401.0","15:13:22.336","2222821.0000","1.5092","60565.0000","-0.0500","-0.0050","-1.0000","0.0000","0.0000","0.0000","0.0000","0.0000"
"12402.0","15:13:22.337","2222297.0000","1.4521","60566.0000","-0.0500","-0.0050","-1.0000","0.0000","0.0000","0.0000","0.0000","0.0000"
"12403.0","15:13:22.338","2223059.0000","1.5351","60566.0000","-0.0500","-0.0050","-1.0000","0.0000","0.0000","0.0000","0.0000","0.0000"
"12404.0","15:13:22.339","2223424.0000","1.5749","60566.0000","-0.0500","-0.0050","-1.0000","0.0000","0.0000","0.0000","0.0000","0.0000"
"12405.0","15:13:22.340","2223478.0000","1.5808","60566.0000","-0.0500","-0.0050","-1.0000","0.0000","0.0000","0.0000","0.0000","0.0000"
"12406.0","15:13:22.341","2222411.0000","1.4645","60566.0000","-0.0500","-0.0050","-1.0000","0.0000","0.0000","0.0000","0.0000","0.0000"
"12407.0","15:13:22.342","2223347.0000","1.5665","60566.0000","-0.0500","-0.0050","-1.0000","0.0000","0.0000","0.0000","0.0000","0.0000"
"12408.0","15:13:22.343","2222948.0000","1.5230","60566.0000","-0.0500","-0.0050","-1.0000","0.0000","0.0000","0.0000","0.0000","0.0000"
"12409.0","15:13:22.344","2221706.0000","1.3876","60566.0000","-0.0500","-0.0050","-1.0000","0.0000","0.0000","0.0000","0.0000","0.0000"
"12410.0","15:13:22.345","2221407.0000","1.3550","60566.0000","-0.0500","-0.0050","-1.0000","0.0000","0.0000","0.0000","0.0000","0.0000"
"12411.0","15:13:22.346","2221933.0000","1.4124","60566.0000","-0.0500","-0.0050","-1.0000","0.0000","0.0000","0.0000","0.0000","0.0000"
"12412.0","15:13:22.347","2222034.0000","1.4234","60566.0000","-0.0500","-0.0050","-1.0000","0.0000","0.0000","0.0000","0.0000","0.0000"
"12413.0","15:13:22.348","2221761.0000","1.3936","60566.0000","-0.0500","-0.0050","-1.0000","0.0000","0.0000","0.0000","0.0000","0.0000"
"12414.0","15:13:22.349","2221478.0000","1.3628","60566.0000","-0.0500","-0.0050","-1.0000","0.0000","0.0000","0.0000","0.0000","0.0000"
"12415.0","15:13:22.350","2221907.0000","1.4095","60566.0000","-0.0500","-0.0050","-1.0000","0.0000","0.0000","0.0000","0.0000","0.0000"
"12416.0","15:13:22.351","2221915.0000","1.4104","60566.0000","-0.0500","-0.0050","-1.0000","0.0000","0.0000","0.0000","0.0000","0.0000"
"12417.0","15:13:22.352","2221604.0000","1.3765","60566.0000","-0.0500","-0.0050","-1.0000","0.0000","0.0000","0.0000","0.0000","0.0000"
"12418.0","15:13:22.353","2221705.0000","1.3875","60566.0000","-0.0500","-0.0050","-1.0000","0.0000","0.0000","0.0000","0.0000","0.0000"
"12419.0","15:13:22.354","2221705.0000","1.3875","60566.0000","-0.0500","-0.0050","-1.0000","0.0000","0.0000","0.0000","0.0000","0.0000"
"12420.0","15:13:22.355","2222383.0000","1.4614","60566.0000","-0.0500","-0.0050","-1.0000","0.0000","0.0000","0.0000","0.0000","0.0000"
"12421.0","15:13:22.356","2223102.0000","1.5398","60566.0000","-0.0500","-0.0050","-1.0000","0.0000","0.0000","0.0000","0.0000","0.0000"
"12422.0","15:13:22.357","2222528.0000","1.4772","60566.0000","-0.0500","-0.0050","-1.0000","0.0000","0.0000","0.0000","0.0000","0.0000"
"12423.0","15:13:22.358","2222554.0000","1.4801","60566.0000","-0.0500","-0.0050","-1.0000","0.0000","0.0000","0.0000","0.0000","0.0000"
"12424.0","15:13:22.359","2222020.0000","1.4218","60566.0000","-0.0500","-0.0050","-1.0000","0.0000","0.0000","0.0000","0.0000","0.0000"
"12425.0","15:13:22.360","2222830.0000","1.5102","60566.0000","-0.0500","-0.0050","-1.0000","0.0000","0.0000","0.0000","0.0000","0.0000"
"12426.0","15:13:22.361","2221930.0000","1.4120","60566.0000","-0.0500","-0.0050","-1.0000","0.0000","0.0000","0.0000","0.0000","0.0000"
"12427.0","15:13:22.362","2221000.0000","1.3107","60566.0000","-0.0500","-0.0050","-1.0000","0.0000","0.0000","0.0000","0.0000","0.0000"
"12428.0","15:13:22.363","2221929.0000","1.4119","60566.0000","-0.0500","-0.0050","-1.0000","0.0000","0.0000","0.0000","0.0000","0.0000"
"12429.0","15:13:22.364","2221484.0000","1.3634","60566.0000","-0.0500","-0.0050","-1.0000","0.0000","0.0000","0.0000","0.0000","0.0000"
"12430.0","15:13:22.365","2222474.0000","1.4714","60566.0000","-0.0500","-0.0050","-1.0000","0.0000","0.0000","0.0000","0.0000","0.0000"
"12431.0","15:13:22.366","2221154.0000","1.3274","60566.0000","-0.0500","-0.0050","-1.0000","0.0000","0.0000","0.0000","0.0000","0.0000"
"12432.0","15:13:22.367","2222355.0000","1.4584","60566.0000","-0.0500","-0.0050","-1.0000","0.0000","0.0000","0.0000","0.0000","0.0000"
"12433.0","15:13:22.368","2222415.0000","1.4649","60566.0000","-0.0500","-0.0050","-1.0000","0.0000","0.0000","0.0000","0.0000","0.0000"
"12434.0","15:13:22.369","2221581.0000","1.3740","60566.0000","-0.0500","-0.0050","-1.0000","0.0000","0.0000","0.0000","0.0000","0.0000"
"12435.0","15:13:22.370","2222060.0000","1.4262","60566.0000","-0.0500","-0.0050","-1.0000","0.0000","0.0000","0.0000","0.0000","0.0000"
"12436.0","15:13:22.371","2222154.0000","1.4365","60566.0000","-0.0500","-0.0050","-1.0000","0.0000","0.0000","0.0000","0.0000","0.0000"
"12437.0","15:13:22.372","2223514.0000","1.5847","60566.0000","-0.0500","-0.0050","-1.0000","0.0000","0.0000","0.0000","0.0000","0.0000"
"12438.0","15:13:22.373","2223034.0000","1.5324","60566.0000","-0.0500","-0.0050","-1.0000","0.0000","0.0000","0.0000","0.0000","0.0000"
"12439.0","15:13:22.374","2223119.0000","1.5416","60566.0000","-0.0500","-0.0050","-1.0000","0.0000","0.0000","0.0000","0.0000","0.0000"
"12440.0","15:13:22.375","2224073.0000","1.6457","60566.0000","-0.0500","-0.0050","-1.0000","0.0000","0.0000","0.0000","0.0000","0.0000"
"12441.0","15:13:22.376","2224235.0000","1.6633","60566.0000","-0.0500","-0.0050","-1.0000","0.0000","0.0000","0.0000","0.0000","0.0000"
"12442.0","15:13:22.377","2223936.0000","1.6307","60566.0000","-0.0500","-0.0050","-1.0000","0.0000","0.0000","0.0000","0.0000","0.0000"
"12443.0","15:13:22.378","2222731.0000","1.4994","60566.0000","-0.0500","-0.0050","-1.0000","0.0000","0.0000","0.0000","0.0000","0.0000"
"12444.0","15:13:22.379","2222607.0000","1.4859","60566.0000","-0.0500","-0.0050","-1.0000","0.0000","0.0000","0.0000","0.0000","0.0000"
"12445.0","15:13:22.380","2221796.0000","1.3974","60566.0000","-0.0500","-0.0050","-1.0000","0.0000","0.0000","0.0000","0.0000","0.0000"
"12446.0","15:13:22.381","2223122.0000","1.5420","60566.0000","-0.0500","-0.0050","-1.0000","0.0000","0.0000","0.0000","0.0000","0.0000"
"12447.0","15:13:22.382","2222693.0000","1.4952","60566.0000","-0.0500","-0.0050","-1.0000","0.0000","0.0000","0.0000","0.0000","0.0000"
"12448.0","15:13:22.383","2222263.0000","1.4483","60566.0000","-0.0500","-0.0050","-1.0000","0.0000","0.0000","0.0000","0.0000","0.0000"
"12449.0","15:13:22.384","2223258.0000","1.5568","60566.0000","-0.0500","-0.0050","-1.0000","0.0000","0.0000","0.0000","0.0000","0.0000"
"12450.0","15:13:22.385","2222744.0000","1.5008","60566.0000","-0.0500","-0.0050","-1.0000","0.0000","0.0000","0.0000","0.0000","0.0000"
"12451.0","15:13:22.386","2221938.0000","1.4129","60566.0000","-0.0500","-0.0050","-1.0000","0.0000","0.0000","0.0000","0.0000","0.0000"
"12452.0","15:13:22.387","2221808.0000","1.3987","60566.0000","-0.0500","-0.0050","-1.0000","0.0000","0.0000","0.0000","0.0000","0.0000"
"12453.0","15:13:22.388","2222706.0000","1.4966","60566.0000","-0.0500","-0.0050","-1.0000","0.0000","0.0000","0.0000","0.0000","0.0000"
"12454.0","15:13:22.389","2222417.0000","1.4652","60566.0000","-0.0500","-0.0050","-1.0000","0.0000","0.0000","0.0000","0.0000","0.0000"
"12455.0","15:13:22.390","2222302.0000","1.4526","60566.0000","-0.0500","-0.0050","-1.0000","0.0000","0.0000","0.0000","0.0000","0.0000"
"12456.0","15:13:22.391","2221722.0000","1.3894","60566.0000","-0.0500","-0.0050","-1.0000","0.0000","0.0000","0.0000","0.0000","0.0000"
"12457.0","15:13:22.392","2221872.0000","1.4057","60566.0000","-0.0500","-0.0050","-1.0000","0.0000","0.0000","0.0000","0.0000","0.0000"
"12458.0","15:13:22.393","2221480.0000","1.3630","60566.0000","-0.0500","-0.0050","-1.0000","0.0000","0.0000","0.0000","0.0000","0.0000"
"12459.0","15:13:22.394","2221011.0000","1.3119","60566.0000","-0.0500","-0.0050","-1.0000","0.0000","0.0000","0.0000","0.0000","0.0000"
"12460.0","15:13:22.395","2220625.0000","1.2698","60566.0000","-0.0500","-0.0050","-1.0000","0.0000","0.0000","0.0000","0.0000","0.0000"
"12461.0","15:13:22.396","2221207.0000","1.3332","60566.0000","-0.0500","-0.0050","-1.0000","0.0000","0.0000","0.0000","0.0000","0.0000"
"12462.0","15:13:22.397","2222230.0000","1.4447","60566.0000","-0.0500","-0.0050","-1.0000","0.0000","0.0000","0.0000","0.0000","0.0000"
"12463.0","15:13:22.398","2220905.0000","1.3003","60560.0000","-0.0500","-0.0050","-1.0000","0.0000","0.0000","0.0000","0.0000","0.0000"
"12464.0","15:13:22.399","2221212.0000","1.3338","60560.0000","-0.0500","-0.0050","-1.0000","0.0000","0.0000","0.0000","0.0000","0.0000"
"12465.0","15:13:22.400","2221721.0000","1.3893","60560.0000","-0.0500","-0.0050","-1.0000","0.0000","0.0000","0.0000","0.0000","0.0000"
"12466.0","15:13:22.401","2221721.0000","1.3893","60560.0000","-0.0500","-0.0050","-1.0000","0.0000","0.0000","0.0000","0.0000","0.0000"
"12467.0","15:13:22.402","2221253.0000","1.3382","60560.0000","-0.0500","-0.0050","-1.0000","0.0000","0.0000","0.0000","0.0000","0.0000"
"12468.0","15:13:22.403","2221442.0000","1.3589","60560.0000","-0.0500","-0.0050","-1.0000","0.0000","0.0000","0.0000","0.0000","0.0000"
"12469.0","15:13:22.404","2221748.0000","1.3922","60560.0000","-0.0500","-0.0050","-1.0000","0.0000","0.0000","0.0000","0.0000","0.0000"
"12470.0","15:13:22.405","2221651.0000","1.3816","60560.0000","-0.0500","-0.0050","-1.0000","0.0000","0.0000","0.0000","0.0000","0.0000"
"12471.0","15:13:22.406","2222550.0000","1.4796","60560.0000","-0.0500","-0.0050","-1.0000","0.0000","0.0000","0.0000","0.0000","0.0000"
"12472.0","15:13:22.407","2223124.0000","1.5422","60560.0000","-0.0500","-0.0050","-1.0000","0.0000","0.0000","0.0000","0.0000","0.0000"
"12473.0","15:13:22.408","2223118.0000","1.5416","60560.0000","-0.0500","-0.0050","-1.0000","0.0000","0.0000","0.0000","0.0000","0.0000"
"12474.0","15:13:22.409","2223435.0000","1.5761","60560.0000","-0.0500","-0.0050","-1.0000","0.0000","0.0000","0.0000","0.0000","0.0000"
"12475.0","15:13:22.410","2222991.0000","1.5277","60560.0000","-0.0500","-0.0050","-1.0000","0.0000","0.0000","0.0000","0.0000","0.0000"
"12476.0","15:13:22.411","2221822.0000","1.4002","60560.0000","-0.0500","-0.0050","-1.0000","0.0000","0.0000","0.0000","0.0000","0.0000"
"12477.0","15:13:22.412","2222989.0000","1.5275","60560.0000","-0.0500","-0.0050","-1.0000","0.0000","0.0000","0.0000","0.0000","0.0000"
"12478.0","15:13:22.413","2222230.0000","1.4447","60560.0000","-0.0500","-0.0050","-1.0000","0.0000","0.0000","0.0000","0.0000","0.0000"
"12479.0","15:13:22.414","2221381.0000","1.3522","60560.0000","-0.0500","-0.0050","-1.0000","0.0000","0.0000","0.0000","0.0000","0.0000"
"12480.0","15:13:22.415","2222535.0000","1.4780","60560.0000","-0.0500","-0.0050","-1.0000","0.0000","0.0000","0.0000","0.0000","0.0000"
"12481.0","15:13:22.416","2221992.0000","1.4188","60560.0000","-0.0500","-0.0050","-1.0000","0.0000","0.0000","0.0000","0.0000","0.0000"
"12482.0","15:13:22.417","2221810.0000","1.3990","60560.0000","-0.0500","-0.0050","-1.0000","0.0000","0.0000","0.0000","0.0000","0.0000"
"12483.0","15:13:22.418","2221359.0000","1.3498","60560.0000","-0.0500","-0.0050","-1.0000","0.0000","0.0000","0.0000","0.0000","0.0000"
"12484.0","15:13:22.419","2221385.0000","1.3526","60560.0000","-0.0500","-0.0050","-1.0000","0.0000","0.0000","0.0000","0.0000","0.0000"
"12485.0","15:13:22.420","2221697.0000","1.3867","60560.0000","-0.0500","-0.0050","-1.0000","0.0000","0.0000","0.0000","0.0000","0.0000"
"12486.0","15:13:22.421","2222670.0000","1.4927","60560.0000","-0.0500","-0.0050","-1.0000","0.0000","0.0000","0.0000","0.0000","0.0000"
"12487.0","15:13:22.422","2223084.0000","1.5378","60560.0000","-0.0500","-0.0050","-1.0000","0.0000","0.0000","0.0000","0.0000","0.0000"
"12488.0","15:13:22.423","2222925.0000","1.5205","60560.0000","-0.0500","-0.0050","-1.0000","0.0000","0.0000","0.0000","0.0000","0.0000"
"12489.0","15:13:22.424","2222868.0000","1.5143","60560.0000","-0.0500","-0.0050","-1.0000","0.0000","0.0000","0.0000","0.0000","0.0000"
"12490.0","15:13:22.425","2223479.0000","1.5809","60560.0000","-0.0500","-0.0050","-1.0000","0.0000","0.0000","0.0000","0.0000","0.0000"
"12491.0","15:13:22.426","2222560.0000","1.4807","60560.0000","-0.0500","-0.0050","-1.0000","0.0000","0.0000","0.0000","0.0000","0.0000"
"12492.0","15:13:22.427","2222855.0000","1.5129","60560.0000","-0.0500","-0.0050","-1.0000","0.0000","0.0000","0.0000","0.0000","0.0000"
"12493.0","15:13:22.428","2222357.0000","1.4586","60560.0000","-0.0500","-0.0050","-1.0000","0.0000","0.0000","0.0000","0.0000","0.0000"
"12494.0","15:13:22.429","2221668.0000","1.3835","60560.0000","-0.0500","-0.0050","-1.0000","0.0000","0.0000","0.0000","0.0000","0.0000"
"12495.0","15:13:22.430","2222875.0000","1.5150","60560.0000","-0.0500","-0.0050","-1.0000","0.0000","0.0000","0.0000","0.0000","0.0000"
"12496.0","15:13:22.431","2222675.0000","1.4933","60560.0000","-0.0500","-0.0050","-1.0000","0.0000","0.0000","0.0000","0.0000","0.0000"
"12497.0","15:13:22.432","2221452.0000","1.3599","60560.0000","-0.0500","-0.0050","-1.0000","0.0000","0.0000","0.0000","0.0000","0.0000"
"12498.0","15:13:22.433","2221832.0000","1.4014","60560.0000","-0.0500","-0.0050","-1.0000","0.0000","0.0000","0.0000","0.0000","0.0000"
"12499.0","15:13:22.434","2221829.0000","1.4011","60560.0000","-0.0500","-0.0050","-1.0000","0.0000","0.0000","0.0000","0.0000","0.0000"
"12500.0","15:13:22.435","2222072.0000","1.4275","60560.0000","-0.0500","-0.0050","-1.0000","0.0000","0.0000","0.0000","0.0000","0.0000"
"12501.0","15:13:22.436","2222402.0000","1.4635","60560.0000","-0.0500","-0.0050","-1.0000","0.0000","0.0000","0.0000","0.0000","0.0000"
"12502.0","15:13:22.437","2222665.0000","1.4922","60560.0000","-0.0500","-0.0050","-1.0000","0.0000","0.0000","0.0000","0.0000","0.0000"
"12503.0","15:13:22.438","2222816.0000","1.5087","60560.0000","-0.0500","-0.0050","-1.0000","0.0000","0.0000","0.0000","0.0000","0.0000"
"12504.0","15:13:22.439","2223914.0000","1.6283","60560.0000","-0.0500","-0.0050","-1.0000","0.0000","0.0000","0.0000","0.0000","0.0000"
"12505.0","15:13:22.440","2222516.0000","1.4759","60560.0000","-0.0500","-0.0050","-1.0000","0.0000","0.0000","0.0000","0.0000","0.0000"
"12506.0","15:13:22.441","2223341.0000","1.5659","60560.0000","-0.0500","-0.0050","-1.0000","0.0000","0.0000","0.0000","0.0000","0.0000"
"12507.0","15:13:22.442","2223580.0000","1.5919","60560.0000","-0.0500","-0.0050","-1.0000","0.0000","0.0000","0.0000","0.0000","0.0000"
"12508.0","15:13:22.443","2222740.0000","1.5003","60560.0000","-0.0500","-0.0050","-1.0000","0.0000","0.0000","0.0000","0.0000","0.0000"
"12509.0","15:13:22.444","2222088.0000","1.4293","60560.0000","-0.0500","-0.0050","-1.0000","0.0000","0.0000","0.0000","0.0000","0.0000"
"12510.0","15:13:22.445","2221240.0000","1.3368","60560.0000","-0.0500","-0.0050","-1.0000","0.0000","0.0000","0.0000","0.0000","0.0000"
"12511.0","15:13:22.446","2222314.0000","1.4539","60560.0000","-0.0500","-0.0050","-1.0000","0.0000","0.0000","0.0000","0.0000","0.0000"
"12512.0","15:13:22.447","2222792.0000","1.5060","60560.0000","-0.0500","-0.0050","-1.0000","0.0000","0.0000","0.0000","0.0000","0.0000"
"12513.0","15:13:22.448","2222792.0000","1.5060","60560.0000","-0.0500","-0.0050","-1.0000","0.0000","0.0000","0.0000","0.0000","0.0000"
"12514.0","15:13:22.449","2222622.0000","1.4875","60560.0000","-0.0500","-0.0050","-1.0000","0.0000","0.0000","0.0000","0.0000","0.0000"
"12515.0","15:13:22.450","2223332.0000","1.5649","60560.0000","-0.0500","-0.0050","-1.0000","0.0000","0.0000","0.0000","0.0000","0.0000"
"12516.0","15:13:22.451","2222880.0000","1.5156","60560.0000","-0.0500","-0.0050","-1.0000","0.0000","0.0000","0.0000","0.0000","0.0000"
"12517.0","15:13:22.452","2222690.0000","1.4949","60560.0000","-0.0500","-0.0050","-1.0000","0.0000","0.0000","0.0000","0.0000","0.0000"
"12518.0","15:13:22.453","2222962.0000","1.5246","60560.0000","-0.0500","-0.0050","-1.0000","0.0000","0.0000","0.0000","0.0000","0.0000"
"12519.0","15:13:22.454","2223071.0000","1.5364","60560.0000","-0.0500","-0.0050","-1.0000","0.0000","0.0000","0.0000","0.0000","0.0000"
"12520.0","15:13:22.455","2223436.0000","1.5762","60560.0000","-0.0500","-0.0050","-1.0000","0.0000","0.0000","0.0000","0.0000","0.0000"
"12521.0","15:13:22.456","2224354.0000","1.6763","60560.0000","-0.0500","-0.0050","-1.0000","0.0000","0.0000","0.0000","0.0000","0.0000"
"12522.0","15:13:22.457","2223674.0000","1.6022","60560.0000","-0.0500","-0.0050","-1.0000","0.0000","0.0000","0.0000","0.0000","0.0000"
"12523.0","15:13:22.458","2223264.0000","1.5575","60553.0000","-0.0500","-0.0050","-1.0000","0.0000","0.0000","0.0000","0.0000","0.0000"
"12524.0","15:13:22.459","2224414.0000","1.6829","60553.0000","-0.0500","-0.0050","-1.0000","0.0000","0.0000","0.0000","0.0000","0.0000"
"12525.0","15:13:22.460","2223275.0000","1.5587","60553.0000","-0.0500","-0.0050","-1.0000","0.0000","0.0000","0.0000","0.0000","0.0000"
"12526.0","15:13:22.461","2223273.0000","1.5585","60553.0000","-0.0500","-0.0050","-1.0000","0.0000","0.0000","0.0000","0.0000","0.0000"
"12527.0","15:13:22.462","2222748.0000","1.5012","60553.0000","-0.0500","-0.0050","-1.0000","0.0000","0.0000","0.0000","0.0000","0.0000"
"12528.0","15:13:22.463","2222535.0000","1.4780","60553.0000","-0.0500","-0.0050","-1.0000","0.0000","0.0000","0.0000","0.0000","0.0000"
"12529.0","15:13:22.464","2223098.0000","1.5394","60553.0000","-0.0500","-0.0050","-1.0000","0.0000","0.0000","0.0000","0.0000","0.0000"
"12530.0","15:13:22.465","2222551.0000","1.4797","60553.0000","-0.0500","-0.0050","-1.0000","0.0000","0.0000","0.0000","0.0000","0.0000"
"12531.0","15:13:22.466","2221503.0000","1.3655","60553.0000","-0.0500","-0.0050","-1.0000","0.0000","0.0000","0.0000","0.0000","0.0000"
"12532.0","15:13:22.467","2222074.0000","1.4277","60553.0000","-0.0500","-0.0050","-1.0000","0.0000","0.0000","0.0000","0.0000","0.0000"
"12533.0","15:13:22.468","2221670.0000","1.3837","60553.0000","-0.0500","-0.0050","-1.0000","0.0000","0.0000","0.0000","0.0000","0.0000"
"12534.0","15:13:22.469","2221745.0000","1.3919","60553.0000","-0.0500","-0.0050","-1.0000","0.0000","0.0000","0.0000","0.0000","0.0000"
"12535.0","15:13:22.470","2221706.0000","1.3876","60553.0000","-0.0500","-0.0050","-1.0000","0.0000","0.0000","0.0000","0.0000","0.0000"
"12536.0","15:13:22.471","2222788.0000","1.5056","60553.0000","-0.0500","-0.0050","-1.0000","0.0000","0.0000","0.0000","0.0000","0.0000"
"12537.0","15:13:22.472","2223216.0000","1.5522","60553.0000","-0.0500","-0.0050","-1.0000","0.0000","0.0000","0.0000","0.0000","0.0000"
"12538.0","15:13:22.473","2222704.0000","1.4964","60553.0000","-0.0500","-0.0050","-1.0000","0.0000","0.0000","0.0000","0.0000","0.0000"
"12539.0","15:13:22.474","2221985.0000","1.4180","60553.0000","-0.0500","-0.0050","-1.0000","0.0000","0.0000","0.0000","0.0000","0.0000"
"12540.0","15:13:22.475","2222486.0000","1.4727","60553.0000","-0.0500","-0.0050","-1.0000","0.0000","0.0000","0.0000","0.0000","0.0000"
"12541.0","15:13:22.476","2222170.0000","1.4382","60553.0000","-0.0500","-0.0050","-1.0000","0.0000","0.0000","0.0000","0.0000","0.0000"
"12542.0","15:13:22.477","2220467.0000","1.2525","60553.0000","-0.0500","-0.0050","-1.0000","0.0000","0.0000","0.0000","0.0000","0.0000"
"12543.0","15:13:22.478","2220678.0000","1.2756","60553.0000","-0.0500","-0.0050","-1.0000","0.0000","0.0000","0.0000","0.0000","0.0000"
"12544.0","15:13:22.479","2221004.0000","1.3111","60553.0000","-0.0500","-0.0050","-1.0000","0.0000","0.0000","0.0000","0.0000","0.0000"
"12545.0","15:13:22.480","2220595.0000","1.2665","60553.0000","-0.0500","-0.0050","-1.0000","0.0000","0.0000","0.0000","0.0000","0.0000"
"12546.0","15:13:22.481","2220834.0000","1.2926","60553.0000","-0.0500","-0.0050","-1.0000","0.0000","0.0000","0.0000","0.0000","0.0000"
"12547.0","15:13:22.482","2221090.0000","1.3205","60553.0000","-0.0500","-0.0050","-1.0000","0.0000","0.0000","0.0000","0.0000","0.0000"
"12548.0","15:13:22.483","2221419.0000","1.3563","60553.0000","-0.0500","-0.0050","-1.0000","0.0000","0.0000","0.0000","0.0000","0.0000"
"12549.0","15:13:22.484","2220996.0000","1.3102","60553.0000","-0.0500","-0.0050","-1.0000","0.0000","0.0000","0.0000","0.0000","0.0000"
"12550.0","15:13:22.485","2220575.0000","1.2643","60553.0000","-0.0500","-0.0050","-1.0000","0.0000","0.0000","0.0000","0.0000","0.0000"
"12551.0","15:13:22.486","2221026.0000","1.3135","60553.0000","-0.0500","-0.0050","-1.0000","0.0000","0.0000","0.0000","0.0000","0.0000"
"12552.0","15:13:22.487","2222344.0000","1.4572","60553.0000","-0.0500","-0.0050","-1.0000","0.0000","0.0000","0.0000","0.0000","0.0000"
"12553.0","15:13:22.488","2221612.0000","1.3774","60553.0000","-0.0500","-0.0050","-1.0000","0.0000","0.0000","0.0000","0.0000","0.0000"
"12554.0","15:13:22.489","2221896.0000","1.4083","60553.0000","-0.0500","-0.0050","-1.0000","0.0000","0.0000","0.0000","0.0000","0.0000"
"12555.0","15:13:22.490","2222234.0000","1.4452","60553.0000","-0.0500","-0.0050","-1.0000","0.0000","0.0000","0.0000","0.0000","0.0000"
"12556.0","15:13:22.491","2222561.0000","1.4808","60553.0000","-0.0500","-0.0050","-1.0000","0.0000","0.0000","0.0000","0.0000","0.0000"
"12557.0","15:13:22.492","2222022.0000","1.4221","60553.0000","-0.0500","-0.0050","-1.0000","0.0000","0.0000","0.0000","0.0000","0.0000"
"12558.0","15:13:22.493","2222016.0000","1.4214","60553.0000","-0.0500","-0.0050","-1.0000","0.0000","0.0000","0.0000","0.0000","0.0000"
"12559.0","15:13:22.494","2221010.0000","1.3117","60553.0000","-0.0500","-0.0050","-1.0000","0.0000","0.0000","0.0000","0.0000","0.0000"
"12560.0","15:13:22.495","2221010.0000","1.3117","60553.0000","-0.0500","-0.0050","-1.0000","0.0000","0.0000","0.0000","0.0000","0.0000"
"12561.0","15:13:22.496","2221181.0000","1.3304","60553.0000","-0.0500","-0.0050","-1.0000","0.0000","0.0000","0.0000","0.0000","0.0000"
"12562.0","15:13:22.497","2222240.0000","1.4458","60553.0000","-0.0500","-0.0050","-1.0000","0.0000","0.0000","0.0000","0.0000","0.0000"
"12563.0","15:13:22.498","2222109.0000","1.4315","60553.0000","-0.0500","-0.0050","-1.0000","0.0000","0.0000","0.0000","0.0000","0.0000"
"12564.0","15:13:22.499","2221575.0000","1.3733","60553.0000","-0.0500","-0.0050","-1.0000","0.0000","0.0000","0.0000","0.0000","0.0000"
"12565.0","15:13:22.500","2222177.0000","1.4390","60553.0000","-0.0500","-0.0050","-1.0000","0.0000","0.0000","0.0000","0.0000","0.0000"
"12566.0","15:13:22.501","2221723.0000","1.3895","60553.0000","-0.0500","-0.0050","-1.0000","0.0000","0.0000","0.0000","0.0000","0.0000"
"12567.0","15:13:22.502","2221669.0000","1.3836","60553.0000","-0.0500","-0.0050","-1.0000","0.0000","0.0000","0.0000","0.0000","0.0000"
"12568.0","15:13:22.503","2222265.0000","1.4486","60553.0000","-0.0500","-0.0050","-1.0000","0.0000","0.0000","0.0000","0.0000","0.0000"
"12569.0","15:13:22.504","2222800.0000","1.5069","60553.0000","-0.0500","-0.0050","-1.0000","0.0000","0.0000","0.0000","0.0000","0.0000"
"12570.0","15:13:22.505","2222653.0000","1.4909","60553.0000","-0.0500","-0.0050","-1.0000","0.0000","0.0000","0.0000","0.0000","0.0000"
"12571.0","15:13:22.506","2223111.0000","1.5408","60553.0000","-0.0500","-0.0050","-1.0000","0.0000","0.0000","0.0000","0.0000","0.0000"
"12572.0","15:13:22.507","2222954.0000","1.5237","60553.0000","-0.0500","-0.0050","-1.0000","0.0000","0.0000","0.0000","0.0000","0.0000"
"12573.0","15:13:22.508","2222382.0000","1.4613","60553.0000","-0.0500","-0.0050","-1.0000","0.0000","0.0000","0.0000","0.0000","0.0000"
"12574.0","15:13:22.509","2222557.0000","1.4804","60553.0000","-0.0500","-0.0050","-1.0000","0.0000","0.0000","0.0000","0.0000","0.0000"
"12575.0","15:13:22.510","2222969.0000","1.5253","60553.0000","-0.0500","-0.0050","-1.0000","0.0000","0.0000","0.0000","0.0000","0.0000"
"12576.0","15:13:22.511","2221982.0000","1.4177","60553.0000","-0.0500","-0.0050","-1.0000","0.0000","0.0000","0.0000","0.0000","0.0000"
"12577.0","15:13:22.512","2222374.0000","1.4605","60553.0000","-0.0500","-0.0050","-1.0000","0.0000","0.0000","0.0000","0.0000","0.0000"
"12578.0","15:13:22.513","2222093.0000","1.4298","60553.0000","-0.0500","-0.0050","-1.0000","0.0000","0.0000","0.0000","0.0000","0.0000"
"12579.0","15:13:22.514","2222856.0000","1.5130","60553.0000","-0.0500","-0.0050","-1.0000","0.0000","0.0000","0.0000","0.0000","0.0000"
"12580.0","15:13:22.515","2222594.0000","1.4844","60553.0000","-0.0500","-0.0050","-1.0000","0.0000","0.0000","0.0000","0.0000","0.0000"
"12581.0","15:13:22.516","2222243.0000","1.4462","60553.0000","-0.0500","-0.0050","-1.0000","0.0000","0.0000","0.0000","0.0000","0.0000"
"12582.0","15:13:22.517","2222072.0000","1.4275","60553.0000","-0.0500","-0.0050","-1.0000","0.0000","0.0000","0.0000","0.0000","0.0000"
"12583.0","15:13:22.518","2223062.0000","1.5354","60553.0000","-0.0500","-0.0050","-1.0000","0.0000","0.0000","0.0000","0.0000","0.0000"
"12584.0","15:13:22.519","2222178.0000","1.4391","60563.0000","-0.0500","-0.0050","-1.0000","0.0000","0.0000","0.0000","0.0000","0.0000"
"12585.0","15:13:22.520","2223013.0000","1.5301","60563.0000","-0.0500","-0.0050","-1.0000","0.0000","0.0000","0.0000","0.0000","0.0000"
"12586.0","15:13:22.521","2223362.0000","1.5682","60563.0000","-0.0500","-0.0050","-1.0000","0.0000","0.0000","0.0000","0.0000","0.0000"
"12587.0","15:13:22.522","2223289.0000","1.5602","60563.0000","-0.0500","-0.0050","-1.0000","0.0000","0.0000","0.0000","0.0000","0.0000"
"12588.0","15:13:22.523","2223078.0000","1.5372","60563.0000","-0.0500","-0.0050","-1.0000","0.0000","0.0000","0.0000","0.0000","0.0000"
"12589.0","15:13:22.524","2223457.0000","1.5785","60563.0000","-0.0500","-0.0050","-1.0000","0.0000","0.0000","0.0000","0.0000","0.0000"
"12590.0","15:13:22.525","2223250.0000","1.5559","60563.0000","-0.0500","-0.0050","-1.0000","0.0000","0.0000","0.0000","0.0000","0.0000"
"12591.0","15:13:22.526","2222952.0000","1.5235","60563.0000","-0.0500","-0.0050","-1.0000","0.0000","0.0000","0.0000","0.0000","0.0000"
"12592.0","15:13:22.527","2222676.0000","1.4934","60563.0000","-0.0500","-0.0050","-1.0000","0.0000","0.0000","0.0000","0.0000","0.0000"
"12593.0","15:13:22.528","2221684.0000","1.3852","60563.0000","-0.0500","-0.0050","-1.0000","0.0000","0.0000","0.0000","0.0000","0.0000"
"12594.0","15:13:22.529","2221501.0000","1.3653","60563.0000","-0.0500","-0.0050","-1.0000","0.0000","0.0000","0.0000","0.0000","0.0000"
"12595.0","15:13:22.530","2222229.0000","1.4446","60563.0000","-0.0500","-0.0050","-1.0000","0.0000","0.0000","0.0000","0.0000","0.0000"
"12596.0","15:13:22.531","2222434.0000","1.4670","60563.0000","-0.0500","-0.0050","-1.0000","0.0000","0.0000","0.0000","0.0000","0.0000"
"12597.0","15:13:22.532","2222169.0000","1.4381","60563.0000","-0.0500","-0.0050","-1.0000","0.0000","0.0000","0.0000","0.0000","0.0000"
"12598.0","15:13:22.533","2222733.0000","1.4996","60563.0000","-0.0500","-0.0050","-1.0000","0.0000","0.0000","0.0000","0.0000","0.0000"
"12599.0","15:13:22.534","2221827.0000","1.4008","60563.0000","-0.0500","-0.0050","-1.0000","0.0000","0.0000","0.0000","0.0000","0.0000"
"12600.0","15:13:22.535","2221158.0000","1.3279","60563.0000","-0.0500","-0.0050","-1.0000","0.0000","0.0000","0.0000","0.0000","0.0000"
"12601.0","15:13:22.536","2221843.0000","1.4026","60563.0000","-0.0500","-0.0050","-1.0000","0.0000","0.0000","0.0000","0.0000","0.0000"
"12602.0","15:13:22.537","2222052.0000","1.4253","60563.0000","-0.0500","-0.0050","-1.0000","0.0000","0.0000","0.0000","0.0000","0.0000"
"12603.0","15:13:22.538","2222770.0000","1.5036","60563.0000","-0.0500","-0.0050","-1.0000","0.0000","0.0000","0.0000","0.0000","0.0000"
"12604.0","15:13:22.539","2223418.0000","1.5743","60563.0000","-0.0500","-0.0050","-1.0000","0.0000","0.0000","0.0000","0.0000","0.0000"
"12605.0","15:13:22.540","2221932.0000","1.4123","60563.0000","-0.0500","-0.0050","-1.0000","0.0000","0.0000","0.0000","0.0000","0.0000"
"12606.0","15:13:22.541","2222454.0000","1.4692","60563.0000","-0.0500","-0.0050","-1.0000","0.0000","0.0000","0.0000","0.0000","0.0000"
"12607.0","15:13:22.542","2222454.0000","1.4692","60563.0000","-0.0500","-0.0050","-1.0000","0.0000","0.0000","0.0000","0.0000","0.0000"
"12608.0","15:13:22.543","2221981.0000","1.4176","60563.0000","-0.0500","-0.0050","-1.0000","0.0000","0.0000","0.0000","0.0000","0.0000"
"12609.0","15:13:22.544","2222265.0000","1.4486","60563.0000","-0.0500","-0.0050","-1.0000","0.0000","0.0000","0.0000","0.0000","0.0000"
"12610.0","15:13:22.545","2221783.0000","1.3960","60563.0000","-0.0500","-0.0050","-1.0000","0.0000","0.0000","0.0000","0.0000","0.0000"
"12611.0","15:13:22.546","2221232.0000","1.3360","60563.0000","-0.0500","-0.0050","-1.0000","0.0000","0.0000","0.0000","0.0000","0.0000"
"12612.0","15:13:22.547","2221364.0000","1.3504","60563.0000","-0.0500","-0.0050","-1.0000","0.0000","0.0000","0.0000","0.0000","0.0000"
"12613.0","15:13:22.548","2221551.0000","1.3707","60563.0000","-0.0500","-0.0050","-1.0000","0.0000","0.0000","0.0000","0.0000","0.0000"
"12614.0","15:13:22.549","2222326.0000","1.4552","60563.0000","-0.0500","-0.0050","-1.0000","0.0000","0.0000","0.0000","0.0000","0.0000"
"12615.0","15:13:22.550","2221732.0000","1.3905","60563.0000","-0.0500","-0.0050","-1.0000","0.0000","0.0000","0.0000","0.0000","0.0000"
"12616.0","15:13:22.551","2221071.0000","1.3184","60563.0000","-0.0500","-0.0050","-1.0000","0.0000","0.0000","0.0000","0.0000","0.0000"
"12617.0","15:13:22.552","2221261.0000","1.3391","60563.0000","-0.0500","-0.0050","-1.0000","0.0000","0.0000","0.0000","0.0000","0.0000"
"12618.0","15:13:22.553","2222077.0000","1.4281","60563.0000","-0.0500","-0.0050","-1.0000","0.0000","0.0000","0.0000","0.0000","0.0000"
"12619.0","15:13:22.554","2221628.0000","1.3791","60563.0000","-0.0500","-0.0050","-1.0000","0.0000","0.0000","0.0000","0.0000","0.0000"
"12620.0","15:13:22.555","2222499.0000","1.4741","60563.0000","-0.0500","-0.0050","-1.0000","0.0000","0.0000","0.0000","0.0000","0.0000"
"12621.0","15:13:22.556","2223361.0000","1.5681","60563.0000","-0.0500","-0.0050","-1.0000","0.0000","0.0000","0.0000","0.0000","0.0000"
"12622.0","15:13:22.557","2223318.0000","1.5634","60563.0000","-0.0500","-0.0050","-1.0000","0.0000","0.0000","0.0000","0.0000","0.0000"
"12623.0","15:13:22.558","2222074.0000","1.4277","60563.0000","-0.0500","-0.0050","-1.0000","0.0000","0.0000","0.0000","0.0000","0.0000"
"12624.0","15:13:22.559","2221568.0000","1.3726","60563.0000","-0.0500","-0.0050","-1.0000","0.0000","0.0000","0.0000","0.0000","0.0000"
"12625.0","15:13:22.560","2222582.0000","1.4831","60563.0000","-0.0500","-0.0050","-1.0000","0.0000","0.0000","0.0000","0.0000","0.0000"
"12626.0","15:13:22.561","2222157.0000","1.4368","60563.0000","-0.0500","-0.0050","-1.0000","0.0000","0.0000","0.0000","0.0000","0.0000"
"12627.0","15:13:22.562","2221529.0000","1.3683","60563.0000","-0.0500","-0.0050","-1.0000","0.0000","0.0000","0.0000","0.0000","0.0000"
"12628.0","15:13:22.563","2221657.0000","1.3823","60563.0000","-0.0500","-0.0050","-1.0000","0.0000","0.0000","0.0000","0.0000","0.0000"
"12629.0","15:13:22.564","2221800.0000","1.3979","60563.0000","-0.0500","-0.0050","-1.0000","0.0000","0.0000","0.0000","0.0000","0.0000"
"12630.0","15:13:22.565","2221461.0000","1.3609","60563.0000","-0.0500","-0.0050","-1.0000","0.0000","0.0000","0.0000","0.0000","0.0000"
"12631.0","15:13:22.566","2222416.0000","1.4650","60563.0000","-0.0500","-0.0050","-1.0000","0.0000","0.0000","0.0000","0.0000","0.0000"
"12632.0","15:13:22.567","2222612.0000","1.4864","60563.0000","-0.0500","-0.0050","-1.0000","0.0000","0.0000","0.0000","0.0000","0.0000"
"12633.0","15:13:22.568","2222062.0000","1.4264","60563.0000","-0.0500","-0.0050","-1.0000","0.0000","0.0000","0.0000","0.0000","0.0000"
"12634.0","15:13:22.569","2221982.0000","1.4177","60563.0000","-0.0500","-0.0050","-1.0000","0.0000","0.0000","0.0000","0.0000","0.0000"
"12635.0","15:13:22.570","2221564.0000","1.3721","60563.0000","-0.0500","-0.0050","-1.0000","0.0000","0.0000","0.0000","0.0000","0.0000"
"12636.0","15:13:22.571","2222434.0000","1.4670","60563.0000","-0.0500","-0.0050","-1.0000","0.0000","0.0000","0.0000","0.0000","0.0000"
"12637.0","15:13:22.572","2223446.0000","1.5773","60563.0000","-0.0500","-0.0050","-1.0000","0.0000","0.0000","0.0000","0.0000","0.0000"
"12638.0","15:13:22.573","2223061.0000","1.5353","60563.0000","-0.0500","-0.0050","-1.0000","0.0000","0.0000","0.0000","0.0000","0.0000"
"12639.0","15:13:22.574","2222890.0000","1.5167","60563.0000","-0.0500","-0.0050","-1.0000","0.0000","0.0000","0.0000","0.0000","0.0000"
"12640.0","15:13:22.575","2223422.0000","1.5747","60563.0000","-0.0500","-0.0050","-1.0000","0.0000","0.0000","0.0000","0.0000","0.0000"
"12641.0","15:13:22.576","2222616.0000","1.4868","60563.0000","-0.0500","-0.0050","-1.0000","0.0000","0.0000","0.0000","0.0000","0.0000"
"12642.0","15:13:22.577","2222884.0000","1.5160","60563.0000","-0.0500","-0.0050","-1.0000","0.0000","0.0000","0.0000","0.0000","0.0000"
"12643.0","15:13:22.578","2222139.0000","1.4348","60563.0000","-0.0500","-0.0050","-1.0000","0.0000","0.0000","0.0000","0.0000","0.0000"
"12644.0","15:13:22.579","2222134.0000","1.4343","60560.0000","-0.0500","-0.0050","-1.0000","0.0000","0.0000","0.0000","0.0000","0.0000"
"12645.0","15:13:22.580","2222628.0000","1.4881","60560.0000","-0.0500","-0.0050","-1.0000","0.0000","0.0000","0.0000","0.0000","0.0000"
"12646.0","15:13:22.581","2221942.0000","1.4133","60560.0000","-0.0500","-0.0050","-1.0000","0.0000","0.0000","0.0000","0.0000","0.0000"
"12647.0","15:13:22.582","2222389.0000","1.4621","60560.0000","-0.0500","-0.0050","-1.0000","0.0000","0.0000","0.0000","0.0000","0.0000"
"12648.0","15:13:22.583","2221820.0000","1.4001","60560.0000","-0.0500","-0.0050","-1.0000","0.0000","0.0000","0.0000","0.0000","0.0000"
"12649.0","15:13:22.584","2222538.0000","1.4783","60560.0000","-0.0500","-0.0050","-1.0000","0.0000","0.0000","0.0000","0.0000","0.0000"
"12650.0","15:13:22.585","2222443.0000","1.4680","60560.0000","-0.0500","-0.0050","-1.0000","0.0000","0.0000","0.0000","0.0000","0.0000"
"12651.0","15:13:22.586","2221824.0000","1.4005","60560.0000","-0.0500","-0.0050","-1.0000","0.0000","0.0000","0.0000","0.0000","0.0000"
"12652.0","15:13:22.587","2222529.0000","1.4774","60560.0000","-0.0500","-0.0050","-1.0000","0.0000","0.0000","0.0000","0.0000","0.0000"
"12653.0","15:13:22.588","2222749.0000","1.5013","60560.0000","-0.0500","-0.0050","-1.0000","0.0000","0.0000","0.0000","0.0000","0.0000"
"12654.0","15:13:22.589","2222749.0000","1.5013","60560.0000","-0.0500","-0.0050","-1.0000","0.0000","0.0000","0.0000","0.0000","0.0000"
"12655.0","15:13:22.590","2222498.0000","1.4740","60560.0000","-0.0500","-0.0050","-1.0000","0.0000","0.0000","0.0000","0.0000","0.0000"
"12656.0","15:13:22.591","2223201.0000","1.5506","60560.0000","-0.0500","-0.0050","-1.0000","0.0000","0.0000","0.0000","0.0000","0.0000"
"12657.0","15:13:22.592","2222739.0000","1.5002","60560.0000","-0.0500","-0.0050","-1.0000","0.0000","0.0000","0.0000","0.0000","0.0000"
"12658.0","15:13:22.593","2222440.0000","1.4677","60560.0000","-0.0500","-0.0050","-1.0000","0.0000","0.0000","0.0000","0.0000","0.0000"
"12659.0","15:13:22.594","2222308.0000","1.4533","60560.0000","-0.0500","-0.0050","-1.0000","0.0000","0.0000","0.0000","0.0000","0.0000"
"12660.0","15:13:22.595","2221372.0000","1.3512","60560.0000","-0.0500","-0.0050","-1.0000","0.0000","0.0000","0.0000","0.0000","0.0000"
"12661.0","15:13:22.596","2221047.0000","1.3158","60560.0000","-0.0500","-0.0050","-1.0000","0.0000","0.0000","0.0000","0.0000","0.0000"
"12662.0","15:13:22.597","2221602.0000","1.3763","60560.0000","-0.0500","-0.0050","-1.0000","0.0000","0.0000","0.0000","0.0000","0.0000"
"12663.0","15:13:22.598","2221832.0000","1.4014","60560.0000","-0.0500","-0.0050","-1.0000","0.0000","0.0000","0.0000","0.0000","0.0000"
"12664.0","15:13:22.599","2221931.0000","1.4121","60560.0000","-0.0500","-0.0050","-1.0000","0.0000","0.0000","0.0000","0.0000","0.0000"
"12665.0","15:13:22.600","2221750.0000","1.3924","60560.0000","-0.0500","-0.0050","-1.0000","0.0000","0.0000","0.0000","0.0000","0.0000"
"12666.0","15:13:22.601","2221581.0000","1.3740","60560.0000","-0.0500","-0.0050","-1.0000","0.0000","0.0000","0.0000","0.0000","0.0000"
"12667.0","15:13:22.602","2222143.0000","1.4353","60560.0000","-0.0500","-0.0050","-1.0000","0.0000","0.0000","0.0000","0.0000","0.0000"
"12668.0","15:13:22.603","2222347.0000","1.4575","60560.0000","-0.0500","-0.0050","-1.0000","0.0000","0.0000","0.0000","0.0000","0.0000"
"12669.0","15:13:22.604","2222284.0000","1.4506","60560.0000","-0.0500","-0.0050","-1.0000","0.0000","0.0000","0.0000","0.0000","0.0000"
"12670.0","15:13:22.605","2222592.0000","1.4842","60560.0000","-0.0500","-0.0050","-1.0000","0.0000","0.0000","0.0000","0.0000","0.0000"
"12671.0","15:13:22.606","2223488.0000","1.5819","60560.0000","-0.0500","-0.0050","-1.0000","0.0000","0.0000","0.0000","0.0000","0.0000"
"12672.0","15:13:22.607","2222455.0000","1.4693","60560.0000","-0.0500","-0.0050","-1.0000","0.0000","0.0000","0.0000","0.0000","0.0000"
"12673.0","15:13:22.608","2222356.0000","1.4585","60560.0000","-0.0500","-0.0050","-1.0000","0.0000","0.0000","0.0000","0.0000","0.0000"
"12674.0","15:13:22.609","2221460.0000","1.3608","60560.0000","-0.0500","-0.0050","-1.0000","0.0000","0.0000","0.0000","0.0000","0.0000"
"12675.0","15:13:22.610","2221864.0000","1.4049","60560.0000","-0.0500","-0.0050","-1.0000","0.0000","0.0000","0.0000","0.0000","0.0000"
"12676.0","15:13:22.611","2222247.0000","1.4466","60560.0000","-0.0500","-0.0050","-1.0000","0.0000","0.0000","0.0000","0.0000","0.0000"
"12677.0","15:13:22.612","2221821.0000","1.4002","60560.0000","-0.0500","-0.0050","-1.0000","0.0000","0.0000","0.0000","0.0000","0.0000"
"12678.0","15:13:22.613","2221087.0000","1.3201","60560.0000","-0.0500","-0.0050","-1.0000","0.0000","0.0000","0.0000","0.0000","0.0000"
"12679.0","15:13:22.614","2222467.0000","1.4706","60560.0000","-0.0500","-0.0050","-1.0000","0.0000","0.0000","0.0000","0.0000","0.0000"
"12680.0","15:13:22.615","2222583.0000","1.4832","60560.0000","-0.0500","-0.0050","-1.0000","0.0000","0.0000","0.0000","0.0000","0.0000"
"12681.0","15:13:22.616","2223006.0000","1.5294","60560.0000","-0.0500","-0.0050","-1.0000","0.0000","0.0000","0.0000","0.0000","0.0000"
"12682.0","15:13:22.617","2223500.0000","1.5832","60560.0000","-0.0500","-0.0050","-1.0000","0.0000","0.0000","0.0000","0.0000","0.0000"
"12683.0","15:13:22.618","2222546.0000","1.4792","60560.0000","-0.0500","-0.0050","-1.0000","0.0000","0.0000","0.0000","0.0000","0.0000"
"12684.0","15:13:22.619","2222800.0000","1.5069","60560.0000","-0.0500","-0.0050","-1.0000","0.0000","0.0000","0.0000","0.0000","0.0000"
"12685.0","15:13:22.620","2222321.0000","1.4547","60560.0000","-0.0500","-0.0050","-1.0000","0.0000","0.0000","0.0000","0.0000","0.0000"
"12686.0","15:13:22.621","2224028.0000","1.6408","60560.0000","-0.0500","-0.0050","-1.0000","0.0000","0.0000","0.0000","0.0000","0.0000"
"12687.0","15:13:22.622","2224224.0000","1.6621","60560.0000","-0.0500","-0.0050","-1.0000","0.0000","0.0000","0.0000","0.0000","0.0000"
"12688.0","15:13:22.623","2223452.0000","1.5780","60560.0000","-0.0500","-0.0050","-1.0000","0.0000","0.0000","0.0000","0.0000","0.0000"
"12689.0","15:13:22.624","2223916.0000","1.6285","60560.0000","-0.0500","-0.0050","-1.0000","0.0000","0.0000","0.0000","0.0000","0.0000"
"12690.0","15:13:22.625","2222736.0000","1.4999","60560.0000","-0.0500","-0.0050","-1.0000","0.0000","0.0000","0.0000","0.0000","0.0000"
"12691.0","15:13:22.626","2223232.0000","1.5540","60560.0000","-0.0500","-0.0050","-1.0000","0.0000","0.0000","0.0000","0.0000","0.0000"
"12692.0","15:13:22.627","2223260.0000","1.5570","60560.0000","-0.0500","-0.0050","-1.0000","0.0000","0.0000","0.0000","0.0000","0.0000"
"12693.0","15:13:22.628","2222877.0000","1.5153","60560.0000","-0.0500","-0.0050","-1.0000","0.0000","0.0000","0.0000","0.0000","0.0000"
"12694.0","15:13:22.629","2223244.0000","1.5553","60560.0000","-0.0500","-0.0050","-1.0000","0.0000","0.0000","0.0000","0.0000","0.0000"
"12695.0","15:13:22.630","2222402.0000","1.4635","60560.0000","-0.0500","-0.0050","-1.0000","0.0000","0.0000","0.0000","0.0000","0.0000"
"12696.0","15:13:22.631","2222624.0000","1.4877","60560.0000","-0.0500","-0.0050","-1.0000","0.0000","0.0000","0.0000","0.0000","0.0000"
"12697.0","15:13:22.632","2223089.0000","1.5384","60560.0000","-0.0500","-0.0050","-1.0000","0.0000","0.0000","0.0000","0.0000","0.0000"
"12698.0","15:13:22.633","2222478.0000","1.4718","60560.0000","-0.0500","-0.0050","-1.0000","0.0000","0.0000","0.0000","0.0000","0.0000"
"12699.0","15:13:22.634","2223274.0000","1.5585","60560.0000","-0.0500","-0.0050","-1.0000","0.0000","0.0000","0.0000","0.0000","0.0000"
"12700.0","15:13:22.635","2222802.0000","1.5071","60560.0000","-0.0500","-0.0050","-1.0000","0.0000","0.0000","0.0000","0.0000","0.0000"
"12701.0","15:13:22.636","2222802.0000","1.5071","60560.0000","-0.0500","-0.0050","-1.0000","0.0000","0.0000","0.0000","0.0000","0.0000"
"12702.0","15:13:22.637","2223259.0000","1.5569","60560.0000","-0.0500","-0.0050","-1.0000","0.0000","0.0000","0.0000","0.0000","0.0000"
"12703.0","15:13:22.638","2223060.0000","1.5353","60560.0000","-0.0500","-0.0050","-1.0000","0.0000","0.0000","0.0000","0.0000","0.0000"
"12704.0","15:13:22.639","2223606.0000","1.5948","60560.0000","-0.0500","-0.0050","-1.0000","0.0000","0.0000","0.0000","0.0000","0.0000"
"12705.0","15:13:22.640","2223742.0000","1.6096","60563.0000","-0.0500","-0.0050","-1.0000","0.0000","0.0000","0.0000","0.0000","0.0000"
"12706.0","15:13:22.641","2223168.0000","1.5470","60563.0000","-0.0500","-0.0050","-1.0000","0.0000","0.0000","0.0000","0.0000","0.0000"
"12707.0","15:13:22.642","2222874.0000","1.5150","60563.0000","-0.0500","-0.0050","-1.0000","0.0000","0.0000","0.0000","0.0000","0.0000"
"12708.0","15:13:22.643","2223218.0000","1.5525","60563.0000","-0.0500","-0.0050","-1.0000","0.0000","0.0000","0.0000","0.0000","0.0000"
"12709.0","15:13:22.644","2222584.0000","1.4834","60563.0000","-0.0500","-0.0050","-1.0000","0.0000","0.0000","0.0000","0.0000","0.0000"
"12710.0","15:13:22.645","2221735.0000","1.3908","60563.0000","-0.0500","-0.0050","-1.0000","0.0000","0.0000","0.0000","0.0000","0.0000"
"12711.0","15:13:22.646","2221566.0000","1.3724","60563.0000","-0.0500","-0.0050","-1.0000","0.0000","0.0000","0.0000","0.0000","0.0000"
"12712.0","15:13:22.647","2221139.0000","1.3258","60563.0000","-0.0500","-0.0050","-1.0000","0.0000","0.0000","0.0000","0.0000","0.0000"
"12713.0","15:13:22.648","2222571.0000","1.4819","60563.0000","-0.0500","-0.0050","-1.0000","0.0000","0.0000","0.0000","0.0000","0.0000"
"12714.0","15:13:22.649","2222270.0000","1.4491","60563.0000","-0.0500","-0.0050","-1.0000","0.0000","0.0000","0.0000","0.0000","0.0000"
"12715.0","15:13:22.650","2221612.0000","1.3774","60563.0000","-0.0500","-0.0050","-1.0000","0.0000","0.0000","0.0000","0.0000","0.0000"
"12716.0","15:13:22.651","2223233.0000","1.5541","60563.0000","-0.0500","-0.0050","-1.0000","0.0000","0.0000","0.0000","0.0000","0.0000"
"12717.0","15:13:22.652","2222407.0000","1.4640","60563.0000","-0.0500","-0.0050","-1.0000","0.0000","0.0000","0.0000","0.0000","0.0000"
"12718.0","15:13:22.653","2222469.0000","1.4708","60563.0000","-0.0500","-0.0050","-1.0000","0.0000","0.0000","0.0000","0.0000","0.0000"
"12719.0","15:13:22.654","2223047.0000","1.5338","60563.0000","-0.0500","-0.0050","-1.0000","0.0000","0.0000","0.0000","0.0000","0.0000"
"12720.0","15:13:22.655","2222890.0000","1.5167","60563.0000","-0.0500","-0.0050","-1.0000","0.0000","0.0000","0.0000","0.0000","0.0000"
"12721.0","15:13:22.656","2222767.0000","1.5033","60563.0000","-0.0500","-0.0050","-1.0000","0.0000","0.0000","0.0000","0.0000","0.0000"
"12722.0","15:13:22.657","2223528.0000","1.5863","60563.0000","-0.0500","-0.0050","-1.0000","0.0000","0.0000","0.0000","0.0000","0.0000"
"12723.0","15:13:22.658","2223338.0000","1.5656","60563.0000","-0.0500","-0.0050","-1.0000","0.0000","0.0000","0.0000","0.0000","0.0000"
"12724.0","15:13:22.659","2222899.0000","1.5177","60563.0000","-0.0500","-0.0050","-1.0000","0.0000","0.0000","0.0000","0.0000","0.0000"
"12725.0","15:13:22.660","2222930.0000","1.5211","60563.0000","-0.0500","-0.0050","-1.0000","0.0000","0.0000","0.0000","0.0000","0.0000"
"12726.0","15:13:22.661","2222152.0000","1.4362","60563.0000","-0.0500","-0.0050","-1.0000","0.0000","0.0000","0.0000","0.0000","0.0000"
"12727.0","15:13:22.662","2221725.0000","1.3897","60563.0000","-0.0500","-0.0050","-1.0000","0.0000","0.0000","0.0000","0.0000","0.0000"
"12728.0","15:13:22.663","2221377.0000","1.3517","60563.0000","-0.0500","-0.0050","-1.0000","0.0000","0.0000","0.0000","0.0000","0.0000"
"12729.0","15:13:22.664","2222430.0000","1.4665","60563.0000","-0.0500","-0.0050","-1.0000","0.0000","0.0000","0.0000","0.0000","0.0000"
"12730.0","15:13:22.665","2222148.0000","1.4358","60563.0000","-0.0500","-0.0050","-1.0000","0.0000","0.0000","0.0000","0.0000","0.0000"
"12731.0","15:13:22.666","2220914.0000","1.3013","60563.0000","-0.0500","-0.0050","-1.0000","0.0000","0.0000","0.0000","0.0000","0.0000"
"12732.0","15:13:22.667","2221093.0000","1.3208","60563.0000","-0.0500","-0.0050","-1.0000","0.0000","0.0000","0.0000","0.0000","0.0000"
"12733.0","15:13:22.668","2221892.0000","1.4079","60563.0000","-0.0500","-0.0050","-1.0000","0.0000","0.0000","0.0000","0.0000","0.0000"
"12734.0","15:13:22.669","2221836.0000","1.4018","60563.0000","-0.0500","-0.0050","-1.0000","0.0000","0.0000","0.0000","0.0000","0.0000"
"12735.0","15:13:22.670","2221801.0000","1.3980","60563.0000","-0.0500","-0.0050","-1.0000","0.0000","0.0000","0.0000","0.0000","0.0000"
"12736.0","15:13:22.671","2223123.0000","1.5421","60563.0000","-0.0500","-0.0050","-1.0000","0.0000","0.0000","0.0000","0.0000","0.0000"
"12737.0","15:13:22.672","2222702.0000","1.4962","60563.0000","-0.0500","-0.0050","-1.0000","0.0000","0.0000","0.0000","0.0000","0.0000"
"12738.0","15:13:22.673","2222558.0000","1.4805","60563.0000","-0.0500","-0.0050","-1.0000","0.0000","0.0000","0.0000","0.0000","0.0000"
"12739.0","15:13:22.674","2222206.0000","1.4421","60563.0000","-0.0500","-0.0050","-1.0000","0.0000","0.0000","0.0000","0.0000","0.0000"
"12740.0","15:13:22.675","2221937.0000","1.4128","60563.0000","-0.0500","-0.0050","-1.0000","0.0000","0.0000","0.0000","0.0000","0.0000"
"12741.0","15:13:22.676","2222622.0000","1.4875","60563.0000","-0.0500","-0.0050","-1.0000","0.0000","0.0000","0.0000","0.0000","0.0000"
"12742.0","15:13:22.677","2221322.0000","1.3458","60563.0000","-0.0500","-0.0050","-1.0000","0.0000","0.0000","0.0000","0.0000","0.0000"
"12743.0","15:13:22.678","2221234.0000","1.3362","60563.0000","-0.0500","-0.0050","-1.0000","0.0000","0.0000","0.0000","0.0000","0.0000"
"12744.0","15:13:22.679","2220283.0000","1.2325","60563.0000","-0.0500","-0.0050","-1.0000","0.0000","0.0000","0.0000","0.0000","0.0000"
"12745.0","15:13:22.680","2221599.0000","1.3760","60563.0000","-0.0500","-0.0050","-1.0000","0.0000","0.0000","0.0000","0.0000","0.0000"
"12746.0","15:13:22.681","2221675.0000","1.3842","60563.0000","-0.0500","-0.0050","-1.0000","0.0000","0.0000","0.0000","0.0000","0.0000"
"12747.0","15:13:22.682","2221561.0000","1.3718","60563.0000","-0.0500","-0.0050","-1.0000","0.0000","0.0000","0.0000","0.0000","0.0000"
"12748.0","15:13:22.683","2221561.0000","1.3718","60563.0000","-0.0500","-0.0050","-1.0000","0.0000","0.0000","0.0000","0.0000","0.0000"
"12749.0","15:13:22.684","2221687.0000","1.3855","60563.0000","-0.0500","-0.0050","-1.0000","0.0000","0.0000","0.0000","0.0000","0.0000"
"12750.0","15:13:22.685","2222121.0000","1.4329","60563.0000","-0.0500","-0.0050","-1.0000","0.0000","0.0000","0.0000","0.0000","0.0000"
"12751.0","15:13:22.686","2221564.0000","1.3721","60563.0000","-0.0500","-0.0050","-1.0000","0.0000","0.0000","0.0000","0.0000","0.0000"
"12752.0","15:13:22.687","2221026.0000","1.3135","60563.0000","-0.0500","-0.0050","-1.0000","0.0000","0.0000","0.0000","0.0000","0.0000"
"12753.0","15:13:22.688","2221415.0000","1.3559","60563.0000","-0.0500","-0.0050","-1.0000","0.0000","0.0000","0.0000","0.0000","0.0000"
"12754.0","15:13:22.689","2222834.0000","1.5106","60563.0000","-0.0500","-0.0050","-1.0000","0.0000","0.0000","0.0000","0.0000","0.0000"
"12755.0","15:13:22.690","2223056.0000","1.5348","60563.0000","-0.0500","-0.0050","-1.0000","0.0000","0.0000","0.0000","0.0000","0.0000"
"12756.0","15:13:22.691","2222596.0000","1.4846","60563.0000","-0.0500","-0.0050","-1.0000","0.0000","0.0000","0.0000","0.0000","0.0000"
"12757.0","15:13:22.692","2222088.0000","1.4293","60563.0000","-0.0500","-0.0050","-1.0000","0.0000","0.0000","0.0000","0.0000","0.0000"
"12758.0","15:13:22.693","2221662.0000","1.3828","60563.0000","-0.0500","-0.0050","-1.0000","0.0000","0.0000","0.0000","0.0000","0.0000"
"12759.0","15:13:22.694","2222706.0000","1.4966","60563.0000","-0.0500","-0.0050","-1.0000","0.0000","0.0000","0.0000","0.0000","0.0000"
"12760.0","15:13:22.695","2220977.0000","1.3082","60563.0000","-0.0500","-0.0050","-1.0000","0.0000","0.0000","0.0000","0.0000","0.0000"
"12761.0","15:13:22.696","2221488.0000","1.3639","60563.0000","-0.0500","-0.0050","-1.0000","0.0000","0.0000","0.0000","0.0000","0.0000"
"12762.0","15:13:22.697","2221195.0000","1.3319","60563.0000","-0.0500","-0.0050","-1.0000","0.0000","0.0000","0.0000","0.0000","0.0000"
"12763.0","15:13:22.698","2222024.0000","1.4223","60563.0000","-0.0500","-0.0050","-1.0000","0.0000","0.0000","0.0000","0.0000","0.0000"
"12764.0","15:13:22.699","2221583.0000","1.3742","60563.0000","-0.0500","-0.0050","-1.0000","0.0000","0.0000","0.0000","0.0000","0.0000"
"12765.0","15:13:22.700","2221509.0000","1.3661","60570.0000","-0.0500","-0.0050","-1.0000","0.0000","0.0000","0.0000","0.0000","0.0000"
"12766.0","15:13:22.701","2221084.0000","1.3198","60570.0000","-0.0500","-0.0050","-1.0000","0.0000","0.0000","0.0000","0.0000","0.0000"
"12767.0","15:13:22.702","2221501.0000","1.3653","60570.0000","-0.0500","-0.0050","-1.0000","0.0000","0.0000","0.0000","0.0000","0.0000"
"12768.0","15:13:22.703","2221692.0000","1.3861","60570.0000","-0.0500","-0.0050","-1.0000","0.0000","0.0000","0.0000","0.0000","0.0000"
"12769.0","15:13:22.704","2222142.0000","1.4352","60570.0000","-0.0500","-0.0050","-1.0000","0.0000","0.0000","0.0000","0.0000","0.0000"
"12770.0","15:13:22.705","2222276.0000","1.4498","60570.0000","-0.0500","-0.0050","-1.0000","0.0000","0.0000","0.0000","0.0000","0.0000"
"12771.0","15:13:22.706","2222812.0000","1.5082","60570.0000","-0.0500","-0.0050","-1.0000","0.0000","0.0000","0.0000","0.0000","0.0000"
"12772.0","15:13:22.707","2223364.0000","1.5684","60570.0000","-0.0500","-0.0050","-1.0000","0.0000","0.0000","0.0000","0.0000","0.0000"
"12773.0","15:13:22.708","2222383.0000","1.4614","60570.0000","-0.0500","-0.0050","-1.0000","0.0000","0.0000","0.0000","0.0000","0.0000"
"12774.0","15:13:22.709","2222310.0000","1.4535","60570.0000","-0.0500","-0.0050","-1.0000","0.0000","0.0000","0.0000","0.0000","0.0000"
"12775.0","15:13:22.710","2222303.0000","1.4527","60570.0000","-0.0500","-0.0050","-1.0000","0.0000","0.0000","0.0000","0.0000","0.0000"
"12776.0","15:13:22.711","2221367.0000","1.3507","60570.0000","-0.0500","-0.0050","-1.0000","0.0000","0.0000","0.0000","0.0000","0.0000"
"12777.0","15:13:22.712","2221425.0000","1.3570","60570.0000","-0.0500","-0.0050","-1.0000","0.0000","0.0000","0.0000","0.0000","0.0000"
"12778.0","15:13:22.713","2222393.0000","1.4625","60570.0000","-0.0500","-0.0050","-1.0000","0.0000","0.0000","0.0000","0.0000","0.0000"
"12779.0","15:13:22.714","2222299.0000","1.4523","60570.0000","-0.0500","-0.0050","-1.0000","0.0000","0.0000","0.0000","0.0000","0.0000"
"12780.0","15:13:22.715","2221772.0000","1.3948","60570.0000","-0.0500","-0.0050","-1.0000","0.0000","0.0000","0.0000","0.0000","0.0000"
"12781.0","15:13:22.716","2221787.0000","1.3964","60570.0000","-0.0500","-0.0050","-1.0000","0.0000","0.0000","0.0000","0.0000","0.0000"
"12782.0","15:13:22.717","2220761.0000","1.2846","60570.0000","-0.0500","-0.0050","-1.0000","0.0000","0.0000","0.0000","0.0000","0.0000"
"12783.0","15:13:22.718","2221504.0000","1.3656","60570.0000","-0.0500","-0.0050","-1.0000","0.0000","0.0000","0.0000","0.0000","0.0000"
"12784.0","15:13:22.719","2221865.0000","1.4049","60570.0000","-0.0500","-0.0050","-1.0000","0.0000","0.0000","0.0000","0.0000","0.0000"
"12785.0","15:13:22.720","2221748.0000","1.3922","60570.0000","-0.0500","-0.0050","-1.0000","0.0000","0.0000","0.0000","0.0000","0.0000"
"12786.0","15:13:22.721","2222559.0000","1.4806","60570.0000","-0.0500","-0.0050","-1.0000","0.0000","0.0000","0.0000","0.0000","0.0000"
"12787.0","15:13:22.722","2223018.0000","1.5306","60570.0000","-0.0500","-0.0050","-1.0000","0.0000","0.0000","0.0000","0.0000","0.0000"
"12788.0","15:13:22.723","2222642.0000","1.4897","60570.0000","-0.0500","-0.0050","-1.0000","0.0000","0.0000","0.0000","0.0000","0.0000"
"12789.0","15:13:22.724","2222036.0000","1.4236","60570.0000","-0.0500","-0.0050","-1.0000","0.0000","0.0000","0.0000","0.0000","0.0000"
"12790.0","15:13:22.725","2222896.0000","1.5174","60570.0000","-0.0500","-0.0050","-1.0000","0.0000","0.0000","0.0000","0.0000","0.0000"
"12791.0","15:13:22.726","2221955.0000","1.4148","60570.0000","-0.0500","-0.0050","-1.0000","0.0000","0.0000","0.0000","0.0000","0.0000"
"12792.0","15:13:22.727","2221850.0000","1.4033","60570.0000","-0.0500","-0.0050","-1.0000","0.0000","0.0000","0.0000","0.0000","0.0000"
"12793.0","15:13:22.728","2221663.0000","1.3829","60570.0000","-0.0500","-0.0050","-1.0000","0.0000","0.0000","0.0000","0.0000","0.0000"
"12794.0","15:13:22.729","2221449.0000","1.3596","60570.0000","-0.0500","-0.0050","-1.0000","0.0000","0.0000","0.0000","0.0000","0.0000"
"12795.0","15:13:22.730","2221449.0000","1.3596","60570.0000","-0.0500","-0.0050","-1.0000","0.0000","0.0000","0.0000","0.0000","0.0000"
"12796.0","15:13:22.731","2221571.0000","1.3729","60570.0000","-0.0500","-0.0050","-1.0000","0.0000","0.0000","0.0000","0.0000","0.0000"
"12797.0","15:13:22.732","2221649.0000","1.3814","60570.0000","-0.0500","-0.0050","-1.0000","0.0000","0.0000","0.0000","0.0000","0.0000"
"12798.0","15:13:22.733","2221654.0000","1.3820","60570.0000","-0.0500","-0.0050","-1.0000","0.0000","0.0000","0.0000","0.0000","0.0000"
"12799.0","15:13:22.734","2222411.0000","1.4645","60570.0000","-0.0500","-0.0050","-1.0000","0.0000","0.0000","0.0000","0.0000","0.0000"
"12800.0","15:13:22.735","2221663.0000","1.3829","60570.0000","-0.0500","-0.0050","-1.0000","0.0000","0.0000","0.0000","0.0000","0.0000"
"12801.0","15:13:22.736","2222334.0000","1.4561","60570.0000","-0.0500","-0.0050","-1.0000","0.0000","0.0000","0.0000","0.0000","0.0000"
"12802.0","15:13:22.737","2222898.0000","1.5176","60570.0000","-0.0500","-0.0050","-1.0000","0.0000","0.0000","0.0000","0.0000","0.0000"
"12803.0","15:13:22.738","2223548.0000","1.5884","60570.0000","-0.0500","-0.0050","-1.0000","0.0000","0.0000","0.0000","0.0000","0.0000"
"12804.0","15:13:22.739","2223903.0000","1.6271","60570.0000","-0.0500","-0.0050","-1.0000","0.0000","0.0000","0.0000","0.0000","0.0000"
"12805.0","15:13:22.740","2223727.0000","1.6079","60570.0000","-0.0500","-0.0050","-1.0000","0.0000","0.0000","0.0000","0.0000","0.0000"
"12806.0","15:13:22.741","2223782.0000","1.6139","60570.0000","-0.0500","-0.0050","-1.0000","0.0000","0.0000","0.0000","0.0000","0.0000"
"12807.0","15:13:22.742","2224094.0000","1.6479","60570.0000","-0.0500","-0.0050","-1.0000","0.0000","0.0000","0.0000","0.0000","0.0000"
"12808.0","15:13:22.743","2222707.0000","1.4968","60570.0000","-0.0500","-0.0050","-1.0000","0.0000","0.0000","0.0000","0.0000","0.0000"
"12809.0","15:13:22.744","2222202.0000","1.4417","60570.0000","-0.0500","-0.0050","-1.0000","0.0000","0.0000","0.0000","0.0000","0.0000"
"12810.0","15:13:22.745","2222382.0000","1.4613","60570.0000","-0.0500","-0.0050","-1.0000","0.0000","0.0000","0.0000","0.0000","0.0000"
"12811.0","15:13:22.746","2222143.0000","1.4353","60570.0000","-0.0500","-0.0050","-1.0000","0.0000","0.0000","0.0000","0.0000","0.0000"
"12812.0","15:13:22.747","2222826.0000","1.5097","60570.0000","-0.0500","-0.0050","-1.0000","0.0000","0.0000","0.0000","0.0000","0.0000"
"12813.0","15:13:22.748","2223222.0000","1.5529","60570.0000","-0.0500","-0.0050","-1.0000","0.0000","0.0000","0.0000","0.0000","0.0000"
"12814.0","15:13:22.749","2223214.0000","1.5520","60570.0000","-0.0500","-0.0050","-1.0000","0.0000","0.0000","0.0000","0.0000","0.0000"
"12815.0","15:13:22.750","2222514.0000","1.4757","60570.0000","-0.0500","-0.0050","-1.0000","0.0000","0.0000","0.0000","0.0000","0.0000"
"12816.0","15:13:22.751","2223395.0000","1.5718","60570.0000","-0.0500","-0.0050","-1.0000","0.0000","0.0000","0.0000","0.0000","0.0000"
"12817.0","15:13:22.752","2222552.0000","1.4799","60570.0000","-0.0500","-0.0050","-1.0000","0.0000","0.0000","0.0000","0.0000","0.0000"
"12818.0","15:13:22.753","2222153.0000","1.4364","60570.0000","-0.0500","-0.0050","-1.0000","0.0000","0.0000","0.0000","0.0000","0.0000"
"12819.0","15:13:22.754","2222980.0000","1.5265","60570.0000","-0.0500","-0.0050","-1.0000","0.0000","0.0000","0.0000","0.0000","0.0000"
"12820.0","15:13:22.755","2223612.0000","1.5954","60570.0000","-0.0500","-0.0050","-1.0000","0.0000","0.0000","0.0000","0.0000","0.0000"
"12821.0","15:13:22.756","2223053.0000","1.5345","60570.0000","-0.0500","-0.0050","-1.0000","0.0000","0.0000","0.0000","0.0000","0.0000"
"12822.0","15:13:22.757","2221998.0000","1.4195","60570.0000","-0.0500","-0.0050","-1.0000","0.0000","0.0000","0.0000","0.0000","0.0000"
"12823.0","15:13:22.758","2222930.0000","1.5211","60570.0000","-0.0500","-0.0050","-1.0000","0.0000","0.0000","0.0000","0.0000","0.0000"
"12824.0","15:13:22.759","2223298.0000","1.5612","60570.0000","-0.0500","-0.0050","-1.0000","0.0000","0.0000","0.0000","0.0000","0.0000"
"12825.0","15:13:22.760","2222576.0000","1.4825","60570.0000","-0.0500","-0.0050","-1.0000","0.0000","0.0000","0.0000","0.0000","0.0000"
"12826.0","15:13:22.761","2222678.0000","1.4936","60572.0000","-0.0500","-0.0050","-1.0000","0.0000","0.0000","0.0000","0.0000","0.0000"
"12827.0","15:13:22.762","2221861.0000","1.4045","60572.0000","-0.0500","-0.0050","-1.0000","0.0000","0.0000","0.0000","0.0000","0.0000"
"12828.0","15:13:22.763","2221575.0000","1.3733","60572.0000","-0.0500","-0.0050","-1.0000","0.0000","0.0000","0.0000","0.0000","0.0000"
"12829.0","15:13:22.764","2221058.0000","1.3170","60572.0000","-0.0500","-0.0050","-1.0000","0.0000","0.0000","0.0000","0.0000","0.0000"
"12830.0","15:13:22.765","2221261.0000","1.3391","60572.0000","-0.0500","-0.0050","-1.0000","0.0000","0.0000","0.0000","0.0000","0.0000"
"12831.0","15:13:22.766","2221094.0000","1.3209","60572.0000","-0.0500","-0.0050","-1.0000","0.0000","0.0000","0.0000","0.0000","0.0000"
"12832.0","15:13:22.767","2222522.0000","1.4766","60572.0000","-0.0500","-0.0050","-1.0000","0.0000","0.0000","0.0000","0.0000","0.0000"
"12833.0","15:13:22.768","2222496.0000","1.4737","60572.0000","-0.0500","-0.0050","-1.0000","0.0000","0.0000","0.0000","0.0000","0.0000"
"12834.0","15:13:22.769","2222281.0000","1.4503","60572.0000","-0.0500","-0.0050","-1.0000","0.0000","0.0000","0.0000","0.0000","0.0000"
"12835.0","15:13:22.770","2222192.0000","1.4406","60572.0000","-0.0500","-0.0050","-1.0000","0.0000","0.0000","0.0000","0.0000","0.0000"
"12836.0","15:13:22.771","2223072.0000","1.5365","60572.0000","-0.0500","-0.0050","-1.0000","0.0000","0.0000","0.0000","0.0000","0.0000"
"12837.0","15:13:22.772","2223410.0000","1.5734","60572.0000","-0.0500","-0.0050","-1.0000","0.0000","0.0000","0.0000","0.0000","0.0000"
"12838.0","15:13:22.773","2223253.0000","1.5563","60572.0000","-0.0500","-0.0050","-1.0000","0.0000","0.0000","0.0000","0.0000","0.0000"
"12839.0","15:13:22.774","2223309.0000","1.5624","60572.0000","-0.0500","-0.0050","-1.0000","0.0000","0.0000","0.0000","0.0000","0.0000"
"12840.0","15:13:22.775","2224018.0000","1.6397","60572.0000","-0.0500","-0.0050","-1.0000","0.0000","0.0000","0.0000","0.0000","0.0000"
"12841.0","15:13:22.776","2223307.0000","1.5622","60572.0000","-0.0500","-0.0050","-1.0000","0.0000","0.0000","0.0000","0.0000","0.0000"
"12842.0","15:13:22.777","2223307.0000","1.5622","60572.0000","-0.0500","-0.0050","-1.0000","0.0000","0.0000","0.0000","0.0000","0.0000"
"12843.0","15:13:22.778","2221555.0000","1.3711","60572.0000","-0.0500","-0.0050","-1.0000","0.0000","0.0000","0.0000","0.0000","0.0000"
"12844.0","15:13:22.779","2221933.0000","1.4124","60572.0000","-0.0500","-0.0050","-1.0000","0.0000","0.0000","0.0000","0.0000","0.0000"
"12845.0","15:13:22.780","2221876.0000","1.4061","60572.0000","-0.0500","-0.0050","-1.0000","0.0000","0.0000","0.0000","0.0000","0.0000"
"12846.0","15:13:22.781","2221422.0000","1.3567","60572.0000","-0.0500","-0.0050","-1.0000","0.0000","0.0000","0.0000","0.0000","0.0000"
"12847.0","15:13:22.782","2221919.0000","1.4108","60572.0000","-0.0500","-0.0050","-1.0000","0.0000","0.0000","0.0000","0.0000","0.0000"
"12848.0","15:13:22.783","2221911.0000","1.4100","60572.0000","-0.0500","-0.0050","-1.0000","0.0000","0.0000","0.0000","0.0000","0.0000"
"12849.0","15:13:22.784","2221505.0000","1.3657","60572.0000","-0.0500","-0.0050","-1.0000","0.0000","0.0000","0.0000","0.0000","0.0000"
"12850.0","15:13:22.785","2221807.0000","1.3986","60572.0000","-0.0500","-0.0050","-1.0000","0.0000","0.0000","0.0000","0.0000","0.0000"
"12851.0","15:13:22.786","2222606.0000","1.4857","60572.0000","-0.0500","-0.0050","-1.0000","0.0000","0.0000","0.0000","0.0000","0.0000"
"12852.0","15:13:22.787","2222656.0000","1.4912","60572.0000","-0.0500","-0.0050","-1.0000","0.0000","0.0000","0.0000","0.0000","0.0000"
"12853.0","15:13:22.788","2223284.0000","1.5597","60572.0000","-0.0500","-0.0050","-1.0000","0.0000","0.0000","0.0000","0.0000","0.0000"
"12854.0","15:13:22.789","2223140.0000","1.5440","60572.0000","-0.0500","-0.0050","-1.0000","0.0000","0.0000","0.0000","0.0000","0.0000"
"12855.0","15:13:22.790","2222403.0000","1.4636","60572.0000","-0.0500","-0.0050","-1.0000","0.0000","0.0000","0.0000","0.0000","0.0000"
"12856.0","15:13:22.791","2222172.0000","1.4384","60572.0000","-0.0500","-0.0050","-1.0000","0.0000","0.0000","0.0000","0.0000","0.0000"
"12857.0","15:13:22.792","2222466.0000","1.4705","60572.0000","-0.0500","-0.0050","-1.0000","0.0000","0.0000","0.0000","0.0000","0.0000"
"12858.0","15:13:22.793","2223097.0000","1.5393","60572.0000","-0.0500","-0.0050","-1.0000","0.0000","0.0000","0.0000","0.0000","0.0000"
"12859.0","15:13:22.794","2223016.0000","1.5304","60572.0000","-0.0500","-0.0050","-1.0000","0.0000","0.0000","0.0000","0.0000","0.0000"
"12860.0","15:13:22.795","2222354.0000","1.4583","60572.0000","-0.0500","-0.0050","-1.0000","0.0000","0.0000","0.0000","0.0000","0.0000"
"12861.0","15:13:22.796","2221726.0000","1.3898","60572.0000","-0.0500","-0.0050","-1.0000","0.0000","0.0000","0.0000","0.0000","0.0000"
"12862.0","15:13:22.797","2222147.0000","1.4357","60572.0000","-0.0500","-0.0050","-1.0000","0.0000","0.0000","0.0000","0.0000","0.0000"
"12863.0","15:13:22.798","2222286.0000","1.4509","60572.0000","-0.0500","-0.0050","-1.0000","0.0000","0.0000","0.0000","0.0000","0.0000"
"12864.0","15:13:22.799","2222111.0000","1.4318","60572.0000","-0.0500","-0.0050","-1.0000","0.0000","0.0000","0.0000","0.0000","0.0000"
"12865.0","15:13:22.800","2221709.0000","1.3880","60572.0000","-0.0500","-0.0050","-1.0000","0.0000","0.0000","0.0000","0.0000","0.0000"
"12866.0","15:13:22.801","2221700.0000","1.3870","60572.0000","-0.0500","-0.0050","-1.0000","0.0000","0.0000","0.0000","0.0000","0.0000"
"12867.0","15:13:22.802","2221111.0000","1.3228","60572.0000","-0.0500","-0.0050","-1.0000","0.0000","0.0000","0.0000","0.0000","0.0000"
"12868.0","15:13:22.803","2221715.0000","1.3886","60572.0000","-0.0500","-0.0050","-1.0000","0.0000","0.0000","0.0000","0.0000","0.0000"
"12869.0","15:13:22.804","2222019.0000","1.4217","60572.0000","-0.0500","-0.0050","-1.0000","0.0000","0.0000","0.0000","0.0000","0.0000"
"12870.0","15:13:22.805","2222848.0000","1.5121","60572.0000","-0.0500","-0.0050","-1.0000","0.0000","0.0000","0.0000","0.0000","0.0000"
"12871.0","15:13:22.806","2223432.0000","1.5758","60572.0000","-0.0500","-0.0050","-1.0000","0.0000","0.0000","0.0000","0.0000","0.0000"
"12872.0","15:13:22.807","2223898.0000","1.6266","60572.0000","-0.0500","-0.0050","-1.0000","0.0000","0.0000","0.0000","0.0000","0.0000"
"12873.0","15:13:22.808","2222713.0000","1.4974","60572.0000","-0.0500","-0.0050","-1.0000","0.0000","0.0000","0.0000","0.0000","0.0000"
"12874.0","15:13:22.809","2223752.0000","1.6107","60572.0000","-0.0500","-0.0050","-1.0000","0.0000","0.0000","0.0000","0.0000","0.0000"
"12875.0","15:13:22.810","2222599.0000","1.4850","60572.0000","-0.0500","-0.0050","-1.0000","0.0000","0.0000","0.0000","0.0000","0.0000"
"12876.0","15:13:22.811","2220605.0000","1.2676","60572.0000","-0.0500","-0.0050","-1.0000","0.0000","0.0000","0.0000","0.0000","0.0000"
"12877.0","15:13:22.812","2220782.0000","1.2869","60572.0000","-0.0500","-0.0050","-1.0000","0.0000","0.0000","0.0000","0.0000","0.0000"
"12878.0","15:13:22.813","2220945.0000","1.3047","60572.0000","-0.0500","-0.0050","-1.0000","0.0000","0.0000","0.0000","0.0000","0.0000"
"12879.0","15:13:22.814","2221288.0000","1.3420","60572.0000","-0.0500","-0.0050","-1.0000","0.0000","0.0000","0.0000","0.0000","0.0000"
"12880.0","15:13:22.815","2221652.0000","1.3817","60572.0000","-0.0500","-0.0050","-1.0000","0.0000","0.0000","0.0000","0.0000","0.0000"
"12881.0","15:13:22.816","2221410.0000","1.3554","60572.0000","-0.0500","-0.0050","-1.0000","0.0000","0.0000","0.0000","0.0000","0.0000"
"12882.0","15:13:22.817","2221636.0000","1.3800","60572.0000","-0.0500","-0.0050","-1.0000","0.0000","0.0000","0.0000","0.0000","0.0000"
"12883.0","15:13:22.818","2222350.0000","1.4578","60572.0000","-0.0500","-0.0050","-1.0000","0.0000","0.0000","0.0000","0.0000","0.0000"
"12884.0","15:13:22.819","2223223.0000","1.5530","60572.0000","-0.0500","-0.0050","-1.0000","0.0000","0.0000","0.0000","0.0000","0.0000"
"12885.0","15:13:22.820","2223334.0000","1.5651","60572.0000","-0.0500","-0.0050","-1.0000","0.0000","0.0000","0.0000","0.0000","0.0000"
"12886.0","15:13:22.821","2223917.0000","1.6287","60562.0000","-0.0500","-0.0050","-1.0000","0.0000","0.0000","0.0000","0.0000","0.0000"
"12887.0","15:13:22.822","2224275.0000","1.6677","60562.0000","-0.0500","-0.0050","-1.0000","0.0000","0.0000","0.0000","0.0000","0.0000"
"12888.0","15:13:22.823","2224003.0000","1.6380","60562.0000","-0.0500","-0.0050","-1.0000","0.0000","0.0000","0.0000","0.0000","0.0000"
"12889.0","15:13:22.824","2224003.0000","1.6380","60562.0000","-0.0500","-0.0050","-1.0000","0.0000","0.0000","0.0000","0.0000","0.0000"
"12890.0","15:13:22.825","2222930.0000","1.5211","60562.0000","-0.0500","-0.0050","-1.0000","0.0000","0.0000","0.0000","0.0000","0.0000"
"12891.0","15:13:22.826","2223472.0000","1.5801","60562.0000","-0.0500","-0.0050","-1.0000","0.0000","0.0000","0.0000","0.0000","0.0000"
"12892.0","15:13:22.827","2223186.0000","1.5490","60562.0000","-0.0500","-0.0050","-1.0000","0.0000","0.0000","0.0000","0.0000","0.0000"
"12893.0","15:13:22.828","2221767.0000","1.3943","60562.0000","-0.0500","-0.0050","-1.0000","0.0000","0.0000","0.0000","0.0000","0.0000"
"12894.0","15:13:22.829","2220342.0000","1.2389","60562.0000","-0.0500","-0.0050","-1.0000","0.0000","0.0000","0.0000","0.0000","0.0000"
"12895.0","15:13:22.830","2220704.0000","1.2784","60562.0000","-0.0500","-0.0050","-1.0000","0.0000","0.0000","0.0000","0.0000","0.0000"
"12896.0","15:13:22.831","2221126.0000","1.3244","60562.0000","-0.0500","-0.0050","-1.0000","0.0000","0.0000","0.0000","0.0000","0.0000"
"12897.0","15:13:22.832","2221270.0000","1.3401","60562.0000","-0.0500","-0.0050","-1.0000","0.0000","0.0000","0.0000","0.0000","0.0000"
"12898.0","15:13:22.833","2221990.0000","1.4186","60562.0000","-0.0500","-0.0050","-1.0000","0.0000","0.0000","0.0000","0.0000","0.0000"
"12899.0","15:13:22.834","2222122.0000","1.4330","60562.0000","-0.0500","-0.0050","-1.0000","0.0000","0.0000","0.0000","0.0000","0.0000"
"12900.0","15:13:22.835","2221929.0000","1.4119","60562.0000","-0.0500","-0.0050","-1.0000","0.0000","0.0000","0.0000","0.0000","0.0000"
"12901.0","15:13:22.836","2221252.0000","1.3381","60562.0000","-0.0500","-0.0050","-1.0000","0.0000","0.0000","0.0000","0.0000","0.0000"
"12902.0","15:13:22.837","2221726.0000","1.3898","60562.0000","-0.0500","-0.0050","-1.0000","0.0000","0.0000","0.0000","0.0000","0.0000"
"12903.0","15:13:22.838","2223398.0000","1.5721","60562.0000","-0.0500","-0.0050","-1.0000","0.0000","0.0000","0.0000","0.0000","0.0000"
"12904.0","15:13:22.839","2223635.0000","1.5979","60562.0000","-0.0500","-0.0050","-1.0000","0.0000","0.0000","0.0000","0.0000","0.0000"
"12905.0","15:13:22.840","2223672.0000","1.6019","60562.0000","-0.0500","-0.0050","-1.0000","0.0000","0.0000","0.0000","0.0000","0.0000"
"12906.0","15:13:22.841","2222997.0000","1.5284","60562.0000","-0.0500","-0.0050","-1.0000","0.0000","0.0000","0.0000","0.0000","0.0000"
"12907.0","15:13:22.842","2223523.0000","1.5857","60562.0000","-0.0500","-0.0050","-1.0000","0.0000","0.0000","0.0000","0.0000","0.0000"
"12908.0","15:13:22.843","2223442.0000","1.5769","60562.0000","-0.0500","-0.0050","-1.0000","0.0000","0.0000","0.0000","0.0000","0.0000"
"12909.0","15:13:22.844","2221820.0000","1.4001","60562.0000","-0.0500","-0.0050","-1.0000","0.0000","0.0000","0.0000","0.0000","0.0000"
"12910.0","15:13:22.845","2222164.0000","1.4376","60562.0000","-0.0500","-0.0050","-1.0000","0.0000","0.0000","0.0000","0.0000","0.0000"
"12911.0","15:13:22.846","2222445.0000","1.4682","60562.0000","-0.0500","-0.0050","-1.0000","0.0000","0.0000","0.0000","0.0000","0.0000"
"12912.0","15:13:22.847","2222535.0000","1.4780","60562.0000","-0.0500","-0.0050","-1.0000","0.0000","0.0000","0.0000","0.0000","0.0000"
"12913.0","15:13:22.848","2222513.0000","1.4756","60562.0000","-0.0500","-0.0050","-1.0000","0.0000","0.0000","0.0000","0.0000","0.0000"
"12914.0","15:13:22.849","2224048.0000","1.6429","60562.0000","-0.0500","-0.0050","-1.0000","0.0000","0.0000","0.0000","0.0000","0.0000"
"12915.0","15:13:22.850","2223164.0000","1.5466","60562.0000","-0.0500","-0.0050","-1.0000","0.0000","0.0000","0.0000","0.0000","0.0000"
"12916.0","15:13:22.851","2222944.0000","1.5226","60562.0000","-0.0500","-0.0050","-1.0000","0.0000","0.0000","0.0000","0.0000","0.0000"
"12917.0","15:13:22.852","2222797.0000","1.5066","60562.0000","-0.0500","-0.0050","-1.0000","0.0000","0.0000","0.0000","0.0000","0.0000"
"12918.0","15:13:22.853","2223390.0000","1.5712","60562.0000","-0.0500","-0.0050","-1.0000","0.0000","0.0000","0.0000","0.0000","0.0000"
"12919.0","15:13:22.854","2223664.0000","1.6011","60562.0000","-0.0500","-0.0050","-1.0000","0.0000","0.0000","0.0000","0.0000","0.0000"
"12920.0","15:13:22.855","2223618.0000","1.5960","60562.0000","-0.0500","-0.0050","-1.0000","0.0000","0.0000","0.0000","0.0000","0.0000"
"12921.0","15:13:22.856","2224019.0000","1.6398","60562.0000","-0.0500","-0.0050","-1.0000","0.0000","0.0000","0.0000","0.0000","0.0000"
"12922.0","15:13:22.857","2222843.0000","1.5116","60562.0000","-0.0500","-0.0050","-1.0000","0.0000","0.0000","0.0000","0.0000","0.0000"
"12923.0","15:13:22.858","2223233.0000","1.5541","60562.0000","-0.0500","-0.0050","-1.0000","0.0000","0.0000","0.0000","0.0000","0.0000"
"12924.0","15:13:22.859","2223006.0000","1.5294","60562.0000","-0.0500","-0.0050","-1.0000","0.0000","0.0000","0.0000","0.0000","0.0000"
"12925.0","15:13:22.860","2222992.0000","1.5278","60562.0000","-0.0500","-0.0050","-1.0000","0.0000","0.0000","0.0000","0.0000","0.0000"
"12926.0","15:13:22.861","2222010.0000","1.4208","60562.0000","-0.0500","-0.0050","-1.0000","0.0000","0.0000","0.0000","0.0000","0.0000"
"12927.0","15:13:22.862","2222572.0000","1.4821","60562.0000","-0.0500","-0.0050","-1.0000","0.0000","0.0000","0.0000","0.0000","0.0000"
"12928.0","15:13:22.863","2223174.0000","1.5477","60562.0000","-0.0500","-0.0050","-1.0000","0.0000","0.0000","0.0000","0.0000","0.0000"
"12929.0","15:13:22.864","2223288.0000","1.5601","60562.0000","-0.0500","-0.0050","-1.0000","0.0000","0.0000","0.0000","0.0000","0.0000"
"12930.0","15:13:22.865","2224108.0000","1.6495","60562.0000","-0.0500","-0.0050","-1.0000","0.0000","0.0000","0.0000","0.0000","0.0000"
"12931.0","15:13:22.866","2222907.0000","1.5185","60562.0000","-0.0500","-0.0050","-1.0000","0.0000","0.0000","0.0000","0.0000","0.0000"
"12932.0","15:13:22.867","2223806.0000","1.6166","60562.0000","-0.0500","-0.0050","-1.0000","0.0000","0.0000","0.0000","0.0000","0.0000"
"12933.0","15:13:22.868","2223447.0000","1.5774","60562.0000","-0.0500","-0.0050","-1.0000","0.0000","0.0000","0.0000","0.0000","0.0000"
"12934.0","15:13:22.869","2222863.0000","1.5137","60562.0000","-0.0500","-0.0050","-1.0000","0.0000","0.0000","0.0000","0.0000","0.0000"
"12935.0","15:13:22.870","2223152.0000","1.5453","60562.0000","-0.0500","-0.0050","-1.0000","0.0000","0.0000","0.0000","0.0000","0.0000"
"12936.0","15:13:22.871","2223152.0000","1.5453","60562.0000","-0.0500","-0.0050","-1.0000","0.0000","0.0000","0.0000","0.0000","0.0000"
"12937.0","15:13:22.872","2223783.0000","1.6141","60562.0000","-0.0500","-0.0050","-1.0000","0.0000","0.0000","0.0000","0.0000","0.0000"
"12938.0","15:13:22.873","2223544.0000","1.5880","60562.0000","-0.0500","-0.0050","-1.0000","0.0000","0.0000","0.0000","0.0000","0.0000"
"12939.0","15:13:22.874","2222792.0000","1.5060","60562.0000","-0.0500","-0.0050","-1.0000","0.0000","0.0000","0.0000","0.0000","0.0000"
"12940.0","15:13:22.875","2222940.0000","1.5222","60562.0000","-0.0500","-0.0050","-1.0000","0.0000","0.0000","0.0000","0.0000","0.0000"
"12941.0","15:13:22.876","2222458.0000","1.4696","60562.0000","-0.0500","-0.0050","-1.0000","0.0000","0.0000","0.0000","0.0000","0.0000"
"12942.0","15:13:22.877","2222620.0000","1.4873","60562.0000","-0.0500","-0.0050","-1.0000","0.0000","0.0000","0.0000","0.0000","0.0000"
"12943.0","15:13:22.878","2222111.0000","1.4318","60562.0000","-0.0500","-0.0050","-1.0000","0.0000","0.0000","0.0000","0.0000","0.0000"
"12944.0","15:13:22.879","2221396.0000","1.3538","60562.0000","-0.0500","-0.0050","-1.0000","0.0000","0.0000","0.0000","0.0000","0.0000"
"12945.0","15:13:22.880","2221963.0000","1.4156","60562.0000","-0.0500","-0.0050","-1.0000","0.0000","0.0000","0.0000","0.0000","0.0000"
"12946.0","15:13:22.881","2222634.0000","1.4888","60565.0000","-0.0500","-0.0050","-1.0000","0.0000","0.0000","0.0000","0.0000","0.0000"
"12947.0","15:13:22.882","2222021.0000","1.4220","60565.0000","-0.0500","-0.0050","-1.0000","0.0000","0.0000","0.0000","0.0000","0.0000"
"12948.0","15:13:22.883","2221463.0000","1.3611","60565.0000","-0.0500","-0.0050","-1.0000","0.0000","0.0000","0.0000","0.0000","0.0000"
"12949.0","15:13:22.884","2222700.0000","1.4960","60565.0000","-0.0500","-0.0050","-1.0000","0.0000","0.0000","0.0000","0.0000","0.0000"
"12950.0","15:13:22.885","2223234.0000","1.5542","60565.0000","-0.0500","-0.0050","-1.0000","0.0000","0.0000","0.0000","0.0000","0.0000"
"12951.0","15:13:22.886","2222619.0000","1.4872","60565.0000","-0.0500","-0.0050","-1.0000","0.0000","0.0000","0.0000","0.0000","0.0000"
"12952.0","15:13:22.887","2222682.0000","1.4940","60565.0000","-0.0500","-0.0050","-1.0000","0.0000","0.0000","0.0000","0.0000","0.0000"
"12953.0","15:13:22.888","2223808.0000","1.6168","60565.0000","-0.0500","-0.0050","-1.0000","0.0000","0.0000","0.0000","0.0000","0.0000"
"12954.0","15:13:22.889","2223396.0000","1.5719","60565.0000","-0.0500","-0.0050","-1.0000","0.0000","0.0000","0.0000","0.0000","0.0000"
"12955.0","15:13:22.890","2223612.0000","1.5954","60565.0000","-0.0500","-0.0050","-1.0000","0.0000","0.0000","0.0000","0.0000","0.0000"
"12956.0","15:13:22.891","2223424.0000","1.5749","60565.0000","-0.0500","-0.0050","-1.0000","0.0000","0.0000","0.0000","0.0000","0.0000"
"12957.0","15:13:22.892","2223796.0000","1.6154","60565.0000","-0.0500","-0.0050","-1.0000","0.0000","0.0000","0.0000","0.0000","0.0000"
"12958.0","15:13:22.893","2223481.0000","1.5811","60565.0000","-0.0500","-0.0050","-1.0000","0.0000","0.0000","0.0000","0.0000","0.0000"
"12959.0","15:13:22.894","2222588.0000","1.4838","60565.0000","-0.0500","-0.0050","-1.0000","0.0000","0.0000","0.0000","0.0000","0.0000"
"12960.0","15:13:22.895","2221969.0000","1.4163","60565.0000","-0.0500","-0.0050","-1.0000","0.0000","0.0000","0.0000","0.0000","0.0000"
"12961.0","15:13:22.896","2221877.0000","1.4063","60565.0000","-0.0500","-0.0050","-1.0000","0.0000","0.0000","0.0000","0.0000","0.0000"
"12962.0","15:13:22.897","2221935.0000","1.4126","60565.0000","-0.0500","-0.0050","-1.0000","0.0000","0.0000","0.0000","0.0000","0.0000"
"12963.0","15:13:22.898","2222922.0000","1.5202","60565.0000","-0.0500","-0.0050","-1.0000","0.0000","0.0000","0.0000","0.0000","0.0000"
"12964.0","15:13:22.899","2222022.0000","1.4221","60565.0000","-0.0500","-0.0050","-1.0000","0.0000","0.0000","0.0000","0.0000","0.0000"
"12965.0","15:13:22.900","2221758.0000","1.3933","60565.0000","-0.0500","-0.0050","-1.0000","0.0000","0.0000","0.0000","0.0000","0.0000"
"12966.0","15:13:22.901","2222415.0000","1.4649","60565.0000","-0.0500","-0.0050","-1.0000","0.0000","0.0000","0.0000","0.0000","0.0000"
"12967.0","15:13:22.902","2222229.0000","1.4446","60565.0000","-0.0500","-0.0050","-1.0000","0.0000","0.0000","0.0000","0.0000","0.0000"
"12968.0","15:13:22.903","2222334.0000","1.4561","60565.0000","-0.0500","-0.0050","-1.0000","0.0000","0.0000","0.0000","0.0000","0.0000"
"12969.0","15:13:22.904","2223060.0000","1.5353","60565.0000","-0.0500","-0.0050","-1.0000","0.0000","0.0000","0.0000","0.0000","0.0000"
"12970.0","15:13:22.905","2223552.0000","1.5889","60565.0000","-0.0500","-0.0050","-1.0000","0.0000","0.0000","0.0000","0.0000","0.0000"
"12971.0","15:13:22.906","2224183.0000","1.6576","60565.0000","-0.0500","-0.0050","-1.0000","0.0000","0.0000","0.0000","0.0000","0.0000"
"12972.0","15:13:22.907","2223789.0000","1.6147","60565.0000","-0.0500","-0.0050","-1.0000","0.0000","0.0000","0.0000","0.0000","0.0000"
"12973.0","15:13:22.908","2223686.0000","1.6035","60565.0000","-0.0500","-0.0050","-1.0000","0.0000","0.0000","0.0000","0.0000","0.0000"
"12974.0","15:13:22.909","2223604.0000","1.5945","60565.0000","-0.0500","-0.0050","-1.0000","0.0000","0.0000","0.0000","0.0000","0.0000"
"12975.0","15:13:22.910","2223518.0000","1.5852","60565.0000","-0.0500","-0.0050","-1.0000","0.0000","0.0000","0.0000","0.0000","0.0000"
"12976.0","15:13:22.911","2222909.0000","1.5188","60565.0000","-0.0500","-0.0050","-1.0000","0.0000","0.0000","0.0000","0.0000","0.0000"
"12977.0","15:13:22.912","2222780.0000","1.5047","60565.0000","-0.0500","-0.0050","-1.0000","0.0000","0.0000","0.0000","0.0000","0.0000"
"12978.0","15:13:22.913","2222207.0000","1.4422","60565.0000","-0.0500","-0.0050","-1.0000","0.0000","0.0000","0.0000","0.0000","0.0000"
"12979.0","15:13:22.914","2222438.0000","1.4674","60565.0000","-0.0500","-0.0050","-1.0000","0.0000","0.0000","0.0000","0.0000","0.0000"
"12980.0","15:13:22.915","2223119.0000","1.5416","60565.0000","-0.0500","-0.0050","-1.0000","0.0000","0.0000","0.0000","0.0000","0.0000"
"12981.0","15:13:22.916","2223374.0000","1.5694","60565.0000","-0.0500","-0.0050","-1.0000","0.0000","0.0000","0.0000","0.0000","0.0000"
"12982.0","15:13:22.917","2223142.0000","1.5442","60565.0000","-0.0500","-0.0050","-1.0000","0.0000","0.0000","0.0000","0.0000","0.0000"
"12983.0","15:13:22.918","2223142.0000","1.5442","60565.0000","-0.0500","-0.0050","-1.0000","0.0000","0.0000","0.0000","0.0000","0.0000"
"12984.0","15:13:22.919","2222988.0000","1.5274","60565.0000","-0.0500","-0.0050","-1.0000","0.0000","0.0000","0.0000","0.0000","0.0000"
"12985.0","15:13:22.920","2222291.0000","1.4514","60565.0000","-0.0500","-0.0050","-1.0000","0.0000","0.0000","0.0000","0.0000","0.0000"
"12986.0","15:13:22.921","2223237.0000","1.5545","60565.0000","-0.0500","-0.0050","-1.0000","0.0000","0.0000","0.0000","0.0000","0.0000"
"12987.0","15:13:22.922","2223617.0000","1.5960","60565.0000","-0.0500","-0.0050","-1.0000","0.0000","0.0000","0.0000","0.0000","0.0000"
"12988.0","15:13:22.923","2224637.0000","1.7071","60565.0000","-0.0500","-0.0050","-1.0000","0.0000","0.0000","0.0000","0.0000","0.0000"
"12989.0","15:13:22.924","2223808.0000","1.6168","60565.0000","-0.0500","-0.0050","-1.0000","0.0000","0.0000","0.0000","0.0000","0.0000"
"12990.0","15:13:22.925","2223399.0000","1.5722","60565.0000","-0.0500","-0.0050","-1.0000","0.0000","0.0000","0.0000","0.0000","0.0000"
"12991.0","15:13:22.926","2223132.0000","1.5431","60565.0000","-0.0500","-0.0050","-1.0000","0.0000","0.0000","0.0000","0.0000","0.0000"
"12992.0","15:13:22.927","2222047.0000","1.4248","60565.0000","-0.0500","-0.0050","-1.0000","0.0000","0.0000","0.0000","0.0000","0.0000"
"12993.0","15:13:22.928","2221657.0000","1.3823","60565.0000","-0.0500","-0.0050","-1.0000","0.0000","0.0000","0.0000","0.0000","0.0000"
"12994.0","15:13:22.929","2220896.0000","1.2993","60565.0000","-0.0500","-0.0050","-1.0000","0.0000","0.0000","0.0000","0.0000","0.0000"
"12995.0","15:13:22.930","2221448.0000","1.3595","60565.0000","-0.0500","-0.0050","-1.0000","0.0000","0.0000","0.0000","0.0000","0.0000"
"12996.0","15:13:22.931","2221344.0000","1.3482","60565.0000","-0.0500","-0.0050","-1.0000","0.0000","0.0000","0.0000","0.0000","0.0000"
"12997.0","15:13:22.932","2221100.0000","1.3216","60565.0000","-0.0500","-0.0050","-1.0000","0.0000","0.0000","0.0000","0.0000","0.0000"
"12998.0","15:13:22.933","2222618.0000","1.4871","60565.0000","-0.0500","-0.0050","-1.0000","0.0000","0.0000","0.0000","0.0000","0.0000"
"12999.0","15:13:22.934","2221327.0000","1.3463","60565.0000","-0.0500","-0.0050","-1.0000","0.0000","0.0000","0.0000","0.0000","0.0000"
"13000.0","15:13:22.935","2221755.0000","1.3930","60565.0000","-0.0500","-0.0050","-1.0000","0.0000","0.0000","0.0000","0.0000","0.0000"
"13001.0","15:13:22.936","2221656.0000","1.3822","60565.0000","-0.0500","-0.0050","-1.0000","0.0000","0.0000","0.0000","0.0000","0.0000"
"13002.0","15:13:22.937","2222046.0000","1.4247","60565.0000","-0.0500","-0.0050","-1.0000","0.0000","0.0000","0.0000","0.0000","0.0000"
"13003.0","15:13:22.938","2222915.0000","1.5194","60565.0000","-0.0500","-0.0050","-1.0000","0.0000","0.0000","0.0000","0.0000","0.0000"
"13004.0","15:13:22.939","2223102.0000","1.5398","60565.0000","-0.0500","-0.0050","-1.0000","0.0000","0.0000","0.0000","0.0000","0.0000"
"13005.0","15:13:22.940","2223226.0000","1.5533","60565.0000","-0.0500","-0.0050","-1.0000","0.0000","0.0000","0.0000","0.0000","0.0000"
"13006.0","15:13:22.941","2222440.0000","1.4677","60565.0000","-0.0500","-0.0050","-1.0000","0.0000","0.0000","0.0000","0.0000","0.0000"
"13007.0","15:13:22.942","2222553.0000","1.4800","60564.0000","-0.0500","-0.0050","-1.0000","0.0000","0.0000","0.0000","0.0000","0.0000"
"13008.0","15:13:22.943","2222863.0000","1.5137","60564.0000","-0.0500","-0.0050","-1.0000","0.0000","0.0000","0.0000","0.0000","0.0000"
"13009.0","15:13:22.944","2222783.0000","1.5050","60564.0000","-0.0500","-0.0050","-1.0000","0.0000","0.0000","0.0000","0.0000","0.0000"
"13010.0","15:13:22.945","2222542.0000","1.4787","60564.0000","-0.0500","-0.0050","-1.0000","0.0000","0.0000","0.0000","0.0000","0.0000"
"13011.0","15:13:22.946","2222726.0000","1.4988","60564.0000","-0.0500","-0.0050","-1.0000","0.0000","0.0000","0.0000","0.0000","0.0000"
"13012.0","15:13:22.947","2222204.0000","1.4419","60564.0000","-0.0500","-0.0050","-1.0000","0.0000","0.0000","0.0000","0.0000","0.0000"
"13013.0","15:13:22.948","2223200.0000","1.5505","60564.0000","-0.0500","-0.0050","-1.0000","0.0000","0.0000","0.0000","0.0000","0.0000"
"13014.0","15:13:22.949","2223880.0000","1.6246","60564.0000","-0.0500","-0.0050","-1.0000","0.0000","0.0000","0.0000","0.0000","0.0000"
"13015.0","15:13:22.950","2222209.0000","1.4424","60564.0000","-0.0500","-0.0050","-1.0000","0.0000","0.0000","0.0000","0.0000","0.0000"
"13016.0","15:13:22.951","2222672.0000","1.4929","60564.0000","-0.0500","-0.0050","-1.0000","0.0000","0.0000","0.0000","0.0000","0.0000"
"13017.0","15:13:22.952","2223700.0000","1.6050","60564.0000","-0.0500","-0.0050","-1.0000","0.0000","0.0000","0.0000","0.0000","0.0000"
"13018.0","15:13:22.953","2223307.0000","1.5622","60564.0000","-0.0500","-0.0050","-1.0000","0.0000","0.0000","0.0000","0.0000","0.0000"
"13019.0","15:13:22.954","2223704.0000","1.6054","60564.0000","-0.0500","-0.0050","-1.0000","0.0000","0.0000","0.0000","0.0000","0.0000"
"13020.0","15:13:22.955","2224377.0000","1.6788","60564.0000","-0.0500","-0.0050","-1.0000","0.0000","0.0000","0.0000","0.0000","0.0000"
"13021.0","15:13:22.956","2224574.0000","1.7003","60564.0000","-0.0500","-0.0050","-1.0000","0.0000","0.0000","0.0000","0.0000","0.0000"
"13022.0","15:13:22.957","2223837.0000","1.6199","60564.0000","-0.0500","-0.0050","-1.0000","0.0000","0.0000","0.0000","0.0000","0.0000"
"13023.0","15:13:22.958","2223610.0000","1.5952","60564.0000","-0.0500","-0.0050","-1.0000","0.0000","0.0000","0.0000","0.0000","0.0000"
"13024.0","15:13:22.959","2224154.0000","1.6545","60564.0000","-0.0500","-0.0050","-1.0000","0.0000","0.0000","0.0000","0.0000","0.0000"
"13025.0","15:13:22.960","2223816.0000","1.6176","60564.0000","-0.0500","-0.0050","-1.0000","0.0000","0.0000","0.0000","0.0000","0.0000"
"13026.0","15:13:22.961","2223410.0000","1.5734","60564.0000","-0.0500","-0.0050","-1.0000","0.0000","0.0000","0.0000","0.0000","0.0000"
"13027.0","15:13:22.962","2222214.0000","1.4430","60564.0000","-0.0500","-0.0050","-1.0000","0.0000","0.0000","0.0000","0.0000","0.0000"
"13028.0","15:13:22.963","2222495.0000","1.4737","60564.0000","-0.0500","-0.0050","-1.0000","0.0000","0.0000","0.0000","0.0000","0.0000"
"13029.0","15:13:22.964","2222936.0000","1.5217","60564.0000","-0.0500","-0.0050","-1.0000","0.0000","0.0000","0.0000","0.0000","0.0000"
"13030.0","15:13:22.965","2222936.0000","1.5217","60564.0000","-0.0500","-0.0050","-1.0000","0.0000","0.0000","0.0000","0.0000","0.0000"
"13031.0","15:13:22.966","2222912.0000","1.5191","60564.0000","-0.0500","-0.0050","-1.0000","0.0000","0.0000","0.0000","0.0000","0.0000"
"13032.0","15:13:22.967","2223305.0000","1.5619","60564.0000","-0.0500","-0.0050","-1.0000","0.0000","0.0000","0.0000","0.0000","0.0000"
"13033.0","15:13:22.968","2222504.0000","1.4746","60564.0000","-0.0500","-0.0050","-1.0000","0.0000","0.0000","0.0000","0.0000","0.0000"
"13034.0","15:13:22.969","2221967.0000","1.4161","60564.0000","-0.0500","-0.0050","-1.0000","0.0000","0.0000","0.0000","0.0000","0.0000"
"13035.0","15:13:22.970","2221957.0000","1.4150","60564.0000","-0.0500","-0.0050","-1.0000","0.0000","0.0000","0.0000","0.0000","0.0000"
"13036.0","15:13:22.971","2222801.0000","1.5070","60564.0000","-0.0500","-0.0050","-1.0000","0.0000","0.0000","0.0000","0.0000","0.0000"
"13037.0","15:13:22.972","2223125.0000","1.5423","60564.0000","-0.0500","-0.0050","-1.0000","0.0000","0.0000","0.0000","0.0000","0.0000"
"13038.0","15:13:22.973","2223198.0000","1.5503","60564.0000","-0.0500","-0.0050","-1.0000","0.0000","0.0000","0.0000","0.0000","0.0000"
"13039.0","15:13:22.974","2223372.0000","1.5692","60564.0000","-0.0500","-0.0050","-1.0000","0.0000","0.0000","0.0000","0.0000","0.0000"
"13040.0","15:13:22.975","2223159.0000","1.5460","60564.0000","-0.0500","-0.0050","-1.0000","0.0000","0.0000","0.0000","0.0000","0.0000"
"13041.0","15:13:22.976","2223051.0000","1.5343","60564.0000","-0.0500","-0.0050","-1.0000","0.0000","0.0000","0.0000","0.0000","0.0000"
"13042.0","15:13:22.977","2222146.0000","1.4356","60564.0000","-0.0500","-0.0050","-1.0000","0.0000","0.0000","0.0000","0.0000","0.0000"
"13043.0","15:13:22.978","2222830.0000","1.5102","60564.0000","-0.0500","-0.0050","-1.0000","0.0000","0.0000","0.0000","0.0000","0.0000"
"13044.0","15:13:22.979","2222530.0000","1.4775","60564.0000","-0.0500","-0.0050","-1.0000","0.0000","0.0000","0.0000","0.0000","0.0000"
"13045.0","15:13:22.980","2222976.0000","1.5261","60564.0000","-0.0500","-0.0050","-1.0000","0.0000","0.0000","0.0000","0.0000","0.0000"
"13046.0","15:13:22.981","2223366.0000","1.5686","60564.0000","-0.0500","-0.0050","-1.0000","0.0000","0.0000","0.0000","0.0000","0.0000"
"13047.0","15:13:22.982","2222467.0000","1.4706","60564.0000","-0.0500","-0.0050","-1.0000","0.0000","0.0000","0.0000","0.0000","0.0000"
"13048.0","15:13:22.983","2222650.0000","1.4905","60564.0000","-0.0500","-0.0050","-1.0000","0.0000","0.0000","0.0000","0.0000","0.0000"
"13049.0","15:13:22.984","2222708.0000","1.4969","60564.0000","-0.0500","-0.0050","-1.0000","0.0000","0.0000","0.0000","0.0000","0.0000"
"13050.0","15:13:22.985","2222296.0000","1.4519","60564.0000","-0.0500","-0.0050","-1.0000","0.0000","0.0000","0.0000","0.0000","0.0000"
"13051.0","15:13:22.986","2223042.0000","1.5333","60564.0000","-0.0500","-0.0050","-1.0000","0.0000","0.0000","0.0000","0.0000","0.0000"
"13052.0","15:13:22.987","2223544.0000","1.5880","60564.0000","-0.0500","-0.0050","-1.0000","0.0000","0.0000","0.0000","0.0000","0.0000"
"13053.0","15:13:22.988","2223398.0000","1.5721","60564.0000","-0.0500","-0.0050","-1.0000","0.0000","0.0000","0.0000","0.0000","0.0000"
"13054.0","15:13:22.989","2223746.0000","1.6100","60564.0000","-0.0500","-0.0050","-1.0000","0.0000","0.0000","0.0000","0.0000","0.0000"
"13055.0","15:13:22.990","2223716.0000","1.6067","60564.0000","-0.0500","-0.0050","-1.0000","0.0000","0.0000","0.0000","0.0000","0.0000"
"13056.0","15:13:22.991","2223355.0000","1.5674","60564.0000","-0.0500","-0.0050","-1.0000","0.0000","0.0000","0.0000","0.0000","0.0000"
"13057.0","15:13:22.992","2223143.0000","1.5443","60564.0000","-0.0500","-0.0050","-1.0000","0.0000","0.0000","0.0000","0.0000","0.0000"
"13058.0","15:13:22.993","2223406.0000","1.5729","60564.0000","-0.0500","-0.0050","-1.0000","0.0000","0.0000","0.0000","0.0000","0.0000"
"13059.0","15:13:22.994","2223070.0000","1.5363","60564.0000","-0.0500","-0.0050","-1.0000","0.0000","0.0000","0.0000","0.0000","0.0000"
"13060.0","15:13:22.995","2222574.0000","1.4822","60564.0000","-0.0500","-0.0050","-1.0000","0.0000","0.0000","0.0000","0.0000","0.0000"
"13061.0","15:13:22.996","2222208.0000","1.4424","60564.0000","-0.0500","-0.0050","-1.0000","0.0000","0.0000","0.0000","0.0000","0.0000"
"13062.0","15:13:22.997","2222521.0000","1.4765","60564.0000","-0.0500","-0.0050","-1.0000","0.0000","0.0000","0.0000","0.0000","0.0000"
"13063.0","15:13:22.998","2222422.0000","1.4657","60564.0000","-0.0500","-0.0050","-1.0000","0.0000","0.0000","0.0000","0.0000","0.0000"
"13064.0","15:13:22.999","2222894.0000","1.5171","60564.0000","-0.0500","-0.0050","-1.0000","0.0000","0.0000","0.0000","0.0000","0.0000"
"13065.0","15:13:23.0","2223269.0000","1.5580","60564.0000","-0.0500","-0.0050","-1.0000","0.0000","0.0000","0.0000","0.0000","0.0000"
"13066.0","15:13:23.1","2222583.0000","1.4832","60564.0000","-0.0500","-0.0050","-1.0000","0.0000","0.0000","0.0000","0.0000","0.0000"
"13067.0","15:13:23.2","2222263.0000","1.4483","60564.0000","-0.0500","-0.0050","-1.0000","0.0000","0.0000","0.0000","0.0000","0.0000"
"13068.0","15:13:23.3","2221849.0000","1.4032","60564.0000","-0.0500","-0.0050","-1.0000","0.0000","0.0000","0.0000","0.0000","0.0000"
"13069.0","15:13:23.4","2222744.0000","1.5008","60564.0000","-0.0500","-0.0050","-1.0000","0.0000","0.0000","0.0000","0.0000","0.0000"
"13070.0","15:13:23.5","2223285.0000","1.5597","60564.0000","-0.0500","-0.0050","-1.0000","0.0000","0.0000","0.0000","0.0000","0.0000"
"13071.0","15:13:23.6","2223306.0000","1.5621","60564.0000","-0.0500","-0.0050","-1.0000","0.0000","0.0000","0.0000","0.0000","0.0000"
"13072.0","15:13:23.7","2223034.0000","1.5324","60564.0000","-0.0500","-0.0050","-1.0000","0.0000","0.0000","0.0000","0.0000","0.0000"
"13073.0","15:13:23.8","2222833.0000","1.5105","60564.0000","-0.0500","-0.0050","-1.0000","0.0000","0.0000","0.0000","0.0000","0.0000"
"13074.0","15:13:23.9","2223445.0000","1.5772","60564.0000","-0.0500","-0.0050","-1.0000","0.0000","0.0000","0.0000","0.0000","0.0000"
"13075.0","15:13:23.10","2222730.0000","1.4993","60564.0000","-0.0500","-0.0050","-1.0000","0.0000","0.0000","0.0000","0.0000","0.0000"
"13076.0","15:13:23.11","2222730.0000","1.4993","60564.0000","-0.0500","-0.0050","-1.0000","0.0000","0.0000","0.0000","0.0000","0.0000"
"13077.0","15:13:23.12","2221635.0000","1.3799","60564.0000","-0.0500","-0.0050","-1.0000","0.0000","0.0000","0.0000","0.0000","0.0000"
"13078.0","15:13:23.13","2222650.0000","1.4905","60564.0000","-0.0500","-0.0050","-1.0000","0.0000","0.0000","0.0000","0.0000","0.0000"
"13079.0","15:13:23.14","2222414.0000","1.4648","60564.0000","-0.0500","-0.0050","-1.0000","0.0000","0.0000","0.0000","0.0000","0.0000"
"13080.0","15:13:23.15","2221612.0000","1.3774","60564.0000","-0.0500","-0.0050","-1.0000","0.0000","0.0000","0.0000","0.0000","0.0000"
"13081.0","15:13:23.16","2222662.0000","1.4918","60564.0000","-0.0500","-0.0050","-1.0000","0.0000","0.0000","0.0000","0.0000","0.0000"
"13082.0","15:13:23.17","2222616.0000","1.4868","60564.0000","-0.0500","-0.0050","-1.0000","0.0000","0.0000","0.0000","0.0000","0.0000"
"13083.0","15:13:23.18","2222638.0000","1.4892","60564.0000","-0.0500","-0.0050","-1.0000","0.0000","0.0000","0.0000","0.0000","0.0000"
"13084.0","15:13:23.19","2222540.0000","1.4785","60564.0000","-0.0500","-0.0050","-1.0000","0.0000","0.0000","0.0000","0.0000","0.0000"
"13085.0","15:13:23.20","2221924.0000","1.4114","60564.0000","-0.0500","-0.0050","-1.0000","0.0000","0.0000","0.0000","0.0000","0.0000"
"13086.0","15:13:23.21","2222671.0000","1.4928","60564.0000","-0.0500","-0.0050","-1.0000","0.0000","0.0000","0.0000","0.0000","0.0000"
"13087.0","15:13:23.22","2222795.0000","1.5063","60564.0000","-0.0500","-0.0050","-1.0000","0.0000","0.0000","0.0000","0.0000","0.0000"
"13088.0","15:13:23.23","2223323.0000","1.5639","60564.0000","-0.0500","-0.0050","-1.0000","0.0000","0.0000","0.0000","0.0000","0.0000"
"13089.0","15:13:23.24","2223894.0000","1.6261","60564.0000","-0.0500","-0.0050","-1.0000","0.0000","0.0000","0.0000","0.0000","0.0000"
"13090.0","15:13:23.25","2223196.0000","1.5500","60564.0000","-0.0500","-0.0050","-1.0000","0.0000","0.0000","0.0000","0.0000","0.0000"
"13091.0","15:13:23.26","2223458.0000","1.5786","60564.0000","-0.0500","-0.0050","-1.0000","0.0000","0.0000","0.0000","0.0000","0.0000"
"13092.0","15:13:23.27","2223001.0000","1.5288","60564.0000","-0.0500","-0.0050","-1.0000","0.0000","0.0000","0.0000","0.0000","0.0000"
"13093.0","15:13:23.28","2221930.0000","1.4120","60564.0000","-0.0500","-0.0050","-1.0000","0.0000","0.0000","0.0000","0.0000","0.0000"
"13094.0","15:13:23.29","2221302.0000","1.3436","60564.0000","-0.0500","-0.0050","-1.0000","0.0000","0.0000","0.0000","0.0000","0.0000"
"13095.0","15:13:23.30","2221781.0000","1.3958","60564.0000","-0.0500","-0.0050","-1.0000","0.0000","0.0000","0.0000","0.0000","0.0000"
"13096.0","15:13:23.31","2222190.0000","1.4404","60564.0000","-0.0500","-0.0050","-1.0000","0.0000","0.0000","0.0000","0.0000","0.0000"
"13097.0","15:13:23.32","2221713.0000","1.3884","60564.0000","-0.0500","-0.0050","-1.0000","0.0000","0.0000","0.0000","0.0000","0.0000"
"13098.0","15:13:23.33","2221374.0000","1.3514","60564.0000","-0.0500","-0.0050","-1.0000","0.0000","0.0000","0.0000","0.0000","0.0000"
"13099.0","15:13:23.34","2221798.0000","1.3977","60564.0000","-0.0500","-0.0050","-1.0000","0.0000","0.0000","0.0000","0.0000","0.0000"
"13100.0","15:13:23.35","2221653.0000","1.3818","60564.0000","-0.0500","-0.0050","-1.0000","0.0000","0.0000","0.0000","0.0000","0.0000"
"13101.0","15:13:23.36","2221089.0000","1.3204","60564.0000","-0.0500","-0.0050","-1.0000","0.0000","0.0000","0.0000","0.0000","0.0000"
"13102.0","15:13:23.37","2221790.0000","1.3968","60564.0000","-0.0500","-0.0050","-1.0000","0.0000","0.0000","0.0000","0.0000","0.0000"
"13103.0","15:13:23.38","2222074.0000","1.4277","60564.0000","-0.0500","-0.0050","-1.0000","0.0000","0.0000","0.0000","0.0000","0.0000"
"13104.0","15:13:23.39","2222517.0000","1.4760","60564.0000","-0.0500","-0.0050","-1.0000","0.0000","0.0000","0.0000","0.0000","0.0000"
"13105.0","15:13:23.40","2222654.0000","1.4910","60564.0000","-0.0500","-0.0050","-1.0000","0.0000","0.0000","0.0000","0.0000","0.0000"
"13106.0","15:13:23.41","2221842.0000","1.4024","60564.0000","-0.0500","-0.0050","-1.0000","0.0000","0.0000","0.0000","0.0000","0.0000"
"13107.0","15:13:23.42","2222316.0000","1.4541","60564.0000","-0.0500","-0.0050","-1.0000","0.0000","0.0000","0.0000","0.0000","0.0000"
"13108.0","15:13:23.43","2221817.0000","1.3997","60564.0000","-0.0500","-0.0050","-1.0000","0.0000","0.0000","0.0000","0.0000","0.0000"
"13109.0","15:13:23.44","2221471.0000","1.3620","60564.0000","-0.0500","-0.0050","-1.0000","0.0000","0.0000","0.0000","0.0000","0.0000"
"13110.0","15:13:23.45","2220479.0000","1.2538","60564.0000","-0.0500","-0.0050","-1.0000","0.0000","0.0000","0.0000","0.0000","0.0000"
"13111.0","15:13:23.46","2220943.0000","1.3044","60564.0000","-0.0500","-0.0050","-1.0000","0.0000","0.0000","0.0000","0.0000","0.0000"
"13112.0","15:13:23.47","2221314.0000","1.3449","60564.0000","-0.0500","-0.0050","-1.0000","0.0000","0.0000","0.0000","0.0000","0.0000"
"13113.0","15:13:23.48","2221754.0000","1.3929","60564.0000","-0.0500","-0.0050","-1.0000","0.0000","0.0000","0.0000","0.0000","0.0000"
"13114.0","15:13:23.49","2221217.0000","1.3343","60564.0000","-0.0500","-0.0050","-1.0000","0.0000","0.0000","0.0000","0.0000","0.0000"
"13115.0","15:13:23.50","2220848.0000","1.2941","60564.0000","-0.0500","-0.0050","-1.0000","0.0000","0.0000","0.0000","0.0000","0.0000"
"13116.0","15:13:23.51","2222059.0000","1.4261","60564.0000","-0.0500","-0.0050","-1.0000","0.0000","0.0000","0.0000","0.0000","0.0000"
"13117.0","15:13:23.52","2222220.0000","1.4437","60564.0000","-0.0500","-0.0050","-1.0000","0.0000","0.0000","0.0000","0.0000","0.0000"
"13118.0","15:13:23.53","2222281.0000","1.4503","60564.0000","-0.0500","-0.0050","-1.0000","0.0000","0.0000","0.0000","0.0000","0.0000"
"13119.0","15:13:23.54","2222744.0000","1.5008","60564.0000","-0.0500","-0.0050","-1.0000","0.0000","0.0000","0.0000","0.0000","0.0000"
"13120.0","15:13:23.55","2223233.0000","1.5541","60564.0000","-0.0500","-0.0050","-1.0000","0.0000","0.0000","0.0000","0.0000","0.0000"
"13121.0","15:13:23.56","2222715.0000","1.4976","60564.0000","-0.0500","-0.0050","-1.0000","0.0000","0.0000","0.0000","0.0000","0.0000"
"13122.0","15:13:23.57","2222693.0000","1.4952","60564.0000","-0.0500","-0.0050","-1.0000","0.0000","0.0000","0.0000","0.0000","0.0000"
"13123.0","15:13:23.58","2222693.0000","1.4952","60564.0000","-0.0500","-0.0050","-1.0000","0.0000","0.0000","0.0000","0.0000","0.0000"
"13124.0","15:13:23.59","2222262.0000","1.4483","60564.0000","-0.0500","-0.0050","-1.0000","0.0000","0.0000","0.0000","0.0000","0.0000"
"13125.0","15:13:23.60","2222171.0000","1.4383","60564.0000","-0.0500","-0.0050","-1.0000","0.0000","0.0000","0.0000","0.0000","0.0000"
"13126.0","15:13:23.61","2222318.0000","1.4543","60564.0000","-0.0500","-0.0050","-1.0000","0.0000","0.0000","0.0000","0.0000","0.0000"
"13127.0","15:13:23.62","2221999.0000","1.4196","60564.0000","-0.0500","-0.0050","-1.0000","0.0000","0.0000","0.0000","0.0000","0.0000"
"13128.0","15:13:23.63","2221232.0000","1.3360","60560.0000","-0.0500","-0.0050","-1.0000","0.0000","0.0000","0.0000","0.0000","0.0000"
"13129.0","15:13:23.64","2221122.0000","1.3239","60560.0000","-0.0500","-0.0050","-1.0000","0.0000","0.0000","0.0000","0.0000","0.0000"
"13130.0","15:13:23.65","2221866.0000","1.4051","60560.0000","-0.0500","-0.0050","-1.0000","0.0000","0.0000","0.0000","0.0000","0.0000"
"13131.0","15:13:23.66","2221483.0000","1.3633","60560.0000","-0.0500","-0.0050","-1.0000","0.0000","0.0000","0.0000","0.0000","0.0000"
"13132.0","15:13:23.67","2221815.0000","1.3995","60560.0000","-0.0500","-0.0050","-1.0000","0.0000","0.0000","0.0000","0.0000","0.0000"
"13133.0","15:13:23.68","2221799.0000","1.3977","60560.0000","-0.0500","-0.0050","-1.0000","0.0000","0.0000","0.0000","0.0000","0.0000"
"13134.0","15:13:23.69","2221396.0000","1.3538","60560.0000","-0.0500","-0.0050","-1.0000","0.0000","0.0000","0.0000","0.0000","0.0000"
"13135.0","15:13:23.70","2222513.0000","1.4756","60560.0000","-0.0500","-0.0050","-1.0000","0.0000","0.0000","0.0000","0.0000","0.0000"
"13136.0","15:13:23.71","2223564.0000","1.5902","60560.0000","-0.0500","-0.0050","-1.0000","0.0000","0.0000","0.0000","0.0000","0.0000"
"13137.0","15:13:23.72","2223578.0000","1.5917","60560.0000","-0.0500","-0.0050","-1.0000","0.0000","0.0000","0.0000","0.0000","0.0000"
"13138.0","15:13:23.73","2223582.0000","1.5922","60560.0000","-0.0500","-0.0050","-1.0000","0.0000","0.0000","0.0000","0.0000","0.0000"
"13139.0","15:13:23.74","2222685.0000","1.4943","60560.0000","-0.0500","-0.0050","-1.0000","0.0000","0.0000","0.0000","0.0000","0.0000"
"13140.0","15:13:23.75","2222440.0000","1.4677","60560.0000","-0.0500","-0.0050","-1.0000","0.0000","0.0000","0.0000","0.0000","0.0000"
"13141.0","15:13:23.76","2222488.0000","1.4729","60560.0000","-0.0500","-0.0050","-1.0000","0.0000","0.0000","0.0000","0.0000","0.0000"
"13142.0","15:13:23.77","2221896.0000","1.4083","60560.0000","-0.0500","-0.0050","-1.0000","0.0000","0.0000","0.0000","0.0000","0.0000"
"13143.0","15:13:23.78","2221411.0000","1.3555","60560.0000","-0.0500","-0.0050","-1.0000","0.0000","0.0000","0.0000","0.0000","0.0000"
"13144.0","15:13:23.79","2221103.0000","1.3219","60560.0000","-0.0500","-0.0050","-1.0000","0.0000","0.0000","0.0000","0.0000","0.0000"
"13145.0","15:13:23.80","2220968.0000","1.3072","60560.0000","-0.0500","-0.0050","-1.0000","0.0000","0.0000","0.0000","0.0000","0.0000"
"13146.0","15:13:23.81","2221568.0000","1.3726","60560.0000","-0.0500","-0.0050","-1.0000","0.0000","0.0000","0.0000","0.0000","0.0000"
"13147.0","15:13:23.82","2221545.0000","1.3701","60560.0000","-0.0500","-0.0050","-1.0000","0.0000","0.0000","0.0000","0.0000","0.0000"
"13148.0","15:13:23.83","2221712.0000","1.3883","60560.0000","-0.0500","-0.0050","-1.0000","0.0000","0.0000","0.0000","0.0000","0.0000"
"13149.0","15:13:23.84","2221632.0000","1.3795","60560.0000","-0.0500","-0.0050","-1.0000","0.0000","0.0000","0.0000","0.0000","0.0000"
"13150.0","15:13:23.85","2222652.0000","1.4908","60560.0000","-0.0500","-0.0050","-1.0000","0.0000","0.0000","0.0000","0.0000","0.0000"
"13151.0","15:13:23.86","2221795.0000","1.3973","60560.0000","-0.0500","-0.0050","-1.0000","0.0000","0.0000","0.0000","0.0000","0.0000"
"13152.0","15:13:23.87","2222982.0000","1.5267","60560.0000","-0.0500","-0.0050","-1.0000","0.0000","0.0000","0.0000","0.0000","0.0000"
"13153.0","15:13:23.88","2222514.0000","1.4757","60560.0000","-0.0500","-0.0050","-1.0000","0.0000","0.0000","0.0000","0.0000","0.0000"
"13154.0","15:13:23.89","2222794.0000","1.5062","60560.0000","-0.0500","-0.0050","-1.0000","0.0000","0.0000","0.0000","0.0000","0.0000"
"13155.0","15:13:23.90","2223546.0000","1.5882","60560.0000","-0.0500","-0.0050","-1.0000","0.0000","0.0000","0.0000","0.0000","0.0000"
"13156.0","15:13:23.91","2223191.0000","1.5495","60560.0000","-0.0500","-0.0050","-1.0000","0.0000","0.0000","0.0000","0.0000","0.0000"
"13157.0","15:13:23.92","2223463.0000","1.5792","60560.0000","-0.0500","-0.0050","-1.0000","0.0000","0.0000","0.0000","0.0000","0.0000"
"13158.0","15:13:23.93","2222598.0000","1.4849","60560.0000","-0.0500","-0.0050","-1.0000","0.0000","0.0000","0.0000","0.0000","0.0000"
"13159.0","15:13:23.94","2222998.0000","1.5285","60560.0000","-0.0500","-0.0050","-1.0000","0.0000","0.0000","0.0000","0.0000","0.0000"
"13160.0","15:13:23.95","2222617.0000","1.4869","60560.0000","-0.0500","-0.0050","-1.0000","0.0000","0.0000","0.0000","0.0000","0.0000"
"13161.0","15:13:23.96","2222308.0000","1.4533","60560.0000","-0.0500","-0.0050","-1.0000","0.0000","0.0000","0.0000","0.0000","0.0000"
"13162.0","15:13:23.97","2222292.0000","1.4515","60560.0000","-0.0500","-0.0050","-1.0000","0.0000","0.0000","0.0000","0.0000","0.0000"
"13163.0","15:13:23.98","2222795.0000","1.5063","60560.0000","-0.0500","-0.0050","-1.0000","0.0000","0.0000","0.0000","0.0000","0.0000"
"13164.0","15:13:23.99","2223023.0000","1.5312","60560.0000","-0.0500","-0.0050","-1.0000","0.0000","0.0000","0.0000","0.0000","0.0000"
"13165.0","15:13:23.100","2222645.0000","1.4900","60560.0000","-0.0500","-0.0050","-1.0000","0.0000","0.0000","0.0000","0.0000","0.0000"
"13166.0","15:13:23.101","2224105.0000","1.6492","60560.0000","-0.0500","-0.0050","-1.0000","0.0000","0.0000","0.0000","0.0000","0.0000"
"13167.0","15:13:23.102","2223108.0000","1.5405","60560.0000","-0.0500","-0.0050","-1.0000","0.0000","0.0000","0.0000","0.0000","0.0000"
"13168.0","15:13:23.103","2221772.0000","1.3948","60560.0000","-0.0500","-0.0050","-1.0000","0.0000","0.0000","0.0000","0.0000","0.0000"
"13169.0","15:13:23.104","2222785.0000","1.5053","60560.0000","-0.0500","-0.0050","-1.0000","0.0000","0.0000","0.0000","0.0000","0.0000"
"13170.0","15:13:23.105","2222785.0000","1.5053","60560.0000","-0.0500","-0.0050","-1.0000","0.0000","0.0000","0.0000","0.0000","0.0000"
"13171.0","15:13:23.106","2222636.0000","1.4890","60560.0000","-0.0500","-0.0050","-1.0000","0.0000","0.0000","0.0000","0.0000","0.0000"
"13172.0","15:13:23.107","2222056.0000","1.4258","60560.0000","-0.0500","-0.0050","-1.0000","0.0000","0.0000","0.0000","0.0000","0.0000"
"13173.0","15:13:23.108","2222563.0000","1.4811","60560.0000","-0.0500","-0.0050","-1.0000","0.0000","0.0000","0.0000","0.0000","0.0000"
"13174.0","15:13:23.109","2221429.0000","1.3574","60560.0000","-0.0500","-0.0050","-1.0000","0.0000","0.0000","0.0000","0.0000","0.0000"
"13175.0","15:13:23.110","2222309.0000","1.4534","60560.0000","-0.0500","-0.0050","-1.0000","0.0000","0.0000","0.0000","0.0000","0.0000"
"13176.0","15:13:23.111","2220910.0000","1.3008","60560.0000","-0.0500","-0.0050","-1.0000","0.0000","0.0000","0.0000","0.0000","0.0000"
"13177.0","15:13:23.112","2222040.0000","1.4240","60560.0000","-0.0500","-0.0050","-1.0000","0.0000","0.0000","0.0000","0.0000","0.0000"
"13178.0","15:13:23.113","2221946.0000","1.4138","60560.0000","-0.0500","-0.0050","-1.0000","0.0000","0.0000","0.0000","0.0000","0.0000"
"13179.0","15:13:23.114","2221795.0000","1.3973","60560.0000","-0.0500","-0.0050","-1.0000","0.0000","0.0000","0.0000","0.0000","0.0000"
"13180.0","15:13:23.115","2222311.0000","1.4536","60560.0000","-0.0500","-0.0050","-1.0000","0.0000","0.0000","0.0000","0.0000","0.0000"
"13181.0","15:13:23.116","2223305.0000","1.5619","60560.0000","-0.0500","-0.0050","-1.0000","0.0000","0.0000","0.0000","0.0000","0.0000"
"13182.0","15:13:23.117","2223108.0000","1.5405","60560.0000","-0.0500","-0.0050","-1.0000","0.0000","0.0000","0.0000","0.0000","0.0000"
"13183.0","15:13:23.118","2223688.0000","1.6037","60560.0000","-0.0500","-0.0050","-1.0000","0.0000","0.0000","0.0000","0.0000","0.0000"
"13184.0","15:13:23.119","2222821.0000","1.5092","60560.0000","-0.0500","-0.0050","-1.0000","0.0000","0.0000","0.0000","0.0000","0.0000"
"13185.0","15:13:23.120","2222508.0000","1.4750","60560.0000","-0.0500","-0.0050","-1.0000","0.0000","0.0000","0.0000","0.0000","0.0000"
"13186.0","15:13:23.121","2223528.0000","1.5863","60560.0000","-0.0500","-0.0050","-1.0000","0.0000","0.0000","0.0000","0.0000","0.0000"
"13187.0","15:13:23.122","2223877.0000","1.6243","60560.0000","-0.0500","-0.0050","-1.0000","0.0000","0.0000","0.0000","0.0000","0.0000"
"13188.0","15:13:23.123","2223258.0000","1.5568","60564.0000","-0.0500","-0.0050","-1.0000","0.0000","0.0000","0.0000","0.0000","0.0000"
"13189.0","15:13:23.124","2223842.0000","1.6205","60564.0000","-0.0500","-0.0050","-1.0000","0.0000","0.0000","0.0000","0.0000","0.0000"
"13190.0","15:13:23.125","2222529.0000","1.4774","60564.0000","-0.0500","-0.0050","-1.0000","0.0000","0.0000","0.0000","0.0000","0.0000"
"13191.0","15:13:23.126","2222374.0000","1.4605","60564.0000","-0.0500","-0.0050","-1.0000","0.0000","0.0000","0.0000","0.0000","0.0000"
"13192.0","15:13:23.127","2222775.0000","1.5042","60564.0000","-0.0500","-0.0050","-1.0000","0.0000","0.0000","0.0000","0.0000","0.0000"
"13193.0","15:13:23.128","2222770.0000","1.5036","60564.0000","-0.0500","-0.0050","-1.0000","0.0000","0.0000","0.0000","0.0000","0.0000"
"13194.0","15:13:23.129","2222294.0000","1.4517","60564.0000","-0.0500","-0.0050","-1.0000","0.0000","0.0000","0.0000","0.0000","0.0000"
"13195.0","15:13:23.130","2222157.0000","1.4368","60564.0000","-0.0500","-0.0050","-1.0000","0.0000","0.0000","0.0000","0.0000","0.0000"
"13196.0","15:13:23.131","2222448.0000","1.4685","60564.0000","-0.0500","-0.0050","-1.0000","0.0000","0.0000","0.0000","0.0000","0.0000"
"13197.0","15:13:23.132","2222800.0000","1.5069","60564.0000","-0.0500","-0.0050","-1.0000","0.0000","0.0000","0.0000","0.0000","0.0000"
"13198.0","15:13:23.133","2223546.0000","1.5882","60564.0000","-0.0500","-0.0050","-1.0000","0.0000","0.0000","0.0000","0.0000","0.0000"
"13199.0","15:13:23.134","2222920.0000","1.5200","60564.0000","-0.0500","-0.0050","-1.0000","0.0000","0.0000","0.0000","0.0000","0.0000"
"13200.0","15:13:23.135","2223027.0000","1.5316","60564.0000","-0.0500","-0.0050","-1.0000","0.0000","0.0000","0.0000","0.0000","0.0000"
"13201.0","15:13:23.136","2223290.0000","1.5603","60564.0000","-0.0500","-0.0050","-1.0000","0.0000","0.0000","0.0000","0.0000","0.0000"
"13202.0","15:13:23.137","2224749.0000","1.7194","60564.0000","-0.0500","-0.0050","-1.0000","0.0000","0.0000","0.0000","0.0000","0.0000"
"13203.0","15:13:23.138","2224051.0000","1.6433","60564.0000","-0.0500","-0.0050","-1.0000","0.0000","0.0000","0.0000","0.0000","0.0000"
"13204.0","15:13:23.139","2224367.0000","1.6777","60564.0000","-0.0500","-0.0050","-1.0000","0.0000","0.0000","0.0000","0.0000","0.0000"
"13205.0","15:13:23.140","2224820.0000","1.7271","60564.0000","-0.0500","-0.0050","-1.0000","0.0000","0.0000","0.0000","0.0000","0.0000"
"13206.0","15:13:23.141","2224302.0000","1.6706","60564.0000","-0.0500","-0.0050","-1.0000","0.0000","0.0000","0.0000","0.0000","0.0000"
"13207.0","15:13:23.142","2224410.0000","1.6824","60564.0000","-0.0500","-0.0050","-1.0000","0.0000","0.0000","0.0000","0.0000","0.0000"
"13208.0","15:13:23.143","2224013.0000","1.6391","60564.0000","-0.0500","-0.0050","-1.0000","0.0000","0.0000","0.0000","0.0000","0.0000"
"13209.0","15:13:23.144","2222911.0000","1.5190","60564.0000","-0.0500","-0.0050","-1.0000","0.0000","0.0000","0.0000","0.0000","0.0000"
"13210.0","15:13:23.145","2222331.0000","1.4558","60564.0000","-0.0500","-0.0050","-1.0000","0.0000","0.0000","0.0000","0.0000","0.0000"
"13211.0","15:13:23.146","2222722.0000","1.4984","60564.0000","-0.0500","-0.0050","-1.0000","0.0000","0.0000","0.0000","0.0000","0.0000"
"13212.0","15:13:23.147","2223512.0000","1.5845","60564.0000","-0.0500","-0.0050","-1.0000","0.0000","0.0000","0.0000","0.0000","0.0000"
"13213.0","15:13:23.148","2222604.0000","1.4855","60564.0000","-0.0500","-0.0050","-1.0000","0.0000","0.0000","0.0000","0.0000","0.0000"
"13214.0","15:13:23.149","2222470.0000","1.4709","60564.0000","-0.0500","-0.0050","-1.0000","0.0000","0.0000","0.0000","0.0000","0.0000"
"13215.0","15:13:23.150","2222216.0000","1.4432","60564.0000","-0.0500","-0.0050","-1.0000","0.0000","0.0000","0.0000","0.0000","0.0000"
"13216.0","15:13:23.151","2222607.0000","1.4859","60564.0000","-0.0500","-0.0050","-1.0000","0.0000","0.0000","0.0000","0.0000","0.0000"
"13217.0","15:13:23.152","2222607.0000","1.4859","60564.0000","-0.0500","-0.0050","-1.0000","0.0000","0.0000","0.0000","0.0000","0.0000"
"13218.0","15:13:23.153","2222474.0000","1.4714","60564.0000","-0.0500","-0.0050","-1.0000","0.0000","0.0000","0.0000","0.0000","0.0000"
"13219.0","15:13:23.154","2223399.0000","1.5722","60564.0000","-0.0500","-0.0050","-1.0000","0.0000","0.0000","0.0000","0.0000","0.0000"
"13220.0","15:13:23.155","2223605.0000","1.5947","60564.0000","-0.0500","-0.0050","-1.0000","0.0000","0.0000","0.0000","0.0000","0.0000"
"13221.0","15:13:23.156","2224436.0000","1.6852","60564.0000","-0.0500","-0.0050","-1.0000","0.0000","0.0000","0.0000","0.0000","0.0000"
"13222.0","15:13:23.157","2223730.0000","1.6083","60564.0000","-0.0500","-0.0050","-1.0000","0.0000","0.0000","0.0000","0.0000","0.0000"
"13223.0","15:13:23.158","2222831.0000","1.5103","60564.0000","-0.0500","-0.0050","-1.0000","0.0000","0.0000","0.0000","0.0000","0.0000"
"13224.0","15:13:23.159","2223673.0000","1.6021","60564.0000","-0.0500","-0.0050","-1.0000","0.0000","0.0000","0.0000","0.0000","0.0000"
"13225.0","15:13:23.160","2222542.0000","1.4787","60564.0000","-0.0500","-0.0050","-1.0000","0.0000","0.0000","0.0000","0.0000","0.0000"
"13226.0","15:13:23.161","2223040.0000","1.5331","60564.0000","-0.0500","-0.0050","-1.0000","0.0000","0.0000","0.0000","0.0000","0.0000"
"13227.0","15:13:23.162","2221683.0000","1.3851","60564.0000","-0.0500","-0.0050","-1.0000","0.0000","0.0000","0.0000","0.0000","0.0000"
"13228.0","15:13:23.163","2222539.0000","1.4784","60564.0000","-0.0500","-0.0050","-1.0000","0.0000","0.0000","0.0000","0.0000","0.0000"
"13229.0","15:13:23.164","2222885.0000","1.5162","60564.0000","-0.0500","-0.0050","-1.0000","0.0000","0.0000","0.0000","0.0000","0.0000"
"13230.0","15:13:23.165","2222706.0000","1.4966","60564.0000","-0.0500","-0.0050","-1.0000","0.0000","0.0000","0.0000","0.0000","0.0000"
"13231.0","15:13:23.166","2221604.0000","1.3765","60564.0000","-0.0500","-0.0050","-1.0000","0.0000","0.0000","0.0000","0.0000","0.0000"
"13232.0","15:13:23.167","2222220.0000","1.4437","60564.0000","-0.0500","-0.0050","-1.0000","0.0000","0.0000","0.0000","0.0000","0.0000"
"13233.0","15:13:23.168","2223054.0000","1.5346","60564.0000","-0.0500","-0.0050","-1.0000","0.0000","0.0000","0.0000","0.0000","0.0000"
"13234.0","15:13:23.169","2222625.0000","1.4878","60564.0000","-0.0500","-0.0050","-1.0000","0.0000","0.0000","0.0000","0.0000","0.0000"
"13235.0","15:13:23.170","2223203.0000","1.5508","60564.0000","-0.0500","-0.0050","-1.0000","0.0000","0.0000","0.0000","0.0000","0.0000"
"13236.0","15:13:23.171","2222746.0000","1.5010","60564.0000","-0.0500","-0.0050","-1.0000","0.0000","0.0000","0.0000","0.0000","0.0000"
"13237.0","15:13:23.172","2223475.0000","1.5805","60564.0000","-0.0500","-0.0050","-1.0000","0.0000","0.0000","0.0000","0.0000","0.0000"
"13238.0","15:13:23.173","2223407.0000","1.5731","60564.0000","-0.0500","-0.0050","-1.0000","0.0000","0.0000","0.0000","0.0000","0.0000"
"13239.0","15:13:23.174","2223627.0000","1.5970","60564.0000","-0.0500","-0.0050","-1.0000","0.0000","0.0000","0.0000","0.0000","0.0000"
"13240.0","15:13:23.175","2224022.0000","1.6401","60564.0000","-0.0500","-0.0050","-1.0000","0.0000","0.0000","0.0000","0.0000","0.0000"
"13241.0","15:13:23.176","2222840.0000","1.5112","60564.0000","-0.0500","-0.0050","-1.0000","0.0000","0.0000","0.0000","0.0000","0.0000"
"13242.0","15:13:23.177","2222694.0000","1.4953","60564.0000","-0.0500","-0.0050","-1.0000","0.0000","0.0000","0.0000","0.0000","0.0000"
"13243.0","15:13:23.178","2222045.0000","1.4246","60564.0000","-0.0500","-0.0050","-1.0000","0.0000","0.0000","0.0000","0.0000","0.0000"
"13244.0","15:13:23.179","2221948.0000","1.4140","60564.0000","-0.0500","-0.0050","-1.0000","0.0000","0.0000","0.0000","0.0000","0.0000"
"13245.0","15:13:23.180","2222714.0000","1.4975","60564.0000","-0.0500","-0.0050","-1.0000","0.0000","0.0000","0.0000","0.0000","0.0000"
"13246.0","15:13:23.181","2222635.0000","1.4889","60564.0000","-0.0500","-0.0050","-1.0000","0.0000","0.0000","0.0000","0.0000","0.0000"
"13247.0","15:13:23.182","2222361.0000","1.4590","60564.0000","-0.0500","-0.0050","-1.0000","0.0000","0.0000","0.0000","0.0000","0.0000"
"13248.0","15:13:23.183","2222727.0000","1.4990","60564.0000","-0.0500","-0.0050","-1.0000","0.0000","0.0000","0.0000","0.0000","0.0000"
"13249.0","15:13:23.184","2222084.0000","1.4288","60556.0000","-0.0500","-0.0050","-1.0000","0.0000","0.0000","0.0000","0.0000","0.0000"
"13250.0","15:13:23.185","2221774.0000","1.3950","60556.0000","-0.0500","-0.0050","-1.0000","0.0000","0.0000","0.0000","0.0000","0.0000"
"13251.0","15:13:23.186","2221806.0000","1.3985","60556.0000","-0.0500","-0.0050","-1.0000","0.0000","0.0000","0.0000","0.0000","0.0000"
"13252.0","15:13:23.187","2222692.0000","1.4951","60556.0000","-0.0500","-0.0050","-1.0000","0.0000","0.0000","0.0000","0.0000","0.0000"
"13253.0","15:13:23.188","2223992.0000","1.6368","60556.0000","-0.0500","-0.0050","-1.0000","0.0000","0.0000","0.0000","0.0000","0.0000"
"13254.0","15:13:23.189","2223802.0000","1.6161","60556.0000","-0.0500","-0.0050","-1.0000","0.0000","0.0000","0.0000","0.0000","0.0000"
"13255.0","15:13:23.190","2223712.0000","1.6063","60556.0000","-0.0500","-0.0050","-1.0000","0.0000","0.0000","0.0000","0.0000","0.0000"
"13256.0","15:13:23.191","2223992.0000","1.6368","60556.0000","-0.0500","-0.0050","-1.0000","0.0000","0.0000","0.0000","0.0000","0.0000"
"13257.0","15:13:23.192","2223708.0000","1.6059","60556.0000","-0.0500","-0.0050","-1.0000","0.0000","0.0000","0.0000","0.0000","0.0000"
"13258.0","15:13:23.193","2223127.0000","1.5425","60556.0000","-0.0500","-0.0050","-1.0000","0.0000","0.0000","0.0000","0.0000","0.0000"
"13259.0","15:13:23.194","2222819.0000","1.5090","60556.0000","-0.0500","-0.0050","-1.0000","0.0000","0.0000","0.0000","0.0000","0.0000"
"13260.0","15:13:23.195","2221546.0000","1.3702","60556.0000","-0.0500","-0.0050","-1.0000","0.0000","0.0000","0.0000","0.0000","0.0000"
"13261.0","15:13:23.196","2222812.0000","1.5082","60556.0000","-0.0500","-0.0050","-1.0000","0.0000","0.0000","0.0000","0.0000","0.0000"
"13262.0","15:13:23.197","2223203.0000","1.5508","60556.0000","-0.0500","-0.0050","-1.0000","0.0000","0.0000","0.0000","0.0000","0.0000"
"13263.0","15:13:23.198","2222551.0000","1.4797","60556.0000","-0.0500","-0.0050","-1.0000","0.0000","0.0000","0.0000","0.0000","0.0000"
"13264.0","15:13:23.199","2222551.0000","1.4797","60556.0000","-0.0500","-0.0050","-1.0000","0.0000","0.0000","0.0000","0.0000","0.0000"
"13265.0","15:13:23.200","2222698.0000","1.4958","60556.0000","-0.0500","-0.0050","-1.0000","0.0000","0.0000","0.0000","0.0000","0.0000"
"13266.0","15:13:23.201","2223004.0000","1.5291","60556.0000","-0.0500","-0.0050","-1.0000","0.0000","0.0000","0.0000","0.0000","0.0000"
"13267.0","15:13:23.202","2223510.0000","1.5843","60556.0000","-0.0500","-0.0050","-1.0000","0.0000","0.0000","0.0000","0.0000","0.0000"
"13268.0","15:13:23.203","2223204.0000","1.5509","60556.0000","-0.0500","-0.0050","-1.0000","0.0000","0.0000","0.0000","0.0000","0.0000"
"13269.0","15:13:23.204","2223356.0000","1.5675","60556.0000","-0.0500","-0.0050","-1.0000","0.0000","0.0000","0.0000","0.0000","0.0000"
"13270.0","15:13:23.205","2224945.0000","1.7408","60556.0000","-0.0500","-0.0050","-1.0000","0.0000","0.0000","0.0000","0.0000","0.0000"
"13271.0","15:13:23.206","2224950.0000","1.7413","60556.0000","-0.0500","-0.0050","-1.0000","0.0000","0.0000","0.0000","0.0000","0.0000"
"13272.0","15:13:23.207","2224886.0000","1.7343","60556.0000","-0.0500","-0.0050","-1.0000","0.0000","0.0000","0.0000","0.0000","0.0000"
"13273.0","15:13:23.208","2224197.0000","1.6592","60556.0000","-0.0500","-0.0050","-1.0000","0.0000","0.0000","0.0000","0.0000","0.0000"
"13274.0","15:13:23.209","2223502.0000","1.5834","60556.0000","-0.0500","-0.0050","-1.0000","0.0000","0.0000","0.0000","0.0000","0.0000"
"13275.0","15:13:23.210","2223312.0000","1.5627","60556.0000","-0.0500","-0.0050","-1.0000","0.0000","0.0000","0.0000","0.0000","0.0000"
"13276.0","15:13:23.211","2222488.0000","1.4729","60556.0000","-0.0500","-0.0050","-1.0000","0.0000","0.0000","0.0000","0.0000","0.0000"
"13277.0","15:13:23.212","2222556.0000","1.4803","60556.0000","-0.0500","-0.0050","-1.0000","0.0000","0.0000","0.0000","0.0000","0.0000"
"13278.0","15:13:23.213","2221794.0000","1.3972","60556.0000","-0.0500","-0.0050","-1.0000","0.0000","0.0000","0.0000","0.0000","0.0000"
"13279.0","15:13:23.214","2221631.0000","1.3795","60556.0000","-0.0500","-0.0050","-1.0000","0.0000","0.0000","0.0000","0.0000","0.0000"
"13280.0","15:13:23.215","2221741.0000","1.3914","60556.0000","-0.0500","-0.0050","-1.0000","0.0000","0.0000","0.0000","0.0000","0.0000"
"13281.0","15:13:23.216","2221948.0000","1.4140","60556.0000","-0.0500","-0.0050","-1.0000","0.0000","0.0000","0.0000","0.0000","0.0000"
"13282.0","15:13:23.217","2221364.0000","1.3504","60556.0000","-0.0500","-0.0050","-1.0000","0.0000","0.0000","0.0000","0.0000","0.0000"
"13283.0","15:13:23.218","2221915.0000","1.4104","60556.0000","-0.0500","-0.0050","-1.0000","0.0000","0.0000","0.0000","0.0000","0.0000"
"13284.0","15:13:23.219","2222164.0000","1.4376","60556.0000","-0.0500","-0.0050","-1.0000","0.0000","0.0000","0.0000","0.0000","0.0000"
"13285.0","15:13:23.220","2222771.0000","1.5037","60556.0000","-0.0500","-0.0050","-1.0000","0.0000","0.0000","0.0000","0.0000","0.0000"
"13286.0","15:13:23.221","2222876.0000","1.5152","60556.0000","-0.0500","-0.0050","-1.0000","0.0000","0.0000","0.0000","0.0000","0.0000"
"13287.0","15:13:23.222","2223959.0000","1.6332","60556.0000","-0.0500","-0.0050","-1.0000","0.0000","0.0000","0.0000","0.0000","0.0000"
"13288.0","15:13:23.223","2224163.0000","1.6555","60556.0000","-0.0500","-0.0050","-1.0000","0.0000","0.0000","0.0000","0.0000","0.0000"
"13289.0","15:13:23.224","2223722.0000","1.6074","60556.0000","-0.0500","-0.0050","-1.0000","0.0000","0.0000","0.0000","0.0000","0.0000"
"13290.0","15:13:23.225","2223822.0000","1.6183","60556.0000","-0.0500","-0.0050","-1.0000","0.0000","0.0000","0.0000","0.0000","0.0000"
"13291.0","15:13:23.226","2224838.0000","1.7291","60556.0000","-0.0500","-0.0050","-1.0000","0.0000","0.0000","0.0000","0.0000","0.0000"
"13292.0","15:13:23.227","2223974.0000","1.6349","60556.0000","-0.0500","-0.0050","-1.0000","0.0000","0.0000","0.0000","0.0000","0.0000"
"13293.0","15:13:23.228","2222071.0000","1.4274","60556.0000","-0.0500","-0.0050","-1.0000","0.0000","0.0000","0.0000","0.0000","0.0000"
"13294.0","15:13:23.229","2222151.0000","1.4361","60556.0000","-0.0500","-0.0050","-1.0000","0.0000","0.0000","0.0000","0.0000","0.0000"
"13295.0","15:13:23.230","2221704.0000","1.3874","60556.0000","-0.0500","-0.0050","-1.0000","0.0000","0.0000","0.0000","0.0000","0.0000"
"13296.0","15:13:23.231","2222813.0000","1.5083","60556.0000","-0.0500","-0.0050","-1.0000","0.0000","0.0000","0.0000","0.0000","0.0000"
"13297.0","15:13:23.232","2223012.0000","1.5300","60556.0000","-0.0500","-0.0050","-1.0000","0.0000","0.0000","0.0000","0.0000","0.0000"
"13298.0","15:13:23.233","2222436.0000","1.4672","60556.0000","-0.0500","-0.0050","-1.0000","0.0000","0.0000","0.0000","0.0000","0.0000"
"13299.0","15:13:23.234","2223142.0000","1.5442","60556.0000","-0.0500","-0.0050","-1.0000","0.0000","0.0000","0.0000","0.0000","0.0000"
"13300.0","15:13:23.235","2222374.0000","1.4605","60556.0000","-0.0500","-0.0050","-1.0000","0.0000","0.0000","0.0000","0.0000","0.0000"
"13301.0","15:13:23.236","2222396.0000","1.4628","60556.0000","-0.0500","-0.0050","-1.0000","0.0000","0.0000","0.0000","0.0000","0.0000"
"13302.0","15:13:23.237","2223739.0000","1.6092","60556.0000","-0.0500","-0.0050","-1.0000","0.0000","0.0000","0.0000","0.0000","0.0000"
"13303.0","15:13:23.238","2223978.0000","1.6353","60556.0000","-0.0500","-0.0050","-1.0000","0.0000","0.0000","0.0000","0.0000","0.0000"
"13304.0","15:13:23.239","2225015.0000","1.7484","60556.0000","-0.0500","-0.0050","-1.0000","0.0000","0.0000","0.0000","0.0000","0.0000"
"13305.0","15:13:23.240","2224241.0000","1.6640","60556.0000","-0.0500","-0.0050","-1.0000","0.0000","0.0000","0.0000","0.0000","0.0000"
"13306.0","15:13:23.241","2223557.0000","1.5894","60556.0000","-0.0500","-0.0050","-1.0000","0.0000","0.0000","0.0000","0.0000","0.0000"
"13307.0","15:13:23.242","2223911.0000","1.6280","60556.0000","-0.0500","-0.0050","-1.0000","0.0000","0.0000","0.0000","0.0000","0.0000"
"13308.0","15:13:23.243","2224151.0000","1.6542","60556.0000","-0.0500","-0.0050","-1.0000","0.0000","0.0000","0.0000","0.0000","0.0000"
"13309.0","15:13:23.244","2223076.0000","1.5370","60556.0000","-0.0500","-0.0050","-1.0000","0.0000","0.0000","0.0000","0.0000","0.0000"
"13310.0","15:13:23.245","2222290.0000","1.4513","60556.0000","-0.0500","-0.0050","-1.0000","0.0000","0.0000","0.0000","0.0000","0.0000"
"13311.0","15:13:23.246","2222290.0000","1.4513","60556.0000","-0.0500","-0.0050","-1.0000","0.0000","0.0000","0.0000","0.0000","0.0000"
"13312.0","15:13:23.247","2223022.0000","1.5311","60556.0000","-0.0500","-0.0050","-1.0000","0.0000","0.0000","0.0000","0.0000","0.0000"
"13313.0","15:13:23.248","2223266.0000","1.5577","60556.0000","-0.0500","-0.0050","-1.0000","0.0000","0.0000","0.0000","0.0000","0.0000"
"13314.0","15:13:23.249","2223284.0000","1.5597","60556.0000","-0.0500","-0.0050","-1.0000","0.0000","0.0000","0.0000","0.0000","0.0000"
"13315.0","15:13:23.250","2222944.0000","1.5226","60556.0000","-0.0500","-0.0050","-1.0000","0.0000","0.0000","0.0000","0.0000","0.0000"
"13316.0","15:13:23.251","2222010.0000","1.4208","60556.0000","-0.0500","-0.0050","-1.0000","0.0000","0.0000","0.0000","0.0000","0.0000"
"13317.0","15:13:23.252","2221986.0000","1.4181","60556.0000","-0.0500","-0.0050","-1.0000","0.0000","0.0000","0.0000","0.0000","0.0000"
"13318.0","15:13:23.253","2222016.0000","1.4214","60556.0000","-0.0500","-0.0050","-1.0000","0.0000","0.0000","0.0000","0.0000","0.0000"
"13319.0","15:13:23.254","2223157.0000","1.5458","60556.0000","-0.0500","-0.0050","-1.0000","0.0000","0.0000","0.0000","0.0000","0.0000"
"13320.0","15:13:23.255","2223284.0000","1.5597","60556.0000","-0.0500","-0.0050","-1.0000","0.0000","0.0000","0.0000","0.0000","0.0000"
"13321.0","15:13:23.256","2223538.0000","1.5873","60556.0000","-0.0500","-0.0050","-1.0000","0.0000","0.0000","0.0000","0.0000","0.0000"
"13322.0","15:13:23.257","2223627.0000","1.5970","60556.0000","-0.0500","-0.0050","-1.0000","0.0000","0.0000","0.0000","0.0000","0.0000"
"13323.0","15:13:23.258","2222749.0000","1.5013","60556.0000","-0.0500","-0.0050","-1.0000","0.0000","0.0000","0.0000","0.0000","0.0000"
"13324.0","15:13:23.259","2222957.0000","1.5240","60556.0000","-0.0500","-0.0050","-1.0000","0.0000","0.0000","0.0000","0.0000","0.0000"
"13325.0","15:13:23.260","2222599.0000","1.4850","60556.0000","-0.0500","-0.0050","-1.0000","0.0000","0.0000","0.0000","0.0000","0.0000"
"13326.0","15:13:23.261","2222313.0000","1.4538","60556.0000","-0.0500","-0.0050","-1.0000","0.0000","0.0000","0.0000","0.0000","0.0000"
"13327.0","15:13:23.262","2221093.0000","1.3208","60556.0000","-0.0500","-0.0050","-1.0000","0.0000","0.0000","0.0000","0.0000","0.0000"
"13328.0","15:13:23.263","2221283.0000","1.3415","60556.0000","-0.0500","-0.0050","-1.0000","0.0000","0.0000","0.0000","0.0000","0.0000"
"13329.0","15:13:23.264","2221762.0000","1.3937","60556.0000","-0.0500","-0.0050","-1.0000","0.0000","0.0000","0.0000","0.0000","0.0000"
"13330.0","15:13:23.265","2221214.0000","1.3340","60556.0000","-0.0500","-0.0050","-1.0000","0.0000","0.0000","0.0000","0.0000","0.0000"
"13331.0","15:13:23.266","2221732.0000","1.3905","60556.0000","-0.0500","-0.0050","-1.0000","0.0000","0.0000","0.0000","0.0000","0.0000"
"13332.0","15:13:23.267","2221558.0000","1.3715","60556.0000","-0.0500","-0.0050","-1.0000","0.0000","0.0000","0.0000","0.0000","0.0000"
"13333.0","15:13:23.268","2222428.0000","1.4663","60556.0000","-0.0500","-0.0050","-1.0000","0.0000","0.0000","0.0000","0.0000","0.0000"
"13334.0","15:13:23.269","2222080.0000","1.4284","60556.0000","-0.0500","-0.0050","-1.0000","0.0000","0.0000","0.0000","0.0000","0.0000"
"13335.0","15:13:23.270","2222284.0000","1.4506","60556.0000","-0.0500","-0.0050","-1.0000","0.0000","0.0000","0.0000","0.0000","0.0000"
"13336.0","15:13:23.271","2221727.0000","1.3899","60556.0000","-0.0500","-0.0050","-1.0000","0.0000","0.0000","0.0000","0.0000","0.0000"
"13337.0","15:13:23.272","2222564.0000","1.4812","60556.0000","-0.0500","-0.0050","-1.0000","0.0000","0.0000","0.0000","0.0000","0.0000"
"13338.0","15:13:23.273","2223392.0000","1.5714","60556.0000","-0.0500","-0.0050","-1.0000","0.0000","0.0000","0.0000","0.0000","0.0000"
"13339.0","15:13:23.274","2222847.0000","1.5120","60556.0000","-0.0500","-0.0050","-1.0000","0.0000","0.0000","0.0000","0.0000","0.0000"
"13340.0","15:13:23.275","2222291.0000","1.4514","60556.0000","-0.0500","-0.0050","-1.0000","0.0000","0.0000","0.0000","0.0000","0.0000"
"13341.0","15:13:23.276","2221873.0000","1.4058","60556.0000","-0.0500","-0.0050","-1.0000","0.0000","0.0000","0.0000","0.0000","0.0000"
"13342.0","15:13:23.277","2222207.0000","1.4422","60556.0000","-0.0500","-0.0050","-1.0000","0.0000","0.0000","0.0000","0.0000","0.0000"
"13343.0","15:13:23.278","2221817.0000","1.3997","60556.0000","-0.0500","-0.0050","-1.0000","0.0000","0.0000","0.0000","0.0000","0.0000"
"13344.0","15:13:23.279","2222189.0000","1.4403","60556.0000","-0.0500","-0.0050","-1.0000","0.0000","0.0000","0.0000","0.0000","0.0000"
"13345.0","15:13:23.280","2222540.0000","1.4785","60556.0000","-0.0500","-0.0050","-1.0000","0.0000","0.0000","0.0000","0.0000","0.0000"
"13346.0","15:13:23.281","2221057.0000","1.3169","60556.0000","-0.0500","-0.0050","-1.0000","0.0000","0.0000","0.0000","0.0000","0.0000"
"13347.0","15:13:23.282","2221711.0000","1.3882","60556.0000","-0.0500","-0.0050","-1.0000","0.0000","0.0000","0.0000","0.0000","0.0000"
"13348.0","15:13:23.283","2221643.0000","1.3808","60556.0000","-0.0500","-0.0050","-1.0000","0.0000","0.0000","0.0000","0.0000","0.0000"
"13349.0","15:13:23.284","2221378.0000","1.3519","60556.0000","-0.0500","-0.0050","-1.0000","0.0000","0.0000","0.0000","0.0000","0.0000"
"13350.0","15:13:23.285","2221934.0000","1.4125","60556.0000","-0.0500","-0.0050","-1.0000","0.0000","0.0000","0.0000","0.0000","0.0000"
"13351.0","15:13:23.286","2221661.0000","1.3827","60556.0000","-0.0500","-0.0050","-1.0000","0.0000","0.0000","0.0000","0.0000","0.0000"
"13352.0","15:13:23.287","2221725.0000","1.3897","60556.0000","-0.0500","-0.0050","-1.0000","0.0000","0.0000","0.0000","0.0000","0.0000"
"13353.0","15:13:23.288","2223000.0000","1.5287","60556.0000","-0.0500","-0.0050","-1.0000","0.0000","0.0000","0.0000","0.0000","0.0000"
"13354.0","15:13:23.289","2223347.0000","1.5665","60556.0000","-0.0500","-0.0050","-1.0000","0.0000","0.0000","0.0000","0.0000","0.0000"
"13355.0","15:13:23.290","2222602.0000","1.4853","60556.0000","-0.0500","-0.0050","-1.0000","0.0000","0.0000","0.0000","0.0000","0.0000"
"13356.0","15:13:23.291","2223365.0000","1.5685","60556.0000","-0.0500","-0.0050","-1.0000","0.0000","0.0000","0.0000","0.0000","0.0000"
"13357.0","15:13:23.292","2222578.0000","1.4827","60556.0000","-0.0500","-0.0050","-1.0000","0.0000","0.0000","0.0000","0.0000","0.0000"
"13358.0","15:13:23.293","2222578.0000","1.4827","60556.0000","-0.0500","-0.0050","-1.0000","0.0000","0.0000","0.0000","0.0000","0.0000"
"13359.0","15:13:23.294","2222139.0000","1.4348","60556.0000","-0.0500","-0.0050","-1.0000","0.0000","0.0000","0.0000","0.0000","0.0000"
"13360.0","15:13:23.295","2222276.0000","1.4498","60556.0000","-0.0500","-0.0050","-1.0000","0.0000","0.0000","0.0000","0.0000","0.0000"
"13361.0","15:13:23.296","2221948.0000","1.4140","60556.0000","-0.0500","-0.0050","-1.0000","0.0000","0.0000","0.0000","0.0000","0.0000"
"13362.0","15:13:23.297","2222227.0000","1.4444","60556.0000","-0.0500","-0.0050","-1.0000","0.0000","0.0000","0.0000","0.0000","0.0000"
"13363.0","15:13:23.298","2223022.0000","1.5311","60556.0000","-0.0500","-0.0050","-1.0000","0.0000","0.0000","0.0000","0.0000","0.0000"
"13364.0","15:13:23.299","2222636.0000","1.4890","60556.0000","-0.0500","-0.0050","-1.0000","0.0000","0.0000","0.0000","0.0000","0.0000"
"13365.0","15:13:23.300","2223535.0000","1.5870","60556.0000","-0.0500","-0.0050","-1.0000","0.0000","0.0000","0.0000","0.0000","0.0000"
"13366.0","15:13:23.301","2222599.0000","1.4850","60556.0000","-0.0500","-0.0050","-1.0000","0.0000","0.0000","0.0000","0.0000","0.0000"
"13367.0","15:13:23.302","2222664.0000","1.4921","60556.0000","-0.0500","-0.0050","-1.0000","0.0000","0.0000","0.0000","0.0000","0.0000"
"13368.0","15:13:23.303","2222498.0000","1.4740","60556.0000","-0.0500","-0.0050","-1.0000","0.0000","0.0000","0.0000","0.0000","0.0000"
"13369.0","15:13:23.304","2222906.0000","1.5184","60556.0000","-0.0500","-0.0050","-1.0000","0.0000","0.0000","0.0000","0.0000","0.0000"
"13370.0","15:13:23.305","2224184.0000","1.6578","60563.0000","-0.0500","-0.0050","-1.0000","0.0000","0.0000","0.0000","0.0000","0.0000"
"13371.0","15:13:23.306","2224014.0000","1.6392","60563.0000","-0.0500","-0.0050","-1.0000","0.0000","0.0000","0.0000","0.0000","0.0000"
"13372.0","15:13:23.307","2225078.0000","1.7552","60563.0000","-0.0500","-0.0050","-1.0000","0.0000","0.0000","0.0000","0.0000","0.0000"
"13373.0","15:13:23.308","2223757.0000","1.6112","60563.0000","-0.0500","-0.0050","-1.0000","0.0000","0.0000","0.0000","0.0000","0.0000"
"13374.0","15:13:23.309","2224807.0000","1.7257","60563.0000","-0.0500","-0.0050","-1.0000","0.0000","0.0000","0.0000","0.0000","0.0000"
"13375.0","15:13:23.310","2224938.0000","1.7399","60563.0000","-0.0500","-0.0050","-1.0000","0.0000","0.0000","0.0000","0.0000","0.0000"
"13376.0","15:13:23.311","2223436.0000","1.5762","60563.0000","-0.0500","-0.0050","-1.0000","0.0000","0.0000","0.0000","0.0000","0.0000"
"13377.0","15:13:23.312","2223097.0000","1.5393","60563.0000","-0.0500","-0.0050","-1.0000","0.0000","0.0000","0.0000","0.0000","0.0000"
"13378.0","15:13:23.313","2224200.0000","1.6595","60563.0000","-0.0500","-0.0050","-1.0000","0.0000","0.0000","0.0000","0.0000","0.0000"
"13379.0","15:13:23.314","2224797.0000","1.7246","60563.0000","-0.0500","-0.0050","-1.0000","0.0000","0.0000","0.0000","0.0000","0.0000"
"13380.0","15:13:23.315","2224110.0000","1.6497","60563.0000","-0.0500","-0.0050","-1.0000","0.0000","0.0000","0.0000","0.0000","0.0000"
"13381.0","15:13:23.316","2223474.0000","1.5804","60563.0000","-0.0500","-0.0050","-1.0000","0.0000","0.0000","0.0000","0.0000","0.0000"
"13382.0","15:13:23.317","2223214.0000","1.5520","60563.0000","-0.0500","-0.0050","-1.0000","0.0000","0.0000","0.0000","0.0000","0.0000"
"13383.0","15:13:23.318","2224112.0000","1.6499","60563.0000","-0.0500","-0.0050","-1.0000","0.0000","0.0000","0.0000","0.0000","0.0000"
"13384.0","15:13:23.319","2223907.0000","1.6276","60563.0000","-0.0500","-0.0050","-1.0000","0.0000","0.0000","0.0000","0.0000","0.0000"
"13385.0","15:13:23.320","2223316.0000","1.5631","60563.0000","-0.0500","-0.0050","-1.0000","0.0000","0.0000","0.0000","0.0000","0.0000"
"13386.0","15:13:23.321","2223849.0000","1.6213","60563.0000","-0.0500","-0.0050","-1.0000","0.0000","0.0000","0.0000","0.0000","0.0000"
"13387.0","15:13:23.322","2224027.0000","1.6407","60563.0000","-0.0500","-0.0050","-1.0000","0.0000","0.0000","0.0000","0.0000","0.0000"
"13388.0","15:13:23.323","2225000.0000","1.7467","60563.0000","-0.0500","-0.0050","-1.0000","0.0000","0.0000","0.0000","0.0000","0.0000"
"13389.0","15:13:23.324","2223461.0000","1.5790","60563.0000","-0.0500","-0.0050","-1.0000","0.0000","0.0000","0.0000","0.0000","0.0000"
"13390.0","15:13:23.325","2223256.0000","1.5566","60563.0000","-0.0500","-0.0050","-1.0000","0.0000","0.0000","0.0000","0.0000","0.0000"
"13391.0","15:13:23.326","2222820.0000","1.5091","60563.0000","-0.0500","-0.0050","-1.0000","0.0000","0.0000","0.0000","0.0000","0.0000"
"13392.0","15:13:23.327","2221351.0000","1.3489","60563.0000","-0.0500","-0.0050","-1.0000","0.0000","0.0000","0.0000","0.0000","0.0000"
"13393.0","15:13:23.328","2222402.0000","1.4635","60563.0000","-0.0500","-0.0050","-1.0000","0.0000","0.0000","0.0000","0.0000","0.0000"
"13394.0","15:13:23.329","2222634.0000","1.4888","60563.0000","-0.0500","-0.0050","-1.0000","0.0000","0.0000","0.0000","0.0000","0.0000"
"13395.0","15:13:23.330","2222866.0000","1.5141","60563.0000","-0.0500","-0.0050","-1.0000","0.0000","0.0000","0.0000","0.0000","0.0000"
"13396.0","15:13:23.331","2221889.0000","1.4076","60563.0000","-0.0500","-0.0050","-1.0000","0.0000","0.0000","0.0000","0.0000","0.0000"
"13397.0","15:13:23.332","2222114.0000","1.4321","60563.0000","-0.0500","-0.0050","-1.0000","0.0000","0.0000","0.0000","0.0000","0.0000"
"13398.0","15:13:23.333","2222359.0000","1.4588","60563.0000","-0.0500","-0.0050","-1.0000","0.0000","0.0000","0.0000","0.0000","0.0000"
"13399.0","15:13:23.334","2221734.0000","1.3907","60563.0000","-0.0500","-0.0050","-1.0000","0.0000","0.0000","0.0000","0.0000","0.0000"
"13400.0","15:13:23.335","2222862.0000","1.5137","60563.0000","-0.0500","-0.0050","-1.0000","0.0000","0.0000","0.0000","0.0000","0.0000"
"13401.0","15:13:23.336","2222779.0000","1.5046","60563.0000","-0.0500","-0.0050","-1.0000","0.0000","0.0000","0.0000","0.0000","0.0000"
"13402.0","15:13:23.337","2222981.0000","1.5266","60563.0000","-0.0500","-0.0050","-1.0000","0.0000","0.0000","0.0000","0.0000","0.0000"
"13403.0","15:13:23.338","2223266.0000","1.5577","60563.0000","-0.0500","-0.0050","-1.0000","0.0000","0.0000","0.0000","0.0000","0.0000"
"13404.0","15:13:23.339","2223986.0000","1.6362","60563.0000","-0.0500","-0.0050","-1.0000","0.0000","0.0000","0.0000","0.0000","0.0000"
"13405.0","15:13:23.340","2223986.0000","1.6362","60563.0000","-0.0500","-0.0050","-1.0000","0.0000","0.0000","0.0000","0.0000","0.0000"
"13406.0","15:13:23.341","2223017.0000","1.5306","60563.0000","-0.0500","-0.0050","-1.0000","0.0000","0.0000","0.0000","0.0000","0.0000"
"13407.0","15:13:23.342","2222367.0000","1.4597","60563.0000","-0.0500","-0.0050","-1.0000","0.0000","0.0000","0.0000","0.0000","0.0000"
"13408.0","15:13:23.343","2222812.0000","1.5082","60563.0000","-0.0500","-0.0050","-1.0000","0.0000","0.0000","0.0000","0.0000","0.0000"
"13409.0","15:13:23.344","2222298.0000","1.4521","60563.0000","-0.0500","-0.0050","-1.0000","0.0000","0.0000","0.0000","0.0000","0.0000"
"13410.0","15:13:23.345","2221411.0000","1.3555","60563.0000","-0.0500","-0.0050","-1.0000","0.0000","0.0000","0.0000","0.0000","0.0000"
"13411.0","15:13:23.346","2222375.0000","1.4606","60563.0000","-0.0500","-0.0050","-1.0000","0.0000","0.0000","0.0000","0.0000","0.0000"
"13412.0","15:13:23.347","2222421.0000","1.4656","60563.0000","-0.0500","-0.0050","-1.0000","0.0000","0.0000","0.0000","0.0000","0.0000"
"13413.0","15:13:23.348","2221777.0000","1.3954","60563.0000","-0.0500","-0.0050","-1.0000","0.0000","0.0000","0.0000","0.0000","0.0000"
"13414.0","15:13:23.349","2222369.0000","1.4599","60563.0000","-0.0500","-0.0050","-1.0000","0.0000","0.0000","0.0000","0.0000","0.0000"
"13415.0","15:13:23.350","2222547.0000","1.4793","60563.0000","-0.0500","-0.0050","-1.0000","0.0000","0.0000","0.0000","0.0000","0.0000"
"13416.0","15:13:23.351","2222371.0000","1.4601","60563.0000","-0.0500","-0.0050","-1.0000","0.0000","0.0000","0.0000","0.0000","0.0000"
"13417.0","15:13:23.352","2222506.0000","1.4749","60563.0000","-0.0500","-0.0050","-1.0000","0.0000","0.0000","0.0000","0.0000","0.0000"
"13418.0","15:13:23.353","2222226.0000","1.4443","60563.0000","-0.0500","-0.0050","-1.0000","0.0000","0.0000","0.0000","0.0000","0.0000"
"13419.0","15:13:23.354","2222730.0000","1.4993","60563.0000","-0.0500","-0.0050","-1.0000","0.0000","0.0000","0.0000","0.0000","0.0000"
"13420.0","15:13:23.355","2222307.0000","1.4531","60563.0000","-0.0500","-0.0050","-1.0000","0.0000","0.0000","0.0000","0.0000","0.0000"
"13421.0","15:13:23.356","2223530.0000","1.5865","60563.0000","-0.0500","-0.0050","-1.0000","0.0000","0.0000","0.0000","0.0000","0.0000"
"13422.0","15:13:23.357","2223792.0000","1.6150","60563.0000","-0.0500","-0.0050","-1.0000","0.0000","0.0000","0.0000","0.0000","0.0000"
"13423.0","15:13:23.358","2223723.0000","1.6075","60563.0000","-0.0500","-0.0050","-1.0000","0.0000","0.0000","0.0000","0.0000","0.0000"
"13424.0","15:13:23.359","2223721.0000","1.6073","60563.0000","-0.0500","-0.0050","-1.0000","0.0000","0.0000","0.0000","0.0000","0.0000"
"13425.0","15:13:23.360","2223190.0000","1.5494","60563.0000","-0.0500","-0.0050","-1.0000","0.0000","0.0000","0.0000","0.0000","0.0000"
"13426.0","15:13:23.361","2222800.0000","1.5069","60563.0000","-0.0500","-0.0050","-1.0000","0.0000","0.0000","0.0000","0.0000","0.0000"
"13427.0","15:13:23.362","2222809.0000","1.5078","60563.0000","-0.0500","-0.0050","-1.0000","0.0000","0.0000","0.0000","0.0000","0.0000"
"13428.0","15:13:23.363","2223100.0000","1.5396","60563.0000","-0.0500","-0.0050","-1.0000","0.0000","0.0000","0.0000","0.0000","0.0000"
"13429.0","15:13:23.364","2222340.0000","1.4568","60563.0000","-0.0500","-0.0050","-1.0000","0.0000","0.0000","0.0000","0.0000","0.0000"
"13430.0","15:13:23.365","2222941.0000","1.5222","60555.0000","-0.0500","-0.0050","-1.0000","0.0000","0.0000","0.0000","0.0000","0.0000"
"13431.0","15:13:23.366","2223173.0000","1.5475","60555.0000","-0.0500","-0.0050","-1.0000","0.0000","0.0000","0.0000","0.0000","0.0000"
"13432.0","15:13:23.367","2222999.0000","1.5286","60555.0000","-0.0500","-0.0050","-1.0000","0.0000","0.0000","0.0000","0.0000","0.0000"
"13433.0","15:13:23.368","2223261.0000","1.5572","60555.0000","-0.0500","-0.0050","-1.0000","0.0000","0.0000","0.0000","0.0000","0.0000"
"13434.0","15:13:23.369","2222685.0000","1.4943","60555.0000","-0.0500","-0.0050","-1.0000","0.0000","0.0000","0.0000","0.0000","0.0000"
"13435.0","15:13:23.370","2223219.0000","1.5526","60555.0000","-0.0500","-0.0050","-1.0000","0.0000","0.0000","0.0000","0.0000","0.0000"
"13436.0","15:13:23.371","2224385.0000","1.6797","60555.0000","-0.0500","-0.0050","-1.0000","0.0000","0.0000","0.0000","0.0000","0.0000"
"13437.0","15:13:23.372","2224786.0000","1.7234","60555.0000","-0.0500","-0.0050","-1.0000","0.0000","0.0000","0.0000","0.0000","0.0000"
"13438.0","15:13:23.373","2225064.0000","1.7537","60555.0000","-0.0500","-0.0050","-1.0000","0.0000","0.0000","0.0000","0.0000","0.0000"
"13439.0","15:13:23.374","2224234.0000","1.6632","60555.0000","-0.0500","-0.0050","-1.0000","0.0000","0.0000","0.0000","0.0000","0.0000"
"13440.0","15:13:23.375","2223866.0000","1.6231","60555.0000","-0.0500","-0.0050","-1.0000","0.0000","0.0000","0.0000","0.0000","0.0000"
"13441.0","15:13:23.376","2224104.0000","1.6491","60555.0000","-0.0500","-0.0050","-1.0000","0.0000","0.0000","0.0000","0.0000","0.0000"
"13442.0","15:13:23.377","2223929.0000","1.6300","60555.0000","-0.0500","-0.0050","-1.0000","0.0000","0.0000","0.0000","0.0000","0.0000"
"13443.0","15:13:23.378","2223908.0000","1.6277","60555.0000","-0.0500","-0.0050","-1.0000","0.0000","0.0000","0.0000","0.0000","0.0000"
"13444.0","15:13:23.379","2222734.0000","1.4997","60555.0000","-0.0500","-0.0050","-1.0000","0.0000","0.0000","0.0000","0.0000","0.0000"
"13445.0","15:13:23.380","2223846.0000","1.6209","60555.0000","-0.0500","-0.0050","-1.0000","0.0000","0.0000","0.0000","0.0000","0.0000"
"13446.0","15:13:23.381","2223140.0000","1.5440","60555.0000","-0.0500","-0.0050","-1.0000","0.0000","0.0000","0.0000","0.0000","0.0000"
"13447.0","15:13:23.382","2222778.0000","1.5045","60555.0000","-0.0500","-0.0050","-1.0000","0.0000","0.0000","0.0000","0.0000","0.0000"
"13448.0","15:13:23.383","2223626.0000","1.5969","60555.0000","-0.0500","-0.0050","-1.0000","0.0000","0.0000","0.0000","0.0000","0.0000"
"13449.0","15:13:23.384","2222398.0000","1.4631","60555.0000","-0.0500","-0.0050","-1.0000","0.0000","0.0000","0.0000","0.0000","0.0000"
"13450.0","15:13:23.385","2223267.0000","1.5578","60555.0000","-0.0500","-0.0050","-1.0000","0.0000","0.0000","0.0000","0.0000","0.0000"
"13451.0","15:13:23.386","2223230.0000","1.5538","60555.0000","-0.0500","-0.0050","-1.0000","0.0000","0.0000","0.0000","0.0000","0.0000"
"13452.0","15:13:23.387","2223230.0000","1.5538","60555.0000","-0.0500","-0.0050","-1.0000","0.0000","0.0000","0.0000","0.0000","0.0000"
"13453.0","15:13:23.388","2223581.0000","1.5920","60555.0000","-0.0500","-0.0050","-1.0000","0.0000","0.0000","0.0000","0.0000","0.0000"
"13454.0","15:13:23.389","2224061.0000","1.6444","60555.0000","-0.0500","-0.0050","-1.0000","0.0000","0.0000","0.0000","0.0000","0.0000"
"13455.0","15:13:23.390","2224553.0000","1.6980","60555.0000","-0.0500","-0.0050","-1.0000","0.0000","0.0000","0.0000","0.0000","0.0000"
"13456.0","15:13:23.391","2223234.0000","1.5542","60555.0000","-0.0500","-0.0050","-1.0000","0.0000","0.0000","0.0000","0.0000","0.0000"
"13457.0","15:13:23.392","2225281.0000","1.7774","60555.0000","-0.0500","-0.0050","-1.0000","0.0000","0.0000","0.0000","0.0000","0.0000"
"13458.0","15:13:23.393","2225146.0000","1.7627","60555.0000","-0.0500","-0.0050","-1.0000","0.0000","0.0000","0.0000","0.0000","0.0000"
"13459.0","15:13:23.394","2223123.0000","1.5421","60555.0000","-0.0500","-0.0050","-1.0000","0.0000","0.0000","0.0000","0.0000","0.0000"
"13460.0","15:13:23.395","2222655.0000","1.4911","60555.0000","-0.0500","-0.0050","-1.0000","0.0000","0.0000","0.0000","0.0000","0.0000"
"13461.0","15:13:23.396","2223233.0000","1.5541","60555.0000","-0.0500","-0.0050","-1.0000","0.0000","0.0000","0.0000","0.0000","0.0000"
"13462.0","15:13:23.397","2222699.0000","1.4959","60555.0000","-0.0500","-0.0050","-1.0000","0.0000","0.0000","0.0000","0.0000","0.0000"
"13463.0","15:13:23.398","2221848.0000","1.4031","60555.0000","-0.0500","-0.0050","-1.0000","0.0000","0.0000","0.0000","0.0000","0.0000"
"13464.0","15:13:23.399","2223015.0000","1.5303","60555.0000","-0.0500","-0.0050","-1.0000","0.0000","0.0000","0.0000","0.0000","0.0000"
"13465.0","15:13:23.400","2222365.0000","1.4595","60555.0000","-0.0500","-0.0050","-1.0000","0.0000","0.0000","0.0000","0.0000","0.0000"
"13466.0","15:13:23.401","2222222.0000","1.4439","60555.0000","-0.0500","-0.0050","-1.0000","0.0000","0.0000","0.0000","0.0000","0.0000"
"13467.0","15:13:23.402","2221794.0000","1.3972","60555.0000","-0.0500","-0.0050","-1.0000","0.0000","0.0000","0.0000","0.0000","0.0000"
"13468.0","15:13:23.403","2221878.0000","1.4064","60555.0000","-0.0500","-0.0050","-1.0000","0.0000","0.0000","0.0000","0.0000","0.0000"
"13469.0","15:13:23.404","2222974.0000","1.5259","60555.0000","-0.0500","-0.0050","-1.0000","0.0000","0.0000","0.0000","0.0000","0.0000"
"13470.0","15:13:23.405","2223802.0000","1.6161","60555.0000","-0.0500","-0.0050","-1.0000","0.0000","0.0000","0.0000","0.0000","0.0000"
"13471.0","15:13:23.406","2224058.0000","1.6440","60555.0000","-0.0500","-0.0050","-1.0000","0.0000","0.0000","0.0000","0.0000","0.0000"
"13472.0","15:13:23.407","2222566.0000","1.4814","60555.0000","-0.0500","-0.0050","-1.0000","0.0000","0.0000","0.0000","0.0000","0.0000"
"13473.0","15:13:23.408","2222703.0000","1.4963","60555.0000","-0.0500","-0.0050","-1.0000","0.0000","0.0000","0.0000","0.0000","0.0000"
"13474.0","15:13:23.409","2223254.0000","1.5564","60555.0000","-0.0500","-0.0050","-1.0000","0.0000","0.0000","0.0000","0.0000","0.0000"
"13475.0","15:13:23.410","2222167.0000","1.4379","60555.0000","-0.0500","-0.0050","-1.0000","0.0000","0.0000","0.0000","0.0000","0.0000"
"13476.0","15:13:23.411","2221780.0000","1.3957","60555.0000","-0.0500","-0.0050","-1.0000","0.0000","0.0000","0.0000","0.0000","0.0000"
"13477.0","15:13:23.412","2221687.0000","1.3855","60555.0000","-0.0500","-0.0050","-1.0000","0.0000","0.0000","0.0000","0.0000","0.0000"
"13478.0","15:13:23.413","2222830.0000","1.5102","60555.0000","-0.0500","-0.0050","-1.0000","0.0000","0.0000","0.0000","0.0000","0.0000"
"13479.0","15:13:23.414","2223253.0000","1.5563","60555.0000","-0.0500","-0.0050","-1.0000","0.0000","0.0000","0.0000","0.0000","0.0000"
"13480.0","15:13:23.415","2223225.0000","1.5532","60555.0000","-0.0500","-0.0050","-1.0000","0.0000","0.0000","0.0000","0.0000","0.0000"
"13481.0","15:13:23.416","2223486.0000","1.5817","60555.0000","-0.0500","-0.0050","-1.0000","0.0000","0.0000","0.0000","0.0000","0.0000"
"13482.0","15:13:23.417","2223685.0000","1.6034","60555.0000","-0.0500","-0.0050","-1.0000","0.0000","0.0000","0.0000","0.0000","0.0000"
"13483.0","15:13:23.418","2223281.0000","1.5593","60555.0000","-0.0500","-0.0050","-1.0000","0.0000","0.0000","0.0000","0.0000","0.0000"
"13484.0","15:13:23.419","2222696.0000","1.4956","60555.0000","-0.0500","-0.0050","-1.0000","0.0000","0.0000","0.0000","0.0000","0.0000"
"13485.0","15:13:23.420","2224046.0000","1.6427","60555.0000","-0.0500","-0.0050","-1.0000","0.0000","0.0000","0.0000","0.0000","0.0000"
"13486.0","15:13:23.421","2224747.0000","1.7192","60555.0000","-0.0500","-0.0050","-1.0000","0.0000","0.0000","0.0000","0.0000","0.0000"
"13487.0","15:13:23.422","2224735.0000","1.7178","60555.0000","-0.0500","-0.0050","-1.0000","0.0000","0.0000","0.0000","0.0000","0.0000"
"13488.0","15:13:23.423","2224413.0000","1.6827","60555.0000","-0.0500","-0.0050","-1.0000","0.0000","0.0000","0.0000","0.0000","0.0000"
"13489.0","15:13:23.424","2225014.0000","1.7483","60555.0000","-0.0500","-0.0050","-1.0000","0.0000","0.0000","0.0000","0.0000","0.0000"
"13490.0","15:13:23.425","2224327.0000","1.6733","60554.0000","-0.0500","-0.0050","-1.0000","0.0000","0.0000","0.0000","0.0000","0.0000"
"13491.0","15:13:23.426","2223307.0000","1.5622","60554.0000","-0.0500","-0.0050","-1.0000","0.0000","0.0000","0.0000","0.0000","0.0000"
"13492.0","15:13:23.427","2223543.0000","1.5879","60554.0000","-0.0500","-0.0050","-1.0000","0.0000","0.0000","0.0000","0.0000","0.0000"
"13493.0","15:13:23.428","2222833.0000","1.5105","60554.0000","-0.0500","-0.0050","-1.0000","0.0000","0.0000","0.0000","0.0000","0.0000"
"13494.0","15:13:23.429","2223043.0000","1.5334","60554.0000","-0.0500","-0.0050","-1.0000","0.0000","0.0000","0.0000","0.0000","0.0000"
"13495.0","15:13:23.430","2223100.0000","1.5396","60554.0000","-0.0500","-0.0050","-1.0000","0.0000","0.0000","0.0000","0.0000","0.0000"
"13496.0","15:13:23.431","2222606.0000","1.4857","60554.0000","-0.0500","-0.0050","-1.0000","0.0000","0.0000","0.0000","0.0000","0.0000"
"13497.0","15:13:23.432","2222760.0000","1.5025","60554.0000","-0.0500","-0.0050","-1.0000","0.0000","0.0000","0.0000","0.0000","0.0000"
"13498.0","15:13:23.433","2223225.0000","1.5532","60554.0000","-0.0500","-0.0050","-1.0000","0.0000","0.0000","0.0000","0.0000","0.0000"
"13499.0","15:13:23.434","2223225.0000","1.5532","60554.0000","-0.0500","-0.0050","-1.0000","0.0000","0.0000","0.0000","0.0000","0.0000"
"13500.0","15:13:23.435","2224204.0000","1.6599","60554.0000","-0.0500","-0.0050","-1.0000","0.0000","0.0000","0.0000","0.0000","0.0000"
"13501.0","15:13:23.436","2223950.0000","1.6323","60554.0000","-0.0500","-0.0050","-1.0000","0.0000","0.0000","0.0000","0.0000","0.0000"
"13502.0","15:13:23.437","2223166.0000","1.5468","60554.0000","-0.0500","-0.0050","-1.0000","0.0000","0.0000","0.0000","0.0000","0.0000"
"13503.0","15:13:23.438","2224680.0000","1.7118","60554.0000","-0.0500","-0.0050","-1.0000","0.0000","0.0000","0.0000","0.0000","0.0000"
"13504.0","15:13:23.439","2225493.0000","1.8005","60554.0000","-0.0500","-0.0050","-1.0000","0.0000","0.0000","0.0000","0.0000","0.0000"
"13505.0","15:13:23.440","2225729.0000","1.8262","60554.0000","-0.0500","-0.0050","-1.0000","0.0000","0.0000","0.0000","0.0000","0.0000"
"13506.0","15:13:23.441","2225538.0000","1.8054","60554.0000","-0.0500","-0.0050","-1.0000","0.0000","0.0000","0.0000","0.0000","0.0000"
"13507.0","15:13:23.442","2225529.0000","1.8044","60554.0000","-0.0500","-0.0050","-1.0000","0.0000","0.0000","0.0000","0.0000","0.0000"
"13508.0","15:13:23.443","2225497.0000","1.8009","60554.0000","-0.0500","-0.0050","-1.0000","0.0000","0.0000","0.0000","0.0000","0.0000"
"13509.0","15:13:23.444","2225575.0000","1.8094","60554.0000","-0.0500","-0.0050","-1.0000","0.0000","0.0000","0.0000","0.0000","0.0000"
"13510.0","15:13:23.445","2225659.0000","1.8186","60554.0000","-0.0500","-0.0050","-1.0000","0.0000","0.0000","0.0000","0.0000","0.0000"
"13511.0","15:13:23.446","2224472.0000","1.6892","60554.0000","-0.0500","-0.0050","-1.0000","0.0000","0.0000","0.0000","0.0000","0.0000"
"13512.0","15:13:23.447","2225318.0000","1.7814","60554.0000","-0.0500","-0.0050","-1.0000","0.0000","0.0000","0.0000","0.0000","0.0000"
"13513.0","15:13:23.448","2224762.0000","1.7208","60554.0000","-0.0500","-0.0050","-1.0000","0.0000","0.0000","0.0000","0.0000","0.0000"
"13514.0","15:13:23.449","2224751.0000","1.7196","60554.0000","-0.0500","-0.0050","-1.0000","0.0000","0.0000","0.0000","0.0000","0.0000"
"13515.0","15:13:23.450","2223625.0000","1.5968","60554.0000","-0.0500","-0.0050","-1.0000","0.0000","0.0000","0.0000","0.0000","0.0000"
"13516.0","15:13:23.451","2222906.0000","1.5184","60554.0000","-0.0500","-0.0050","-1.0000","0.0000","0.0000","0.0000","0.0000","0.0000"
"13517.0","15:13:23.452","2222803.0000","1.5072","60554.0000","-0.0500","-0.0050","-1.0000","0.0000","0.0000","0.0000","0.0000","0.0000"
"13518.0","15:13:23.453","2222441.0000","1.4677","60554.0000","-0.0500","-0.0050","-1.0000","0.0000","0.0000","0.0000","0.0000","0.0000"
"13519.0","15:13:23.454","2222375.0000","1.4606","60554.0000","-0.0500","-0.0050","-1.0000","0.0000","0.0000","0.0000","0.0000","0.0000"
"13520.0","15:13:23.455","2222838.0000","1.5110","60554.0000","-0.0500","-0.0050","-1.0000","0.0000","0.0000","0.0000","0.0000","0.0000"
"13521.0","15:13:23.456","2222986.0000","1.5272","60554.0000","-0.0500","-0.0050","-1.0000","0.0000","0.0000","0.0000","0.0000","0.0000"
"13522.0","15:13:23.457","2221574.0000","1.3732","60554.0000","-0.0500","-0.0050","-1.0000","0.0000","0.0000","0.0000","0.0000","0.0000"
"13523.0","15:13:23.458","2221804.0000","1.3983","60554.0000","-0.0500","-0.0050","-1.0000","0.0000","0.0000","0.0000","0.0000","0.0000"
"13524.0","15:13:23.459","2221718.0000","1.3889","60554.0000","-0.0500","-0.0050","-1.0000","0.0000","0.0000","0.0000","0.0000","0.0000"
"13525.0","15:13:23.460","2221291.0000","1.3424","60554.0000","-0.0500","-0.0050","-1.0000","0.0000","0.0000","0.0000","0.0000","0.0000"
"13526.0","15:13:23.461","2221230.0000","1.3357","60554.0000","-0.0500","-0.0050","-1.0000","0.0000","0.0000","0.0000","0.0000","0.0000"
"13527.0","15:13:23.462","2219484.0000","1.1454","60554.0000","-0.0500","-0.0050","-1.0000","0.0000","0.0000","0.0000","0.0000","0.0000"
"13528.0","15:13:23.463","2220770.0000","1.2856","60554.0000","-0.0500","-0.0050","-1.0000","0.0000","0.0000","0.0000","0.0000","0.0000"
"13529.0","15:13:23.464","2221483.0000","1.3633","60554.0000","-0.0500","-0.0050","-1.0000","0.0000","0.0000","0.0000","0.0000","0.0000"
"13530.0","15:13:23.465","2221414.0000","1.3558","60554.0000","-0.0500","-0.0050","-1.0000","0.0000","0.0000","0.0000","0.0000","0.0000"
"13531.0","15:13:23.466","2221094.0000","1.3209","60554.0000","-0.0500","-0.0050","-1.0000","0.0000","0.0000","0.0000","0.0000","0.0000"
"13532.0","15:13:23.467","2220606.0000","1.2677","60554.0000","-0.0500","-0.0050","-1.0000","0.0000","0.0000","0.0000","0.0000","0.0000"
"13533.0","15:13:23.468","2220013.0000","1.2031","60554.0000","-0.0500","-0.0050","-1.0000","0.0000","0.0000","0.0000","0.0000","0.0000"
"13534.0","15:13:23.469","2218893.0000","1.0810","60554.0000","-0.0500","-0.0050","-1.0000","0.0000","0.0000","0.0000","0.0000","0.0000"
"13535.0","15:13:23.470","2218992.0000","1.0917","60554.0000","-0.0500","-0.0050","-1.0000","0.0000","0.0000","0.0000","0.0000","0.0000"
"13536.0","15:13:23.471","2219484.0000","1.1454","60554.0000","-0.0500","-0.0050","-1.0000","0.0000","0.0000","0.0000","0.0000","0.0000"
"13537.0","15:13:23.472","2219091.0000","1.1025","60554.0000","-0.0500","-0.0050","-1.0000","0.0000","0.0000","0.0000","0.0000","0.0000"
"13538.0","15:13:23.473","2219609.0000","1.1590","60554.0000","-0.0500","-0.0050","-1.0000","0.0000","0.0000","0.0000","0.0000","0.0000"
"13539.0","15:13:23.474","2219373.0000","1.1333","60554.0000","-0.0500","-0.0050","-1.0000","0.0000","0.0000","0.0000","0.0000","0.0000"
"13540.0","15:13:23.475","2219995.0000","1.2011","60554.0000","-0.0500","-0.0050","-1.0000","0.0000","0.0000","0.0000","0.0000","0.0000"
"13541.0","15:13:23.476","2219472.0000","1.1441","60554.0000","-0.0500","-0.0050","-1.0000","0.0000","0.0000","0.0000","0.0000","0.0000"
"13542.0","15:13:23.477","2219619.0000","1.1601","60554.0000","-0.0500","-0.0050","-1.0000","0.0000","0.0000","0.0000","0.0000","0.0000"
"13543.0","15:13:23.478","2219889.0000","1.1896","60554.0000","-0.0500","-0.0050","-1.0000","0.0000","0.0000","0.0000","0.0000","0.0000"
"13544.0","15:13:23.479","2220958.0000","1.3061","60554.0000","-0.0500","-0.0050","-1.0000","0.0000","0.0000","0.0000","0.0000","0.0000"
"13545.0","15:13:23.480","2221434.0000","1.3580","60554.0000","-0.0500","-0.0050","-1.0000","0.0000","0.0000","0.0000","0.0000","0.0000"
"13546.0","15:13:23.481","2221434.0000","1.3580","60554.0000","-0.0500","-0.0050","-1.0000","0.0000","0.0000","0.0000","0.0000","0.0000"
"13547.0","15:13:23.482","2222635.0000","1.4889","60554.0000","-0.0500","-0.0050","-1.0000","0.0000","0.0000","0.0000","0.0000","0.0000"
"13548.0","15:13:23.483","2222869.0000","1.5144","60554.0000","-0.0500","-0.0050","-1.0000","0.0000","0.0000","0.0000","0.0000","0.0000"
"13549.0","15:13:23.484","2222500.0000","1.4742","60554.0000","-0.0500","-0.0050","-1.0000","0.0000","0.0000","0.0000","0.0000","0.0000"
"13550.0","15:13:23.485","2222109.0000","1.4315","60554.0000","-0.0500","-0.0050","-1.0000","0.0000","0.0000","0.0000","0.0000","0.0000"
"13551.0","15:13:23.486","2222264.0000","1.4484","60548.0000","-0.0500","-0.0050","-1.0000","0.0000","0.0000","0.0000","0.0000","0.0000"
"13552.0","15:13:23.487","2221799.0000","1.3977","60548.0000","-0.0500","-0.0050","-1.0000","0.0000","0.0000","0.0000","0.0000","0.0000"
"13553.0","15:13:23.488","2222730.0000","1.4993","60548.0000","-0.0500","-0.0050","-1.0000","0.0000","0.0000","0.0000","0.0000","0.0000"
"13554.0","15:13:23.489","2222663.0000","1.4919","60548.0000","-0.0500","-0.0050","-1.0000","0.0000","0.0000","0.0000","0.0000","0.0000"
"13555.0","15:13:23.490","2221884.0000","1.4070","60548.0000","-0.0500","-0.0050","-1.0000","0.0000","0.0000","0.0000","0.0000","0.0000"
"13556.0","15:13:23.491","2221514.0000","1.3667","60548.0000","-0.0500","-0.0050","-1.0000","0.0000","0.0000","0.0000","0.0000","0.0000"
"13557.0","15:13:23.492","2221625.0000","1.3788","60548.0000","-0.0500","-0.0050","-1.0000","0.0000","0.0000","0.0000","0.0000","0.0000"
"13558.0","15:13:23.493","2222470.0000","1.4709","60548.0000","-0.0500","-0.0050","-1.0000","0.0000","0.0000","0.0000","0.0000","0.0000"
"13559.0","15:13:23.494","2221984.0000","1.4179","60548.0000","-0.0500","-0.0050","-1.0000","0.0000","0.0000","0.0000","0.0000","0.0000"
"13560.0","15:13:23.495","2222383.0000","1.4614","60548.0000","-0.0500","-0.0050","-1.0000","0.0000","0.0000","0.0000","0.0000","0.0000"
"13561.0","15:13:23.496","2223050.0000","1.5341","60548.0000","-0.0500","-0.0050","-1.0000","0.0000","0.0000","0.0000","0.0000","0.0000"
"13562.0","15:13:23.497","2223141.0000","1.5441","60548.0000","-0.0500","-0.0050","-1.0000","0.0000","0.0000","0.0000","0.0000","0.0000"
"13563.0","15:13:23.498","2225378.0000","1.7879","60548.0000","-0.0500","-0.0050","-1.0000","0.0000","0.0000","0.0000","0.0000","0.0000"
"13564.0","15:13:23.499","2225969.0000","1.8524","60548.0000","-0.0500","-0.0050","-1.0000","0.0000","0.0000","0.0000","0.0000","0.0000"
"13565.0","15:13:23.500","2225621.0000","1.8144","60548.0000","-0.0500","-0.0050","-1.0000","0.0000","0.0000","0.0000","0.0000","0.0000"
"13566.0","15:13:23.501","2225373.0000","1.7874","60548.0000","-0.0500","-0.0050","-1.0000","0.0000","0.0000","0.0000","0.0000","0.0000"
"13567.0","15:13:23.502","2224273.0000","1.6675","60548.0000","-0.0500","-0.0050","-1.0000","0.0000","0.0000","0.0000","0.0000","0.0000"
"13568.0","15:13:23.503","2223638.0000","1.5982","60548.0000","-0.0500","-0.0050","-1.0000","0.0000","0.0000","0.0000","0.0000","0.0000"
"13569.0","15:13:23.504","2221779.0000","1.3956","60548.0000","-0.0500","-0.0050","-1.0000","0.0000","0.0000","0.0000","0.0000","0.0000"
"13570.0","15:13:23.505","2221963.0000","1.4156","60548.0000","-0.0500","-0.0050","-1.0000","0.0000","0.0000","0.0000","0.0000","0.0000"
"13571.0","15:13:23.506","2221489.0000","1.3639","60548.0000","-0.0500","-0.0050","-1.0000","0.0000","0.0000","0.0000","0.0000","0.0000"
"13572.0","15:13:23.507","2221703.0000","1.3873","60548.0000","-0.0500","-0.0050","-1.0000","0.0000","0.0000","0.0000","0.0000","0.0000"
"13573.0","15:13:23.508","2221281.0000","1.3413","60548.0000","-0.0500","-0.0050","-1.0000","0.0000","0.0000","0.0000","0.0000","0.0000"
"13574.0","15:13:23.509","2220605.0000","1.2676","60548.0000","-0.0500","-0.0050","-1.0000","0.0000","0.0000","0.0000","0.0000","0.0000"
"13575.0","15:13:23.510","2220356.0000","1.2404","60548.0000","-0.0500","-0.0050","-1.0000","0.0000","0.0000","0.0000","0.0000","0.0000"
"13576.0","15:13:23.511","2221168.0000","1.3290","60548.0000","-0.0500","-0.0050","-1.0000","0.0000","0.0000","0.0000","0.0000","0.0000"
"13577.0","15:13:23.512","2221878.0000","1.4064","60548.0000","-0.0500","-0.0050","-1.0000","0.0000","0.0000","0.0000","0.0000","0.0000"
"13578.0","15:13:23.513","2222924.0000","1.5204","60548.0000","-0.0500","-0.0050","-1.0000","0.0000","0.0000","0.0000","0.0000","0.0000"
"13579.0","15:13:23.514","2223082.0000","1.5376","60548.0000","-0.0500","-0.0050","-1.0000","0.0000","0.0000","0.0000","0.0000","0.0000"
"13580.0","15:13:23.515","2223483.0000","1.5813","60548.0000","-0.0500","-0.0050","-1.0000","0.0000","0.0000","0.0000","0.0000","0.0000"
"13581.0","15:13:23.516","2223529.0000","1.5863","60548.0000","-0.0500","-0.0050","-1.0000","0.0000","0.0000","0.0000","0.0000","0.0000"
"13582.0","15:13:23.517","2223587.0000","1.5927","60548.0000","-0.0500","-0.0050","-1.0000","0.0000","0.0000","0.0000","0.0000","0.0000"
"13583.0","15:13:23.518","2222969.0000","1.5253","60548.0000","-0.0500","-0.0050","-1.0000","0.0000","0.0000","0.0000","0.0000","0.0000"
"13584.0","15:13:23.519","2223044.0000","1.5335","60548.0000","-0.0500","-0.0050","-1.0000","0.0000","0.0000","0.0000","0.0000","0.0000"
"13585.0","15:13:23.520","2223155.0000","1.5456","60548.0000","-0.0500","-0.0050","-1.0000","0.0000","0.0000","0.0000","0.0000","0.0000"
"13586.0","15:13:23.521","2223598.0000","1.5939","60548.0000","-0.0500","-0.0050","-1.0000","0.0000","0.0000","0.0000","0.0000","0.0000"
"13587.0","15:13:23.522","2223987.0000","1.6363","60548.0000","-0.0500","-0.0050","-1.0000","0.0000","0.0000","0.0000","0.0000","0.0000"
"13588.0","15:13:23.523","2224013.0000","1.6391","60548.0000","-0.0500","-0.0050","-1.0000","0.0000","0.0000","0.0000","0.0000","0.0000"
"13589.0","15:13:23.524","2224081.0000","1.6465","60548.0000","-0.0500","-0.0050","-1.0000","0.0000","0.0000","0.0000","0.0000","0.0000"
"13590.0","15:13:23.525","2223395.0000","1.5718","60548.0000","-0.0500","-0.0050","-1.0000","0.0000","0.0000","0.0000","0.0000","0.0000"
"13591.0","15:13:23.526","2223855.0000","1.6219","60548.0000","-0.0500","-0.0050","-1.0000","0.0000","0.0000","0.0000","0.0000","0.0000"
"13592.0","15:13:23.527","2223748.0000","1.6102","60548.0000","-0.0500","-0.0050","-1.0000","0.0000","0.0000","0.0000","0.0000","0.0000"
"13593.0","15:13:23.528","2223748.0000","1.6102","60548.0000","-0.0500","-0.0050","-1.0000","0.0000","0.0000","0.0000","0.0000","0.0000"
"13594.0","15:13:23.529","2223022.0000","1.5311","60548.0000","-0.0500","-0.0050","-1.0000","0.0000","0.0000","0.0000","0.0000","0.0000"
"13595.0","15:13:23.530","2222823.0000","1.5094","60548.0000","-0.0500","-0.0050","-1.0000","0.0000","0.0000","0.0000","0.0000","0.0000"
"13596.0","15:13:23.531","2222928.0000","1.5209","60548.0000","-0.0500","-0.0050","-1.0000","0.0000","0.0000","0.0000","0.0000","0.0000"
"13597.0","15:13:23.532","2223475.0000","1.5805","60548.0000","-0.0500","-0.0050","-1.0000","0.0000","0.0000","0.0000","0.0000","0.0000"
"13598.0","15:13:23.533","2223075.0000","1.5369","60548.0000","-0.0500","-0.0050","-1.0000","0.0000","0.0000","0.0000","0.0000","0.0000"
"13599.0","15:13:23.534","2222732.0000","1.4995","60548.0000","-0.0500","-0.0050","-1.0000","0.0000","0.0000","0.0000","0.0000","0.0000"
"13600.0","15:13:23.535","2222714.0000","1.4975","60548.0000","-0.0500","-0.0050","-1.0000","0.0000","0.0000","0.0000","0.0000","0.0000"
"13601.0","15:13:23.536","2221646.0000","1.3811","60548.0000","-0.0500","-0.0050","-1.0000","0.0000","0.0000","0.0000","0.0000","0.0000"
"13602.0","15:13:23.537","2223026.0000","1.5315","60548.0000","-0.0500","-0.0050","-1.0000","0.0000","0.0000","0.0000","0.0000","0.0000"
"13603.0","15:13:23.538","2223562.0000","1.5900","60548.0000","-0.0500","-0.0050","-1.0000","0.0000","0.0000","0.0000","0.0000","0.0000"
"13604.0","15:13:23.539","2223890.0000","1.6257","60548.0000","-0.0500","-0.0050","-1.0000","0.0000","0.0000","0.0000","0.0000","0.0000"
"13605.0","15:13:23.540","2224051.0000","1.6433","60548.0000","-0.0500","-0.0050","-1.0000","0.0000","0.0000","0.0000","0.0000","0.0000"
"13606.0","15:13:23.541","2223661.0000","1.6007","60548.0000","-0.0500","-0.0050","-1.0000","0.0000","0.0000","0.0000","0.0000","0.0000"
"13607.0","15:13:23.542","2222648.0000","1.4903","60548.0000","-0.0500","-0.0050","-1.0000","0.0000","0.0000","0.0000","0.0000","0.0000"
"13608.0","15:13:23.543","2223317.0000","1.5632","60548.0000","-0.0500","-0.0050","-1.0000","0.0000","0.0000","0.0000","0.0000","0.0000"
"13609.0","15:13:23.544","2222258.0000","1.4478","60548.0000","-0.0500","-0.0050","-1.0000","0.0000","0.0000","0.0000","0.0000","0.0000"
"13610.0","15:13:23.545","2221638.0000","1.3802","60548.0000","-0.0500","-0.0050","-1.0000","0.0000","0.0000","0.0000","0.0000","0.0000"
"13611.0","15:13:23.546","2220869.0000","1.2964","60551.0000","-0.0500","-0.0050","-1.0000","0.0000","0.0000","0.0000","0.0000","0.0000"
"13612.0","15:13:23.547","2220192.0000","1.2226","60551.0000","-0.0500","-0.0050","-1.0000","0.0000","0.0000","0.0000","0.0000","0.0000"
"13613.0","15:13:23.548","2220616.0000","1.2688","60551.0000","-0.0500","-0.0050","-1.0000","0.0000","0.0000","0.0000","0.0000","0.0000"
"13614.0","15:13:23.549","2220195.0000","1.2229","60551.0000","-0.0500","-0.0050","-1.0000","0.0000","0.0000","0.0000","0.0000","0.0000"
"13615.0","15:13:23.550","2220057.0000","1.2078","60551.0000","-0.0500","-0.0050","-1.0000","0.0000","0.0000","0.0000","0.0000","0.0000"
"13616.0","15:13:23.551","2220291.0000","1.2334","60551.0000","-0.0500","-0.0050","-1.0000","0.0000","0.0000","0.0000","0.0000","0.0000"
"13617.0","15:13:23.552","2221075.0000","1.3188","60551.0000","-0.0500","-0.0050","-1.0000","0.0000","0.0000","0.0000","0.0000","0.0000"
"13618.0","15:13:23.553","2221226.0000","1.3353","60551.0000","-0.0500","-0.0050","-1.0000","0.0000","0.0000","0.0000","0.0000","0.0000"
"13619.0","15:13:23.554","2221541.0000","1.3696","60551.0000","-0.0500","-0.0050","-1.0000","0.0000","0.0000","0.0000","0.0000","0.0000"
"13620.0","15:13:23.555","2224038.0000","1.6419","60551.0000","-0.0500","-0.0050","-1.0000","0.0000","0.0000","0.0000","0.0000","0.0000"
"13621.0","15:13:23.556","2223467.0000","1.5796","60551.0000","-0.0500","-0.0050","-1.0000","0.0000","0.0000","0.0000","0.0000","0.0000"
"13622.0","15:13:23.557","2222902.0000","1.5180","60551.0000","-0.0500","-0.0050","-1.0000","0.0000","0.0000","0.0000","0.0000","0.0000"
"13623.0","15:13:23.558","2223642.0000","1.5987","60551.0000","-0.0500","-0.0050","-1.0000","0.0000","0.0000","0.0000","0.0000","0.0000"
"13624.0","15:13:23.559","2222983.0000","1.5268","60551.0000","-0.0500","-0.0050","-1.0000","0.0000","0.0000","0.0000","0.0000","0.0000"
"13625.0","15:13:23.560","2222997.0000","1.5284","60551.0000","-0.0500","-0.0050","-1.0000","0.0000","0.0000","0.0000","0.0000","0.0000"
"13626.0","15:13:23.561","2222174.0000","1.4386","60551.0000","-0.0500","-0.0050","-1.0000","0.0000","0.0000","0.0000","0.0000","0.0000"
"13627.0","15:13:23.562","2220825.0000","1.2916","60551.0000","-0.0500","-0.0050","-1.0000","0.0000","0.0000","0.0000","0.0000","0.0000"
"13628.0","15:13:23.563","2221671.0000","1.3838","60551.0000","-0.0500","-0.0050","-1.0000","0.0000","0.0000","0.0000","0.0000","0.0000"
"13629.0","15:13:23.564","2222367.0000","1.4597","60551.0000","-0.0500","-0.0050","-1.0000","0.0000","0.0000","0.0000","0.0000","0.0000"
"13630.0","15:13:23.565","2220706.0000","1.2786","60551.0000","-0.0500","-0.0050","-1.0000","0.0000","0.0000","0.0000","0.0000","0.0000"
"13631.0","15:13:23.566","2221164.0000","1.3285","60551.0000","-0.0500","-0.0050","-1.0000","0.0000","0.0000","0.0000","0.0000","0.0000"
"13632.0","15:13:23.567","2221275.0000","1.3407","60551.0000","-0.0500","-0.0050","-1.0000","0.0000","0.0000","0.0000","0.0000","0.0000"
"13633.0","15:13:23.568","2220942.0000","1.3043","60551.0000","-0.0500","-0.0050","-1.0000","0.0000","0.0000","0.0000","0.0000","0.0000"
"13634.0","15:13:23.569","2220987.0000","1.3092","60551.0000","-0.0500","-0.0050","-1.0000","0.0000","0.0000","0.0000","0.0000","0.0000"
"13635.0","15:13:23.570","2221572.0000","1.3730","60551.0000","-0.0500","-0.0050","-1.0000","0.0000","0.0000","0.0000","0.0000","0.0000"
"13636.0","15:13:23.571","2222442.0000","1.4678","60551.0000","-0.0500","-0.0050","-1.0000","0.0000","0.0000","0.0000","0.0000","0.0000"
"13637.0","15:13:23.572","2223117.0000","1.5415","60551.0000","-0.0500","-0.0050","-1.0000","0.0000","0.0000","0.0000","0.0000","0.0000"
"13638.0","15:13:23.573","2223339.0000","1.5657","60551.0000","-0.0500","-0.0050","-1.0000","0.0000","0.0000","0.0000","0.0000","0.0000"
"13639.0","15:13:23.574","2222403.0000","1.4636","60551.0000","-0.0500","-0.0050","-1.0000","0.0000","0.0000","0.0000","0.0000","0.0000"
"13640.0","15:13:23.575","2222403.0000","1.4636","60551.0000","-0.0500","-0.0050","-1.0000","0.0000","0.0000","0.0000","0.0000","0.0000"
"13641.0","15:13:23.576","2222176.0000","1.4389","60551.0000","-0.0500","-0.0050","-1.0000","0.0000","0.0000","0.0000","0.0000","0.0000"
"13642.0","15:13:23.577","2221885.0000","1.4071","60551.0000","-0.0500","-0.0050","-1.0000","0.0000","0.0000","0.0000","0.0000","0.0000"
"13643.0","15:13:23.578","2222005.0000","1.4202","60551.0000","-0.0500","-0.0050","-1.0000","0.0000","0.0000","0.0000","0.0000","0.0000"
"13644.0","15:13:23.579","2221849.0000","1.4032","60551.0000","-0.0500","-0.0050","-1.0000","0.0000","0.0000","0.0000","0.0000","0.0000"
"13645.0","15:13:23.580","2220798.0000","1.2886","60551.0000","-0.0500","-0.0050","-1.0000","0.0000","0.0000","0.0000","0.0000","0.0000"
"13646.0","15:13:23.581","2221698.0000","1.3867","60551.0000","-0.0500","-0.0050","-1.0000","0.0000","0.0000","0.0000","0.0000","0.0000"
"13647.0","15:13:23.582","2221183.0000","1.3306","60551.0000","-0.0500","-0.0050","-1.0000","0.0000","0.0000","0.0000","0.0000","0.0000"
"13648.0","15:13:23.583","2222634.0000","1.4888","60551.0000","-0.0500","-0.0050","-1.0000","0.0000","0.0000","0.0000","0.0000","0.0000"
"13649.0","15:13:23.584","2222758.0000","1.5023","60551.0000","-0.0500","-0.0050","-1.0000","0.0000","0.0000","0.0000","0.0000","0.0000"
"13650.0","15:13:23.585","2223268.0000","1.5579","60551.0000","-0.0500","-0.0050","-1.0000","0.0000","0.0000","0.0000","0.0000","0.0000"
"13651.0","15:13:23.586","2223730.0000","1.6083","60551.0000","-0.0500","-0.0050","-1.0000","0.0000","0.0000","0.0000","0.0000","0.0000"
"13652.0","15:13:23.587","2223598.0000","1.5939","60551.0000","-0.0500","-0.0050","-1.0000","0.0000","0.0000","0.0000","0.0000","0.0000"
"13653.0","15:13:23.588","2223432.0000","1.5758","60551.0000","-0.0500","-0.0050","-1.0000","0.0000","0.0000","0.0000","0.0000","0.0000"
"13654.0","15:13:23.589","2224329.0000","1.6736","60551.0000","-0.0500","-0.0050","-1.0000","0.0000","0.0000","0.0000","0.0000","0.0000"
"13655.0","15:13:23.590","2225190.0000","1.7674","60551.0000","-0.0500","-0.0050","-1.0000","0.0000","0.0000","0.0000","0.0000","0.0000"
"13656.0","15:13:23.591","2223743.0000","1.6097","60551.0000","-0.0500","-0.0050","-1.0000","0.0000","0.0000","0.0000","0.0000","0.0000"
"13657.0","15:13:23.592","2224212.0000","1.6608","60551.0000","-0.0500","-0.0050","-1.0000","0.0000","0.0000","0.0000","0.0000","0.0000"
"13658.0","15:13:23.593","2223541.0000","1.5877","60551.0000","-0.0500","-0.0050","-1.0000","0.0000","0.0000","0.0000","0.0000","0.0000"
"13659.0","15:13:23.594","2223157.0000","1.5458","60551.0000","-0.0500","-0.0050","-1.0000","0.0000","0.0000","0.0000","0.0000","0.0000"
"13660.0","15:13:23.595","2222296.0000","1.4519","60551.0000","-0.0500","-0.0050","-1.0000","0.0000","0.0000","0.0000","0.0000","0.0000"
"13661.0","15:13:23.596","2222119.0000","1.4327","60551.0000","-0.0500","-0.0050","-1.0000","0.0000","0.0000","0.0000","0.0000","0.0000"
"13662.0","15:13:23.597","2223158.0000","1.5459","60551.0000","-0.0500","-0.0050","-1.0000","0.0000","0.0000","0.0000","0.0000","0.0000"
"13663.0","15:13:23.598","2223540.0000","1.5876","60551.0000","-0.0500","-0.0050","-1.0000","0.0000","0.0000","0.0000","0.0000","0.0000"
"13664.0","15:13:23.599","2223104.0000","1.5400","60551.0000","-0.0500","-0.0050","-1.0000","0.0000","0.0000","0.0000","0.0000","0.0000"
"13665.0","15:13:23.600","2223986.0000","1.6362","60551.0000","-0.0500","-0.0050","-1.0000","0.0000","0.0000","0.0000","0.0000","0.0000"
"13666.0","15:13:23.601","2224498.0000","1.6920","60551.0000","-0.0500","-0.0050","-1.0000","0.0000","0.0000","0.0000","0.0000","0.0000"
"13667.0","15:13:23.602","2224391.0000","1.6803","60551.0000","-0.0500","-0.0050","-1.0000","0.0000","0.0000","0.0000","0.0000","0.0000"
"13668.0","15:13:23.603","2224008.0000","1.6386","60551.0000","-0.0500","-0.0050","-1.0000","0.0000","0.0000","0.0000","0.0000","0.0000"
"13669.0","15:13:23.604","2223695.0000","1.6045","60551.0000","-0.0500","-0.0050","-1.0000","0.0000","0.0000","0.0000","0.0000","0.0000"
"13670.0","15:13:23.605","2225146.0000","1.7627","60551.0000","-0.0500","-0.0050","-1.0000","0.0000","0.0000","0.0000","0.0000","0.0000"
"13671.0","15:13:23.606","2224387.0000","1.6799","60551.0000","-0.0500","-0.0050","-1.0000","0.0000","0.0000","0.0000","0.0000","0.0000"
"13672.0","15:13:23.607","2224940.0000","1.7402","60560.0000","-0.0500","-0.0050","-1.0000","0.0000","0.0000","0.0000","0.0000","0.0000"
"13673.0","15:13:23.608","2224410.0000","1.6824","60560.0000","-0.0500","-0.0050","-1.0000","0.0000","0.0000","0.0000","0.0000","0.0000"
"13674.0","15:13:23.609","2224060.0000","1.6442","60560.0000","-0.0500","-0.0050","-1.0000","0.0000","0.0000","0.0000","0.0000","0.0000"
"13675.0","15:13:23.610","2223549.0000","1.5885","60560.0000","-0.0500","-0.0050","-1.0000","0.0000","0.0000","0.0000","0.0000","0.0000"
"13676.0","15:13:23.611","2223756.0000","1.6111","60560.0000","-0.0500","-0.0050","-1.0000","0.0000","0.0000","0.0000","0.0000","0.0000"
"13677.0","15:13:23.612","2223838.0000","1.6201","60560.0000","-0.0500","-0.0050","-1.0000","0.0000","0.0000","0.0000","0.0000","0.0000"
"13678.0","15:13:23.613","2223551.0000","1.5888","60560.0000","-0.0500","-0.0050","-1.0000","0.0000","0.0000","0.0000","0.0000","0.0000"
"13679.0","15:13:23.614","2224375.0000","1.6786","60560.0000","-0.0500","-0.0050","-1.0000","0.0000","0.0000","0.0000","0.0000","0.0000"
"13680.0","15:13:23.615","2224063.0000","1.6446","60560.0000","-0.0500","-0.0050","-1.0000","0.0000","0.0000","0.0000","0.0000","0.0000"
"13681.0","15:13:23.616","2224602.0000","1.7033","60560.0000","-0.0500","-0.0050","-1.0000","0.0000","0.0000","0.0000","0.0000","0.0000"
"13682.0","15:13:23.617","2223921.0000","1.6291","60560.0000","-0.0500","-0.0050","-1.0000","0.0000","0.0000","0.0000","0.0000","0.0000"
"13683.0","15:13:23.618","2224029.0000","1.6409","60560.0000","-0.0500","-0.0050","-1.0000","0.0000","0.0000","0.0000","0.0000","0.0000"
"13684.0","15:13:23.619","2224215.0000","1.6611","60560.0000","-0.0500","-0.0050","-1.0000","0.0000","0.0000","0.0000","0.0000","0.0000"
"13685.0","15:13:23.620","2224028.0000","1.6408","60560.0000","-0.0500","-0.0050","-1.0000","0.0000","0.0000","0.0000","0.0000","0.0000"
"13686.0","15:13:23.621","2223917.0000","1.6287","60560.0000","-0.0500","-0.0050","-1.0000","0.0000","0.0000","0.0000","0.0000","0.0000"
"13687.0","15:13:23.622","2223917.0000","1.6287","60560.0000","-0.0500","-0.0050","-1.0000","0.0000","0.0000","0.0000","0.0000","0.0000"
"13688.0","15:13:23.623","2224947.0000","1.7409","60560.0000","-0.0500","-0.0050","-1.0000","0.0000","0.0000","0.0000","0.0000","0.0000"
"13689.0","15:13:23.624","2224084.0000","1.6469","60560.0000","-0.0500","-0.0050","-1.0000","0.0000","0.0000","0.0000","0.0000","0.0000"
"13690.0","15:13:23.625","2223713.0000","1.6064","60560.0000","-0.0500","-0.0050","-1.0000","0.0000","0.0000","0.0000","0.0000","0.0000"
"13691.0","15:13:23.626","2223629.0000","1.5973","60560.0000","-0.0500","-0.0050","-1.0000","0.0000","0.0000","0.0000","0.0000","0.0000"
"13692.0","15:13:23.627","2223171.0000","1.5473","60560.0000","-0.0500","-0.0050","-1.0000","0.0000","0.0000","0.0000","0.0000","0.0000"
"13693.0","15:13:23.628","2223514.0000","1.5847","60560.0000","-0.0500","-0.0050","-1.0000","0.0000","0.0000","0.0000","0.0000","0.0000"
"13694.0","15:13:23.629","2222388.0000","1.4620","60560.0000","-0.0500","-0.0050","-1.0000","0.0000","0.0000","0.0000","0.0000","0.0000"
"13695.0","15:13:23.630","2222554.0000","1.4801","60560.0000","-0.0500","-0.0050","-1.0000","0.0000","0.0000","0.0000","0.0000","0.0000"
"13696.0","15:13:23.631","2222309.0000","1.4534","60560.0000","-0.0500","-0.0050","-1.0000","0.0000","0.0000","0.0000","0.0000","0.0000"
"13697.0","15:13:23.632","2221079.0000","1.3193","60560.0000","-0.0500","-0.0050","-1.0000","0.0000","0.0000","0.0000","0.0000","0.0000"
"13698.0","15:13:23.633","2222399.0000","1.4632","60560.0000","-0.0500","-0.0050","-1.0000","0.0000","0.0000","0.0000","0.0000","0.0000"
"13699.0","15:13:23.634","2222166.0000","1.4378","60560.0000","-0.0500","-0.0050","-1.0000","0.0000","0.0000","0.0000","0.0000","0.0000"
"13700.0","15:13:23.635","2222591.0000","1.4841","60560.0000","-0.0500","-0.0050","-1.0000","0.0000","0.0000","0.0000","0.0000","0.0000"
"13701.0","15:13:23.636","2222786.0000","1.5053","60560.0000","-0.0500","-0.0050","-1.0000","0.0000","0.0000","0.0000","0.0000","0.0000"
"13702.0","15:13:23.637","2221727.0000","1.3899","60560.0000","-0.0500","-0.0050","-1.0000","0.0000","0.0000","0.0000","0.0000","0.0000"
"13703.0","15:13:23.638","2222703.0000","1.4963","60560.0000","-0.0500","-0.0050","-1.0000","0.0000","0.0000","0.0000","0.0000","0.0000"
"13704.0","15:13:23.639","2223314.0000","1.5629","60560.0000","-0.0500","-0.0050","-1.0000","0.0000","0.0000","0.0000","0.0000","0.0000"
"13705.0","15:13:23.640","2222654.0000","1.4910","60560.0000","-0.0500","-0.0050","-1.0000","0.0000","0.0000","0.0000","0.0000","0.0000"
"13706.0","15:13:23.641","2223034.0000","1.5324","60560.0000","-0.0500","-0.0050","-1.0000","0.0000","0.0000","0.0000","0.0000","0.0000"
"13707.0","15:13:23.642","2222876.0000","1.5152","60560.0000","-0.0500","-0.0050","-1.0000","0.0000","0.0000","0.0000","0.0000","0.0000"
"13708.0","15:13:23.643","2221524.0000","1.3678","60560.0000","-0.0500","-0.0050","-1.0000","0.0000","0.0000","0.0000","0.0000","0.0000"
"13709.0","15:13:23.644","2221262.0000","1.3392","60560.0000","-0.0500","-0.0050","-1.0000","0.0000","0.0000","0.0000","0.0000","0.0000"
"13710.0","15:13:23.645","2220441.0000","1.2497","60560.0000","-0.0500","-0.0050","-1.0000","0.0000","0.0000","0.0000","0.0000","0.0000"
"13711.0","15:13:23.646","2221302.0000","1.3436","60560.0000","-0.0500","-0.0050","-1.0000","0.0000","0.0000","0.0000","0.0000","0.0000"
"13712.0","15:13:23.647","2221478.0000","1.3628","60560.0000","-0.0500","-0.0050","-1.0000","0.0000","0.0000","0.0000","0.0000","0.0000"
"13713.0","15:13:23.648","2221186.0000","1.3309","60560.0000","-0.0500","-0.0050","-1.0000","0.0000","0.0000","0.0000","0.0000","0.0000"
"13714.0","15:13:23.649","2221661.0000","1.3827","60560.0000","-0.0500","-0.0050","-1.0000","0.0000","0.0000","0.0000","0.0000","0.0000"
"13715.0","15:13:23.650","2222106.0000","1.4312","60560.0000","-0.0500","-0.0050","-1.0000","0.0000","0.0000","0.0000","0.0000","0.0000"
"13716.0","15:13:23.651","2221439.0000","1.3585","60560.0000","-0.0500","-0.0050","-1.0000","0.0000","0.0000","0.0000","0.0000","0.0000"
"13717.0","15:13:23.652","2222434.0000","1.4670","60560.0000","-0.0500","-0.0050","-1.0000","0.0000","0.0000","0.0000","0.0000","0.0000"
"13718.0","15:13:23.653","2222518.0000","1.4762","60560.0000","-0.0500","-0.0050","-1.0000","0.0000","0.0000","0.0000","0.0000","0.0000"
"13719.0","15:13:23.654","2223459.0000","1.5787","60560.0000","-0.0500","-0.0050","-1.0000","0.0000","0.0000","0.0000","0.0000","0.0000"
"13720.0","15:13:23.655","2224605.0000","1.7036","60560.0000","-0.0500","-0.0050","-1.0000","0.0000","0.0000","0.0000","0.0000","0.0000"
"13721.0","15:13:23.656","2224839.0000","1.7292","60560.0000","-0.0500","-0.0050","-1.0000","0.0000","0.0000","0.0000","0.0000","0.0000"
"13722.0","15:13:23.657","2223648.0000","1.5994","60560.0000","-0.0500","-0.0050","-1.0000","0.0000","0.0000","0.0000","0.0000","0.0000"
"13723.0","15:13:23.658","2223363.0000","1.5683","60560.0000","-0.0500","-0.0050","-1.0000","0.0000","0.0000","0.0000","0.0000","0.0000"
"13724.0","15:13:23.659","2222608.0000","1.4859","60560.0000","-0.0500","-0.0050","-1.0000","0.0000","0.0000","0.0000","0.0000","0.0000"
"13725.0","15:13:23.660","2222420.0000","1.4655","60560.0000","-0.0500","-0.0050","-1.0000","0.0000","0.0000","0.0000","0.0000","0.0000"
"13726.0","15:13:23.661","2221658.0000","1.3824","60560.0000","-0.0500","-0.0050","-1.0000","0.0000","0.0000","0.0000","0.0000","0.0000"
"13727.0","15:13:23.662","2220208.0000","1.2243","60560.0000","-0.0500","-0.0050","-1.0000","0.0000","0.0000","0.0000","0.0000","0.0000"
"13728.0","15:13:23.663","2220302.0000","1.2346","60560.0000","-0.0500","-0.0050","-1.0000","0.0000","0.0000","0.0000","0.0000","0.0000"
"13729.0","15:13:23.664","2221100.0000","1.3216","60560.0000","-0.0500","-0.0050","-1.0000","0.0000","0.0000","0.0000","0.0000","0.0000"
"13730.0","15:13:23.665","2221226.0000","1.3353","60560.0000","-0.0500","-0.0050","-1.0000","0.0000","0.0000","0.0000","0.0000","0.0000"
"13731.0","15:13:23.666","2219917.0000","1.1926","60560.0000","-0.0500","-0.0050","-1.0000","0.0000","0.0000","0.0000","0.0000","0.0000"
"13732.0","15:13:23.667","2220547.0000","1.2613","60551.0000","-0.0500","-0.0050","-1.0000","0.0000","0.0000","0.0000","0.0000","0.0000"
"13733.0","15:13:23.668","2220002.0000","1.2019","60551.0000","-0.0500","-0.0050","-1.0000","0.0000","0.0000","0.0000","0.0000","0.0000"
"13734.0","15:13:23.669","2220002.0000","1.2019","60551.0000","-0.0500","-0.0050","-1.0000","0.0000","0.0000","0.0000","0.0000","0.0000"
"13735.0","15:13:23.670","2220002.0000","1.2019","60551.0000","-0.0500","-0.0050","-1.0000","0.0000","0.0000","0.0000","0.0000","0.0000"
"13736.0","15:13:23.671","2219563.0000","1.1540","60551.0000","-0.0500","-0.0050","-1.0000","0.0000","0.0000","0.0000","0.0000","0.0000"
"13737.0","15:13:23.672","2220833.0000","1.2925","60551.0000","-0.0500","-0.0050","-1.0000","0.0000","0.0000","0.0000","0.0000","0.0000"
"13738.0","15:13:23.673","2221135.0000","1.3254","60551.0000","-0.0500","-0.0050","-1.0000","0.0000","0.0000","0.0000","0.0000","0.0000"
"13739.0","15:13:23.674","2220862.0000","1.2956","60551.0000","-0.0500","-0.0050","-1.0000","0.0000","0.0000","0.0000","0.0000","0.0000"
"13740.0","15:13:23.675","2220383.0000","1.2434","60551.0000","-0.0500","-0.0050","-1.0000","0.0000","0.0000","0.0000","0.0000","0.0000"
"13741.0","15:13:23.676","2220407.0000","1.2460","60551.0000","-0.0500","-0.0050","-1.0000","0.0000","0.0000","0.0000","0.0000","0.0000"
"13742.0","15:13:23.677","2219568.0000","1.1546","60551.0000","-0.0500","-0.0050","-1.0000","0.0000","0.0000","0.0000","0.0000","0.0000"
"13743.0","15:13:23.678","2219936.0000","1.1947","60551.0000","-0.0500","-0.0050","-1.0000","0.0000","0.0000","0.0000","0.0000","0.0000"
"13744.0","15:13:23.679","2219068.0000","1.1000","60551.0000","-0.0500","-0.0050","-1.0000","0.0000","0.0000","0.0000","0.0000","0.0000"
"13745.0","15:13:23.680","2219944.0000","1.1955","60551.0000","-0.0500","-0.0050","-1.0000","0.0000","0.0000","0.0000","0.0000","0.0000"
"13746.0","15:13:23.681","2220370.0000","1.2420","60551.0000","-0.0500","-0.0050","-1.0000","0.0000","0.0000","0.0000","0.0000","0.0000"
"13747.0","15:13:23.682","2220160.0000","1.2191","60551.0000","-0.0500","-0.0050","-1.0000","0.0000","0.0000","0.0000","0.0000","0.0000"
"13748.0","15:13:23.683","2221094.0000","1.3209","60551.0000","-0.0500","-0.0050","-1.0000","0.0000","0.0000","0.0000","0.0000","0.0000"
"13749.0","15:13:23.684","2220348.0000","1.2396","60551.0000","-0.0500","-0.0050","-1.0000","0.0000","0.0000","0.0000","0.0000","0.0000"
"13750.0","15:13:23.685","2221541.0000","1.3696","60551.0000","-0.0500","-0.0050","-1.0000","0.0000","0.0000","0.0000","0.0000","0.0000"
"13751.0","15:13:23.686","2221531.0000","1.3686","60551.0000","-0.0500","-0.0050","-1.0000","0.0000","0.0000","0.0000","0.0000","0.0000"
"13752.0","15:13:23.687","2222268.0000","1.4489","60551.0000","-0.0500","-0.0050","-1.0000","0.0000","0.0000","0.0000","0.0000","0.0000"
"13753.0","15:13:23.688","2222554.0000","1.4801","60551.0000","-0.0500","-0.0050","-1.0000","0.0000","0.0000","0.0000","0.0000","0.0000"
"13754.0","15:13:23.689","2222441.0000","1.4677","60551.0000","-0.0500","-0.0050","-1.0000","0.0000","0.0000","0.0000","0.0000","0.0000"
"13755.0","15:13:23.690","2222920.0000","1.5200","60551.0000","-0.0500","-0.0050","-1.0000","0.0000","0.0000","0.0000","0.0000","0.0000"
"13756.0","15:13:23.691","2221925.0000","1.4115","60551.0000","-0.0500","-0.0050","-1.0000","0.0000","0.0000","0.0000","0.0000","0.0000"
"13757.0","15:13:23.692","2222633.0000","1.4887","60551.0000","-0.0500","-0.0050","-1.0000","0.0000","0.0000","0.0000","0.0000","0.0000"
"13758.0","15:13:23.693","2223623.0000","1.5966","60551.0000","-0.0500","-0.0050","-1.0000","0.0000","0.0000","0.0000","0.0000","0.0000"
"13759.0","15:13:23.694","2223523.0000","1.5857","60551.0000","-0.0500","-0.0050","-1.0000","0.0000","0.0000","0.0000","0.0000","0.0000"
"13760.0","15:13:23.695","2223051.0000","1.5343","60551.0000","-0.0500","-0.0050","-1.0000","0.0000","0.0000","0.0000","0.0000","0.0000"
"13761.0","15:13:23.696","2222689.0000","1.4948","60551.0000","-0.0500","-0.0050","-1.0000","0.0000","0.0000","0.0000","0.0000","0.0000"
"13762.0","15:13:23.697","2224799.0000","1.7248","60551.0000","-0.0500","-0.0050","-1.0000","0.0000","0.0000","0.0000","0.0000","0.0000"
"13763.0","15:13:23.698","2224576.0000","1.7005","60551.0000","-0.0500","-0.0050","-1.0000","0.0000","0.0000","0.0000","0.0000","0.0000"
"13764.0","15:13:23.699","2224860.0000","1.7315","60551.0000","-0.0500","-0.0050","-1.0000","0.0000","0.0000","0.0000","0.0000","0.0000"
"13765.0","15:13:23.700","2225018.0000","1.7487","60551.0000","-0.0500","-0.0050","-1.0000","0.0000","0.0000","0.0000","0.0000","0.0000"
"13766.0","15:13:23.701","2223793.0000","1.6151","60551.0000","-0.0500","-0.0050","-1.0000","0.0000","0.0000","0.0000","0.0000","0.0000"
"13767.0","15:13:23.702","2224295.0000","1.6699","60551.0000","-0.0500","-0.0050","-1.0000","0.0000","0.0000","0.0000","0.0000","0.0000"
"13768.0","15:13:23.703","2223271.0000","1.5582","60551.0000","-0.0500","-0.0050","-1.0000","0.0000","0.0000","0.0000","0.0000","0.0000"
"13769.0","15:13:23.704","2223198.0000","1.5503","60551.0000","-0.0500","-0.0050","-1.0000","0.0000","0.0000","0.0000","0.0000","0.0000"
"13770.0","15:13:23.705","2222524.0000","1.4768","60551.0000","-0.0500","-0.0050","-1.0000","0.0000","0.0000","0.0000","0.0000","0.0000"
"13771.0","15:13:23.706","2221376.0000","1.3517","60551.0000","-0.0500","-0.0050","-1.0000","0.0000","0.0000","0.0000","0.0000","0.0000"
"13772.0","15:13:23.707","2220674.0000","1.2751","60551.0000","-0.0500","-0.0050","-1.0000","0.0000","0.0000","0.0000","0.0000","0.0000"
"13773.0","15:13:23.708","2219784.0000","1.1781","60551.0000","-0.0500","-0.0050","-1.0000","0.0000","0.0000","0.0000","0.0000","0.0000"
"13774.0","15:13:23.709","2219292.0000","1.1245","60551.0000","-0.0500","-0.0050","-1.0000","0.0000","0.0000","0.0000","0.0000","0.0000"
"13775.0","15:13:23.710","2218676.0000","1.0573","60551.0000","-0.0500","-0.0050","-1.0000","0.0000","0.0000","0.0000","0.0000","0.0000"
"13776.0","15:13:23.711","2218656.0000","1.0551","60551.0000","-0.0500","-0.0050","-1.0000","0.0000","0.0000","0.0000","0.0000","0.0000"
"13777.0","15:13:23.712","2218103.0000","0.9948","60551.0000","-0.0500","-0.0050","-1.0000","0.0000","0.0000","0.0000","0.0000","0.0000"
"13778.0","15:13:23.713","2218903.0000","1.0820","60551.0000","-0.0500","-0.0050","-1.0000","0.0000","0.0000","0.0000","0.0000","0.0000"
"13779.0","15:13:23.714","2219270.0000","1.1221","60551.0000","-0.0500","-0.0050","-1.0000","0.0000","0.0000","0.0000","0.0000","0.0000"
"13780.0","15:13:23.715","2219199.0000","1.1143","60551.0000","-0.0500","-0.0050","-1.0000","0.0000","0.0000","0.0000","0.0000","0.0000"
"13781.0","15:13:23.716","2219199.0000","1.1143","60551.0000","-0.0500","-0.0050","-1.0000","0.0000","0.0000","0.0000","0.0000","0.0000"
"13782.0","15:13:23.717","2218572.0000","1.0460","60551.0000","-0.0500","-0.0050","-1.0000","0.0000","0.0000","0.0000","0.0000","0.0000"
"13783.0","15:13:23.718","2219390.0000","1.1352","60551.0000","-0.0500","-0.0050","-1.0000","0.0000","0.0000","0.0000","0.0000","0.0000"
"13784.0","15:13:23.719","2219233.0000","1.1180","60551.0000","-0.0500","-0.0050","-1.0000","0.0000","0.0000","0.0000","0.0000","0.0000"
"13785.0","15:13:23.720","2219803.0000","1.1802","60551.0000","-0.0500","-0.0050","-1.0000","0.0000","0.0000","0.0000","0.0000","0.0000"
"13786.0","15:13:23.721","2218066.0000","0.9908","60551.0000","-0.0500","-0.0050","-1.0000","0.0000","0.0000","0.0000","0.0000","0.0000"
"13787.0","15:13:23.722","2219012.0000","1.0939","60551.0000","-0.0500","-0.0050","-1.0000","0.0000","0.0000","0.0000","0.0000","0.0000"
"13788.0","15:13:23.723","2219365.0000","1.1324","60551.0000","-0.0500","-0.0050","-1.0000","0.0000","0.0000","0.0000","0.0000","0.0000"
"13789.0","15:13:23.724","2218930.0000","1.0850","60551.0000","-0.0500","-0.0050","-1.0000","0.0000","0.0000","0.0000","0.0000","0.0000"
"13790.0","15:13:23.725","2218330.0000","1.0196","60551.0000","-0.0500","-0.0050","-1.0000","0.0000","0.0000","0.0000","0.0000","0.0000"
"13791.0","15:13:23.726","2217562.0000","0.9359","60551.0000","-0.0500","-0.0050","-1.0000","0.0000","0.0000","0.0000","0.0000","0.0000"
"13792.0","15:13:23.727","2217377.0000","0.9157","60551.0000","-0.0500","-0.0050","-1.0000","0.0000","0.0000","0.0000","0.0000","0.0000"
"13793.0","15:13:23.728","2217666.0000","0.9472","60554.0000","-0.0500","-0.0050","-1.0000","0.0000","0.0000","0.0000","0.0000","0.0000"
"13794.0","15:13:23.729","2216979.0000","0.8723","60554.0000","-0.0500","-0.0050","-1.0000","0.0000","0.0000","0.0000","0.0000","0.0000"
"13795.0","15:13:23.730","2217880.0000","0.9705","60554.0000","-0.0500","-0.0050","-1.0000","0.0000","0.0000","0.0000","0.0000","0.0000"
"13796.0","15:13:23.731","2219543.0000","1.1518","60554.0000","-0.0500","-0.0050","-1.0000","0.0000","0.0000","0.0000","0.0000","0.0000"
"13797.0","15:13:23.732","2220257.0000","1.2297","60554.0000","-0.0500","-0.0050","-1.0000","0.0000","0.0000","0.0000","0.0000","0.0000"
"13798.0","15:13:23.733","2221491.0000","1.3642","60554.0000","-0.0500","-0.0050","-1.0000","0.0000","0.0000","0.0000","0.0000","0.0000"
"13799.0","15:13:23.734","2221812.0000","1.3992","60554.0000","-0.0500","-0.0050","-1.0000","0.0000","0.0000","0.0000","0.0000","0.0000"
"13800.0","15:13:23.735","2222380.0000","1.4611","60554.0000","-0.0500","-0.0050","-1.0000","0.0000","0.0000","0.0000","0.0000","0.0000"
"13801.0","15:13:23.736","2222644.0000","1.4899","60554.0000","-0.0500","-0.0050","-1.0000","0.0000","0.0000","0.0000","0.0000","0.0000"
"13802.0","15:13:23.737","2222856.0000","1.5130","60554.0000","-0.0500","-0.0050","-1.0000","0.0000","0.0000","0.0000","0.0000","0.0000"
"13803.0","15:13:23.738","2223370.0000","1.5690","60554.0000","-0.0500","-0.0050","-1.0000","0.0000","0.0000","0.0000","0.0000","0.0000"
"13804.0","15:13:23.739","2224174.0000","1.6567","60554.0000","-0.0500","-0.0050","-1.0000","0.0000","0.0000","0.0000","0.0000","0.0000"
"13805.0","15:13:23.740","2223394.0000","1.5716","60554.0000","-0.0500","-0.0050","-1.0000","0.0000","0.0000","0.0000","0.0000","0.0000"
"13806.0","15:13:23.741","2222880.0000","1.5156","60554.0000","-0.0500","-0.0050","-1.0000","0.0000","0.0000","0.0000","0.0000","0.0000"
"13807.0","15:13:23.742","2224402.0000","1.6815","60554.0000","-0.0500","-0.0050","-1.0000","0.0000","0.0000","0.0000","0.0000","0.0000"
"13808.0","15:13:23.743","2223744.0000","1.6098","60554.0000","-0.0500","-0.0050","-1.0000","0.0000","0.0000","0.0000","0.0000","0.0000"
"13809.0","15:13:23.744","2223018.0000","1.5306","60554.0000","-0.0500","-0.0050","-1.0000","0.0000","0.0000","0.0000","0.0000","0.0000"
"13810.0","15:13:23.745","2222820.0000","1.5091","60554.0000","-0.0500","-0.0050","-1.0000","0.0000","0.0000","0.0000","0.0000","0.0000"
"13811.0","15:13:23.746","2222450.0000","1.4687","60554.0000","-0.0500","-0.0050","-1.0000","0.0000","0.0000","0.0000","0.0000","0.0000"
"13812.0","15:13:23.747","2223192.0000","1.5496","60554.0000","-0.0500","-0.0050","-1.0000","0.0000","0.0000","0.0000","0.0000","0.0000"
"13813.0","15:13:23.748","2223536.0000","1.5871","60554.0000","-0.0500","-0.0050","-1.0000","0.0000","0.0000","0.0000","0.0000","0.0000"
"13814.0","15:13:23.749","2222955.0000","1.5238","60554.0000","-0.0500","-0.0050","-1.0000","0.0000","0.0000","0.0000","0.0000","0.0000"
"13815.0","15:13:23.750","2222463.0000","1.4702","60554.0000","-0.0500","-0.0050","-1.0000","0.0000","0.0000","0.0000","0.0000","0.0000"
"13816.0","15:13:23.751","2223174.0000","1.5477","60554.0000","-0.0500","-0.0050","-1.0000","0.0000","0.0000","0.0000","0.0000","0.0000"
"13817.0","15:13:23.752","2223120.0000","1.5418","60554.0000","-0.0500","-0.0050","-1.0000","0.0000","0.0000","0.0000","0.0000","0.0000"
"13818.0","15:13:23.753","2223670.0000","1.6017","60554.0000","-0.0500","-0.0050","-1.0000","0.0000","0.0000","0.0000","0.0000","0.0000"
"13819.0","15:13:23.754","2223496.0000","1.5828","60554.0000","-0.0500","-0.0050","-1.0000","0.0000","0.0000","0.0000","0.0000","0.0000"
"13820.0","15:13:23.755","2224618.0000","1.7051","60554.0000","-0.0500","-0.0050","-1.0000","0.0000","0.0000","0.0000","0.0000","0.0000"
"13821.0","15:13:23.756","2225106.0000","1.7583","60554.0000","-0.0500","-0.0050","-1.0000","0.0000","0.0000","0.0000","0.0000","0.0000"
"13822.0","15:13:23.757","2224428.0000","1.6844","60554.0000","-0.0500","-0.0050","-1.0000","0.0000","0.0000","0.0000","0.0000","0.0000"
"13823.0","15:13:23.758","2224084.0000","1.6469","60554.0000","-0.0500","-0.0050","-1.0000","0.0000","0.0000","0.0000","0.0000","0.0000"
"13824.0","15:13:23.759","2223036.0000","1.5326","60554.0000","-0.0500","-0.0050","-1.0000","0.0000","0.0000","0.0000","0.0000","0.0000"
"13825.0","15:13:23.760","2222676.0000","1.4934","60554.0000","-0.0500","-0.0050","-1.0000","0.0000","0.0000","0.0000","0.0000","0.0000"
"13826.0","15:13:23.761","2222188.0000","1.4402","60554.0000","-0.0500","-0.0050","-1.0000","0.0000","0.0000","0.0000","0.0000","0.0000"
"13827.0","15:13:23.762","2221580.0000","1.3739","60554.0000","-0.0500","-0.0050","-1.0000","0.0000","0.0000","0.0000","0.0000","0.0000"
"13828.0","15:13:23.763","2221580.0000","1.3739","60554.0000","-0.0500","-0.0050","-1.0000","0.0000","0.0000","0.0000","0.0000","0.0000"
"13829.0","15:13:23.764","2221296.0000","1.3429","60554.0000","-0.0500","-0.0050","-1.0000","0.0000","0.0000","0.0000","0.0000","0.0000"
"13830.0","15:13:23.765","2221380.0000","1.3521","60554.0000","-0.0500","-0.0050","-1.0000","0.0000","0.0000","0.0000","0.0000","0.0000"
"13831.0","15:13:23.766","2220666.0000","1.2742","60554.0000","-0.0500","-0.0050","-1.0000","0.0000","0.0000","0.0000","0.0000","0.0000"
"13832.0","15:13:23.767","2221357.0000","1.3496","60554.0000","-0.0500","-0.0050","-1.0000","0.0000","0.0000","0.0000","0.0000","0.0000"
"13833.0","15:13:23.768","2221319.0000","1.3454","60554.0000","-0.0500","-0.0050","-1.0000","0.0000","0.0000","0.0000","0.0000","0.0000"
"13834.0","15:13:23.769","2221869.0000","1.4054","60554.0000","-0.0500","-0.0050","-1.0000","0.0000","0.0000","0.0000","0.0000","0.0000"
"13835.0","15:13:23.770","2222779.0000","1.5046","60554.0000","-0.0500","-0.0050","-1.0000","0.0000","0.0000","0.0000","0.0000","0.0000"
"13836.0","15:13:23.771","2222967.0000","1.5251","60554.0000","-0.0500","-0.0050","-1.0000","0.0000","0.0000","0.0000","0.0000","0.0000"
"13837.0","15:13:23.772","2224061.0000","1.6444","60554.0000","-0.0500","-0.0050","-1.0000","0.0000","0.0000","0.0000","0.0000","0.0000"
"13838.0","15:13:23.773","2225074.0000","1.7548","60554.0000","-0.0500","-0.0050","-1.0000","0.0000","0.0000","0.0000","0.0000","0.0000"
"13839.0","15:13:23.774","2224989.0000","1.7455","60554.0000","-0.0500","-0.0050","-1.0000","0.0000","0.0000","0.0000","0.0000","0.0000"
"13840.0","15:13:23.775","2225007.0000","1.7475","60554.0000","-0.0500","-0.0050","-1.0000","0.0000","0.0000","0.0000","0.0000","0.0000"
"13841.0","15:13:23.776","2224973.0000","1.7438","60554.0000","-0.0500","-0.0050","-1.0000","0.0000","0.0000","0.0000","0.0000","0.0000"
"13842.0","15:13:23.777","2224240.0000","1.6639","60554.0000","-0.0500","-0.0050","-1.0000","0.0000","0.0000","0.0000","0.0000","0.0000"
"13843.0","15:13:23.778","2224717.0000","1.7159","60554.0000","-0.0500","-0.0050","-1.0000","0.0000","0.0000","0.0000","0.0000","0.0000"
"13844.0","15:13:23.779","2223300.0000","1.5614","60554.0000","-0.0500","-0.0050","-1.0000","0.0000","0.0000","0.0000","0.0000","0.0000"
"13845.0","15:13:23.780","2223362.0000","1.5682","60554.0000","-0.0500","-0.0050","-1.0000","0.0000","0.0000","0.0000","0.0000","0.0000"
"13846.0","15:13:23.781","2223152.0000","1.5453","60554.0000","-0.0500","-0.0050","-1.0000","0.0000","0.0000","0.0000","0.0000","0.0000"
"13847.0","15:13:23.782","2221982.0000","1.4177","60554.0000","-0.0500","-0.0050","-1.0000","0.0000","0.0000","0.0000","0.0000","0.0000"
"13848.0","15:13:23.783","2221660.0000","1.3826","60554.0000","-0.0500","-0.0050","-1.0000","0.0000","0.0000","0.0000","0.0000","0.0000"
"13849.0","15:13:23.784","2222525.0000","1.4769","60554.0000","-0.0500","-0.0050","-1.0000","0.0000","0.0000","0.0000","0.0000","0.0000"
"13850.0","15:13:23.785","2222280.0000","1.4502","60554.0000","-0.0500","-0.0050","-1.0000","0.0000","0.0000","0.0000","0.0000","0.0000"
"13851.0","15:13:23.786","2221642.0000","1.3807","60554.0000","-0.0500","-0.0050","-1.0000","0.0000","0.0000","0.0000","0.0000","0.0000"
"13852.0","15:13:23.787","2221636.0000","1.3800","60554.0000","-0.0500","-0.0050","-1.0000","0.0000","0.0000","0.0000","0.0000","0.0000"
"13853.0","15:13:23.788","2222751.0000","1.5015","60565.0000","-0.0500","-0.0050","-1.0000","0.0000","0.0000","0.0000","0.0000","0.0000"
"13854.0","15:13:23.789","2222999.0000","1.5286","60565.0000","-0.0500","-0.0050","-1.0000","0.0000","0.0000","0.0000","0.0000","0.0000"
"13855.0","15:13:23.790","2222576.0000","1.4825","60565.0000","-0.0500","-0.0050","-1.0000","0.0000","0.0000","0.0000","0.0000","0.0000"
"13856.0","15:13:23.791","2222652.0000","1.4908","60565.0000","-0.0500","-0.0050","-1.0000","0.0000","0.0000","0.0000","0.0000","0.0000"
"13857.0","15:13:23.792","2220687.0000","1.2766","60565.0000","-0.0500","-0.0050","-1.0000","0.0000","0.0000","0.0000","0.0000","0.0000"
"13858.0","15:13:23.793","2220288.0000","1.2331","60565.0000","-0.0500","-0.0050","-1.0000","0.0000","0.0000","0.0000","0.0000","0.0000"
"13859.0","15:13:23.794","2220772.0000","1.2858","60565.0000","-0.0500","-0.0050","-1.0000","0.0000","0.0000","0.0000","0.0000","0.0000"
"13860.0","15:13:23.795","2219968.0000","1.1981","60565.0000","-0.0500","-0.0050","-1.0000","0.0000","0.0000","0.0000","0.0000","0.0000"
"13861.0","15:13:23.796","2220263.0000","1.2303","60565.0000","-0.0500","-0.0050","-1.0000","0.0000","0.0000","0.0000","0.0000","0.0000"
"13862.0","15:13:23.797","2220467.0000","1.2525","60565.0000","-0.0500","-0.0050","-1.0000","0.0000","0.0000","0.0000","0.0000","0.0000"
"13863.0","15:13:23.798","2220277.0000","1.2318","60565.0000","-0.0500","-0.0050","-1.0000","0.0000","0.0000","0.0000","0.0000","0.0000"
"13864.0","15:13:23.799","2220905.0000","1.3003","60565.0000","-0.0500","-0.0050","-1.0000","0.0000","0.0000","0.0000","0.0000","0.0000"
"13865.0","15:13:23.800","2220474.0000","1.2533","60565.0000","-0.0500","-0.0050","-1.0000","0.0000","0.0000","0.0000","0.0000","0.0000"
"13866.0","15:13:23.801","2221849.0000","1.4032","60565.0000","-0.0500","-0.0050","-1.0000","0.0000","0.0000","0.0000","0.0000","0.0000"
"13867.0","15:13:23.802","2221700.0000","1.3870","60565.0000","-0.0500","-0.0050","-1.0000","0.0000","0.0000","0.0000","0.0000","0.0000"
"13868.0","15:13:23.803","2222733.0000","1.4996","60565.0000","-0.0500","-0.0050","-1.0000","0.0000","0.0000","0.0000","0.0000","0.0000"
"13869.0","15:13:23.804","2223593.0000","1.5933","60565.0000","-0.0500","-0.0050","-1.0000","0.0000","0.0000","0.0000","0.0000","0.0000"
"13870.0","15:13:23.805","2224626.0000","1.7060","60565.0000","-0.0500","-0.0050","-1.0000","0.0000","0.0000","0.0000","0.0000","0.0000"
"13871.0","15:13:23.806","2225003.0000","1.7471","60565.0000","-0.0500","-0.0050","-1.0000","0.0000","0.0000","0.0000","0.0000","0.0000"
"13872.0","15:13:23.807","2223926.0000","1.6296","60565.0000","-0.0500","-0.0050","-1.0000","0.0000","0.0000","0.0000","0.0000","0.0000"
"13873.0","15:13:23.808","2224571.0000","1.6999","60565.0000","-0.0500","-0.0050","-1.0000","0.0000","0.0000","0.0000","0.0000","0.0000"
"13874.0","15:13:23.809","2224085.0000","1.6470","60565.0000","-0.0500","-0.0050","-1.0000","0.0000","0.0000","0.0000","0.0000","0.0000"
"13875.0","15:13:23.810","2224085.0000","1.6470","60565.0000","-0.0500","-0.0050","-1.0000","0.0000","0.0000","0.0000","0.0000","0.0000"
"13876.0","15:13:23.811","2223362.0000","1.5682","60565.0000","-0.0500","-0.0050","-1.0000","0.0000","0.0000","0.0000","0.0000","0.0000"
"13877.0","15:13:23.812","2223371.0000","1.5691","60565.0000","-0.0500","-0.0050","-1.0000","0.0000","0.0000","0.0000","0.0000","0.0000"
"13878.0","15:13:23.813","2223339.0000","1.5657","60565.0000","-0.0500","-0.0050","-1.0000","0.0000","0.0000","0.0000","0.0000","0.0000"
"13879.0","15:13:23.814","2221940.0000","1.4131","60565.0000","-0.0500","-0.0050","-1.0000","0.0000","0.0000","0.0000","0.0000","0.0000"
"13880.0","15:13:23.815","2221924.0000","1.4114","60565.0000","-0.0500","-0.0050","-1.0000","0.0000","0.0000","0.0000","0.0000","0.0000"
"13881.0","15:13:23.816","2221443.0000","1.3589","60565.0000","-0.0500","-0.0050","-1.0000","0.0000","0.0000","0.0000","0.0000","0.0000"
"13882.0","15:13:23.817","2222722.0000","1.4984","60565.0000","-0.0500","-0.0050","-1.0000","0.0000","0.0000","0.0000","0.0000","0.0000"
"13883.0","15:13:23.818","2222687.0000","1.4946","60565.0000","-0.0500","-0.0050","-1.0000","0.0000","0.0000","0.0000","0.0000","0.0000"
"13884.0","15:13:23.819","2222337.0000","1.4564","60565.0000","-0.0500","-0.0050","-1.0000","0.0000","0.0000","0.0000","0.0000","0.0000"
"13885.0","15:13:23.820","2222618.0000","1.4871","60565.0000","-0.0500","-0.0050","-1.0000","0.0000","0.0000","0.0000","0.0000","0.0000"
"13886.0","15:13:23.821","2223318.0000","1.5634","60565.0000","-0.0500","-0.0050","-1.0000","0.0000","0.0000","0.0000","0.0000","0.0000"
"13887.0","15:13:23.822","2223902.0000","1.6270","60565.0000","-0.0500","-0.0050","-1.0000","0.0000","0.0000","0.0000","0.0000","0.0000"
"13888.0","15:13:23.823","2223789.0000","1.6147","60565.0000","-0.0500","-0.0050","-1.0000","0.0000","0.0000","0.0000","0.0000","0.0000"
"13889.0","15:13:23.824","2224009.0000","1.6387","60565.0000","-0.0500","-0.0050","-1.0000","0.0000","0.0000","0.0000","0.0000","0.0000"
"13890.0","15:13:23.825","2223902.0000","1.6270","60565.0000","-0.0500","-0.0050","-1.0000","0.0000","0.0000","0.0000","0.0000","0.0000"
"13891.0","15:13:23.826","2223568.0000","1.5906","60565.0000","-0.0500","-0.0050","-1.0000","0.0000","0.0000","0.0000","0.0000","0.0000"
"13892.0","15:13:23.827","2223039.0000","1.5329","60565.0000","-0.0500","-0.0050","-1.0000","0.0000","0.0000","0.0000","0.0000","0.0000"
"13893.0","15:13:23.828","2221484.0000","1.3634","60565.0000","-0.0500","-0.0050","-1.0000","0.0000","0.0000","0.0000","0.0000","0.0000"
"13894.0","15:13:23.829","2220893.0000","1.2990","60565.0000","-0.0500","-0.0050","-1.0000","0.0000","0.0000","0.0000","0.0000","0.0000"
"13895.0","15:13:23.830","2220093.0000","1.2118","60565.0000","-0.0500","-0.0050","-1.0000","0.0000","0.0000","0.0000","0.0000","0.0000"
"13896.0","15:13:23.831","2219865.0000","1.1869","60565.0000","-0.0500","-0.0050","-1.0000","0.0000","0.0000","0.0000","0.0000","0.0000"
"13897.0","15:13:23.832","2218976.0000","1.0900","60565.0000","-0.0500","-0.0050","-1.0000","0.0000","0.0000","0.0000","0.0000","0.0000"
"13898.0","15:13:23.833","2218536.0000","1.0420","60565.0000","-0.0500","-0.0050","-1.0000","0.0000","0.0000","0.0000","0.0000","0.0000"
"13899.0","15:13:23.834","2218507.0000","1.0389","60565.0000","-0.0500","-0.0050","-1.0000","0.0000","0.0000","0.0000","0.0000","0.0000"
"13900.0","15:13:23.835","2217954.0000","0.9786","60565.0000","-0.0500","-0.0050","-1.0000","0.0000","0.0000","0.0000","0.0000","0.0000"
"13901.0","15:13:23.836","2217867.0000","0.9691","60565.0000","-0.0500","-0.0050","-1.0000","0.0000","0.0000","0.0000","0.0000","0.0000"
"13902.0","15:13:23.837","2217340.0000","0.9116","60565.0000","-0.0500","-0.0050","-1.0000","0.0000","0.0000","0.0000","0.0000","0.0000"
"13903.0","15:13:23.838","2218430.0000","1.0305","60565.0000","-0.0500","-0.0050","-1.0000","0.0000","0.0000","0.0000","0.0000","0.0000"
"13904.0","15:13:23.839","2219869.0000","1.1874","60565.0000","-0.0500","-0.0050","-1.0000","0.0000","0.0000","0.0000","0.0000","0.0000"
"13905.0","15:13:23.840","2218984.0000","1.0909","60565.0000","-0.0500","-0.0050","-1.0000","0.0000","0.0000","0.0000","0.0000","0.0000"
"13906.0","15:13:23.841","2220116.0000","1.2143","60565.0000","-0.0500","-0.0050","-1.0000","0.0000","0.0000","0.0000","0.0000","0.0000"
"13907.0","15:13:23.842","2219982.0000","1.1997","60565.0000","-0.0500","-0.0050","-1.0000","0.0000","0.0000","0.0000","0.0000","0.0000"
"13908.0","15:13:23.843","2220168.0000","1.2200","60565.0000","-0.0500","-0.0050","-1.0000","0.0000","0.0000","0.0000","0.0000","0.0000"
"13909.0","15:13:23.844","2219249.0000","1.1198","60565.0000","-0.0500","-0.0050","-1.0000","0.0000","0.0000","0.0000","0.0000","0.0000"
"13910.0","15:13:23.845","2219453.0000","1.1420","60565.0000","-0.0500","-0.0050","-1.0000","0.0000","0.0000","0.0000","0.0000","0.0000"
"13911.0","15:13:23.846","2220130.0000","1.2158","60565.0000","-0.0500","-0.0050","-1.0000","0.0000","0.0000","0.0000","0.0000","0.0000"
"13912.0","15:13:23.847","2220972.0000","1.3076","60565.0000","-0.0500","-0.0050","-1.0000","0.0000","0.0000","0.0000","0.0000","0.0000"
"13913.0","15:13:23.848","2220513.0000","1.2576","60565.0000","-0.0500","-0.0050","-1.0000","0.0000","0.0000","0.0000","0.0000","0.0000"
"13914.0","15:13:23.849","2220866.0000","1.2960","60559.0000","-0.0500","-0.0050","-1.0000","0.0000","0.0000","0.0000","0.0000","0.0000"
"13915.0","15:13:23.850","2221210.0000","1.3335","60559.0000","-0.0500","-0.0050","-1.0000","0.0000","0.0000","0.0000","0.0000","0.0000"
"13916.0","15:13:23.851","2221523.0000","1.3677","60559.0000","-0.0500","-0.0050","-1.0000","0.0000","0.0000","0.0000","0.0000","0.0000"
"13917.0","15:13:23.852","2222064.0000","1.4267","60559.0000","-0.0500","-0.0050","-1.0000","0.0000","0.0000","0.0000","0.0000","0.0000"
"13918.0","15:13:23.853","2221310.0000","1.3445","60559.0000","-0.0500","-0.0050","-1.0000","0.0000","0.0000","0.0000","0.0000","0.0000"
"13919.0","15:13:23.854","2222258.0000","1.4478","60559.0000","-0.0500","-0.0050","-1.0000","0.0000","0.0000","0.0000","0.0000","0.0000"
"13920.0","15:13:23.855","2222315.0000","1.4540","60559.0000","-0.0500","-0.0050","-1.0000","0.0000","0.0000","0.0000","0.0000","0.0000"
"13921.0","15:13:23.856","2221322.0000","1.3458","60559.0000","-0.0500","-0.0050","-1.0000","0.0000","0.0000","0.0000","0.0000","0.0000"
"13922.0","15:13:23.857","2221322.0000","1.3458","60559.0000","-0.0500","-0.0050","-1.0000","0.0000","0.0000","0.0000","0.0000","0.0000"
"13923.0","15:13:23.858","2222036.0000","1.4236","60559.0000","-0.0500","-0.0050","-1.0000","0.0000","0.0000","0.0000","0.0000","0.0000"
"13924.0","15:13:23.859","2221920.0000","1.4109","60559.0000","-0.0500","-0.0050","-1.0000","0.0000","0.0000","0.0000","0.0000","0.0000"
"13925.0","15:13:23.860","2222550.0000","1.4796","60559.0000","-0.0500","-0.0050","-1.0000","0.0000","0.0000","0.0000","0.0000","0.0000"
"13926.0","15:13:23.861","2222158.0000","1.4369","60559.0000","-0.0500","-0.0050","-1.0000","0.0000","0.0000","0.0000","0.0000","0.0000"
"13927.0","15:13:23.862","2222288.0000","1.4511","60559.0000","-0.0500","-0.0050","-1.0000","0.0000","0.0000","0.0000","0.0000","0.0000"
"13928.0","15:13:23.863","2221373.0000","1.3513","60559.0000","-0.0500","-0.0050","-1.0000","0.0000","0.0000","0.0000","0.0000","0.0000"
"13929.0","15:13:23.864","2222336.0000","1.4563","60559.0000","-0.0500","-0.0050","-1.0000","0.0000","0.0000","0.0000","0.0000","0.0000"
"13930.0","15:13:23.865","2223236.0000","1.5544","60559.0000","-0.0500","-0.0050","-1.0000","0.0000","0.0000","0.0000","0.0000","0.0000"
"13931.0","15:13:23.866","2222174.0000","1.4386","60559.0000","-0.0500","-0.0050","-1.0000","0.0000","0.0000","0.0000","0.0000","0.0000"
"13932.0","15:13:23.867","2222377.0000","1.4608","60559.0000","-0.0500","-0.0050","-1.0000","0.0000","0.0000","0.0000","0.0000","0.0000"
"13933.0","15:13:23.868","2222261.0000","1.4481","60559.0000","-0.0500","-0.0050","-1.0000","0.0000","0.0000","0.0000","0.0000","0.0000"
"13934.0","15:13:23.869","2222021.0000","1.4220","60559.0000","-0.0500","-0.0050","-1.0000","0.0000","0.0000","0.0000","0.0000","0.0000"
"13935.0","15:13:23.870","2221342.0000","1.3479","60559.0000","-0.0500","-0.0050","-1.0000","0.0000","0.0000","0.0000","0.0000","0.0000"
"13936.0","15:13:23.871","2221777.0000","1.3954","60559.0000","-0.0500","-0.0050","-1.0000","0.0000","0.0000","0.0000","0.0000","0.0000"
"13937.0","15:13:23.872","2222798.0000","1.5067","60559.0000","-0.0500","-0.0050","-1.0000","0.0000","0.0000","0.0000","0.0000","0.0000"
"13938.0","15:13:23.873","2222374.0000","1.4605","60559.0000","-0.0500","-0.0050","-1.0000","0.0000","0.0000","0.0000","0.0000","0.0000"
"13939.0","15:13:23.874","2221893.0000","1.4080","60559.0000","-0.0500","-0.0050","-1.0000","0.0000","0.0000","0.0000","0.0000","0.0000"
"13940.0","15:13:23.875","2222123.0000","1.4331","60559.0000","-0.0500","-0.0050","-1.0000","0.0000","0.0000","0.0000","0.0000","0.0000"
"13941.0","15:13:23.876","2222088.0000","1.4293","60559.0000","-0.0500","-0.0050","-1.0000","0.0000","0.0000","0.0000","0.0000","0.0000"
"13942.0","15:13:23.877","2220721.0000","1.2803","60559.0000","-0.0500","-0.0050","-1.0000","0.0000","0.0000","0.0000","0.0000","0.0000"
"13943.0","15:13:23.878","2220856.0000","1.2950","60559.0000","-0.0500","-0.0050","-1.0000","0.0000","0.0000","0.0000","0.0000","0.0000"
"13944.0","15:13:23.879","2219636.0000","1.1620","60559.0000","-0.0500","-0.0050","-1.0000","0.0000","0.0000","0.0000","0.0000","0.0000"
"13945.0","15:13:23.880","2220694.0000","1.2773","60559.0000","-0.0500","-0.0050","-1.0000","0.0000","0.0000","0.0000","0.0000","0.0000"
"13946.0","15:13:23.881","2219960.0000","1.1973","60559.0000","-0.0500","-0.0050","-1.0000","0.0000","0.0000","0.0000","0.0000","0.0000"
"13947.0","15:13:23.882","2221247.0000","1.3376","60559.0000","-0.0500","-0.0050","-1.0000","0.0000","0.0000","0.0000","0.0000","0.0000"
"13948.0","15:13:23.883","2221601.0000","1.3762","60559.0000","-0.0500","-0.0050","-1.0000","0.0000","0.0000","0.0000","0.0000","0.0000"
"13949.0","15:13:23.884","2221693.0000","1.3862","60559.0000","-0.0500","-0.0050","-1.0000","0.0000","0.0000","0.0000","0.0000","0.0000"
"13950.0","15:13:23.885","2221440.0000","1.3586","60559.0000","-0.0500","-0.0050","-1.0000","0.0000","0.0000","0.0000","0.0000","0.0000"
"13951.0","15:13:23.886","2221437.0000","1.3583","60559.0000","-0.0500","-0.0050","-1.0000","0.0000","0.0000","0.0000","0.0000","0.0000"
"13952.0","15:13:23.887","2222310.0000","1.4535","60559.0000","-0.0500","-0.0050","-1.0000","0.0000","0.0000","0.0000","0.0000","0.0000"
"13953.0","15:13:23.888","2222297.0000","1.4521","60559.0000","-0.0500","-0.0050","-1.0000","0.0000","0.0000","0.0000","0.0000","0.0000"
"13954.0","15:13:23.889","2222166.0000","1.4378","60559.0000","-0.0500","-0.0050","-1.0000","0.0000","0.0000","0.0000","0.0000","0.0000"
"13955.0","15:13:23.890","2221892.0000","1.4079","60559.0000","-0.0500","-0.0050","-1.0000","0.0000","0.0000","0.0000","0.0000","0.0000"
"13956.0","15:13:23.891","2222219.0000","1.4436","60559.0000","-0.0500","-0.0050","-1.0000","0.0000","0.0000","0.0000","0.0000","0.0000"
"13957.0","15:13:23.892","2221072.0000","1.3185","60559.0000","-0.0500","-0.0050","-1.0000","0.0000","0.0000","0.0000","0.0000","0.0000"
"13958.0","15:13:23.893","2221224.0000","1.3351","60559.0000","-0.0500","-0.0050","-1.0000","0.0000","0.0000","0.0000","0.0000","0.0000"
"13959.0","15:13:23.894","2220586.0000","1.2655","60559.0000","-0.0500","-0.0050","-1.0000","0.0000","0.0000","0.0000","0.0000","0.0000"
"13960.0","15:13:23.895","2219742.0000","1.1735","60559.0000","-0.0500","-0.0050","-1.0000","0.0000","0.0000","0.0000","0.0000","0.0000"
"13961.0","15:13:23.896","2220831.0000","1.2922","60559.0000","-0.0500","-0.0050","-1.0000","0.0000","0.0000","0.0000","0.0000","0.0000"
"13962.0","15:13:23.897","2221318.0000","1.3453","60559.0000","-0.0500","-0.0050","-1.0000","0.0000","0.0000","0.0000","0.0000","0.0000"
"13963.0","15:13:23.898","2220994.0000","1.3100","60559.0000","-0.0500","-0.0050","-1.0000","0.0000","0.0000","0.0000","0.0000","0.0000"
"13964.0","15:13:23.899","2222051.0000","1.4252","60559.0000","-0.0500","-0.0050","-1.0000","0.0000","0.0000","0.0000","0.0000","0.0000"
"13965.0","15:13:23.900","2221219.0000","1.3345","60559.0000","-0.0500","-0.0050","-1.0000","0.0000","0.0000","0.0000","0.0000","0.0000"
"13966.0","15:13:23.901","2221755.0000","1.3930","60559.0000","-0.0500","-0.0050","-1.0000","0.0000","0.0000","0.0000","0.0000","0.0000"
"13967.0","15:13:23.902","2222472.0000","1.4711","60559.0000","-0.0500","-0.0050","-1.0000","0.0000","0.0000","0.0000","0.0000","0.0000"
"13968.0","15:13:23.903","2222822.0000","1.5093","60559.0000","-0.0500","-0.0050","-1.0000","0.0000","0.0000","0.0000","0.0000","0.0000"
"13969.0","15:13:23.904","2222822.0000","1.5093","60559.0000","-0.0500","-0.0050","-1.0000","0.0000","0.0000","0.0000","0.0000","0.0000"
"13970.0","15:13:23.905","2222548.0000","1.4794","60559.0000","-0.0500","-0.0050","-1.0000","0.0000","0.0000","0.0000","0.0000","0.0000"
"13971.0","15:13:23.906","2222441.0000","1.4677","60559.0000","-0.0500","-0.0050","-1.0000","0.0000","0.0000","0.0000","0.0000","0.0000"
"13972.0","15:13:23.907","2222646.0000","1.4901","60559.0000","-0.0500","-0.0050","-1.0000","0.0000","0.0000","0.0000","0.0000","0.0000"
"13973.0","15:13:23.908","2222210.0000","1.4426","60559.0000","-0.0500","-0.0050","-1.0000","0.0000","0.0000","0.0000","0.0000","0.0000"
"13974.0","15:13:23.909","2222087.0000","1.4292","60554.0000","-0.0500","-0.0050","-1.0000","0.0000","0.0000","0.0000","0.0000","0.0000"
"13975.0","15:13:23.910","2222787.0000","1.5055","60554.0000","-0.0500","-0.0050","-1.0000","0.0000","0.0000","0.0000","0.0000","0.0000"
"13976.0","15:13:23.911","2222375.0000","1.4606","60554.0000","-0.0500","-0.0050","-1.0000","0.0000","0.0000","0.0000","0.0000","0.0000"
"13977.0","15:13:23.912","2221614.0000","1.3776","60554.0000","-0.0500","-0.0050","-1.0000","0.0000","0.0000","0.0000","0.0000","0.0000"
"13978.0","15:13:23.913","2221080.0000","1.3194","60554.0000","-0.0500","-0.0050","-1.0000","0.0000","0.0000","0.0000","0.0000","0.0000"
"13979.0","15:13:23.914","2222161.0000","1.4372","60554.0000","-0.0500","-0.0050","-1.0000","0.0000","0.0000","0.0000","0.0000","0.0000"
"13980.0","15:13:23.915","2222319.0000","1.4545","60554.0000","-0.0500","-0.0050","-1.0000","0.0000","0.0000","0.0000","0.0000","0.0000"
"13981.0","15:13:23.916","2221946.0000","1.4138","60554.0000","-0.0500","-0.0050","-1.0000","0.0000","0.0000","0.0000","0.0000","0.0000"
"13982.0","15:13:23.917","2221150.0000","1.3270","60554.0000","-0.0500","-0.0050","-1.0000","0.0000","0.0000","0.0000","0.0000","0.0000"
"13983.0","15:13:23.918","2221674.0000","1.3842","60554.0000","-0.0500","-0.0050","-1.0000","0.0000","0.0000","0.0000","0.0000","0.0000"
"13984.0","15:13:23.919","2221634.0000","1.3798","60554.0000","-0.0500","-0.0050","-1.0000","0.0000","0.0000","0.0000","0.0000","0.0000"
"13985.0","15:13:23.920","2222066.0000","1.4269","60554.0000","-0.0500","-0.0050","-1.0000","0.0000","0.0000","0.0000","0.0000","0.0000"
"13986.0","15:13:23.921","2222672.0000","1.4929","60554.0000","-0.0500","-0.0050","-1.0000","0.0000","0.0000","0.0000","0.0000","0.0000"
"13987.0","15:13:23.922","2224013.0000","1.6391","60554.0000","-0.0500","-0.0050","-1.0000","0.0000","0.0000","0.0000","0.0000","0.0000"
"13988.0","15:13:23.923","2223999.0000","1.6376","60554.0000","-0.0500","-0.0050","-1.0000","0.0000","0.0000","0.0000","0.0000","0.0000"
"13989.0","15:13:23.924","2223477.0000","1.5807","60554.0000","-0.0500","-0.0050","-1.0000","0.0000","0.0000","0.0000","0.0000","0.0000"
"13990.0","15:13:23.925","2224323.0000","1.6729","60554.0000","-0.0500","-0.0050","-1.0000","0.0000","0.0000","0.0000","0.0000","0.0000"
"13991.0","15:13:23.926","2223585.0000","1.5925","60554.0000","-0.0500","-0.0050","-1.0000","0.0000","0.0000","0.0000","0.0000","0.0000"
"13992.0","15:13:23.927","2222227.0000","1.4444","60554.0000","-0.0500","-0.0050","-1.0000","0.0000","0.0000","0.0000","0.0000","0.0000"
"13993.0","15:13:23.928","2222224.0000","1.4441","60554.0000","-0.0500","-0.0050","-1.0000","0.0000","0.0000","0.0000","0.0000","0.0000"
"13994.0","15:13:23.929","2222319.0000","1.4545","60554.0000","-0.0500","-0.0050","-1.0000","0.0000","0.0000","0.0000","0.0000","0.0000"
"13995.0","15:13:23.930","2222357.0000","1.4586","60554.0000","-0.0500","-0.0050","-1.0000","0.0000","0.0000","0.0000","0.0000","0.0000"
"13996.0","15:13:23.931","2221617.0000","1.3779","60554.0000","-0.0500","-0.0050","-1.0000","0.0000","0.0000","0.0000","0.0000","0.0000"
"13997.0","15:13:23.932","2222414.0000","1.4648","60554.0000","-0.0500","-0.0050","-1.0000","0.0000","0.0000","0.0000","0.0000","0.0000"
"13998.0","15:13:23.933","2222076.0000","1.4280","60554.0000","-0.0500","-0.0050","-1.0000","0.0000","0.0000","0.0000","0.0000","0.0000"
"13999.0","15:13:23.934","2222141.0000","1.4350","60554.0000","-0.0500","-0.0050","-1.0000","0.0000","0.0000","0.0000","0.0000","0.0000"
"14000.0","15:13:23.935","2222209.0000","1.4424","60554.0000","-0.0500","-0.0050","-1.0000","0.0000","0.0000","0.0000","0.0000","0.0000"
"14001.0","15:13:23.936","2222197.0000","1.4412","60554.0000","-0.0500","-0.0050","-1.0000","0.0000","0.0000","0.0000","0.0000","0.0000"
"14002.0","15:13:23.937","2222032.0000","1.4232","60554.0000","-0.0500","-0.0050","-1.0000","0.0000","0.0000","0.0000","0.0000","0.0000"
"14003.0","15:13:23.938","2222024.0000","1.4223","60554.0000","-0.0500","-0.0050","-1.0000","0.0000","0.0000","0.0000","0.0000","0.0000"
"14004.0","15:13:23.939","2222812.0000","1.5082","60554.0000","-0.0500","-0.0050","-1.0000","0.0000","0.0000","0.0000","0.0000","0.0000"
"14005.0","15:13:23.940","2222954.0000","1.5237","60554.0000","-0.0500","-0.0050","-1.0000","0.0000","0.0000","0.0000","0.0000","0.0000"
"14006.0","15:13:23.941","2222743.0000","1.5007","60554.0000","-0.0500","-0.0050","-1.0000","0.0000","0.0000","0.0000","0.0000","0.0000"
"14007.0","15:13:23.942","2221673.0000","1.3840","60554.0000","-0.0500","-0.0050","-1.0000","0.0000","0.0000","0.0000","0.0000","0.0000"
"14008.0","15:13:23.943","2221557.0000","1.3714","60554.0000","-0.0500","-0.0050","-1.0000","0.0000","0.0000","0.0000","0.0000","0.0000"
"14009.0","15:13:23.944","2220741.0000","1.2824","60554.0000","-0.0500","-0.0050","-1.0000","0.0000","0.0000","0.0000","0.0000","0.0000"
"14010.0","15:13:23.945","2220597.0000","1.2667","60554.0000","-0.0500","-0.0050","-1.0000","0.0000","0.0000","0.0000","0.0000","0.0000"
"14011.0","15:13:23.946","2220803.0000","1.2892","60554.0000","-0.0500","-0.0050","-1.0000","0.0000","0.0000","0.0000","0.0000","0.0000"
"14012.0","15:13:23.947","2220668.0000","1.2745","60554.0000","-0.0500","-0.0050","-1.0000","0.0000","0.0000","0.0000","0.0000","0.0000"
"14013.0","15:13:23.948","2220780.0000","1.2867","60554.0000","-0.0500","-0.0050","-1.0000","0.0000","0.0000","0.0000","0.0000","0.0000"
"14014.0","15:13:23.949","2220890.0000","1.2987","60554.0000","-0.0500","-0.0050","-1.0000","0.0000","0.0000","0.0000","0.0000","0.0000"
"14015.0","15:13:23.950","2221218.0000","1.3344","60554.0000","-0.0500","-0.0050","-1.0000","0.0000","0.0000","0.0000","0.0000","0.0000"
"14016.0","15:13:23.951","2221218.0000","1.3344","60554.0000","-0.0500","-0.0050","-1.0000","0.0000","0.0000","0.0000","0.0000","0.0000"
"14017.0","15:13:23.952","2221179.0000","1.3302","60554.0000","-0.0500","-0.0050","-1.0000","0.0000","0.0000","0.0000","0.0000","0.0000"
"14018.0","15:13:23.953","2222027.0000","1.4226","60554.0000","-0.0500","-0.0050","-1.0000","0.0000","0.0000","0.0000","0.0000","0.0000"
"14019.0","15:13:23.954","2221964.0000","1.4158","60554.0000","-0.0500","-0.0050","-1.0000","0.0000","0.0000","0.0000","0.0000","0.0000"
"14020.0","15:13:23.955","2221735.0000","1.3908","60554.0000","-0.0500","-0.0050","-1.0000","0.0000","0.0000","0.0000","0.0000","0.0000"
"14021.0","15:13:23.956","2222183.0000","1.4396","60554.0000","-0.0500","-0.0050","-1.0000","0.0000","0.0000","0.0000","0.0000","0.0000"
"14022.0","15:13:23.957","2223124.0000","1.5422","60554.0000","-0.0500","-0.0050","-1.0000","0.0000","0.0000","0.0000","0.0000","0.0000"
"14023.0","15:13:23.958","2221894.0000","1.4081","60554.0000","-0.0500","-0.0050","-1.0000","0.0000","0.0000","0.0000","0.0000","0.0000"
"14024.0","15:13:23.959","2221460.0000","1.3608","60554.0000","-0.0500","-0.0050","-1.0000","0.0000","0.0000","0.0000","0.0000","0.0000"
"14025.0","15:13:23.960","2221448.0000","1.3595","60554.0000","-0.0500","-0.0050","-1.0000","0.0000","0.0000","0.0000","0.0000","0.0000"
"14026.0","15:13:23.961","2220778.0000","1.2865","60554.0000","-0.0500","-0.0050","-1.0000","0.0000","0.0000","0.0000","0.0000","0.0000"
"14027.0","15:13:23.962","2220724.0000","1.2806","60554.0000","-0.0500","-0.0050","-1.0000","0.0000","0.0000","0.0000","0.0000","0.0000"
"14028.0","15:13:23.963","2220472.0000","1.2531","60554.0000","-0.0500","-0.0050","-1.0000","0.0000","0.0000","0.0000","0.0000","0.0000"
"14029.0","15:13:23.964","2221060.0000","1.3172","60554.0000","-0.0500","-0.0050","-1.0000","0.0000","0.0000","0.0000","0.0000","0.0000"
"14030.0","15:13:23.965","2221321.0000","1.3457","60554.0000","-0.0500","-0.0050","-1.0000","0.0000","0.0000","0.0000","0.0000","0.0000"
"14031.0","15:13:23.966","2221970.0000","1.4164","60554.0000","-0.0500","-0.0050","-1.0000","0.0000","0.0000","0.0000","0.0000","0.0000"
"14032.0","15:13:23.967","2221749.0000","1.3923","60554.0000","-0.0500","-0.0050","-1.0000","0.0000","0.0000","0.0000","0.0000","0.0000"
"14033.0","15:13:23.968","2222078.0000","1.4282","60554.0000","-0.0500","-0.0050","-1.0000","0.0000","0.0000","0.0000","0.0000","0.0000"
"14034.0","15:13:23.969","2222326.0000","1.4552","60550.0000","-0.0500","-0.0050","-1.0000","0.0000","0.0000","0.0000","0.0000","0.0000"
"14035.0","15:13:23.970","2221709.0000","1.3880","60550.0000","-0.0500","-0.0050","-1.0000","0.0000","0.0000","0.0000","0.0000","0.0000"
"14036.0","15:13:23.971","2223963.0000","1.6337","60550.0000","-0.0500","-0.0050","-1.0000","0.0000","0.0000","0.0000","0.0000","0.0000"
"14037.0","15:13:23.972","2223977.0000","1.6352","60550.0000","-0.0500","-0.0050","-1.0000","0.0000","0.0000","0.0000","0.0000","0.0000"
"14038.0","15:13:23.973","2224319.0000","1.6725","60550.0000","-0.0500","-0.0050","-1.0000","0.0000","0.0000","0.0000","0.0000","0.0000"
"14039.0","15:13:23.974","2223754.0000","1.6109","60550.0000","-0.0500","-0.0050","-1.0000","0.0000","0.0000","0.0000","0.0000","0.0000"
"14040.0","15:13:23.975","2223304.0000","1.5619","60550.0000","-0.0500","-0.0050","-1.0000","0.0000","0.0000","0.0000","0.0000","0.0000"
"14041.0","15:13:23.976","2223990.0000","1.6366","60550.0000","-0.0500","-0.0050","-1.0000","0.0000","0.0000","0.0000","0.0000","0.0000"
"14042.0","15:13:23.977","2223000.0000","1.5287","60550.0000","-0.0500","-0.0050","-1.0000","0.0000","0.0000","0.0000","0.0000","0.0000"
"14043.0","15:13:23.978","2222916.0000","1.5195","60550.0000","-0.0500","-0.0050","-1.0000","0.0000","0.0000","0.0000","0.0000","0.0000"
"14044.0","15:13:23.979","2222325.0000","1.4551","60550.0000","-0.0500","-0.0050","-1.0000","0.0000","0.0000","0.0000","0.0000","0.0000"
"14045.0","15:13:23.980","2221884.0000","1.4070","60550.0000","-0.0500","-0.0050","-1.0000","0.0000","0.0000","0.0000","0.0000","0.0000"
"14046.0","15:13:23.981","2222412.0000","1.4646","60550.0000","-0.0500","-0.0050","-1.0000","0.0000","0.0000","0.0000","0.0000","0.0000"
"14047.0","15:13:23.982","2222395.0000","1.4627","60550.0000","-0.0500","-0.0050","-1.0000","0.0000","0.0000","0.0000","0.0000","0.0000"
"14048.0","15:13:23.983","2222878.0000","1.5154","60550.0000","-0.0500","-0.0050","-1.0000","0.0000","0.0000","0.0000","0.0000","0.0000"
"14049.0","15:13:23.984","2223509.0000","1.5842","60550.0000","-0.0500","-0.0050","-1.0000","0.0000","0.0000","0.0000","0.0000","0.0000"
"14050.0","15:13:23.985","2223184.0000","1.5488","60550.0000","-0.0500","-0.0050","-1.0000","0.0000","0.0000","0.0000","0.0000","0.0000"
"14051.0","15:13:23.986","2223106.0000","1.5403","60550.0000","-0.0500","-0.0050","-1.0000","0.0000","0.0000","0.0000","0.0000","0.0000"
"14052.0","15:13:23.987","2222887.0000","1.5164","60550.0000","-0.0500","-0.0050","-1.0000","0.0000","0.0000","0.0000","0.0000","0.0000"
"14053.0","15:13:23.988","2224279.0000","1.6681","60550.0000","-0.0500","-0.0050","-1.0000","0.0000","0.0000","0.0000","0.0000","0.0000"
"14054.0","15:13:23.989","2224177.0000","1.6570","60550.0000","-0.0500","-0.0050","-1.0000","0.0000","0.0000","0.0000","0.0000","0.0000"
"14055.0","15:13:23.990","2223724.0000","1.6076","60550.0000","-0.0500","-0.0050","-1.0000","0.0000","0.0000","0.0000","0.0000","0.0000"
"14056.0","15:13:23.991","2223564.0000","1.5902","60550.0000","-0.0500","-0.0050","-1.0000","0.0000","0.0000","0.0000","0.0000","0.0000"
"14057.0","15:13:23.992","2223108.0000","1.5405","60550.0000","-0.0500","-0.0050","-1.0000","0.0000","0.0000","0.0000","0.0000","0.0000"
"14058.0","15:13:23.993","2223419.0000","1.5744","60550.0000","-0.0500","-0.0050","-1.0000","0.0000","0.0000","0.0000","0.0000","0.0000"
"14059.0","15:13:23.994","2223466.0000","1.5795","60550.0000","-0.0500","-0.0050","-1.0000","0.0000","0.0000","0.0000","0.0000","0.0000"
"14060.0","15:13:23.995","2222616.0000","1.4868","60550.0000","-0.0500","-0.0050","-1.0000","0.0000","0.0000","0.0000","0.0000","0.0000"
"14061.0","15:13:23.996","2222372.0000","1.4602","60550.0000","-0.0500","-0.0050","-1.0000","0.0000","0.0000","0.0000","0.0000","0.0000"
"14062.0","15:13:23.997","2222941.0000","1.5222","60550.0000","-0.0500","-0.0050","-1.0000","0.0000","0.0000","0.0000","0.0000","0.0000"
"14063.0","15:13:23.998","2222941.0000","1.5222","60550.0000","-0.0500","-0.0050","-1.0000","0.0000","0.0000","0.0000","0.0000","0.0000"
"14064.0","15:13:23.999","2222345.0000","1.4573","60550.0000","-0.0500","-0.0050","-1.0000","0.0000","0.0000","0.0000","0.0000","0.0000"
"14065.0","15:13:24.0","2222888.0000","1.5165","60550.0000","-0.0500","-0.0050","-1.0000","0.0000","0.0000","0.0000","0.0000","0.0000"
"14066.0","15:13:24.1","2222692.0000","1.4951","60550.0000","-0.0500","-0.0050","-1.0000","0.0000","0.0000","0.0000","0.0000","0.0000"
"14067.0","15:13:24.2","2222696.0000","1.4956","60550.0000","-0.0500","-0.0050","-1.0000","0.0000","0.0000","0.0000","0.0000","0.0000"
"14068.0","15:13:24.3","2222034.0000","1.4234","60550.0000","-0.0500","-0.0050","-1.0000","0.0000","0.0000","0.0000","0.0000","0.0000"
"14069.0","15:13:24.4","2221929.0000","1.4119","60550.0000","-0.0500","-0.0050","-1.0000","0.0000","0.0000","0.0000","0.0000","0.0000"
"14070.0","15:13:24.5","2223570.0000","1.5908","60550.0000","-0.0500","-0.0050","-1.0000","0.0000","0.0000","0.0000","0.0000","0.0000"
"14071.0","15:13:24.6","2224285.0000","1.6688","60550.0000","-0.0500","-0.0050","-1.0000","0.0000","0.0000","0.0000","0.0000","0.0000"
"14072.0","15:13:24.7","2223038.0000","1.5328","60550.0000","-0.0500","-0.0050","-1.0000","0.0000","0.0000","0.0000","0.0000","0.0000"
"14073.0","15:13:24.8","2222707.0000","1.4968","60550.0000","-0.0500","-0.0050","-1.0000","0.0000","0.0000","0.0000","0.0000","0.0000"
"14074.0","15:13:24.9","2223818.0000","1.6179","60550.0000","-0.0500","-0.0050","-1.0000","0.0000","0.0000","0.0000","0.0000","0.0000"
"14075.0","15:13:24.10","2223798.0000","1.6157","60550.0000","-0.0500","-0.0050","-1.0000","0.0000","0.0000","0.0000","0.0000","0.0000"
"14076.0","15:13:24.11","2223815.0000","1.6176","60550.0000","-0.0500","-0.0050","-1.0000","0.0000","0.0000","0.0000","0.0000","0.0000"
"14077.0","15:13:24.12","2222829.0000","1.5100","60550.0000","-0.0500","-0.0050","-1.0000","0.0000","0.0000","0.0000","0.0000","0.0000"
"14078.0","15:13:24.13","2222115.0000","1.4322","60550.0000","-0.0500","-0.0050","-1.0000","0.0000","0.0000","0.0000","0.0000","0.0000"
"14079.0","15:13:24.14","2223580.0000","1.5919","60550.0000","-0.0500","-0.0050","-1.0000","0.0000","0.0000","0.0000","0.0000","0.0000"
"14080.0","15:13:24.15","2223295.0000","1.5609","60550.0000","-0.0500","-0.0050","-1.0000","0.0000","0.0000","0.0000","0.0000","0.0000"
"14081.0","15:13:24.16","2223331.0000","1.5648","60550.0000","-0.0500","-0.0050","-1.0000","0.0000","0.0000","0.0000","0.0000","0.0000"
"14082.0","15:13:24.17","2223425.0000","1.5750","60550.0000","-0.0500","-0.0050","-1.0000","0.0000","0.0000","0.0000","0.0000","0.0000"
"14083.0","15:13:24.18","2223102.0000","1.5398","60550.0000","-0.0500","-0.0050","-1.0000","0.0000","0.0000","0.0000","0.0000","0.0000"
"14084.0","15:13:24.19","2223363.0000","1.5683","60550.0000","-0.0500","-0.0050","-1.0000","0.0000","0.0000","0.0000","0.0000","0.0000"
"14085.0","15:13:24.20","2222464.0000","1.4703","60550.0000","-0.0500","-0.0050","-1.0000","0.0000","0.0000","0.0000","0.0000","0.0000"
"14086.0","15:13:24.21","2223094.0000","1.5390","60550.0000","-0.0500","-0.0050","-1.0000","0.0000","0.0000","0.0000","0.0000","0.0000"
"14087.0","15:13:24.22","2224245.0000","1.6644","60550.0000","-0.0500","-0.0050","-1.0000","0.0000","0.0000","0.0000","0.0000","0.0000"
"14088.0","15:13:24.23","2223452.0000","1.5780","60550.0000","-0.0500","-0.0050","-1.0000","0.0000","0.0000","0.0000","0.0000","0.0000"
"14089.0","15:13:24.24","2223684.0000","1.6032","60550.0000","-0.0500","-0.0050","-1.0000","0.0000","0.0000","0.0000","0.0000","0.0000"
"14090.0","15:13:24.25","2224402.0000","1.6815","60550.0000","-0.0500","-0.0050","-1.0000","0.0000","0.0000","0.0000","0.0000","0.0000"
"14091.0","15:13:24.26","2223352.0000","1.5671","60550.0000","-0.0500","-0.0050","-1.0000","0.0000","0.0000","0.0000","0.0000","0.0000"
"14092.0","15:13:24.27","2222930.0000","1.5211","60550.0000","-0.0500","-0.0050","-1.0000","0.0000","0.0000","0.0000","0.0000","0.0000"
"14093.0","15:13:24.28","2222470.0000","1.4709","60550.0000","-0.0500","-0.0050","-1.0000","0.0000","0.0000","0.0000","0.0000","0.0000"
"14094.0","15:13:24.29","2221395.0000","1.3537","60550.0000","-0.0500","-0.0050","-1.0000","0.0000","0.0000","0.0000","0.0000","0.0000"
"14095.0","15:13:24.30","2222355.0000","1.4584","60550.0000","-0.0500","-0.0050","-1.0000","0.0000","0.0000","0.0000","0.0000","0.0000"
"14096.0","15:13:24.31","2222632.0000","1.4886","60550.0000","-0.0500","-0.0050","-1.0000","0.0000","0.0000","0.0000","0.0000","0.0000"
"14097.0","15:13:24.32","2222696.0000","1.4956","60550.0000","-0.0500","-0.0050","-1.0000","0.0000","0.0000","0.0000","0.0000","0.0000"
"14098.0","15:13:24.33","2222794.0000","1.5062","60550.0000","-0.0500","-0.0050","-1.0000","0.0000","0.0000","0.0000","0.0000","0.0000"
"14099.0","15:13:24.34","2222329.0000","1.4555","60550.0000","-0.0500","-0.0050","-1.0000","0.0000","0.0000","0.0000","0.0000","0.0000"
"14100.0","15:13:24.35","2223177.0000","1.5480","60550.0000","-0.0500","-0.0050","-1.0000","0.0000","0.0000","0.0000","0.0000","0.0000"
"14101.0","15:13:24.36","2222757.0000","1.5022","60550.0000","-0.0500","-0.0050","-1.0000","0.0000","0.0000","0.0000","0.0000","0.0000"
"14102.0","15:13:24.37","2222146.0000","1.4356","60550.0000","-0.0500","-0.0050","-1.0000","0.0000","0.0000","0.0000","0.0000","0.0000"
"14103.0","15:13:24.38","2223654.0000","1.6000","60550.0000","-0.0500","-0.0050","-1.0000","0.0000","0.0000","0.0000","0.0000","0.0000"
"14104.0","15:13:24.39","2223782.0000","1.6139","60550.0000","-0.0500","-0.0050","-1.0000","0.0000","0.0000","0.0000","0.0000","0.0000"
"14105.0","15:13:24.40","2224111.0000","1.6498","60550.0000","-0.0500","-0.0050","-1.0000","0.0000","0.0000","0.0000","0.0000","0.0000"
"14106.0","15:13:24.41","2223798.0000","1.6157","60550.0000","-0.0500","-0.0050","-1.0000","0.0000","0.0000","0.0000","0.0000","0.0000"
"14107.0","15:13:24.42","2223225.0000","1.5532","60550.0000","-0.0500","-0.0050","-1.0000","0.0000","0.0000","0.0000","0.0000","0.0000"
"14108.0","15:13:24.43","2223292.0000","1.5605","60550.0000","-0.0500","-0.0050","-1.0000","0.0000","0.0000","0.0000","0.0000","0.0000"
"14109.0","15:13:24.44","2222213.0000","1.4429","60550.0000","-0.0500","-0.0050","-1.0000","0.0000","0.0000","0.0000","0.0000","0.0000"
"14110.0","15:13:24.45","2222213.0000","1.4429","60550.0000","-0.0500","-0.0050","-1.0000","0.0000","0.0000","0.0000","0.0000","0.0000"
"14111.0","15:13:24.46","2221561.0000","1.3718","60550.0000","-0.0500","-0.0050","-1.0000","0.0000","0.0000","0.0000","0.0000","0.0000"
"14112.0","15:13:24.47","2221886.0000","1.4073","60550.0000","-0.0500","-0.0050","-1.0000","0.0000","0.0000","0.0000","0.0000","0.0000"
"14113.0","15:13:24.48","2221768.0000","1.3944","60550.0000","-0.0500","-0.0050","-1.0000","0.0000","0.0000","0.0000","0.0000","0.0000"
"14114.0","15:13:24.49","2221974.0000","1.4168","60550.0000","-0.0500","-0.0050","-1.0000","0.0000","0.0000","0.0000","0.0000","0.0000"
"14115.0","15:13:24.50","2222194.0000","1.4408","60550.0000","-0.0500","-0.0050","-1.0000","0.0000","0.0000","0.0000","0.0000","0.0000"
"14116.0","15:13:24.51","2222038.0000","1.4238","60550.0000","-0.0500","-0.0050","-1.0000","0.0000","0.0000","0.0000","0.0000","0.0000"
"14117.0","15:13:24.52","2221895.0000","1.4082","60550.0000","-0.0500","-0.0050","-1.0000","0.0000","0.0000","0.0000","0.0000","0.0000"
"14118.0","15:13:24.53","2221556.0000","1.3713","60550.0000","-0.0500","-0.0050","-1.0000","0.0000","0.0000","0.0000","0.0000","0.0000"
"14119.0","15:13:24.54","2221514.0000","1.3667","60550.0000","-0.0500","-0.0050","-1.0000","0.0000","0.0000","0.0000","0.0000","0.0000"
"14120.0","15:13:24.55","2221388.0000","1.3530","60550.0000","-0.0500","-0.0050","-1.0000","0.0000","0.0000","0.0000","0.0000","0.0000"
"14121.0","15:13:24.56","2221656.0000","1.3822","60550.0000","-0.0500","-0.0050","-1.0000","0.0000","0.0000","0.0000","0.0000","0.0000"
"14122.0","15:13:24.57","2222128.0000","1.4336","60550.0000","-0.0500","-0.0050","-1.0000","0.0000","0.0000","0.0000","0.0000","0.0000"
"14123.0","15:13:24.58","2221870.0000","1.4055","60550.0000","-0.0500","-0.0050","-1.0000","0.0000","0.0000","0.0000","0.0000","0.0000"
"14124.0","15:13:24.59","2221694.0000","1.3863","60550.0000","-0.0500","-0.0050","-1.0000","0.0000","0.0000","0.0000","0.0000","0.0000"
"14125.0","15:13:24.60","2222143.0000","1.4353","60550.0000","-0.0500","-0.0050","-1.0000","0.0000","0.0000","0.0000","0.0000","0.0000"
"14126.0","15:13:24.61","2221338.0000","1.3475","60550.0000","-0.0500","-0.0050","-1.0000","0.0000","0.0000","0.0000","0.0000","0.0000"
"14127.0","15:13:24.62","2221221.0000","1.3348","60550.0000","-0.0500","-0.0050","-1.0000","0.0000","0.0000","0.0000","0.0000","0.0000"
"14128.0","15:13:24.63","2221220.0000","1.3346","60550.0000","-0.0500","-0.0050","-1.0000","0.0000","0.0000","0.0000","0.0000","0.0000"
"14129.0","15:13:24.64","2220724.0000","1.2806","60550.0000","-0.0500","-0.0050","-1.0000","0.0000","0.0000","0.0000","0.0000","0.0000"
"14130.0","15:13:24.65","2221615.0000","1.3777","60550.0000","-0.0500","-0.0050","-1.0000","0.0000","0.0000","0.0000","0.0000","0.0000"
"14131.0","15:13:24.66","2221350.0000","1.3488","60550.0000","-0.0500","-0.0050","-1.0000","0.0000","0.0000","0.0000","0.0000","0.0000"
"14132.0","15:13:24.67","2221122.0000","1.3239","60550.0000","-0.0500","-0.0050","-1.0000","0.0000","0.0000","0.0000","0.0000","0.0000"
"14133.0","15:13:24.68","2220559.0000","1.2626","60550.0000","-0.0500","-0.0050","-1.0000","0.0000","0.0000","0.0000","0.0000","0.0000"
"14134.0","15:13:24.69","2221362.0000","1.3501","60550.0000","-0.0500","-0.0050","-1.0000","0.0000","0.0000","0.0000","0.0000","0.0000"
"14135.0","15:13:24.70","2220608.0000","1.2679","60550.0000","-0.0500","-0.0050","-1.0000","0.0000","0.0000","0.0000","0.0000","0.0000"
"14136.0","15:13:24.71","2221744.0000","1.3918","60550.0000","-0.0500","-0.0050","-1.0000","0.0000","0.0000","0.0000","0.0000","0.0000"
"14137.0","15:13:24.72","2221848.0000","1.4031","60550.0000","-0.0500","-0.0050","-1.0000","0.0000","0.0000","0.0000","0.0000","0.0000"
"14138.0","15:13:24.73","2221899.0000","1.4087","60550.0000","-0.0500","-0.0050","-1.0000","0.0000","0.0000","0.0000","0.0000","0.0000"
"14139.0","15:13:24.74","2221477.0000","1.3627","60550.0000","-0.0500","-0.0050","-1.0000","0.0000","0.0000","0.0000","0.0000","0.0000"
"14140.0","15:13:24.75","2222051.0000","1.4252","60550.0000","-0.0500","-0.0050","-1.0000","0.0000","0.0000","0.0000","0.0000","0.0000"
"14141.0","15:13:24.76","2221910.0000","1.4099","60550.0000","-0.0500","-0.0050","-1.0000","0.0000","0.0000","0.0000","0.0000","0.0000"
"14142.0","15:13:24.77","2222232.0000","1.4450","60550.0000","-0.0500","-0.0050","-1.0000","0.0000","0.0000","0.0000","0.0000","0.0000"
"14143.0","15:13:24.78","2221089.0000","1.3204","60550.0000","-0.0500","-0.0050","-1.0000","0.0000","0.0000","0.0000","0.0000","0.0000"
"14144.0","15:13:24.79","2220536.0000","1.2601","60550.0000","-0.0500","-0.0050","-1.0000","0.0000","0.0000","0.0000","0.0000","0.0000"
"14145.0","15:13:24.80","2221947.0000","1.4139","60550.0000","-0.0500","-0.0050","-1.0000","0.0000","0.0000","0.0000","0.0000","0.0000"
"14146.0","15:13:24.81","2221554.0000","1.3711","60550.0000","-0.0500","-0.0050","-1.0000","0.0000","0.0000","0.0000","0.0000","0.0000"
"14147.0","15:13:24.82","2221628.0000","1.3791","60550.0000","-0.0500","-0.0050","-1.0000","0.0000","0.0000","0.0000","0.0000","0.0000"
"14148.0","15:13:24.83","2221563.0000","1.3720","60550.0000","-0.0500","-0.0050","-1.0000","0.0000","0.0000","0.0000","0.0000","0.0000"
"14149.0","15:13:24.84","2222091.0000","1.4296","60550.0000","-0.0500","-0.0050","-1.0000","0.0000","0.0000","0.0000","0.0000","0.0000"
"14150.0","15:13:24.85","2222702.0000","1.4962","60550.0000","-0.0500","-0.0050","-1.0000","0.0000","0.0000","0.0000","0.0000","0.0000"
"14151.0","15:13:24.86","2221081.0000","1.3195","60550.0000","-0.0500","-0.0050","-1.0000","0.0000","0.0000","0.0000","0.0000","0.0000"
"14152.0","15:13:24.87","2221090.0000","1.3205","60550.0000","-0.0500","-0.0050","-1.0000","0.0000","0.0000","0.0000","0.0000","0.0000"
"14153.0","15:13:24.88","2221687.0000","1.3855","60550.0000","-0.0500","-0.0050","-1.0000","0.0000","0.0000","0.0000","0.0000","0.0000"
"14154.0","15:13:24.89","2222274.0000","1.4496","60550.0000","-0.0500","-0.0050","-1.0000","0.0000","0.0000","0.0000","0.0000","0.0000"
"14155.0","15:13:24.90","2221854.0000","1.4038","60547.0000","-0.0500","-0.0050","-1.0000","0.0000","0.0000","0.0000","0.0000","0.0000"
"14156.0","15:13:24.91","2221938.0000","1.4129","60547.0000","-0.0500","-0.0050","-1.0000","0.0000","0.0000","0.0000","0.0000","0.0000"
"14157.0","15:13:24.92","2221938.0000","1.4129","60547.0000","-0.0500","-0.0050","-1.0000","0.0000","0.0000","0.0000","0.0000","0.0000"
"14158.0","15:13:24.93","2222524.0000","1.4768","60547.0000","-0.0500","-0.0050","-1.0000","0.0000","0.0000","0.0000","0.0000","0.0000"
"14159.0","15:13:24.94","2221184.0000","1.3307","60547.0000","-0.0500","-0.0050","-1.0000","0.0000","0.0000","0.0000","0.0000","0.0000"
"14160.0","15:13:24.95","2220866.0000","1.2960","60547.0000","-0.0500","-0.0050","-1.0000","0.0000","0.0000","0.0000","0.0000","0.0000"
"14161.0","15:13:24.96","2220156.0000","1.2187","60547.0000","-0.0500","-0.0050","-1.0000","0.0000","0.0000","0.0000","0.0000","0.0000"
"14162.0","15:13:24.97","2221155.0000","1.3276","60547.0000","-0.0500","-0.0050","-1.0000","0.0000","0.0000","0.0000","0.0000","0.0000"
"14163.0","15:13:24.98","2221108.0000","1.3224","60547.0000","-0.0500","-0.0050","-1.0000","0.0000","0.0000","0.0000","0.0000","0.0000"
"14164.0","15:13:24.99","2222340.0000","1.4568","60547.0000","-0.0500","-0.0050","-1.0000","0.0000","0.0000","0.0000","0.0000","0.0000"
"14165.0","15:13:24.100","2220991.0000","1.3097","60547.0000","-0.0500","-0.0050","-1.0000","0.0000","0.0000","0.0000","0.0000","0.0000"
"14166.0","15:13:24.101","2221438.0000","1.3584","60547.0000","-0.0500","-0.0050","-1.0000","0.0000","0.0000","0.0000","0.0000","0.0000"
"14167.0","15:13:24.102","2221792.0000","1.3970","60547.0000","-0.0500","-0.0050","-1.0000","0.0000","0.0000","0.0000","0.0000","0.0000"
"14168.0","15:13:24.103","2221479.0000","1.3629","60547.0000","-0.0500","-0.0050","-1.0000","0.0000","0.0000","0.0000","0.0000","0.0000"
"14169.0","15:13:24.104","2222504.0000","1.4746","60547.0000","-0.0500","-0.0050","-1.0000","0.0000","0.0000","0.0000","0.0000","0.0000"
"14170.0","15:13:24.105","2222438.0000","1.4674","60547.0000","-0.0500","-0.0050","-1.0000","0.0000","0.0000","0.0000","0.0000","0.0000"
"14171.0","15:13:24.106","2223264.0000","1.5575","60547.0000","-0.0500","-0.0050","-1.0000","0.0000","0.0000","0.0000","0.0000","0.0000"
"14172.0","15:13:24.107","2222268.0000","1.4489","60547.0000","-0.0500","-0.0050","-1.0000","0.0000","0.0000","0.0000","0.0000","0.0000"
"14173.0","15:13:24.108","2222074.0000","1.4277","60547.0000","-0.0500","-0.0050","-1.0000","0.0000","0.0000","0.0000","0.0000","0.0000"
"14174.0","15:13:24.109","2222219.0000","1.4436","60547.0000","-0.0500","-0.0050","-1.0000","0.0000","0.0000","0.0000","0.0000","0.0000"
"14175.0","15:13:24.110","2222081.0000","1.4285","60547.0000","-0.0500","-0.0050","-1.0000","0.0000","0.0000","0.0000","0.0000","0.0000"
"14176.0","15:13:24.111","2222166.0000","1.4378","60547.0000","-0.0500","-0.0050","-1.0000","0.0000","0.0000","0.0000","0.0000","0.0000"
"14177.0","15:13:24.112","2221332.0000","1.3469","60547.0000","-0.0500","-0.0050","-1.0000","0.0000","0.0000","0.0000","0.0000","0.0000"
"14178.0","15:13:24.113","2221247.0000","1.3376","60547.0000","-0.0500","-0.0050","-1.0000","0.0000","0.0000","0.0000","0.0000","0.0000"
"14179.0","15:13:24.114","2221418.0000","1.3562","60547.0000","-0.0500","-0.0050","-1.0000","0.0000","0.0000","0.0000","0.0000","0.0000"
"14180.0","15:13:24.115","2221081.0000","1.3195","60547.0000","-0.0500","-0.0050","-1.0000","0.0000","0.0000","0.0000","0.0000","0.0000"
"14181.0","15:13:24.116","2221493.0000","1.3644","60547.0000","-0.0500","-0.0050","-1.0000","0.0000","0.0000","0.0000","0.0000","0.0000"
"14182.0","15:13:24.117","2221447.0000","1.3594","60547.0000","-0.0500","-0.0050","-1.0000","0.0000","0.0000","0.0000","0.0000","0.0000"
"14183.0","15:13:24.118","2220863.0000","1.2957","60547.0000","-0.0500","-0.0050","-1.0000","0.0000","0.0000","0.0000","0.0000","0.0000"
"14184.0","15:13:24.119","2220974.0000","1.3078","60547.0000","-0.0500","-0.0050","-1.0000","0.0000","0.0000","0.0000","0.0000","0.0000"
"14185.0","15:13:24.120","2221693.0000","1.3862","60547.0000","-0.0500","-0.0050","-1.0000","0.0000","0.0000","0.0000","0.0000","0.0000"
"14186.0","15:13:24.121","2221800.0000","1.3979","60547.0000","-0.0500","-0.0050","-1.0000","0.0000","0.0000","0.0000","0.0000","0.0000"
"14187.0","15:13:24.122","2222386.0000","1.4618","60547.0000","-0.0500","-0.0050","-1.0000","0.0000","0.0000","0.0000","0.0000","0.0000"
"14188.0","15:13:24.123","2222408.0000","1.4642","60547.0000","-0.0500","-0.0050","-1.0000","0.0000","0.0000","0.0000","0.0000","0.0000"
"14189.0","15:13:24.124","2222701.0000","1.4961","60547.0000","-0.0500","-0.0050","-1.0000","0.0000","0.0000","0.0000","0.0000","0.0000"
"14190.0","15:13:24.125","2222633.0000","1.4887","60547.0000","-0.0500","-0.0050","-1.0000","0.0000","0.0000","0.0000","0.0000","0.0000"
"14191.0","15:13:24.126","2222968.0000","1.5252","60547.0000","-0.0500","-0.0050","-1.0000","0.0000","0.0000","0.0000","0.0000","0.0000"
"14192.0","15:13:24.127","2222006.0000","1.4203","60547.0000","-0.0500","-0.0050","-1.0000","0.0000","0.0000","0.0000","0.0000","0.0000"
"14193.0","15:13:24.128","2222153.0000","1.4364","60547.0000","-0.0500","-0.0050","-1.0000","0.0000","0.0000","0.0000","0.0000","0.0000"
"14194.0","15:13:24.129","2221052.0000","1.3163","60547.0000","-0.0500","-0.0050","-1.0000","0.0000","0.0000","0.0000","0.0000","0.0000"
"14195.0","15:13:24.130","2220609.0000","1.2680","60547.0000","-0.0500","-0.0050","-1.0000","0.0000","0.0000","0.0000","0.0000","0.0000"
"14196.0","15:13:24.131","2220932.0000","1.3032","60547.0000","-0.0500","-0.0050","-1.0000","0.0000","0.0000","0.0000","0.0000","0.0000"
"14197.0","15:13:24.132","2220435.0000","1.2491","60547.0000","-0.0500","-0.0050","-1.0000","0.0000","0.0000","0.0000","0.0000","0.0000"
"14198.0","15:13:24.133","2220773.0000","1.2859","60547.0000","-0.0500","-0.0050","-1.0000","0.0000","0.0000","0.0000","0.0000","0.0000"
"14199.0","15:13:24.134","2220404.0000","1.2457","60547.0000","-0.0500","-0.0050","-1.0000","0.0000","0.0000","0.0000","0.0000","0.0000"
"14200.0","15:13:24.135","2220658.0000","1.2734","60547.0000","-0.0500","-0.0050","-1.0000","0.0000","0.0000","0.0000","0.0000","0.0000"
"14201.0","15:13:24.136","2221016.0000","1.3124","60547.0000","-0.0500","-0.0050","-1.0000","0.0000","0.0000","0.0000","0.0000","0.0000"
"14202.0","15:13:24.137","2222212.0000","1.4428","60547.0000","-0.0500","-0.0050","-1.0000","0.0000","0.0000","0.0000","0.0000","0.0000"
"14203.0","15:13:24.138","2223370.0000","1.5690","60547.0000","-0.0500","-0.0050","-1.0000","0.0000","0.0000","0.0000","0.0000","0.0000"
"14204.0","15:13:24.139","2223370.0000","1.5690","60547.0000","-0.0500","-0.0050","-1.0000","0.0000","0.0000","0.0000","0.0000","0.0000"
"14205.0","15:13:24.140","2223258.0000","1.5568","60547.0000","-0.0500","-0.0050","-1.0000","0.0000","0.0000","0.0000","0.0000","0.0000"
"14206.0","15:13:24.141","2222567.0000","1.4815","60547.0000","-0.0500","-0.0050","-1.0000","0.0000","0.0000","0.0000","0.0000","0.0000"
"14207.0","15:13:24.142","2223443.0000","1.5770","60547.0000","-0.0500","-0.0050","-1.0000","0.0000","0.0000","0.0000","0.0000","0.0000"
"14208.0","15:13:24.143","2222907.0000","1.5185","60547.0000","-0.0500","-0.0050","-1.0000","0.0000","0.0000","0.0000","0.0000","0.0000"
"14209.0","15:13:24.144","2222386.0000","1.4618","60547.0000","-0.0500","-0.0050","-1.0000","0.0000","0.0000","0.0000","0.0000","0.0000"
"14210.0","15:13:24.145","2221824.0000","1.4005","60547.0000","-0.0500","-0.0050","-1.0000","0.0000","0.0000","0.0000","0.0000","0.0000"
"14211.0","15:13:24.146","2222281.0000","1.4503","60547.0000","-0.0500","-0.0050","-1.0000","0.0000","0.0000","0.0000","0.0000","0.0000"
"14212.0","15:13:24.147","2223382.0000","1.5703","60547.0000","-0.0500","-0.0050","-1.0000","0.0000","0.0000","0.0000","0.0000","0.0000"
"14213.0","15:13:24.148","2222792.0000","1.5060","60547.0000","-0.0500","-0.0050","-1.0000","0.0000","0.0000","0.0000","0.0000","0.0000"
"14214.0","15:13:24.149","2222888.0000","1.5165","60547.0000","-0.0500","-0.0050","-1.0000","0.0000","0.0000","0.0000","0.0000","0.0000"
"14215.0","15:13:24.150","2222880.0000","1.5156","60547.0000","-0.0500","-0.0050","-1.0000","0.0000","0.0000","0.0000","0.0000","0.0000"
"14216.0","15:13:24.151","2222890.0000","1.5167","60555.0000","-0.0500","-0.0050","-1.0000","0.0000","0.0000","0.0000","0.0000","0.0000"
"14217.0","15:13:24.152","2221923.0000","1.4113","60555.0000","-0.0500","-0.0050","-1.0000","0.0000","0.0000","0.0000","0.0000","0.0000"
"14218.0","15:13:24.153","2222172.0000","1.4384","60555.0000","-0.0500","-0.0050","-1.0000","0.0000","0.0000","0.0000","0.0000","0.0000"
"14219.0","15:13:24.154","2222070.0000","1.4273","60555.0000","-0.0500","-0.0050","-1.0000","0.0000","0.0000","0.0000","0.0000","0.0000"
"14220.0","15:13:24.155","2223427.0000","1.5753","60555.0000","-0.0500","-0.0050","-1.0000","0.0000","0.0000","0.0000","0.0000","0.0000"
"14221.0","15:13:24.156","2222745.0000","1.5009","60555.0000","-0.0500","-0.0050","-1.0000","0.0000","0.0000","0.0000","0.0000","0.0000"
"14222.0","15:13:24.157","2222486.0000","1.4727","60555.0000","-0.0500","-0.0050","-1.0000","0.0000","0.0000","0.0000","0.0000","0.0000"
"14223.0","15:13:24.158","2222870.0000","1.5145","60555.0000","-0.0500","-0.0050","-1.0000","0.0000","0.0000","0.0000","0.0000","0.0000"
"14224.0","15:13:24.159","2221710.0000","1.3880","60555.0000","-0.0500","-0.0050","-1.0000","0.0000","0.0000","0.0000","0.0000","0.0000"
"14225.0","15:13:24.160","2222512.0000","1.4755","60555.0000","-0.0500","-0.0050","-1.0000","0.0000","0.0000","0.0000","0.0000","0.0000"
"14226.0","15:13:24.161","2222102.0000","1.4308","60555.0000","-0.0500","-0.0050","-1.0000","0.0000","0.0000","0.0000","0.0000","0.0000"
"14227.0","15:13:24.162","2221161.0000","1.3282","60555.0000","-0.0500","-0.0050","-1.0000","0.0000","0.0000","0.0000","0.0000","0.0000"
"14228.0","15:13:24.163","2221547.0000","1.3703","60555.0000","-0.0500","-0.0050","-1.0000","0.0000","0.0000","0.0000","0.0000","0.0000"
"14229.0","15:13:24.164","2221918.0000","1.4108","60555.0000","-0.0500","-0.0050","-1.0000","0.0000","0.0000","0.0000","0.0000","0.0000"
"14230.0","15:13:24.165","2221638.0000","1.3802","60555.0000","-0.0500","-0.0050","-1.0000","0.0000","0.0000","0.0000","0.0000","0.0000"
"14231.0","15:13:24.166","2221478.0000","1.3628","60555.0000","-0.0500","-0.0050","-1.0000","0.0000","0.0000","0.0000","0.0000","0.0000"
"14232.0","15:13:24.167","2221348.0000","1.3486","60555.0000","-0.0500","-0.0050","-1.0000","0.0000","0.0000","0.0000","0.0000","0.0000"
"14233.0","15:13:24.168","2221758.0000","1.3933","60555.0000","-0.0500","-0.0050","-1.0000","0.0000","0.0000","0.0000","0.0000","0.0000"
"14234.0","15:13:24.169","2222262.0000","1.4483","60555.0000","-0.0500","-0.0050","-1.0000","0.0000","0.0000","0.0000","0.0000","0.0000"
"14235.0","15:13:24.170","2221630.0000","1.3793","60555.0000","-0.0500","-0.0050","-1.0000","0.0000","0.0000","0.0000","0.0000","0.0000"
"14236.0","15:13:24.171","2223063.0000","1.5356","60555.0000","-0.0500","-0.0050","-1.0000","0.0000","0.0000","0.0000","0.0000","0.0000"
"14237.0","15:13:24.172","2224007.0000","1.6385","60555.0000","-0.0500","-0.0050","-1.0000","0.0000","0.0000","0.0000","0.0000","0.0000"
"14238.0","15:13:24.173","2223563.0000","1.5901","60555.0000","-0.0500","-0.0050","-1.0000","0.0000","0.0000","0.0000","0.0000","0.0000"
"14239.0","15:13:24.174","2222910.0000","1.5189","60555.0000","-0.0500","-0.0050","-1.0000","0.0000","0.0000","0.0000","0.0000","0.0000"
"14240.0","15:13:24.175","2222881.0000","1.5157","60555.0000","-0.0500","-0.0050","-1.0000","0.0000","0.0000","0.0000","0.0000","0.0000"
"14241.0","15:13:24.176","2222947.0000","1.5229","60555.0000","-0.0500","-0.0050","-1.0000","0.0000","0.0000","0.0000","0.0000","0.0000"
"14242.0","15:13:24.177","2223283.0000","1.5595","60555.0000","-0.0500","-0.0050","-1.0000","0.0000","0.0000","0.0000","0.0000","0.0000"
"14243.0","15:13:24.178","2222418.0000","1.4652","60555.0000","-0.0500","-0.0050","-1.0000","0.0000","0.0000","0.0000","0.0000","0.0000"
"14244.0","15:13:24.179","2222026.0000","1.4225","60555.0000","-0.0500","-0.0050","-1.0000","0.0000","0.0000","0.0000","0.0000","0.0000"
"14245.0","15:13:24.180","2222510.0000","1.4753","60555.0000","-0.0500","-0.0050","-1.0000","0.0000","0.0000","0.0000","0.0000","0.0000"
"14246.0","15:13:24.181","2222605.0000","1.4856","60555.0000","-0.0500","-0.0050","-1.0000","0.0000","0.0000","0.0000","0.0000","0.0000"
"14247.0","15:13:24.182","2223180.0000","1.5483","60555.0000","-0.0500","-0.0050","-1.0000","0.0000","0.0000","0.0000","0.0000","0.0000"
"14248.0","15:13:24.183","2222198.0000","1.4412","60555.0000","-0.0500","-0.0050","-1.0000","0.0000","0.0000","0.0000","0.0000","0.0000"
"14249.0","15:13:24.184","2222844.0000","1.5117","60555.0000","-0.0500","-0.0050","-1.0000","0.0000","0.0000","0.0000","0.0000","0.0000"
"14250.0","15:13:24.185","2222787.0000","1.5055","60555.0000","-0.0500","-0.0050","-1.0000","0.0000","0.0000","0.0000","0.0000","0.0000"
"14251.0","15:13:24.186","2222787.0000","1.5055","60555.0000","-0.0500","-0.0050","-1.0000","0.0000","0.0000","0.0000","0.0000","0.0000"
"14252.0","15:13:24.187","2221510.0000","1.3663","60555.0000","-0.0500","-0.0050","-1.0000","0.0000","0.0000","0.0000","0.0000","0.0000"
"14253.0","15:13:24.188","2223268.0000","1.5579","60555.0000","-0.0500","-0.0050","-1.0000","0.0000","0.0000","0.0000","0.0000","0.0000"
"14254.0","15:13:24.189","2223389.0000","1.5711","60555.0000","-0.0500","-0.0050","-1.0000","0.0000","0.0000","0.0000","0.0000","0.0000"
"14255.0","15:13:24.190","2223813.0000","1.6173","60555.0000","-0.0500","-0.0050","-1.0000","0.0000","0.0000","0.0000","0.0000","0.0000"
"14256.0","15:13:24.191","2223724.0000","1.6076","60555.0000","-0.0500","-0.0050","-1.0000","0.0000","0.0000","0.0000","0.0000","0.0000"
"14257.0","15:13:24.192","2223527.0000","1.5861","60555.0000","-0.0500","-0.0050","-1.0000","0.0000","0.0000","0.0000","0.0000","0.0000"
"14258.0","15:13:24.193","2223617.0000","1.5960","60555.0000","-0.0500","-0.0050","-1.0000","0.0000","0.0000","0.0000","0.0000","0.0000"
"14259.0","15:13:24.194","2223502.0000","1.5834","60555.0000","-0.0500","-0.0050","-1.0000","0.0000","0.0000","0.0000","0.0000","0.0000"
"14260.0","15:13:24.195","2222648.0000","1.4903","60555.0000","-0.0500","-0.0050","-1.0000","0.0000","0.0000","0.0000","0.0000","0.0000"
"14261.0","15:13:24.196","2221957.0000","1.4150","60555.0000","-0.0500","-0.0050","-1.0000","0.0000","0.0000","0.0000","0.0000","0.0000"
"14262.0","15:13:24.197","2221471.0000","1.3620","60555.0000","-0.0500","-0.0050","-1.0000","0.0000","0.0000","0.0000","0.0000","0.0000"
"14263.0","15:13:24.198","2222513.0000","1.4756","60555.0000","-0.0500","-0.0050","-1.0000","0.0000","0.0000","0.0000","0.0000","0.0000"
"14264.0","15:13:24.199","2221960.0000","1.4153","60555.0000","-0.0500","-0.0050","-1.0000","0.0000","0.0000","0.0000","0.0000","0.0000"
"14265.0","15:13:24.200","2221673.0000","1.3840","60555.0000","-0.0500","-0.0050","-1.0000","0.0000","0.0000","0.0000","0.0000","0.0000"
"14266.0","15:13:24.201","2221259.0000","1.3389","60555.0000","-0.0500","-0.0050","-1.0000","0.0000","0.0000","0.0000","0.0000","0.0000"
"14267.0","15:13:24.202","2221517.0000","1.3670","60555.0000","-0.0500","-0.0050","-1.0000","0.0000","0.0000","0.0000","0.0000","0.0000"
"14268.0","15:13:24.203","2222166.0000","1.4378","60555.0000","-0.0500","-0.0050","-1.0000","0.0000","0.0000","0.0000","0.0000","0.0000"
"14269.0","15:13:24.204","2223049.0000","1.5340","60555.0000","-0.0500","-0.0050","-1.0000","0.0000","0.0000","0.0000","0.0000","0.0000"
"14270.0","15:13:24.205","2222960.0000","1.5243","60555.0000","-0.0500","-0.0050","-1.0000","0.0000","0.0000","0.0000","0.0000","0.0000"
"14271.0","15:13:24.206","2222708.0000","1.4969","60555.0000","-0.0500","-0.0050","-1.0000","0.0000","0.0000","0.0000","0.0000","0.0000"
"14272.0","15:13:24.207","2222816.0000","1.5087","60555.0000","-0.0500","-0.0050","-1.0000","0.0000","0.0000","0.0000","0.0000","0.0000"
"14273.0","15:13:24.208","2221595.0000","1.3755","60555.0000","-0.0500","-0.0050","-1.0000","0.0000","0.0000","0.0000","0.0000","0.0000"
"14274.0","15:13:24.209","2222633.0000","1.4887","60555.0000","-0.0500","-0.0050","-1.0000","0.0000","0.0000","0.0000","0.0000","0.0000"
"14275.0","15:13:24.210","2221964.0000","1.4158","60555.0000","-0.0500","-0.0050","-1.0000","0.0000","0.0000","0.0000","0.0000","0.0000"
"14276.0","15:13:24.211","2221566.0000","1.3724","60558.0000","-0.0500","-0.0050","-1.0000","0.0000","0.0000","0.0000","0.0000","0.0000"
"14277.0","15:13:24.212","2220544.0000","1.2610","60558.0000","-0.0500","-0.0050","-1.0000","0.0000","0.0000","0.0000","0.0000","0.0000"
"14278.0","15:13:24.213","2221036.0000","1.3146","60558.0000","-0.0500","-0.0050","-1.0000","0.0000","0.0000","0.0000","0.0000","0.0000"
"14279.0","15:13:24.214","2221524.0000","1.3678","60558.0000","-0.0500","-0.0050","-1.0000","0.0000","0.0000","0.0000","0.0000","0.0000"
"14280.0","15:13:24.215","2221589.0000","1.3749","60558.0000","-0.0500","-0.0050","-1.0000","0.0000","0.0000","0.0000","0.0000","0.0000"
"14281.0","15:13:24.216","2221159.0000","1.3280","60558.0000","-0.0500","-0.0050","-1.0000","0.0000","0.0000","0.0000","0.0000","0.0000"
"14282.0","15:13:24.217","2221300.0000","1.3434","60558.0000","-0.0500","-0.0050","-1.0000","0.0000","0.0000","0.0000","0.0000","0.0000"
"14283.0","15:13:24.218","2221712.0000","1.3883","60558.0000","-0.0500","-0.0050","-1.0000","0.0000","0.0000","0.0000","0.0000","0.0000"
"14284.0","15:13:24.219","2222522.0000","1.4766","60558.0000","-0.0500","-0.0050","-1.0000","0.0000","0.0000","0.0000","0.0000","0.0000"
"14285.0","15:13:24.220","2222454.0000","1.4692","60558.0000","-0.0500","-0.0050","-1.0000","0.0000","0.0000","0.0000","0.0000","0.0000"
"14286.0","15:13:24.221","2222610.0000","1.4862","60558.0000","-0.0500","-0.0050","-1.0000","0.0000","0.0000","0.0000","0.0000","0.0000"
"14287.0","15:13:24.222","2222223.0000","1.4440","60558.0000","-0.0500","-0.0050","-1.0000","0.0000","0.0000","0.0000","0.0000","0.0000"
"14288.0","15:13:24.223","2222713.0000","1.4974","60558.0000","-0.0500","-0.0050","-1.0000","0.0000","0.0000","0.0000","0.0000","0.0000"
"14289.0","15:13:24.224","2222519.0000","1.4762","60558.0000","-0.0500","-0.0050","-1.0000","0.0000","0.0000","0.0000","0.0000","0.0000"
"14290.0","15:13:24.225","2222231.0000","1.4449","60558.0000","-0.0500","-0.0050","-1.0000","0.0000","0.0000","0.0000","0.0000","0.0000"
"14291.0","15:13:24.226","2222228.0000","1.4445","60558.0000","-0.0500","-0.0050","-1.0000","0.0000","0.0000","0.0000","0.0000","0.0000"
"14292.0","15:13:24.227","2221902.0000","1.4090","60558.0000","-0.0500","-0.0050","-1.0000","0.0000","0.0000","0.0000","0.0000","0.0000"
"14293.0","15:13:24.228","2220908.0000","1.3006","60558.0000","-0.0500","-0.0050","-1.0000","0.0000","0.0000","0.0000","0.0000","0.0000"
"14294.0","15:13:24.229","2220817.0000","1.2907","60558.0000","-0.0500","-0.0050","-1.0000","0.0000","0.0000","0.0000","0.0000","0.0000"
"14295.0","15:13:24.230","2220913.0000","1.3012","60558.0000","-0.0500","-0.0050","-1.0000","0.0000","0.0000","0.0000","0.0000","0.0000"
"14296.0","15:13:24.231","2220810.0000","1.2900","60558.0000","-0.0500","-0.0050","-1.0000","0.0000","0.0000","0.0000","0.0000","0.0000"
"14297.0","15:13:24.232","2220927.0000","1.3027","60558.0000","-0.0500","-0.0050","-1.0000","0.0000","0.0000","0.0000","0.0000","0.0000"
"14298.0","15:13:24.233","2220927.0000","1.3027","60558.0000","-0.0500","-0.0050","-1.0000","0.0000","0.0000","0.0000","0.0000","0.0000"
"14299.0","15:13:24.234","2221952.0000","1.4145","60558.0000","-0.0500","-0.0050","-1.0000","0.0000","0.0000","0.0000","0.0000","0.0000"
"14300.0","15:13:24.235","2221596.0000","1.3756","60558.0000","-0.0500","-0.0050","-1.0000","0.0000","0.0000","0.0000","0.0000","0.0000"
"14301.0","15:13:24.236","2221797.0000","1.3976","60558.0000","-0.0500","-0.0050","-1.0000","0.0000","0.0000","0.0000","0.0000","0.0000"
"14302.0","15:13:24.237","2221443.0000","1.3589","60558.0000","-0.0500","-0.0050","-1.0000","0.0000","0.0000","0.0000","0.0000","0.0000"
"14303.0","15:13:24.238","2221716.0000","1.3887","60558.0000","-0.0500","-0.0050","-1.0000","0.0000","0.0000","0.0000","0.0000","0.0000"
"14304.0","15:13:24.239","2222708.0000","1.4969","60558.0000","-0.0500","-0.0050","-1.0000","0.0000","0.0000","0.0000","0.0000","0.0000"
"14305.0","15:13:24.240","2221850.0000","1.4033","60558.0000","-0.0500","-0.0050","-1.0000","0.0000","0.0000","0.0000","0.0000","0.0000"
"14306.0","15:13:24.241","2222801.0000","1.5070","60558.0000","-0.0500","-0.0050","-1.0000","0.0000","0.0000","0.0000","0.0000","0.0000"
"14307.0","15:13:24.242","2222530.0000","1.4775","60558.0000","-0.0500","-0.0050","-1.0000","0.0000","0.0000","0.0000","0.0000","0.0000"
"14308.0","15:13:24.243","2221415.0000","1.3559","60558.0000","-0.0500","-0.0050","-1.0000","0.0000","0.0000","0.0000","0.0000","0.0000"
"14309.0","15:13:24.244","2221695.0000","1.3864","60558.0000","-0.0500","-0.0050","-1.0000","0.0000","0.0000","0.0000","0.0000","0.0000"
"14310.0","15:13:24.245","2221136.0000","1.3255","60558.0000","-0.0500","-0.0050","-1.0000","0.0000","0.0000","0.0000","0.0000","0.0000"
"14311.0","15:13:24.246","2221164.0000","1.3285","60558.0000","-0.0500","-0.0050","-1.0000","0.0000","0.0000","0.0000","0.0000","0.0000"
"14312.0","15:13:24.247","2222284.0000","1.4506","60558.0000","-0.0500","-0.0050","-1.0000","0.0000","0.0000","0.0000","0.0000","0.0000"
"14313.0","15:13:24.248","2222312.0000","1.4537","60558.0000","-0.0500","-0.0050","-1.0000","0.0000","0.0000","0.0000","0.0000","0.0000"
"14314.0","15:13:24.249","2222337.0000","1.4564","60558.0000","-0.0500","-0.0050","-1.0000","0.0000","0.0000","0.0000","0.0000","0.0000"
"14315.0","15:13:24.250","2222196.0000","1.4411","60558.0000","-0.0500","-0.0050","-1.0000","0.0000","0.0000","0.0000","0.0000","0.0000"
"14316.0","15:13:24.251","2221992.0000","1.4188","60558.0000","-0.0500","-0.0050","-1.0000","0.0000","0.0000","0.0000","0.0000","0.0000"
"14317.0","15:13:24.252","2223101.0000","1.5397","60558.0000","-0.0500","-0.0050","-1.0000","0.0000","0.0000","0.0000","0.0000","0.0000"
"14318.0","15:13:24.253","2221651.0000","1.3816","60558.0000","-0.0500","-0.0050","-1.0000","0.0000","0.0000","0.0000","0.0000","0.0000"
"14319.0","15:13:24.254","2223144.0000","1.5444","60558.0000","-0.0500","-0.0050","-1.0000","0.0000","0.0000","0.0000","0.0000","0.0000"
"14320.0","15:13:24.255","2223589.0000","1.5929","60558.0000","-0.0500","-0.0050","-1.0000","0.0000","0.0000","0.0000","0.0000","0.0000"
"14321.0","15:13:24.256","2224254.0000","1.6654","60558.0000","-0.0500","-0.0050","-1.0000","0.0000","0.0000","0.0000","0.0000","0.0000"
"14322.0","15:13:24.257","2223456.0000","1.5784","60558.0000","-0.0500","-0.0050","-1.0000","0.0000","0.0000","0.0000","0.0000","0.0000"
"14323.0","15:13:24.258","2222807.0000","1.5077","60558.0000","-0.0500","-0.0050","-1.0000","0.0000","0.0000","0.0000","0.0000","0.0000"
"14324.0","15:13:24.259","2223129.0000","1.5428","60558.0000","-0.0500","-0.0050","-1.0000","0.0000","0.0000","0.0000","0.0000","0.0000"
"14325.0","15:13:24.260","2222865.0000","1.5140","60558.0000","-0.0500","-0.0050","-1.0000","0.0000","0.0000","0.0000","0.0000","0.0000"
"14326.0","15:13:24.261","2223569.0000","1.5907","60558.0000","-0.0500","-0.0050","-1.0000","0.0000","0.0000","0.0000","0.0000","0.0000"
"14327.0","15:13:24.262","2222285.0000","1.4508","60558.0000","-0.0500","-0.0050","-1.0000","0.0000","0.0000","0.0000","0.0000","0.0000"
"14328.0","15:13:24.263","2221326.0000","1.3462","60558.0000","-0.0500","-0.0050","-1.0000","0.0000","0.0000","0.0000","0.0000","0.0000"
"14329.0","15:13:24.264","2222479.0000","1.4719","60558.0000","-0.0500","-0.0050","-1.0000","0.0000","0.0000","0.0000","0.0000","0.0000"
"14330.0","15:13:24.265","2222675.0000","1.4933","60558.0000","-0.0500","-0.0050","-1.0000","0.0000","0.0000","0.0000","0.0000","0.0000"
"14331.0","15:13:24.266","2221695.0000","1.3864","60558.0000","-0.0500","-0.0050","-1.0000","0.0000","0.0000","0.0000","0.0000","0.0000"
"14332.0","15:13:24.267","2223058.0000","1.5350","60558.0000","-0.0500","-0.0050","-1.0000","0.0000","0.0000","0.0000","0.0000","0.0000"
"14333.0","15:13:24.268","2222670.0000","1.4927","60558.0000","-0.0500","-0.0050","-1.0000","0.0000","0.0000","0.0000","0.0000","0.0000"
"14334.0","15:13:24.269","2222657.0000","1.4913","60558.0000","-0.0500","-0.0050","-1.0000","0.0000","0.0000","0.0000","0.0000","0.0000"
"14335.0","15:13:24.270","2222366.0000","1.4596","60558.0000","-0.0500","-0.0050","-1.0000","0.0000","0.0000","0.0000","0.0000","0.0000"
"14336.0","15:13:24.271","2222894.0000","1.5171","60558.0000","-0.0500","-0.0050","-1.0000","0.0000","0.0000","0.0000","0.0000","0.0000"
"14337.0","15:13:24.272","2223474.0000","1.5804","60551.0000","-0.0500","-0.0050","-1.0000","0.0000","0.0000","0.0000","0.0000","0.0000"
"14338.0","15:13:24.273","2223461.0000","1.5790","60551.0000","-0.0500","-0.0050","-1.0000","0.0000","0.0000","0.0000","0.0000","0.0000"
"14339.0","15:13:24.274","2222438.0000","1.4674","60551.0000","-0.0500","-0.0050","-1.0000","0.0000","0.0000","0.0000","0.0000","0.0000"
"14340.0","15:13:24.275","2222964.0000","1.5247","60551.0000","-0.0500","-0.0050","-1.0000","0.0000","0.0000","0.0000","0.0000","0.0000"
"14341.0","15:13:24.276","2222835.0000","1.5107","60551.0000","-0.0500","-0.0050","-1.0000","0.0000","0.0000","0.0000","0.0000","0.0000"
"14342.0","15:13:24.277","2222126.0000","1.4334","60551.0000","-0.0500","-0.0050","-1.0000","0.0000","0.0000","0.0000","0.0000","0.0000"
"14343.0","15:13:24.278","2221924.0000","1.4114","60551.0000","-0.0500","-0.0050","-1.0000","0.0000","0.0000","0.0000","0.0000","0.0000"
"14344.0","15:13:24.279","2222035.0000","1.4235","60551.0000","-0.0500","-0.0050","-1.0000","0.0000","0.0000","0.0000","0.0000","0.0000"
"14345.0","15:13:24.280","2222035.0000","1.4235","60551.0000","-0.0500","-0.0050","-1.0000","0.0000","0.0000","0.0000","0.0000","0.0000"
"14346.0","15:13:24.281","2221806.0000","1.3985","60551.0000","-0.0500","-0.0050","-1.0000","0.0000","0.0000","0.0000","0.0000","0.0000"
"14347.0","15:13:24.282","2222443.0000","1.4680","60551.0000","-0.0500","-0.0050","-1.0000","0.0000","0.0000","0.0000","0.0000","0.0000"
"14348.0","15:13:24.283","2221357.0000","1.3496","60551.0000","-0.0500","-0.0050","-1.0000","0.0000","0.0000","0.0000","0.0000","0.0000"
"14349.0","15:13:24.284","2221456.0000","1.3604","60551.0000","-0.0500","-0.0050","-1.0000","0.0000","0.0000","0.0000","0.0000","0.0000"
"14350.0","15:13:24.285","2221584.0000","1.3743","60551.0000","-0.0500","-0.0050","-1.0000","0.0000","0.0000","0.0000","0.0000","0.0000"
"14351.0","15:13:24.286","2221613.0000","1.3775","60551.0000","-0.0500","-0.0050","-1.0000","0.0000","0.0000","0.0000","0.0000","0.0000"
"14352.0","15:13:24.287","2221543.0000","1.3698","60551.0000","-0.0500","-0.0050","-1.0000","0.0000","0.0000","0.0000","0.0000","0.0000"
"14353.0","15:13:24.288","2221827.0000","1.4008","60551.0000","-0.0500","-0.0050","-1.0000","0.0000","0.0000","0.0000","0.0000","0.0000"
"14354.0","15:13:24.289","2223469.0000","1.5798","60551.0000","-0.0500","-0.0050","-1.0000","0.0000","0.0000","0.0000","0.0000","0.0000"
"14355.0","15:13:24.290","2222783.0000","1.5050","60551.0000","-0.0500","-0.0050","-1.0000","0.0000","0.0000","0.0000","0.0000","0.0000"
"14356.0","15:13:24.291","2222292.0000","1.4515","60551.0000","-0.0500","-0.0050","-1.0000","0.0000","0.0000","0.0000","0.0000","0.0000"
"14357.0","15:13:24.292","2222483.0000","1.4723","60551.0000","-0.0500","-0.0050","-1.0000","0.0000","0.0000","0.0000","0.0000","0.0000"
"14358.0","15:13:24.293","2222461.0000","1.4699","60551.0000","-0.0500","-0.0050","-1.0000","0.0000","0.0000","0.0000","0.0000","0.0000"
"14359.0","15:13:24.294","2222340.0000","1.4568","60551.0000","-0.0500","-0.0050","-1.0000","0.0000","0.0000","0.0000","0.0000","0.0000"
"14360.0","15:13:24.295","2221929.0000","1.4119","60551.0000","-0.0500","-0.0050","-1.0000","0.0000","0.0000","0.0000","0.0000","0.0000"
"14361.0","15:13:24.296","2221567.0000","1.3725","60551.0000","-0.0500","-0.0050","-1.0000","0.0000","0.0000","0.0000","0.0000","0.0000"
"14362.0","15:13:24.297","2221587.0000","1.3746","60551.0000","-0.0500","-0.0050","-1.0000","0.0000","0.0000","0.0000","0.0000","0.0000"
"14363.0","15:13:24.298","2222669.0000","1.4926","60551.0000","-0.0500","-0.0050","-1.0000","0.0000","0.0000","0.0000","0.0000","0.0000"
"14364.0","15:13:24.299","2222055.0000","1.4257","60551.0000","-0.0500","-0.0050","-1.0000","0.0000","0.0000","0.0000","0.0000","0.0000"
"14365.0","15:13:24.300","2221999.0000","1.4196","60551.0000","-0.0500","-0.0050","-1.0000","0.0000","0.0000","0.0000","0.0000","0.0000"
"14366.0","15:13:24.301","2221843.0000","1.4026","60551.0000","-0.0500","-0.0050","-1.0000","0.0000","0.0000","0.0000","0.0000","0.0000"
"14367.0","15:13:24.302","2222143.0000","1.4353","60551.0000","-0.0500","-0.0050","-1.0000","0.0000","0.0000","0.0000","0.0000","0.0000"
"14368.0","15:13:24.303","2221940.0000","1.4131","60551.0000","-0.0500","-0.0050","-1.0000","0.0000","0.0000","0.0000","0.0000","0.0000"
"14369.0","15:13:24.304","2222111.0000","1.4318","60551.0000","-0.0500","-0.0050","-1.0000","0.0000","0.0000","0.0000","0.0000","0.0000"
"14370.0","15:13:24.305","2222777.0000","1.5044","60551.0000","-0.0500","-0.0050","-1.0000","0.0000","0.0000","0.0000","0.0000","0.0000"
"14371.0","15:13:24.306","2221928.0000","1.4118","60551.0000","-0.0500","-0.0050","-1.0000","0.0000","0.0000","0.0000","0.0000","0.0000"
"14372.0","15:13:24.307","2221983.0000","1.4178","60551.0000","-0.0500","-0.0050","-1.0000","0.0000","0.0000","0.0000","0.0000","0.0000"
"14373.0","15:13:24.308","2221573.0000","1.3731","60551.0000","-0.0500","-0.0050","-1.0000","0.0000","0.0000","0.0000","0.0000","0.0000"
"14374.0","15:13:24.309","2221886.0000","1.4073","60551.0000","-0.0500","-0.0050","-1.0000","0.0000","0.0000","0.0000","0.0000","0.0000"
"14375.0","15:13:24.310","2221742.0000","1.3915","60551.0000","-0.0500","-0.0050","-1.0000","0.0000","0.0000","0.0000","0.0000","0.0000"
"14376.0","15:13:24.311","2220480.0000","1.2540","60551.0000","-0.0500","-0.0050","-1.0000","0.0000","0.0000","0.0000","0.0000","0.0000"
"14377.0","15:13:24.312","2220800.0000","1.2888","60551.0000","-0.0500","-0.0050","-1.0000","0.0000","0.0000","0.0000","0.0000","0.0000"
"14378.0","15:13:24.313","2221312.0000","1.3447","60551.0000","-0.0500","-0.0050","-1.0000","0.0000","0.0000","0.0000","0.0000","0.0000"
"14379.0","15:13:24.314","2221096.0000","1.3211","60551.0000","-0.0500","-0.0050","-1.0000","0.0000","0.0000","0.0000","0.0000","0.0000"
"14380.0","15:13:24.315","2221081.0000","1.3195","60551.0000","-0.0500","-0.0050","-1.0000","0.0000","0.0000","0.0000","0.0000","0.0000"
"14381.0","15:13:24.316","2221680.0000","1.3848","60551.0000","-0.0500","-0.0050","-1.0000","0.0000","0.0000","0.0000","0.0000","0.0000"
"14382.0","15:13:24.317","2221749.0000","1.3923","60551.0000","-0.0500","-0.0050","-1.0000","0.0000","0.0000","0.0000","0.0000","0.0000"
"14383.0","15:13:24.318","2220938.0000","1.3039","60551.0000","-0.0500","-0.0050","-1.0000","0.0000","0.0000","0.0000","0.0000","0.0000"
"14384.0","15:13:24.319","2220912.0000","1.3011","60551.0000","-0.0500","-0.0050","-1.0000","0.0000","0.0000","0.0000","0.0000","0.0000"
"14385.0","15:13:24.320","2221213.0000","1.3339","60551.0000","-0.0500","-0.0050","-1.0000","0.0000","0.0000","0.0000","0.0000","0.0000"
"14386.0","15:13:24.321","2222024.0000","1.4223","60551.0000","-0.0500","-0.0050","-1.0000","0.0000","0.0000","0.0000","0.0000","0.0000"
"14387.0","15:13:24.322","2221665.0000","1.3832","60551.0000","-0.0500","-0.0050","-1.0000","0.0000","0.0000","0.0000","0.0000","0.0000"
"14388.0","15:13:24.323","2221502.0000","1.3654","60551.0000","-0.0500","-0.0050","-1.0000","0.0000","0.0000","0.0000","0.0000","0.0000"
"14389.0","15:13:24.324","2222165.0000","1.4377","60551.0000","-0.0500","-0.0050","-1.0000","0.0000","0.0000","0.0000","0.0000","0.0000"
"14390.0","15:13:24.325","2220946.0000","1.3048","60551.0000","-0.0500","-0.0050","-1.0000","0.0000","0.0000","0.0000","0.0000","0.0000"
"14391.0","15:13:24.326","2220946.0000","1.3048","60551.0000","-0.0500","-0.0050","-1.0000","0.0000","0.0000","0.0000","0.0000","0.0000"
"14392.0","15:13:24.327","2221683.0000","1.3851","60551.0000","-0.0500","-0.0050","-1.0000","0.0000","0.0000","0.0000","0.0000","0.0000"
"14393.0","15:13:24.328","2221469.0000","1.3618","60551.0000","-0.0500","-0.0050","-1.0000","0.0000","0.0000","0.0000","0.0000","0.0000"
"14394.0","15:13:24.329","2220387.0000","1.2438","60551.0000","-0.0500","-0.0050","-1.0000","0.0000","0.0000","0.0000","0.0000","0.0000"
"14395.0","15:13:24.330","2221292.0000","1.3425","60551.0000","-0.0500","-0.0050","-1.0000","0.0000","0.0000","0.0000","0.0000","0.0000"
"14396.0","15:13:24.331","2221143.0000","1.3263","60551.0000","-0.0500","-0.0050","-1.0000","0.0000","0.0000","0.0000","0.0000","0.0000"
"14397.0","15:13:24.332","2220073.0000","1.2096","60560.0000","-0.0500","-0.0050","-1.0000","0.0000","0.0000","0.0000","0.0000","0.0000"
"14398.0","15:13:24.333","2219844.0000","1.1846","60560.0000","-0.0500","-0.0050","-1.0000","0.0000","0.0000","0.0000","0.0000","0.0000"
"14399.0","15:13:24.334","2220770.0000","1.2856","60560.0000","-0.0500","-0.0050","-1.0000","0.0000","0.0000","0.0000","0.0000","0.0000"
"14400.0","15:13:24.335","2221334.0000","1.3471","60560.0000","-0.0500","-0.0050","-1.0000","0.0000","0.0000","0.0000","0.0000","0.0000"
"14401.0","15:13:24.336","2220146.0000","1.2175","60560.0000","-0.0500","-0.0050","-1.0000","0.0000","0.0000","0.0000","0.0000","0.0000"
"14402.0","15:13:24.337","2220667.0000","1.2744","60560.0000","-0.0500","-0.0050","-1.0000","0.0000","0.0000","0.0000","0.0000","0.0000"
"14403.0","15:13:24.338","2221709.0000","1.3880","60560.0000","-0.0500","-0.0050","-1.0000","0.0000","0.0000","0.0000","0.0000","0.0000"
"14404.0","15:13:24.339","2222258.0000","1.4478","60560.0000","-0.0500","-0.0050","-1.0000","0.0000","0.0000","0.0000","0.0000","0.0000"
"14405.0","15:13:24.340","2221986.0000","1.4181","60560.0000","-0.0500","-0.0050","-1.0000","0.0000","0.0000","0.0000","0.0000","0.0000"
"14406.0","15:13:24.341","2221791.0000","1.3969","60560.0000","-0.0500","-0.0050","-1.0000","0.0000","0.0000","0.0000","0.0000","0.0000"
"14407.0","15:13:24.342","2222358.0000","1.4587","60560.0000","-0.0500","-0.0050","-1.0000","0.0000","0.0000","0.0000","0.0000","0.0000"
"14408.0","15:13:24.343","2221828.0000","1.4009","60560.0000","-0.0500","-0.0050","-1.0000","0.0000","0.0000","0.0000","0.0000","0.0000"
"14409.0","15:13:24.344","2221794.0000","1.3972","60560.0000","-0.0500","-0.0050","-1.0000","0.0000","0.0000","0.0000","0.0000","0.0000"
"14410.0","15:13:24.345","2221789.0000","1.3967","60560.0000","-0.0500","-0.0050","-1.0000","0.0000","0.0000","0.0000","0.0000","0.0000"
"14411.0","15:13:24.346","2220926.0000","1.3026","60560.0000","-0.0500","-0.0050","-1.0000","0.0000","0.0000","0.0000","0.0000","0.0000"
"14412.0","15:13:24.347","2221434.0000","1.3580","60560.0000","-0.0500","-0.0050","-1.0000","0.0000","0.0000","0.0000","0.0000","0.0000"
"14413.0","15:13:24.348","2221323.0000","1.3459","60560.0000","-0.0500","-0.0050","-1.0000","0.0000","0.0000","0.0000","0.0000","0.0000"
"14414.0","15:13:24.349","2220592.0000","1.2662","60560.0000","-0.0500","-0.0050","-1.0000","0.0000","0.0000","0.0000","0.0000","0.0000"
"14415.0","15:13:24.350","2221086.0000","1.3200","60560.0000","-0.0500","-0.0050","-1.0000","0.0000","0.0000","0.0000","0.0000","0.0000"
"14416.0","15:13:24.351","2221442.0000","1.3589","60560.0000","-0.0500","-0.0050","-1.0000","0.0000","0.0000","0.0000","0.0000","0.0000"
"14417.0","15:13:24.352","2221382.0000","1.3523","60560.0000","-0.0500","-0.0050","-1.0000","0.0000","0.0000","0.0000","0.0000","0.0000"
"14418.0","15:13:24.353","2220722.0000","1.2804","60560.0000","-0.0500","-0.0050","-1.0000","0.0000","0.0000","0.0000","0.0000","0.0000"
"14419.0","15:13:24.354","2221494.0000","1.3645","60560.0000","-0.0500","-0.0050","-1.0000","0.0000","0.0000","0.0000","0.0000","0.0000"
"14420.0","15:13:24.355","2223130.0000","1.5429","60560.0000","-0.0500","-0.0050","-1.0000","0.0000","0.0000","0.0000","0.0000","0.0000"
"14421.0","15:13:24.356","2222567.0000","1.4815","60560.0000","-0.0500","-0.0050","-1.0000","0.0000","0.0000","0.0000","0.0000","0.0000"
"14422.0","15:13:24.357","2222345.0000","1.4573","60560.0000","-0.0500","-0.0050","-1.0000","0.0000","0.0000","0.0000","0.0000","0.0000"
"14423.0","15:13:24.358","2222550.0000","1.4796","60560.0000","-0.0500","-0.0050","-1.0000","0.0000","0.0000","0.0000","0.0000","0.0000"
"14424.0","15:13:24.359","2223079.0000","1.5373","60560.0000","-0.0500","-0.0050","-1.0000","0.0000","0.0000","0.0000","0.0000","0.0000"
"14425.0","15:13:24.360","2222176.0000","1.4389","60560.0000","-0.0500","-0.0050","-1.0000","0.0000","0.0000","0.0000","0.0000","0.0000"
"14426.0","15:13:24.361","2222883.0000","1.5159","60560.0000","-0.0500","-0.0050","-1.0000","0.0000","0.0000","0.0000","0.0000","0.0000"
"14427.0","15:13:24.362","2222134.0000","1.4343","60560.0000","-0.0500","-0.0050","-1.0000","0.0000","0.0000","0.0000","0.0000","0.0000"
"14428.0","15:13:24.363","2221349.0000","1.3487","60560.0000","-0.0500","-0.0050","-1.0000","0.0000","0.0000","0.0000","0.0000","0.0000"
"14429.0","15:13:24.364","2221554.0000","1.3711","60560.0000","-0.0500","-0.0050","-1.0000","0.0000","0.0000","0.0000","0.0000","0.0000"
"14430.0","15:13:24.365","2222006.0000","1.4203","60560.0000","-0.0500","-0.0050","-1.0000","0.0000","0.0000","0.0000","0.0000","0.0000"
"14431.0","15:13:24.366","2222475.0000","1.4715","60560.0000","-0.0500","-0.0050","-1.0000","0.0000","0.0000","0.0000","0.0000","0.0000"
"14432.0","15:13:24.367","2221794.0000","1.3972","60560.0000","-0.0500","-0.0050","-1.0000","0.0000","0.0000","0.0000","0.0000","0.0000"
"14433.0","15:13:24.368","2221760.0000","1.3935","60560.0000","-0.0500","-0.0050","-1.0000","0.0000","0.0000","0.0000","0.0000","0.0000"
"14434.0","15:13:24.369","2222606.0000","1.4857","60560.0000","-0.0500","-0.0050","-1.0000","0.0000","0.0000","0.0000","0.0000","0.0000"
"14435.0","15:13:24.370","2221077.0000","1.3191","60560.0000","-0.0500","-0.0050","-1.0000","0.0000","0.0000","0.0000","0.0000","0.0000"
"14436.0","15:13:24.371","2222304.0000","1.4528","60560.0000","-0.0500","-0.0050","-1.0000","0.0000","0.0000","0.0000","0.0000","0.0000"
"14437.0","15:13:24.372","2223219.0000","1.5526","60560.0000","-0.0500","-0.0050","-1.0000","0.0000","0.0000","0.0000","0.0000","0.0000"
"14438.0","15:13:24.373","2223219.0000","1.5526","60560.0000","-0.0500","-0.0050","-1.0000","0.0000","0.0000","0.0000","0.0000","0.0000"
"14439.0","15:13:24.374","2222022.0000","1.4221","60560.0000","-0.0500","-0.0050","-1.0000","0.0000","0.0000","0.0000","0.0000","0.0000"
"14440.0","15:13:24.375","2223333.0000","1.5650","60560.0000","-0.0500","-0.0050","-1.0000","0.0000","0.0000","0.0000","0.0000","0.0000"
"14441.0","15:13:24.376","2223175.0000","1.5478","60560.0000","-0.0500","-0.0050","-1.0000","0.0000","0.0000","0.0000","0.0000","0.0000"
"14442.0","15:13:24.377","2222273.0000","1.4494","60560.0000","-0.0500","-0.0050","-1.0000","0.0000","0.0000","0.0000","0.0000","0.0000"
"14443.0","15:13:24.378","2222138.0000","1.4347","60560.0000","-0.0500","-0.0050","-1.0000","0.0000","0.0000","0.0000","0.0000","0.0000"
"14444.0","15:13:24.379","2221450.0000","1.3597","60560.0000","-0.0500","-0.0050","-1.0000","0.0000","0.0000","0.0000","0.0000","0.0000"
"14445.0","15:13:24.380","2221551.0000","1.3707","60560.0000","-0.0500","-0.0050","-1.0000","0.0000","0.0000","0.0000","0.0000","0.0000"
"14446.0","15:13:24.381","2222241.0000","1.4459","60560.0000","-0.0500","-0.0050","-1.0000","0.0000","0.0000","0.0000","0.0000","0.0000"
"14447.0","15:13:24.382","2221560.0000","1.3717","60560.0000","-0.0500","-0.0050","-1.0000","0.0000","0.0000","0.0000","0.0000","0.0000"
"14448.0","15:13:24.383","2220718.0000","1.2799","60560.0000","-0.0500","-0.0050","-1.0000","0.0000","0.0000","0.0000","0.0000","0.0000"
"14449.0","15:13:24.384","2220801.0000","1.2890","60560.0000","-0.0500","-0.0050","-1.0000","0.0000","0.0000","0.0000","0.0000","0.0000"
"14450.0","15:13:24.385","2220807.0000","1.2896","60560.0000","-0.0500","-0.0050","-1.0000","0.0000","0.0000","0.0000","0.0000","0.0000"
"14451.0","15:13:24.386","2221610.0000","1.3771","60560.0000","-0.0500","-0.0050","-1.0000","0.0000","0.0000","0.0000","0.0000","0.0000"
"14452.0","15:13:24.387","2220536.0000","1.2601","60560.0000","-0.0500","-0.0050","-1.0000","0.0000","0.0000","0.0000","0.0000","0.0000"
"14453.0","15:13:24.388","2221224.0000","1.3351","60560.0000","-0.0500","-0.0050","-1.0000","0.0000","0.0000","0.0000","0.0000","0.0000"
"14454.0","15:13:24.389","2221626.0000","1.3789","60560.0000","-0.0500","-0.0050","-1.0000","0.0000","0.0000","0.0000","0.0000","0.0000"
"14455.0","15:13:24.390","2221312.0000","1.3447","60560.0000","-0.0500","-0.0050","-1.0000","0.0000","0.0000","0.0000","0.0000","0.0000"
"14456.0","15:13:24.391","2222679.0000","1.4937","60560.0000","-0.0500","-0.0050","-1.0000","0.0000","0.0000","0.0000","0.0000","0.0000"
"14457.0","15:13:24.392","2221548.0000","1.3704","60549.0000","-0.0500","-0.0050","-1.0000","0.0000","0.0000","0.0000","0.0000","0.0000"
"14458.0","15:13:24.393","2222286.0000","1.4509","60549.0000","-0.0500","-0.0050","-1.0000","0.0000","0.0000","0.0000","0.0000","0.0000"
"14459.0","15:13:24.394","2222512.0000","1.4755","60549.0000","-0.0500","-0.0050","-1.0000","0.0000","0.0000","0.0000","0.0000","0.0000"
"14460.0","15:13:24.395","2222986.0000","1.5272","60549.0000","-0.0500","-0.0050","-1.0000","0.0000","0.0000","0.0000","0.0000","0.0000"
"14461.0","15:13:24.396","2222532.0000","1.4777","60549.0000","-0.0500","-0.0050","-1.0000","0.0000","0.0000","0.0000","0.0000","0.0000"
"14462.0","15:13:24.397","2221389.0000","1.3531","60549.0000","-0.0500","-0.0050","-1.0000","0.0000","0.0000","0.0000","0.0000","0.0000"
"14463.0","15:13:24.398","2221654.0000","1.3820","60549.0000","-0.0500","-0.0050","-1.0000","0.0000","0.0000","0.0000","0.0000","0.0000"
"14464.0","15:13:24.399","2221911.0000","1.4100","60549.0000","-0.0500","-0.0050","-1.0000","0.0000","0.0000","0.0000","0.0000","0.0000"
"14465.0","15:13:24.400","2221194.0000","1.3318","60549.0000","-0.0500","-0.0050","-1.0000","0.0000","0.0000","0.0000","0.0000","0.0000"
"14466.0","15:13:24.401","2221750.0000","1.3924","60549.0000","-0.0500","-0.0050","-1.0000","0.0000","0.0000","0.0000","0.0000","0.0000"
"14467.0","15:13:24.402","2221384.0000","1.3525","60549.0000","-0.0500","-0.0050","-1.0000","0.0000","0.0000","0.0000","0.0000","0.0000"
"14468.0","15:13:24.403","2221626.0000","1.3789","60549.0000","-0.0500","-0.0050","-1.0000","0.0000","0.0000","0.0000","0.0000","0.0000"
"14469.0","15:13:24.404","2221704.0000","1.3874","60549.0000","-0.0500","-0.0050","-1.0000","0.0000","0.0000","0.0000","0.0000","0.0000"
"14470.0","15:13:24.405","2221939.0000","1.4130","60549.0000","-0.0500","-0.0050","-1.0000","0.0000","0.0000","0.0000","0.0000","0.0000"
"14471.0","15:13:24.406","2221785.0000","1.3962","60549.0000","-0.0500","-0.0050","-1.0000","0.0000","0.0000","0.0000","0.0000","0.0000"
"14472.0","15:13:24.407","2221558.0000","1.3715","60549.0000","-0.0500","-0.0050","-1.0000","0.0000","0.0000","0.0000","0.0000","0.0000"
"14473.0","15:13:24.408","2221184.0000","1.3307","60549.0000","-0.0500","-0.0050","-1.0000","0.0000","0.0000","0.0000","0.0000","0.0000"
"14474.0","15:13:24.409","2221894.0000","1.4081","60549.0000","-0.0500","-0.0050","-1.0000","0.0000","0.0000","0.0000","0.0000","0.0000"
"14475.0","15:13:24.410","2221667.0000","1.3833","60549.0000","-0.0500","-0.0050","-1.0000","0.0000","0.0000","0.0000","0.0000","0.0000"
"14476.0","15:13:24.411","2222729.0000","1.4991","60549.0000","-0.0500","-0.0050","-1.0000","0.0000","0.0000","0.0000","0.0000","0.0000"
"14477.0","15:13:24.412","2222240.0000","1.4458","60549.0000","-0.0500","-0.0050","-1.0000","0.0000","0.0000","0.0000","0.0000","0.0000"
"14478.0","15:13:24.413","2222790.0000","1.5058","60549.0000","-0.0500","-0.0050","-1.0000","0.0000","0.0000","0.0000","0.0000","0.0000"
"14479.0","15:13:24.414","2222544.0000","1.4790","60549.0000","-0.0500","-0.0050","-1.0000","0.0000","0.0000","0.0000","0.0000","0.0000"
"14480.0","15:13:24.415","2221849.0000","1.4032","60549.0000","-0.0500","-0.0050","-1.0000","0.0000","0.0000","0.0000","0.0000","0.0000"
"14481.0","15:13:24.416","2223075.0000","1.5369","60549.0000","-0.0500","-0.0050","-1.0000","0.0000","0.0000","0.0000","0.0000","0.0000"
"14482.0","15:13:24.417","2222406.0000","1.4639","60549.0000","-0.0500","-0.0050","-1.0000","0.0000","0.0000","0.0000","0.0000","0.0000"
"14483.0","15:13:24.418","2221752.0000","1.3926","60549.0000","-0.0500","-0.0050","-1.0000","0.0000","0.0000","0.0000","0.0000","0.0000"
"14484.0","15:13:24.419","2223196.0000","1.5500","60549.0000","-0.0500","-0.0050","-1.0000","0.0000","0.0000","0.0000","0.0000","0.0000"
"14485.0","15:13:24.420","2223196.0000","1.5500","60549.0000","-0.0500","-0.0050","-1.0000","0.0000","0.0000","0.0000","0.0000","0.0000"
"14486.0","15:13:24.421","2222458.0000","1.4696","60549.0000","-0.0500","-0.0050","-1.0000","0.0000","0.0000","0.0000","0.0000","0.0000"
"14487.0","15:13:24.422","2222007.0000","1.4205","60549.0000","-0.0500","-0.0050","-1.0000","0.0000","0.0000","0.0000","0.0000","0.0000"
"14488.0","15:13:24.423","2222022.0000","1.4221","60549.0000","-0.0500","-0.0050","-1.0000","0.0000","0.0000","0.0000","0.0000","0.0000"
"14489.0","15:13:24.424","2221120.0000","1.3238","60549.0000","-0.0500","-0.0050","-1.0000","0.0000","0.0000","0.0000","0.0000","0.0000"
"14490.0","15:13:24.425","2221680.0000","1.3848","60549.0000","-0.0500","-0.0050","-1.0000","0.0000","0.0000","0.0000","0.0000","0.0000"
"14491.0","15:13:24.426","2221511.0000","1.3664","60549.0000","-0.0500","-0.0050","-1.0000","0.0000","0.0000","0.0000","0.0000","0.0000"
"14492.0","15:13:24.427","2221136.0000","1.3255","60549.0000","-0.0500","-0.0050","-1.0000","0.0000","0.0000","0.0000","0.0000","0.0000"
"14493.0","15:13:24.428","2220938.0000","1.3039","60549.0000","-0.0500","-0.0050","-1.0000","0.0000","0.0000","0.0000","0.0000","0.0000"
"14494.0","15:13:24.429","2222107.0000","1.4314","60549.0000","-0.0500","-0.0050","-1.0000","0.0000","0.0000","0.0000","0.0000","0.0000"
"14495.0","15:13:24.430","2222088.0000","1.4293","60549.0000","-0.0500","-0.0050","-1.0000","0.0000","0.0000","0.0000","0.0000","0.0000"
"14496.0","15:13:24.431","2222608.0000","1.4859","60549.0000","-0.0500","-0.0050","-1.0000","0.0000","0.0000","0.0000","0.0000","0.0000"
"14497.0","15:13:24.432","2222305.0000","1.4529","60549.0000","-0.0500","-0.0050","-1.0000","0.0000","0.0000","0.0000","0.0000","0.0000"
"14498.0","15:13:24.433","2221926.0000","1.4116","60549.0000","-0.0500","-0.0050","-1.0000","0.0000","0.0000","0.0000","0.0000","0.0000"
"14499.0","15:13:24.434","2221773.0000","1.3949","60549.0000","-0.0500","-0.0050","-1.0000","0.0000","0.0000","0.0000","0.0000","0.0000"
"14500.0","15:13:24.435","2221806.0000","1.3985","60549.0000","-0.0500","-0.0050","-1.0000","0.0000","0.0000","0.0000","0.0000","0.0000"
"14501.0","15:13:24.436","2222421.0000","1.4656","60549.0000","-0.0500","-0.0050","-1.0000","0.0000","0.0000","0.0000","0.0000","0.0000"
"14502.0","15:13:24.437","2221124.0000","1.3242","60549.0000","-0.0500","-0.0050","-1.0000","0.0000","0.0000","0.0000","0.0000","0.0000"
"14503.0","15:13:24.438","2221531.0000","1.3686","60549.0000","-0.0500","-0.0050","-1.0000","0.0000","0.0000","0.0000","0.0000","0.0000"
"14504.0","15:13:24.439","2222229.0000","1.4446","60549.0000","-0.0500","-0.0050","-1.0000","0.0000","0.0000","0.0000","0.0000","0.0000"
"14505.0","15:13:24.440","2222470.0000","1.4709","60549.0000","-0.0500","-0.0050","-1.0000","0.0000","0.0000","0.0000","0.0000","0.0000"
"14506.0","15:13:24.441","2222326.0000","1.4552","60549.0000","-0.0500","-0.0050","-1.0000","0.0000","0.0000","0.0000","0.0000","0.0000"
"14507.0","15:13:24.442","2221388.0000","1.3530","60549.0000","-0.0500","-0.0050","-1.0000","0.0000","0.0000","0.0000","0.0000","0.0000"
"14508.0","15:13:24.443","2221512.0000","1.3665","60549.0000","-0.0500","-0.0050","-1.0000","0.0000","0.0000","0.0000","0.0000","0.0000"
"14509.0","15:13:24.444","2221770.0000","1.3946","60549.0000","-0.0500","-0.0050","-1.0000","0.0000","0.0000","0.0000","0.0000","0.0000"
"14510.0","15:13:24.445","2221011.0000","1.3119","60549.0000","-0.0500","-0.0050","-1.0000","0.0000","0.0000","0.0000","0.0000","0.0000"
"14511.0","15:13:24.446","2221381.0000","1.3522","60549.0000","-0.0500","-0.0050","-1.0000","0.0000","0.0000","0.0000","0.0000","0.0000"
"14512.0","15:13:24.447","2221597.0000","1.3757","60549.0000","-0.0500","-0.0050","-1.0000","0.0000","0.0000","0.0000","0.0000","0.0000"
"14513.0","15:13:24.448","2221268.0000","1.3399","60549.0000","-0.0500","-0.0050","-1.0000","0.0000","0.0000","0.0000","0.0000","0.0000"
"14514.0","15:13:24.449","2221384.0000","1.3525","60549.0000","-0.0500","-0.0050","-1.0000","0.0000","0.0000","0.0000","0.0000","0.0000"
"14515.0","15:13:24.450","2222100.0000","1.4306","60549.0000","-0.0500","-0.0050","-1.0000","0.0000","0.0000","0.0000","0.0000","0.0000"
"14516.0","15:13:24.451","2222326.0000","1.4552","60549.0000","-0.0500","-0.0050","-1.0000","0.0000","0.0000","0.0000","0.0000","0.0000"
"14517.0","15:13:24.452","2222377.0000","1.4608","60549.0000","-0.0500","-0.0050","-1.0000","0.0000","0.0000","0.0000","0.0000","0.0000"
"14518.0","15:13:24.453","2221961.0000","1.4154","60546.0000","-0.0500","-0.0050","-1.0000","0.0000","0.0000","0.0000","0.0000","0.0000"
"14519.0","15:13:24.454","2222716.0000","1.4977","60546.0000","-0.0500","-0.0050","-1.0000","0.0000","0.0000","0.0000","0.0000","0.0000"
"14520.0","15:13:24.455","2222034.0000","1.4234","60546.0000","-0.0500","-0.0050","-1.0000","0.0000","0.0000","0.0000","0.0000","0.0000"
"14521.0","15:13:24.456","2221837.0000","1.4019","60546.0000","-0.0500","-0.0050","-1.0000","0.0000","0.0000","0.0000","0.0000","0.0000"
"14522.0","15:13:24.457","2222514.0000","1.4757","60546.0000","-0.0500","-0.0050","-1.0000","0.0000","0.0000","0.0000","0.0000","0.0000"
"14523.0","15:13:24.458","2222939.0000","1.5221","60546.0000","-0.0500","-0.0050","-1.0000","0.0000","0.0000","0.0000","0.0000","0.0000"
"14524.0","15:13:24.459","2223277.0000","1.5589","60546.0000","-0.0500","-0.0050","-1.0000","0.0000","0.0000","0.0000","0.0000","0.0000"
"14525.0","15:13:24.460","2222958.0000","1.5241","60546.0000","-0.0500","-0.0050","-1.0000","0.0000","0.0000","0.0000","0.0000","0.0000"
"14526.0","15:13:24.461","2223095.0000","1.5391","60546.0000","-0.0500","-0.0050","-1.0000","0.0000","0.0000","0.0000","0.0000","0.0000"
"14527.0","15:13:24.462","2222722.0000","1.4984","60546.0000","-0.0500","-0.0050","-1.0000","0.0000","0.0000","0.0000","0.0000","0.0000"
"14528.0","15:13:24.463","2222353.0000","1.4581","60546.0000","-0.0500","-0.0050","-1.0000","0.0000","0.0000","0.0000","0.0000","0.0000"
"14529.0","15:13:24.464","2222918.0000","1.5197","60546.0000","-0.0500","-0.0050","-1.0000","0.0000","0.0000","0.0000","0.0000","0.0000"
"14530.0","15:13:24.465","2223093.0000","1.5388","60546.0000","-0.0500","-0.0050","-1.0000","0.0000","0.0000","0.0000","0.0000","0.0000"
"14531.0","15:13:24.466","2222910.0000","1.5189","60546.0000","-0.0500","-0.0050","-1.0000","0.0000","0.0000","0.0000","0.0000","0.0000"
"14532.0","15:13:24.467","2222910.0000","1.5189","60546.0000","-0.0500","-0.0050","-1.0000","0.0000","0.0000","0.0000","0.0000","0.0000"
"14533.0","15:13:24.468","2222974.0000","1.5259","60546.0000","-0.0500","-0.0050","-1.0000","0.0000","0.0000","0.0000","0.0000","0.0000"
"14534.0","15:13:24.469","2222935.0000","1.5216","60546.0000","-0.0500","-0.0050","-1.0000","0.0000","0.0000","0.0000","0.0000","0.0000"
"14535.0","15:13:24.470","2221879.0000","1.4065","60546.0000","-0.0500","-0.0050","-1.0000","0.0000","0.0000","0.0000","0.0000","0.0000"
"14536.0","15:13:24.471","2222650.0000","1.4905","60546.0000","-0.0500","-0.0050","-1.0000","0.0000","0.0000","0.0000","0.0000","0.0000"
"14537.0","15:13:24.472","2222676.0000","1.4934","60546.0000","-0.0500","-0.0050","-1.0000","0.0000","0.0000","0.0000","0.0000","0.0000"
"14538.0","15:13:24.473","2222043.0000","1.4243","60546.0000","-0.0500","-0.0050","-1.0000","0.0000","0.0000","0.0000","0.0000","0.0000"
"14539.0","15:13:24.474","2221773.0000","1.3949","60546.0000","-0.0500","-0.0050","-1.0000","0.0000","0.0000","0.0000","0.0000","0.0000"
"14540.0","15:13:24.475","2222189.0000","1.4403","60546.0000","-0.0500","-0.0050","-1.0000","0.0000","0.0000","0.0000","0.0000","0.0000"
"14541.0","15:13:24.476","2222028.0000","1.4227","60546.0000","-0.0500","-0.0050","-1.0000","0.0000","0.0000","0.0000","0.0000","0.0000"
"14542.0","15:13:24.477","2222140.0000","1.4349","60546.0000","-0.0500","-0.0050","-1.0000","0.0000","0.0000","0.0000","0.0000","0.0000"
"14543.0","15:13:24.478","2221929.0000","1.4119","60546.0000","-0.0500","-0.0050","-1.0000","0.0000","0.0000","0.0000","0.0000","0.0000"
"14544.0","15:13:24.479","2222497.0000","1.4739","60546.0000","-0.0500","-0.0050","-1.0000","0.0000","0.0000","0.0000","0.0000","0.0000"
"14545.0","15:13:24.480","2221528.0000","1.3682","60546.0000","-0.0500","-0.0050","-1.0000","0.0000","0.0000","0.0000","0.0000","0.0000"
"14546.0","15:13:24.481","2221282.0000","1.3414","60546.0000","-0.0500","-0.0050","-1.0000","0.0000","0.0000","0.0000","0.0000","0.0000"
"14547.0","15:13:24.482","2221474.0000","1.3623","60546.0000","-0.0500","-0.0050","-1.0000","0.0000","0.0000","0.0000","0.0000","0.0000"
"14548.0","15:13:24.483","2222281.0000","1.4503","60546.0000","-0.0500","-0.0050","-1.0000","0.0000","0.0000","0.0000","0.0000","0.0000"
"14549.0","15:13:24.484","2222064.0000","1.4267","60546.0000","-0.0500","-0.0050","-1.0000","0.0000","0.0000","0.0000","0.0000","0.0000"
"14550.0","15:13:24.485","2222039.0000","1.4239","60546.0000","-0.0500","-0.0050","-1.0000","0.0000","0.0000","0.0000","0.0000","0.0000"
"14551.0","15:13:24.486","2221927.0000","1.4117","60546.0000","-0.0500","-0.0050","-1.0000","0.0000","0.0000","0.0000","0.0000","0.0000"
"14552.0","15:13:24.487","2222548.0000","1.4794","60546.0000","-0.0500","-0.0050","-1.0000","0.0000","0.0000","0.0000","0.0000","0.0000"
"14553.0","15:13:24.488","2222454.0000","1.4692","60546.0000","-0.0500","-0.0050","-1.0000","0.0000","0.0000","0.0000","0.0000","0.0000"
"14554.0","15:13:24.489","2221727.0000","1.3899","60546.0000","-0.0500","-0.0050","-1.0000","0.0000","0.0000","0.0000","0.0000","0.0000"
"14555.0","15:13:24.490","2221922.0000","1.4112","60546.0000","-0.0500","-0.0050","-1.0000","0.0000","0.0000","0.0000","0.0000","0.0000"
"14556.0","15:13:24.491","2221176.0000","1.3298","60546.0000","-0.0500","-0.0050","-1.0000","0.0000","0.0000","0.0000","0.0000","0.0000"
"14557.0","15:13:24.492","2221564.0000","1.3721","60546.0000","-0.0500","-0.0050","-1.0000","0.0000","0.0000","0.0000","0.0000","0.0000"
"14558.0","15:13:24.493","2221252.0000","1.3381","60546.0000","-0.0500","-0.0050","-1.0000","0.0000","0.0000","0.0000","0.0000","0.0000"
"14559.0","15:13:24.494","2221705.0000","1.3875","60546.0000","-0.0500","-0.0050","-1.0000","0.0000","0.0000","0.0000","0.0000","0.0000"
"14560.0","15:13:24.495","2220675.0000","1.2752","60546.0000","-0.0500","-0.0050","-1.0000","0.0000","0.0000","0.0000","0.0000","0.0000"
"14561.0","15:13:24.496","2220278.0000","1.2319","60546.0000","-0.0500","-0.0050","-1.0000","0.0000","0.0000","0.0000","0.0000","0.0000"
"14562.0","15:13:24.497","2221660.0000","1.3826","60546.0000","-0.0500","-0.0050","-1.0000","0.0000","0.0000","0.0000","0.0000","0.0000"
"14563.0","15:13:24.498","2221434.0000","1.3580","60546.0000","-0.0500","-0.0050","-1.0000","0.0000","0.0000","0.0000","0.0000","0.0000"
"14564.0","15:13:24.499","2221292.0000","1.3425","60546.0000","-0.0500","-0.0050","-1.0000","0.0000","0.0000","0.0000","0.0000","0.0000"
"14565.0","15:13:24.500","2221134.0000","1.3253","60546.0000","-0.0500","-0.0050","-1.0000","0.0000","0.0000","0.0000","0.0000","0.0000"
"14566.0","15:13:24.501","2221821.0000","1.4002","60546.0000","-0.0500","-0.0050","-1.0000","0.0000","0.0000","0.0000","0.0000","0.0000"
"14567.0","15:13:24.502","2221226.0000","1.3353","60546.0000","-0.0500","-0.0050","-1.0000","0.0000","0.0000","0.0000","0.0000","0.0000"
"14568.0","15:13:24.503","2221977.0000","1.4171","60546.0000","-0.0500","-0.0050","-1.0000","0.0000","0.0000","0.0000","0.0000","0.0000"
"14569.0","15:13:24.504","2222464.0000","1.4703","60546.0000","-0.0500","-0.0050","-1.0000","0.0000","0.0000","0.0000","0.0000","0.0000"
"14570.0","15:13:24.505","2222273.0000","1.4494","60546.0000","-0.0500","-0.0050","-1.0000","0.0000","0.0000","0.0000","0.0000","0.0000"
"14571.0","15:13:24.506","2221275.0000","1.3407","60546.0000","-0.0500","-0.0050","-1.0000","0.0000","0.0000","0.0000","0.0000","0.0000"
"14572.0","15:13:24.507","2221489.0000","1.3639","60546.0000","-0.0500","-0.0050","-1.0000","0.0000","0.0000","0.0000","0.0000","0.0000"
"14573.0","15:13:24.508","2222175.0000","1.4387","60546.0000","-0.0500","-0.0050","-1.0000","0.0000","0.0000","0.0000","0.0000","0.0000"
"14574.0","15:13:24.509","2222516.0000","1.4759","60546.0000","-0.0500","-0.0050","-1.0000","0.0000","0.0000","0.0000","0.0000","0.0000"
"14575.0","15:13:24.510","2222447.0000","1.4684","60546.0000","-0.0500","-0.0050","-1.0000","0.0000","0.0000","0.0000","0.0000","0.0000"
"14576.0","15:13:24.511","2222082.0000","1.4286","60546.0000","-0.0500","-0.0050","-1.0000","0.0000","0.0000","0.0000","0.0000","0.0000"
"14577.0","15:13:24.512","2221764.0000","1.3939","60546.0000","-0.0500","-0.0050","-1.0000","0.0000","0.0000","0.0000","0.0000","0.0000"
"14578.0","15:13:24.513","2221504.0000","1.3656","60547.0000","-0.0500","-0.0050","-1.0000","0.0000","0.0000","0.0000","0.0000","0.0000"
"14579.0","15:13:24.514","2221504.0000","1.3656","60547.0000","-0.0500","-0.0050","-1.0000","0.0000","0.0000","0.0000","0.0000","0.0000"
"14580.0","15:13:24.515","2221422.0000","1.3567","60547.0000","-0.0500","-0.0050","-1.0000","0.0000","0.0000","0.0000","0.0000","0.0000"
"14581.0","15:13:24.516","2221234.0000","1.3362","60547.0000","-0.0500","-0.0050","-1.0000","0.0000","0.0000","0.0000","0.0000","0.0000"
"14582.0","15:13:24.517","2221763.0000","1.3939","60547.0000","-0.0500","-0.0050","-1.0000","0.0000","0.0000","0.0000","0.0000","0.0000"
"14583.0","15:13:24.518","2221557.0000","1.3714","60547.0000","-0.0500","-0.0050","-1.0000","0.0000","0.0000","0.0000","0.0000","0.0000"
"14584.0","15:13:24.519","2221993.0000","1.4189","60547.0000","-0.0500","-0.0050","-1.0000","0.0000","0.0000","0.0000","0.0000","0.0000"
"14585.0","15:13:24.520","2222278.0000","1.4500","60547.0000","-0.0500","-0.0050","-1.0000","0.0000","0.0000","0.0000","0.0000","0.0000"
"14586.0","15:13:24.521","2222215.0000","1.4431","60547.0000","-0.0500","-0.0050","-1.0000","0.0000","0.0000","0.0000","0.0000","0.0000"
"14587.0","15:13:24.522","2222212.0000","1.4428","60547.0000","-0.0500","-0.0050","-1.0000","0.0000","0.0000","0.0000","0.0000","0.0000"
"14588.0","15:13:24.523","2221722.0000","1.3894","60547.0000","-0.0500","-0.0050","-1.0000","0.0000","0.0000","0.0000","0.0000","0.0000"
"14589.0","15:13:24.524","2221862.0000","1.4046","60547.0000","-0.0500","-0.0050","-1.0000","0.0000","0.0000","0.0000","0.0000","0.0000"
"14590.0","15:13:24.525","2222027.0000","1.4226","60547.0000","-0.0500","-0.0050","-1.0000","0.0000","0.0000","0.0000","0.0000","0.0000"
"14591.0","15:13:24.526","2221685.0000","1.3853","60547.0000","-0.0500","-0.0050","-1.0000","0.0000","0.0000","0.0000","0.0000","0.0000"
"14592.0","15:13:24.527","2222179.0000","1.4392","60547.0000","-0.0500","-0.0050","-1.0000","0.0000","0.0000","0.0000","0.0000","0.0000"
"14593.0","15:13:24.528","2221961.0000","1.4154","60547.0000","-0.0500","-0.0050","-1.0000","0.0000","0.0000","0.0000","0.0000","0.0000"
"14594.0","15:13:24.529","2222144.0000","1.4354","60547.0000","-0.0500","-0.0050","-1.0000","0.0000","0.0000","0.0000","0.0000","0.0000"
"14595.0","15:13:24.530","2222822.0000","1.5093","60547.0000","-0.0500","-0.0050","-1.0000","0.0000","0.0000","0.0000","0.0000","0.0000"
"14596.0","15:13:24.531","2221736.0000","1.3909","60547.0000","-0.0500","-0.0050","-1.0000","0.0000","0.0000","0.0000","0.0000","0.0000"
"14597.0","15:13:24.532","2222489.0000","1.4730","60547.0000","-0.0500","-0.0050","-1.0000","0.0000","0.0000","0.0000","0.0000","0.0000"
"14598.0","15:13:24.533","2222204.0000","1.4419","60547.0000","-0.0500","-0.0050","-1.0000","0.0000","0.0000","0.0000","0.0000","0.0000"
"14599.0","15:13:24.534","2223044.0000","1.5335","60547.0000","-0.0500","-0.0050","-1.0000","0.0000","0.0000","0.0000","0.0000","0.0000"
"14600.0","15:13:24.535","2222000.0000","1.4197","60547.0000","-0.0500","-0.0050","-1.0000","0.0000","0.0000","0.0000","0.0000","0.0000"
"14601.0","15:13:24.536","2221920.0000","1.4109","60547.0000","-0.0500","-0.0050","-1.0000","0.0000","0.0000","0.0000","0.0000","0.0000"
"14602.0","15:13:24.537","2221963.0000","1.4156","60547.0000","-0.0500","-0.0050","-1.0000","0.0000","0.0000","0.0000","0.0000","0.0000"
"14603.0","15:13:24.538","2222400.0000","1.4633","60547.0000","-0.0500","-0.0050","-1.0000","0.0000","0.0000","0.0000","0.0000","0.0000"
"14604.0","15:13:24.539","2222962.0000","1.5246","60547.0000","-0.0500","-0.0050","-1.0000","0.0000","0.0000","0.0000","0.0000","0.0000"
"14605.0","15:13:24.540","2221900.0000","1.4088","60547.0000","-0.0500","-0.0050","-1.0000","0.0000","0.0000","0.0000","0.0000","0.0000"
"14606.0","15:13:24.541","2223061.0000","1.5353","60547.0000","-0.0500","-0.0050","-1.0000","0.0000","0.0000","0.0000","0.0000","0.0000"
"14607.0","15:13:24.542","2222747.0000","1.5011","60547.0000","-0.0500","-0.0050","-1.0000","0.0000","0.0000","0.0000","0.0000","0.0000"
"14608.0","15:13:24.543","2222277.0000","1.4499","60547.0000","-0.0500","-0.0050","-1.0000","0.0000","0.0000","0.0000","0.0000","0.0000"
"14609.0","15:13:24.544","2221573.0000","1.3731","60547.0000","-0.0500","-0.0050","-1.0000","0.0000","0.0000","0.0000","0.0000","0.0000"
"14610.0","15:13:24.545","2221711.0000","1.3882","60547.0000","-0.0500","-0.0050","-1.0000","0.0000","0.0000","0.0000","0.0000","0.0000"
"14611.0","15:13:24.546","2222008.0000","1.4205","60547.0000","-0.0500","-0.0050","-1.0000","0.0000","0.0000","0.0000","0.0000","0.0000"
"14612.0","15:13:24.547","2222080.0000","1.4284","60547.0000","-0.0500","-0.0050","-1.0000","0.0000","0.0000","0.0000","0.0000","0.0000"
"14613.0","15:13:24.548","2221320.0000","1.3455","60547.0000","-0.0500","-0.0050","-1.0000","0.0000","0.0000","0.0000","0.0000","0.0000"
"14614.0","15:13:24.549","2221668.0000","1.3835","60547.0000","-0.0500","-0.0050","-1.0000","0.0000","0.0000","0.0000","0.0000","0.0000"
"14615.0","15:13:24.550","2221816.0000","1.3996","60547.0000","-0.0500","-0.0050","-1.0000","0.0000","0.0000","0.0000","0.0000","0.0000"
"14616.0","15:13:24.551","2221170.0000","1.3292","60547.0000","-0.0500","-0.0050","-1.0000","0.0000","0.0000","0.0000","0.0000","0.0000"
"14617.0","15:13:24.552","2221742.0000","1.3915","60547.0000","-0.0500","-0.0050","-1.0000","0.0000","0.0000","0.0000","0.0000","0.0000"
"14618.0","15:13:24.553","2221505.0000","1.3657","60547.0000","-0.0500","-0.0050","-1.0000","0.0000","0.0000","0.0000","0.0000","0.0000"
"14619.0","15:13:24.554","2221300.0000","1.3434","60547.0000","-0.0500","-0.0050","-1.0000","0.0000","0.0000","0.0000","0.0000","0.0000"
"14620.0","15:13:24.555","2221374.0000","1.3514","60547.0000","-0.0500","-0.0050","-1.0000","0.0000","0.0000","0.0000","0.0000","0.0000"
"14621.0","15:13:24.556","2221121.0000","1.3238","60547.0000","-0.0500","-0.0050","-1.0000","0.0000","0.0000","0.0000","0.0000","0.0000"
"14622.0","15:13:24.557","2221182.0000","1.3305","60547.0000","-0.0500","-0.0050","-1.0000","0.0000","0.0000","0.0000","0.0000","0.0000"
"14623.0","15:13:24.558","2221201.0000","1.3326","60547.0000","-0.0500","-0.0050","-1.0000","0.0000","0.0000","0.0000","0.0000","0.0000"
"14624.0","15:13:24.559","2221021.0000","1.3129","60547.0000","-0.0500","-0.0050","-1.0000","0.0000","0.0000","0.0000","0.0000","0.0000"
"14625.0","15:13:24.560","2221560.0000","1.3717","60547.0000","-0.0500","-0.0050","-1.0000","0.0000","0.0000","0.0000","0.0000","0.0000"
"14626.0","15:13:24.561","2221560.0000","1.3717","60547.0000","-0.0500","-0.0050","-1.0000","0.0000","0.0000","0.0000","0.0000","0.0000"
"14627.0","15:13:24.562","2221767.0000","1.3943","60547.0000","-0.0500","-0.0050","-1.0000","0.0000","0.0000","0.0000","0.0000","0.0000"
"14628.0","15:13:24.563","2221588.0000","1.3748","60547.0000","-0.0500","-0.0050","-1.0000","0.0000","0.0000","0.0000","0.0000","0.0000"
"14629.0","15:13:24.564","2221750.0000","1.3924","60547.0000","-0.0500","-0.0050","-1.0000","0.0000","0.0000","0.0000","0.0000","0.0000"
"14630.0","15:13:24.565","2222196.0000","1.4411","60547.0000","-0.0500","-0.0050","-1.0000","0.0000","0.0000","0.0000","0.0000","0.0000"
"14631.0","15:13:24.566","2221425.0000","1.3570","60547.0000","-0.0500","-0.0050","-1.0000","0.0000","0.0000","0.0000","0.0000","0.0000"
"14632.0","15:13:24.567","2222409.0000","1.4643","60547.0000","-0.0500","-0.0050","-1.0000","0.0000","0.0000","0.0000","0.0000","0.0000"
"14633.0","15:13:24.568","2221935.0000","1.4126","60547.0000","-0.0500","-0.0050","-1.0000","0.0000","0.0000","0.0000","0.0000","0.0000"
"14634.0","15:13:24.569","2222351.0000","1.4580","60547.0000","-0.0500","-0.0050","-1.0000","0.0000","0.0000","0.0000","0.0000","0.0000"
"14635.0","15:13:24.570","2221600.0000","1.3761","60547.0000","-0.0500","-0.0050","-1.0000","0.0000","0.0000","0.0000","0.0000","0.0000"
"14636.0","15:13:24.571","2221796.0000","1.3974","60547.0000","-0.0500","-0.0050","-1.0000","0.0000","0.0000","0.0000","0.0000","0.0000"
"14637.0","15:13:24.572","2221665.0000","1.3832","60547.0000","-0.0500","-0.0050","-1.0000","0.0000","0.0000","0.0000","0.0000","0.0000"
"14638.0","15:13:24.573","2221290.0000","1.3423","60547.0000","-0.0500","-0.0050","-1.0000","0.0000","0.0000","0.0000","0.0000","0.0000"
"14639.0","15:13:24.574","2222509.0000","1.4752","60555.0000","-0.0500","-0.0050","-1.0000","0.0000","0.0000","0.0000","0.0000","0.0000"
"14640.0","15:13:24.575","2222316.0000","1.4541","60555.0000","-0.0500","-0.0050","-1.0000","0.0000","0.0000","0.0000","0.0000","0.0000"
"14641.0","15:13:24.576","2222058.0000","1.4260","60555.0000","-0.0500","-0.0050","-1.0000","0.0000","0.0000","0.0000","0.0000","0.0000"
"14642.0","15:13:24.577","2222464.0000","1.4703","60555.0000","-0.0500","-0.0050","-1.0000","0.0000","0.0000","0.0000","0.0000","0.0000"
"14643.0","15:13:24.578","2222000.0000","1.4197","60555.0000","-0.0500","-0.0050","-1.0000","0.0000","0.0000","0.0000","0.0000","0.0000"
"14644.0","15:13:24.579","2222002.0000","1.4199","60555.0000","-0.0500","-0.0050","-1.0000","0.0000","0.0000","0.0000","0.0000","0.0000"
"14645.0","15:13:24.580","2222637.0000","1.4891","60555.0000","-0.0500","-0.0050","-1.0000","0.0000","0.0000","0.0000","0.0000","0.0000"
"14646.0","15:13:24.581","2221337.0000","1.3474","60555.0000","-0.0500","-0.0050","-1.0000","0.0000","0.0000","0.0000","0.0000","0.0000"
"14647.0","15:13:24.582","2222193.0000","1.4407","60555.0000","-0.0500","-0.0050","-1.0000","0.0000","0.0000","0.0000","0.0000","0.0000"
"14648.0","15:13:24.583","2222066.0000","1.4269","60555.0000","-0.0500","-0.0050","-1.0000","0.0000","0.0000","0.0000","0.0000","0.0000"
"14649.0","15:13:24.584","2220922.0000","1.3022","60555.0000","-0.0500","-0.0050","-1.0000","0.0000","0.0000","0.0000","0.0000","0.0000"
"14650.0","15:13:24.585","2220910.0000","1.3008","60555.0000","-0.0500","-0.0050","-1.0000","0.0000","0.0000","0.0000","0.0000","0.0000"
"14651.0","15:13:24.586","2220684.0000","1.2762","60555.0000","-0.0500","-0.0050","-1.0000","0.0000","0.0000","0.0000","0.0000","0.0000"
"14652.0","15:13:24.587","2222581.0000","1.4830","60555.0000","-0.0500","-0.0050","-1.0000","0.0000","0.0000","0.0000","0.0000","0.0000"
"14653.0","15:13:24.588","2221568.0000","1.3726","60555.0000","-0.0500","-0.0050","-1.0000","0.0000","0.0000","0.0000","0.0000","0.0000"
"14654.0","15:13:24.589","2222050.0000","1.4251","60555.0000","-0.0500","-0.0050","-1.0000","0.0000","0.0000","0.0000","0.0000","0.0000"
"14655.0","15:13:24.590","2221734.0000","1.3907","60555.0000","-0.0500","-0.0050","-1.0000","0.0000","0.0000","0.0000","0.0000","0.0000"
"14656.0","15:13:24.591","2221642.0000","1.3807","60555.0000","-0.0500","-0.0050","-1.0000","0.0000","0.0000","0.0000","0.0000","0.0000"
"14657.0","15:13:24.592","2222114.0000","1.4321","60555.0000","-0.0500","-0.0050","-1.0000","0.0000","0.0000","0.0000","0.0000","0.0000"
"14658.0","15:13:24.593","2221911.0000","1.4100","60555.0000","-0.0500","-0.0050","-1.0000","0.0000","0.0000","0.0000","0.0000","0.0000"
"14659.0","15:13:24.594","2221921.0000","1.4111","60555.0000","-0.0500","-0.0050","-1.0000","0.0000","0.0000","0.0000","0.0000","0.0000"
"14660.0","15:13:24.595","2221776.0000","1.3952","60555.0000","-0.0500","-0.0050","-1.0000","0.0000","0.0000","0.0000","0.0000","0.0000"
"14661.0","15:13:24.596","2222764.0000","1.5030","60555.0000","-0.0500","-0.0050","-1.0000","0.0000","0.0000","0.0000","0.0000","0.0000"
"14662.0","15:13:24.597","2222596.0000","1.4846","60555.0000","-0.0500","-0.0050","-1.0000","0.0000","0.0000","0.0000","0.0000","0.0000"
"14663.0","15:13:24.598","2222452.0000","1.4690","60555.0000","-0.0500","-0.0050","-1.0000","0.0000","0.0000","0.0000","0.0000","0.0000"
"14664.0","15:13:24.599","2222166.0000","1.4378","60555.0000","-0.0500","-0.0050","-1.0000","0.0000","0.0000","0.0000","0.0000","0.0000"
"14665.0","15:13:24.600","2222609.0000","1.4861","60555.0000","-0.0500","-0.0050","-1.0000","0.0000","0.0000","0.0000","0.0000","0.0000"
"14666.0","15:13:24.601","2222904.0000","1.5182","60555.0000","-0.0500","-0.0050","-1.0000","0.0000","0.0000","0.0000","0.0000","0.0000"
"14667.0","15:13:24.602","2222966.0000","1.5250","60555.0000","-0.0500","-0.0050","-1.0000","0.0000","0.0000","0.0000","0.0000","0.0000"
"14668.0","15:13:24.603","2222533.0000","1.4778","60555.0000","-0.0500","-0.0050","-1.0000","0.0000","0.0000","0.0000","0.0000","0.0000"
"14669.0","15:13:24.604","2221728.0000","1.3900","60555.0000","-0.0500","-0.0050","-1.0000","0.0000","0.0000","0.0000","0.0000","0.0000"
"14670.0","15:13:24.605","2221248.0000","1.3377","60555.0000","-0.0500","-0.0050","-1.0000","0.0000","0.0000","0.0000","0.0000","0.0000"
"14671.0","15:13:24.606","2221718.0000","1.3889","60555.0000","-0.0500","-0.0050","-1.0000","0.0000","0.0000","0.0000","0.0000","0.0000"
"14672.0","15:13:24.607","2221306.0000","1.3440","60555.0000","-0.0500","-0.0050","-1.0000","0.0000","0.0000","0.0000","0.0000","0.0000"
"14673.0","15:13:24.608","2221306.0000","1.3440","60555.0000","-0.0500","-0.0050","-1.0000","0.0000","0.0000","0.0000","0.0000","0.0000"
"14674.0","15:13:24.609","2220900.0000","1.2998","60555.0000","-0.0500","-0.0050","-1.0000","0.0000","0.0000","0.0000","0.0000","0.0000"
"14675.0","15:13:24.610","2221722.0000","1.3894","60555.0000","-0.0500","-0.0050","-1.0000","0.0000","0.0000","0.0000","0.0000","0.0000"
"14676.0","15:13:24.611","2221509.0000","1.3661","60555.0000","-0.0500","-0.0050","-1.0000","0.0000","0.0000","0.0000","0.0000","0.0000"
"14677.0","15:13:24.612","2221020.0000","1.3129","60555.0000","-0.0500","-0.0050","-1.0000","0.0000","0.0000","0.0000","0.0000","0.0000"
"14678.0","15:13:24.613","2221546.0000","1.3702","60555.0000","-0.0500","-0.0050","-1.0000","0.0000","0.0000","0.0000","0.0000","0.0000"
"14679.0","15:13:24.614","2221920.0000","1.4109","60555.0000","-0.0500","-0.0050","-1.0000","0.0000","0.0000","0.0000","0.0000","0.0000"
"14680.0","15:13:24.615","2221937.0000","1.4128","60555.0000","-0.0500","-0.0050","-1.0000","0.0000","0.0000","0.0000","0.0000","0.0000"
"14681.0","15:13:24.616","2221805.0000","1.3984","60555.0000","-0.0500","-0.0050","-1.0000","0.0000","0.0000","0.0000","0.0000","0.0000"
"14682.0","15:13:24.617","2222606.0000","1.4857","60555.0000","-0.0500","-0.0050","-1.0000","0.0000","0.0000","0.0000","0.0000","0.0000"
"14683.0","15:13:24.618","2221546.0000","1.3702","60555.0000","-0.0500","-0.0050","-1.0000","0.0000","0.0000","0.0000","0.0000","0.0000"
"14684.0","15:13:24.619","2221682.0000","1.3850","60555.0000","-0.0500","-0.0050","-1.0000","0.0000","0.0000","0.0000","0.0000","0.0000"
"14685.0","15:13:24.620","2222907.0000","1.5185","60555.0000","-0.0500","-0.0050","-1.0000","0.0000","0.0000","0.0000","0.0000","0.0000"
"14686.0","15:13:24.621","2222724.0000","1.4986","60555.0000","-0.0500","-0.0050","-1.0000","0.0000","0.0000","0.0000","0.0000","0.0000"
"14687.0","15:13:24.622","2222171.0000","1.4383","60555.0000","-0.0500","-0.0050","-1.0000","0.0000","0.0000","0.0000","0.0000","0.0000"
"14688.0","15:13:24.623","2221911.0000","1.4100","60555.0000","-0.0500","-0.0050","-1.0000","0.0000","0.0000","0.0000","0.0000","0.0000"
"14689.0","15:13:24.624","2221788.0000","1.3966","60555.0000","-0.0500","-0.0050","-1.0000","0.0000","0.0000","0.0000","0.0000","0.0000"
"14690.0","15:13:24.625","2222683.0000","1.4941","60555.0000","-0.0500","-0.0050","-1.0000","0.0000","0.0000","0.0000","0.0000","0.0000"
"14691.0","15:13:24.626","2221226.0000","1.3353","60555.0000","-0.0500","-0.0050","-1.0000","0.0000","0.0000","0.0000","0.0000","0.0000"
"14692.0","15:13:24.627","2222092.0000","1.4297","60555.0000","-0.0500","-0.0050","-1.0000","0.0000","0.0000","0.0000","0.0000","0.0000"
"14693.0","15:13:24.628","2222182.0000","1.4395","60555.0000","-0.0500","-0.0050","-1.0000","0.0000","0.0000","0.0000","0.0000","0.0000"
"14694.0","15:13:24.629","2222155.0000","1.4366","60555.0000","-0.0500","-0.0050","-1.0000","0.0000","0.0000","0.0000","0.0000","0.0000"
"14695.0","15:13:24.630","2222715.0000","1.4976","60555.0000","-0.0500","-0.0050","-1.0000","0.0000","0.0000","0.0000","0.0000","0.0000"
"14696.0","15:13:24.631","2221969.0000","1.4163","60555.0000","-0.0500","-0.0050","-1.0000","0.0000","0.0000","0.0000","0.0000","0.0000"
"14697.0","15:13:24.632","2221016.0000","1.3124","60555.0000","-0.0500","-0.0050","-1.0000","0.0000","0.0000","0.0000","0.0000","0.0000"
"14698.0","15:13:24.633","2221757.0000","1.3932","60555.0000","-0.0500","-0.0050","-1.0000","0.0000","0.0000","0.0000","0.0000","0.0000"
"14699.0","15:13:24.634","2221392.0000","1.3534","60558.0000","-0.0500","-0.0050","-1.0000","0.0000","0.0000","0.0000","0.0000","0.0000"
"14700.0","15:13:24.635","2221881.0000","1.4067","60558.0000","-0.0500","-0.0050","-1.0000","0.0000","0.0000","0.0000","0.0000","0.0000"
"14701.0","15:13:24.636","2222165.0000","1.4377","60558.0000","-0.0500","-0.0050","-1.0000","0.0000","0.0000","0.0000","0.0000","0.0000"
"14702.0","15:13:24.637","2222402.0000","1.4635","60558.0000","-0.0500","-0.0050","-1.0000","0.0000","0.0000","0.0000","0.0000","0.0000"
"14703.0","15:13:24.638","2221960.0000","1.4153","60558.0000","-0.0500","-0.0050","-1.0000","0.0000","0.0000","0.0000","0.0000","0.0000"
"14704.0","15:13:24.639","2222014.0000","1.4212","60558.0000","-0.0500","-0.0050","-1.0000","0.0000","0.0000","0.0000","0.0000","0.0000"
"14705.0","15:13:24.640","2221788.0000","1.3966","60558.0000","-0.0500","-0.0050","-1.0000","0.0000","0.0000","0.0000","0.0000","0.0000"
"14706.0","15:13:24.641","2222549.0000","1.4795","60558.0000","-0.0500","-0.0050","-1.0000","0.0000","0.0000","0.0000","0.0000","0.0000"
"14707.0","15:13:24.642","2221793.0000","1.3971","60558.0000","-0.0500","-0.0050","-1.0000","0.0000","0.0000","0.0000","0.0000","0.0000"
"14708.0","15:13:24.643","2221724.0000","1.3896","60558.0000","-0.0500","-0.0050","-1.0000","0.0000","0.0000","0.0000","0.0000","0.0000"
"14709.0","15:13:24.644","2222103.0000","1.4309","60558.0000","-0.0500","-0.0050","-1.0000","0.0000","0.0000","0.0000","0.0000","0.0000"
"14710.0","15:13:24.645","2221921.0000","1.4111","60558.0000","-0.0500","-0.0050","-1.0000","0.0000","0.0000","0.0000","0.0000","0.0000"
"14711.0","15:13:24.646","2221254.0000","1.3383","60558.0000","-0.0500","-0.0050","-1.0000","0.0000","0.0000","0.0000","0.0000","0.0000"
"14712.0","15:13:24.647","2222099.0000","1.4305","60558.0000","-0.0500","-0.0050","-1.0000","0.0000","0.0000","0.0000","0.0000","0.0000"
"14713.0","15:13:24.648","2222758.0000","1.5023","60558.0000","-0.0500","-0.0050","-1.0000","0.0000","0.0000","0.0000","0.0000","0.0000"
"14714.0","15:13:24.649","2222437.0000","1.4673","60558.0000","-0.0500","-0.0050","-1.0000","0.0000","0.0000","0.0000","0.0000","0.0000"
"14715.0","15:13:24.650","2222324.0000","1.4550","60558.0000","-0.0500","-0.0050","-1.0000","0.0000","0.0000","0.0000","0.0000","0.0000"
"14716.0","15:13:24.651","2222556.0000","1.4803","60558.0000","-0.0500","-0.0050","-1.0000","0.0000","0.0000","0.0000","0.0000","0.0000"
"14717.0","15:13:24.652","2223103.0000","1.5399","60558.0000","-0.0500","-0.0050","-1.0000","0.0000","0.0000","0.0000","0.0000","0.0000"
"14718.0","15:13:24.653","2222844.0000","1.5117","60558.0000","-0.0500","-0.0050","-1.0000","0.0000","0.0000","0.0000","0.0000","0.0000"
"14719.0","15:13:24.654","2222953.0000","1.5236","60558.0000","-0.0500","-0.0050","-1.0000","0.0000","0.0000","0.0000","0.0000","0.0000"
"14720.0","15:13:24.655","2222953.0000","1.5236","60558.0000","-0.0500","-0.0050","-1.0000","0.0000","0.0000","0.0000","0.0000","0.0000"
"14721.0","15:13:24.656","2223228.0000","1.5535","60558.0000","-0.0500","-0.0050","-1.0000","0.0000","0.0000","0.0000","0.0000","0.0000"
"14722.0","15:13:24.657","2222704.0000","1.4964","60558.0000","-0.0500","-0.0050","-1.0000","0.0000","0.0000","0.0000","0.0000","0.0000"
"14723.0","15:13:24.658","2222613.0000","1.4865","60558.0000","-0.0500","-0.0050","-1.0000","0.0000","0.0000","0.0000","0.0000","0.0000"
"14724.0","15:13:24.659","2223242.0000","1.5551","60558.0000","-0.0500","-0.0050","-1.0000","0.0000","0.0000","0.0000","0.0000","0.0000"
"14725.0","15:13:24.660","2222957.0000","1.5240","60558.0000","-0.0500","-0.0050","-1.0000","0.0000","0.0000","0.0000","0.0000","0.0000"
"14726.0","15:13:24.661","2223113.0000","1.5410","60558.0000","-0.0500","-0.0050","-1.0000","0.0000","0.0000","0.0000","0.0000","0.0000"
"14727.0","15:13:24.662","2222358.0000","1.4587","60558.0000","-0.0500","-0.0050","-1.0000","0.0000","0.0000","0.0000","0.0000","0.0000"
"14728.0","15:13:24.663","2222706.0000","1.4966","60558.0000","-0.0500","-0.0050","-1.0000","0.0000","0.0000","0.0000","0.0000","0.0000"
"14729.0","15:13:24.664","2222435.0000","1.4671","60558.0000","-0.0500","-0.0050","-1.0000","0.0000","0.0000","0.0000","0.0000","0.0000"
"14730.0","15:13:24.665","2222940.0000","1.5222","60558.0000","-0.0500","-0.0050","-1.0000","0.0000","0.0000","0.0000","0.0000","0.0000"
"14731.0","15:13:24.666","2222269.0000","1.4490","60558.0000","-0.0500","-0.0050","-1.0000","0.0000","0.0000","0.0000","0.0000","0.0000"
"14732.0","15:13:24.667","2222638.0000","1.4892","60558.0000","-0.0500","-0.0050","-1.0000","0.0000","0.0000","0.0000","0.0000","0.0000"
"14733.0","15:13:24.668","2223076.0000","1.5370","60558.0000","-0.0500","-0.0050","-1.0000","0.0000","0.0000","0.0000","0.0000","0.0000"
"14734.0","15:13:24.669","2222910.0000","1.5189","60558.0000","-0.0500","-0.0050","-1.0000","0.0000","0.0000","0.0000","0.0000","0.0000"
"14735.0","15:13:24.670","2223257.0000","1.5567","60558.0000","-0.0500","-0.0050","-1.0000","0.0000","0.0000","0.0000","0.0000","0.0000"
"14736.0","15:13:24.671","2222655.0000","1.4911","60558.0000","-0.0500","-0.0050","-1.0000","0.0000","0.0000","0.0000","0.0000","0.0000"
"14737.0","15:13:24.672","2222306.0000","1.4530","60558.0000","-0.0500","-0.0050","-1.0000","0.0000","0.0000","0.0000","0.0000","0.0000"
"14738.0","15:13:24.673","2222040.0000","1.4240","60558.0000","-0.0500","-0.0050","-1.0000","0.0000","0.0000","0.0000","0.0000","0.0000"
"14739.0","15:13:24.674","2223254.0000","1.5564","60558.0000","-0.0500","-0.0050","-1.0000","0.0000","0.0000","0.0000","0.0000","0.0000"
"14740.0","15:13:24.675","2223280.0000","1.5592","60558.0000","-0.0500","-0.0050","-1.0000","0.0000","0.0000","0.0000","0.0000","0.0000"
"14741.0","15:13:24.676","2222798.0000","1.5067","60558.0000","-0.0500","-0.0050","-1.0000","0.0000","0.0000","0.0000","0.0000","0.0000"
"14742.0","15:13:24.677","2223424.0000","1.5749","60558.0000","-0.0500","-0.0050","-1.0000","0.0000","0.0000","0.0000","0.0000","0.0000"
"14743.0","15:13:24.678","2223536.0000","1.5871","60558.0000","-0.0500","-0.0050","-1.0000","0.0000","0.0000","0.0000","0.0000","0.0000"
"14744.0","15:13:24.679","2223715.0000","1.6066","60558.0000","-0.0500","-0.0050","-1.0000","0.0000","0.0000","0.0000","0.0000","0.0000"
"14745.0","15:13:24.680","2222869.0000","1.5144","60558.0000","-0.0500","-0.0050","-1.0000","0.0000","0.0000","0.0000","0.0000","0.0000"
"14746.0","15:13:24.681","2223156.0000","1.5457","60558.0000","-0.0500","-0.0050","-1.0000","0.0000","0.0000","0.0000","0.0000","0.0000"
"14747.0","15:13:24.682","2222693.0000","1.4952","60558.0000","-0.0500","-0.0050","-1.0000","0.0000","0.0000","0.0000","0.0000","0.0000"
"14748.0","15:13:24.683","2223749.0000","1.6104","60558.0000","-0.0500","-0.0050","-1.0000","0.0000","0.0000","0.0000","0.0000","0.0000"
"14749.0","15:13:24.684","2223161.0000","1.5462","60558.0000","-0.0500","-0.0050","-1.0000","0.0000","0.0000","0.0000","0.0000","0.0000"
"14750.0","15:13:24.685","2223187.0000","1.5491","60558.0000","-0.0500","-0.0050","-1.0000","0.0000","0.0000","0.0000","0.0000","0.0000"
"14751.0","15:13:24.686","2223975.0000","1.6350","60558.0000","-0.0500","-0.0050","-1.0000","0.0000","0.0000","0.0000","0.0000","0.0000"
"14752.0","15:13:24.687","2222100.0000","1.4306","60558.0000","-0.0500","-0.0050","-1.0000","0.0000","0.0000","0.0000","0.0000","0.0000"
"14753.0","15:13:24.688","2221982.0000","1.4177","60558.0000","-0.0500","-0.0050","-1.0000","0.0000","0.0000","0.0000","0.0000","0.0000"
"14754.0","15:13:24.689","2222609.0000","1.4861","60558.0000","-0.0500","-0.0050","-1.0000","0.0000","0.0000","0.0000","0.0000","0.0000"
"14755.0","15:13:24.690","2222395.0000","1.4627","60558.0000","-0.0500","-0.0050","-1.0000","0.0000","0.0000","0.0000","0.0000","0.0000"
"14756.0","15:13:24.691","2222656.0000","1.4912","60558.0000","-0.0500","-0.0050","-1.0000","0.0000","0.0000","0.0000","0.0000","0.0000"
"14757.0","15:13:24.692","2222258.0000","1.4478","60558.0000","-0.0500","-0.0050","-1.0000","0.0000","0.0000","0.0000","0.0000","0.0000"
"14758.0","15:13:24.693","2221709.0000","1.3880","60558.0000","-0.0500","-0.0050","-1.0000","0.0000","0.0000","0.0000","0.0000","0.0000"
"14759.0","15:13:24.694","2222234.0000","1.4452","60558.0000","-0.0500","-0.0050","-1.0000","0.0000","0.0000","0.0000","0.0000","0.0000"
"14760.0","15:13:24.695","2222180.0000","1.4393","60549.0000","-0.0500","-0.0050","-1.0000","0.0000","0.0000","0.0000","0.0000","0.0000"
"14761.0","15:13:24.696","2222122.0000","1.4330","60549.0000","-0.0500","-0.0050","-1.0000","0.0000","0.0000","0.0000","0.0000","0.0000"
"14762.0","15:13:24.697","2222185.0000","1.4399","60549.0000","-0.0500","-0.0050","-1.0000","0.0000","0.0000","0.0000","0.0000","0.0000"
"14763.0","15:13:24.698","2222414.0000","1.4648","60549.0000","-0.0500","-0.0050","-1.0000","0.0000","0.0000","0.0000","0.0000","0.0000"
"14764.0","15:13:24.699","2221786.0000","1.3964","60549.0000","-0.0500","-0.0050","-1.0000","0.0000","0.0000","0.0000","0.0000","0.0000"
"14765.0","15:13:24.700","2221642.0000","1.3807","60549.0000","-0.0500","-0.0050","-1.0000","0.0000","0.0000","0.0000","0.0000","0.0000"
"14766.0","15:13:24.701","2221575.0000","1.3733","60549.0000","-0.0500","-0.0050","-1.0000","0.0000","0.0000","0.0000","0.0000","0.0000"
"14767.0","15:13:24.702","2221575.0000","1.3733","60549.0000","-0.0500","-0.0050","-1.0000","0.0000","0.0000","0.0000","0.0000","0.0000"
"14768.0","15:13:24.703","2221294.0000","1.3427","60549.0000","-0.0500","-0.0050","-1.0000","0.0000","0.0000","0.0000","0.0000","0.0000"
"14769.0","15:13:24.704","2222179.0000","1.4392","60549.0000","-0.0500","-0.0050","-1.0000","0.0000","0.0000","0.0000","0.0000","0.0000"
"14770.0","15:13:24.705","2221360.0000","1.3499","60549.0000","-0.0500","-0.0050","-1.0000","0.0000","0.0000","0.0000","0.0000","0.0000"
"14771.0","15:13:24.706","2221430.0000","1.3576","60549.0000","-0.0500","-0.0050","-1.0000","0.0000","0.0000","0.0000","0.0000","0.0000"
"14772.0","15:13:24.707","2221318.0000","1.3453","60549.0000","-0.0500","-0.0050","-1.0000","0.0000","0.0000","0.0000","0.0000","0.0000"
"14773.0","15:13:24.708","2221965.0000","1.4158","60549.0000","-0.0500","-0.0050","-1.0000","0.0000","0.0000","0.0000","0.0000","0.0000"
"14774.0","15:13:24.709","2221306.0000","1.3440","60549.0000","-0.0500","-0.0050","-1.0000","0.0000","0.0000","0.0000","0.0000","0.0000"
"14775.0","15:13:24.710","2221638.0000","1.3802","60549.0000","-0.0500","-0.0050","-1.0000","0.0000","0.0000","0.0000","0.0000","0.0000"
"14776.0","15:13:24.711","2221529.0000","1.3683","60549.0000","-0.0500","-0.0050","-1.0000","0.0000","0.0000","0.0000","0.0000","0.0000"
"14777.0","15:13:24.712","2222215.0000","1.4431","60549.0000","-0.0500","-0.0050","-1.0000","0.0000","0.0000","0.0000","0.0000","0.0000"
"14778.0","15:13:24.713","2221256.0000","1.3386","60549.0000","-0.0500","-0.0050","-1.0000","0.0000","0.0000","0.0000","0.0000","0.0000"
"14779.0","15:13:24.714","2221184.0000","1.3307","60549.0000","-0.0500","-0.0050","-1.0000","0.0000","0.0000","0.0000","0.0000","0.0000"
"14780.0","15:13:24.715","2222446.0000","1.4683","60549.0000","-0.0500","-0.0050","-1.0000","0.0000","0.0000","0.0000","0.0000","0.0000"
"14781.0","15:13:24.716","2221376.0000","1.3517","60549.0000","-0.0500","-0.0050","-1.0000","0.0000","0.0000","0.0000","0.0000","0.0000"
"14782.0","15:13:24.717","2221740.0000","1.3914","60549.0000","-0.0500","-0.0050","-1.0000","0.0000","0.0000","0.0000","0.0000","0.0000"
"14783.0","15:13:24.718","2222443.0000","1.4680","60549.0000","-0.0500","-0.0050","-1.0000","0.0000","0.0000","0.0000","0.0000","0.0000"
"14784.0","15:13:24.719","2222330.0000","1.4556","60549.0000","-0.0500","-0.0050","-1.0000","0.0000","0.0000","0.0000","0.0000","0.0000"
"14785.0","15:13:24.720","2222061.0000","1.4263","60549.0000","-0.0500","-0.0050","-1.0000","0.0000","0.0000","0.0000","0.0000","0.0000"
"14786.0","15:13:24.721","2221036.0000","1.3146","60549.0000","-0.0500","-0.0050","-1.0000","0.0000","0.0000","0.0000","0.0000","0.0000"
"14787.0","15:13:24.722","2221534.0000","1.3689","60549.0000","-0.0500","-0.0050","-1.0000","0.0000","0.0000","0.0000","0.0000","0.0000"
"14788.0","15:13:24.723","2221357.0000","1.3496","60549.0000","-0.0500","-0.0050","-1.0000","0.0000","0.0000","0.0000","0.0000","0.0000"
"14789.0","15:13:24.724","2221445.0000","1.3592","60549.0000","-0.0500","-0.0050","-1.0000","0.0000","0.0000","0.0000","0.0000","0.0000"
"14790.0","15:13:24.725","2221356.0000","1.3495","60549.0000","-0.0500","-0.0050","-1.0000","0.0000","0.0000","0.0000","0.0000","0.0000"
"14791.0","15:13:24.726","2221228.0000","1.3355","60549.0000","-0.0500","-0.0050","-1.0000","0.0000","0.0000","0.0000","0.0000","0.0000"
"14792.0","15:13:24.727","2221469.0000","1.3618","60549.0000","-0.0500","-0.0050","-1.0000","0.0000","0.0000","0.0000","0.0000","0.0000"
"14793.0","15:13:24.728","2221375.0000","1.3515","60549.0000","-0.0500","-0.0050","-1.0000","0.0000","0.0000","0.0000","0.0000","0.0000"
"14794.0","15:13:24.729","2220940.0000","1.3041","60549.0000","-0.0500","-0.0050","-1.0000","0.0000","0.0000","0.0000","0.0000","0.0000"
"14795.0","15:13:24.730","2221740.0000","1.3914","60549.0000","-0.0500","-0.0050","-1.0000","0.0000","0.0000","0.0000","0.0000","0.0000"
"14796.0","15:13:24.731","2221799.0000","1.3977","60549.0000","-0.0500","-0.0050","-1.0000","0.0000","0.0000","0.0000","0.0000","0.0000"
"14797.0","15:13:24.732","2221881.0000","1.4067","60549.0000","-0.0500","-0.0050","-1.0000","0.0000","0.0000","0.0000","0.0000","0.0000"
"14798.0","15:13:24.733","2222382.0000","1.4613","60549.0000","-0.0500","-0.0050","-1.0000","0.0000","0.0000","0.0000","0.0000","0.0000"
"14799.0","15:13:24.734","2221320.0000","1.3455","60549.0000","-0.0500","-0.0050","-1.0000","0.0000","0.0000","0.0000","0.0000","0.0000"
"14800.0","15:13:24.735","2221703.0000","1.3873","60549.0000","-0.0500","-0.0050","-1.0000","0.0000","0.0000","0.0000","0.0000","0.0000"
"14801.0","15:13:24.736","2221835.0000","1.4017","60549.0000","-0.0500","-0.0050","-1.0000","0.0000","0.0000","0.0000","0.0000","0.0000"
"14802.0","15:13:24.737","2221222.0000","1.3348","60549.0000","-0.0500","-0.0050","-1.0000","0.0000","0.0000","0.0000","0.0000","0.0000"
"14803.0","15:13:24.738","2221775.0000","1.3952","60549.0000","-0.0500","-0.0050","-1.0000","0.0000","0.0000","0.0000","0.0000","0.0000"
"14804.0","15:13:24.739","2220988.0000","1.3094","60549.0000","-0.0500","-0.0050","-1.0000","0.0000","0.0000","0.0000","0.0000","0.0000"
"14805.0","15:13:24.740","2221378.0000","1.3519","60549.0000","-0.0500","-0.0050","-1.0000","0.0000","0.0000","0.0000","0.0000","0.0000"
"14806.0","15:13:24.741","2220794.0000","1.2882","60549.0000","-0.0500","-0.0050","-1.0000","0.0000","0.0000","0.0000","0.0000","0.0000"
"14807.0","15:13:24.742","2219508.0000","1.1480","60549.0000","-0.0500","-0.0050","-1.0000","0.0000","0.0000","0.0000","0.0000","0.0000"
"14808.0","15:13:24.743","2219346.0000","1.1303","60549.0000","-0.0500","-0.0050","-1.0000","0.0000","0.0000","0.0000","0.0000","0.0000"
"14809.0","15:13:24.744","2220426.0000","1.2481","60549.0000","-0.0500","-0.0050","-1.0000","0.0000","0.0000","0.0000","0.0000","0.0000"
"14810.0","15:13:24.745","2221373.0000","1.3513","60549.0000","-0.0500","-0.0050","-1.0000","0.0000","0.0000","0.0000","0.0000","0.0000"
"14811.0","15:13:24.746","2220879.0000","1.2975","60549.0000","-0.0500","-0.0050","-1.0000","0.0000","0.0000","0.0000","0.0000","0.0000"
"14812.0","15:13:24.747","2221392.0000","1.3534","60549.0000","-0.0500","-0.0050","-1.0000","0.0000","0.0000","0.0000","0.0000","0.0000"
"14813.0","15:13:24.748","2220938.0000","1.3039","60549.0000","-0.0500","-0.0050","-1.0000","0.0000","0.0000","0.0000","0.0000","0.0000"
"14814.0","15:13:24.749","2220938.0000","1.3039","60549.0000","-0.0500","-0.0050","-1.0000","0.0000","0.0000","0.0000","0.0000","0.0000"
"14815.0","15:13:24.750","2221176.0000","1.3298","60549.0000","-0.0500","-0.0050","-1.0000","0.0000","0.0000","0.0000","0.0000","0.0000"
"14816.0","15:13:24.751","2221301.0000","1.3435","60549.0000","-0.0500","-0.0050","-1.0000","0.0000","0.0000","0.0000","0.0000","0.0000"
"14817.0","15:13:24.752","2220797.0000","1.2885","60549.0000","-0.0500","-0.0050","-1.0000","0.0000","0.0000","0.0000","0.0000","0.0000"
"14818.0","15:13:24.753","2221325.0000","1.3461","60549.0000","-0.0500","-0.0050","-1.0000","0.0000","0.0000","0.0000","0.0000","0.0000"
"14819.0","15:13:24.754","2221636.0000","1.3800","60549.0000","-0.0500","-0.0050","-1.0000","0.0000","0.0000","0.0000","0.0000","0.0000"
"14820.0","15:13:24.755","2220963.0000","1.3066","60550.0000","-0.0500","-0.0050","-1.0000","0.0000","0.0000","0.0000","0.0000","0.0000"
"14821.0","15:13:24.756","2220272.0000","1.2313","60550.0000","-0.0500","-0.0050","-1.0000","0.0000","0.0000","0.0000","0.0000","0.0000"
"14822.0","15:13:24.757","2220689.0000","1.2767","60550.0000","-0.0500","-0.0050","-1.0000","0.0000","0.0000","0.0000","0.0000","0.0000"
"14823.0","15:13:24.758","2221143.0000","1.3263","60550.0000","-0.0500","-0.0050","-1.0000","0.0000","0.0000","0.0000","0.0000","0.0000"
"14824.0","15:13:24.759","2220881.0000","1.2977","60550.0000","-0.0500","-0.0050","-1.0000","0.0000","0.0000","0.0000","0.0000","0.0000"
"14825.0","15:13:24.760","2220983.0000","1.3088","60550.0000","-0.0500","-0.0050","-1.0000","0.0000","0.0000","0.0000","0.0000","0.0000"
"14826.0","15:13:24.761","2220680.0000","1.2758","60550.0000","-0.0500","-0.0050","-1.0000","0.0000","0.0000","0.0000","0.0000","0.0000"
"14827.0","15:13:24.762","2220982.0000","1.3087","60550.0000","-0.0500","-0.0050","-1.0000","0.0000","0.0000","0.0000","0.0000","0.0000"
"14828.0","15:13:24.763","2220880.0000","1.2976","60550.0000","-0.0500","-0.0050","-1.0000","0.0000","0.0000","0.0000","0.0000","0.0000"
"14829.0","15:13:24.764","2222236.0000","1.4454","60550.0000","-0.0500","-0.0050","-1.0000","0.0000","0.0000","0.0000","0.0000","0.0000"
"14830.0","15:13:24.765","2221671.0000","1.3838","60550.0000","-0.0500","-0.0050","-1.0000","0.0000","0.0000","0.0000","0.0000","0.0000"
"14831.0","15:13:24.766","2221113.0000","1.3230","60550.0000","-0.0500","-0.0050","-1.0000","0.0000","0.0000","0.0000","0.0000","0.0000"
"14832.0","15:13:24.767","2222351.0000","1.4580","60550.0000","-0.0500","-0.0050","-1.0000","0.0000","0.0000","0.0000","0.0000","0.0000"
"14833.0","15:13:24.768","2221813.0000","1.3993","60550.0000","-0.0500","-0.0050","-1.0000","0.0000","0.0000","0.0000","0.0000","0.0000"
"14834.0","15:13:24.769","2221618.0000","1.3780","60550.0000","-0.0500","-0.0050","-1.0000","0.0000","0.0000","0.0000","0.0000","0.0000"
"14835.0","15:13:24.770","2222303.0000","1.4527","60550.0000","-0.0500","-0.0050","-1.0000","0.0000","0.0000","0.0000","0.0000","0.0000"
"14836.0","15:13:24.771","2221522.0000","1.3676","60550.0000","-0.0500","-0.0050","-1.0000","0.0000","0.0000","0.0000","0.0000","0.0000"
"14837.0","15:13:24.772","2220715.0000","1.2796","60550.0000","-0.0500","-0.0050","-1.0000","0.0000","0.0000","0.0000","0.0000","0.0000"
"14838.0","15:13:24.773","2222183.0000","1.4396","60550.0000","-0.0500","-0.0050","-1.0000","0.0000","0.0000","0.0000","0.0000","0.0000"
"14839.0","15:13:24.774","2221480.0000","1.3630","60550.0000","-0.0500","-0.0050","-1.0000","0.0000","0.0000","0.0000","0.0000","0.0000"
"14840.0","15:13:24.775","2221163.0000","1.3284","60550.0000","-0.0500","-0.0050","-1.0000","0.0000","0.0000","0.0000","0.0000","0.0000"
"14841.0","15:13:24.776","2220173.0000","1.2205","60550.0000","-0.0500","-0.0050","-1.0000","0.0000","0.0000","0.0000","0.0000","0.0000"
"14842.0","15:13:24.777","2220966.0000","1.3070","60550.0000","-0.0500","-0.0050","-1.0000","0.0000","0.0000","0.0000","0.0000","0.0000"
"14843.0","15:13:24.778","2221172.0000","1.3294","60550.0000","-0.0500","-0.0050","-1.0000","0.0000","0.0000","0.0000","0.0000","0.0000"
"14844.0","15:13:24.779","2221198.0000","1.3323","60550.0000","-0.0500","-0.0050","-1.0000","0.0000","0.0000","0.0000","0.0000","0.0000"
"14845.0","15:13:24.780","2221160.0000","1.3281","60550.0000","-0.0500","-0.0050","-1.0000","0.0000","0.0000","0.0000","0.0000","0.0000"
"14846.0","15:13:24.781","2220627.0000","1.2700","60550.0000","-0.0500","-0.0050","-1.0000","0.0000","0.0000","0.0000","0.0000","0.0000"
"14847.0","15:13:24.782","2221353.0000","1.3492","60550.0000","-0.0500","-0.0050","-1.0000","0.0000","0.0000","0.0000","0.0000","0.0000"
"14848.0","15:13:24.783","2221669.0000","1.3836","60550.0000","-0.0500","-0.0050","-1.0000","0.0000","0.0000","0.0000","0.0000","0.0000"
"14849.0","15:13:24.784","2221682.0000","1.3850","60550.0000","-0.0500","-0.0050","-1.0000","0.0000","0.0000","0.0000","0.0000","0.0000"
"14850.0","15:13:24.785","2221938.0000","1.4129","60550.0000","-0.0500","-0.0050","-1.0000","0.0000","0.0000","0.0000","0.0000","0.0000"
"14851.0","15:13:24.786","2222277.0000","1.4499","60550.0000","-0.0500","-0.0050","-1.0000","0.0000","0.0000","0.0000","0.0000","0.0000"
"14852.0","15:13:24.787","2221563.0000","1.3720","60550.0000","-0.0500","-0.0050","-1.0000","0.0000","0.0000","0.0000","0.0000","0.0000"
"14853.0","15:13:24.788","2221612.0000","1.3774","60550.0000","-0.0500","-0.0050","-1.0000","0.0000","0.0000","0.0000","0.0000","0.0000"
"14854.0","15:13:24.789","2222116.0000","1.4323","60550.0000","-0.0500","-0.0050","-1.0000","0.0000","0.0000","0.0000","0.0000","0.0000"
"14855.0","15:13:24.790","2222021.0000","1.4220","60550.0000","-0.0500","-0.0050","-1.0000","0.0000","0.0000","0.0000","0.0000","0.0000"
"14856.0","15:13:24.791","2221957.0000","1.4150","60550.0000","-0.0500","-0.0050","-1.0000","0.0000","0.0000","0.0000","0.0000","0.0000"
"14857.0","15:13:24.792","2220807.0000","1.2896","60550.0000","-0.0500","-0.0050","-1.0000","0.0000","0.0000","0.0000","0.0000","0.0000"
"14858.0","15:13:24.793","2221223.0000","1.3350","60550.0000","-0.0500","-0.0050","-1.0000","0.0000","0.0000","0.0000","0.0000","0.0000"
"14859.0","15:13:24.794","2220477.0000","1.2536","60550.0000","-0.0500","-0.0050","-1.0000","0.0000","0.0000","0.0000","0.0000","0.0000"
"14860.0","15:13:24.795","2221776.0000","1.3952","60550.0000","-0.0500","-0.0050","-1.0000","0.0000","0.0000","0.0000","0.0000","0.0000"
"14861.0","15:13:24.796","2221776.0000","1.3952","60550.0000","-0.0500","-0.0050","-1.0000","0.0000","0.0000","0.0000","0.0000","0.0000"
"14862.0","15:13:24.797","2220970.0000","1.3074","60550.0000","-0.0500","-0.0050","-1.0000","0.0000","0.0000","0.0000","0.0000","0.0000"
"14863.0","15:13:24.798","2220863.0000","1.2957","60550.0000","-0.0500","-0.0050","-1.0000","0.0000","0.0000","0.0000","0.0000","0.0000"
"14864.0","15:13:24.799","2220730.0000","1.2812","60550.0000","-0.0500","-0.0050","-1.0000","0.0000","0.0000","0.0000","0.0000","0.0000"
"14865.0","15:13:24.800","2221316.0000","1.3451","60550.0000","-0.0500","-0.0050","-1.0000","0.0000","0.0000","0.0000","0.0000","0.0000"
"14866.0","15:13:24.801","2221294.0000","1.3427","60550.0000","-0.0500","-0.0050","-1.0000","0.0000","0.0000","0.0000","0.0000","0.0000"
"14867.0","15:13:24.802","2221657.0000","1.3823","60550.0000","-0.0500","-0.0050","-1.0000","0.0000","0.0000","0.0000","0.0000","0.0000"
"14868.0","15:13:24.803","2221156.0000","1.3276","60550.0000","-0.0500","-0.0050","-1.0000","0.0000","0.0000","0.0000","0.0000","0.0000"
"14869.0","15:13:24.804","2221035.0000","1.3145","60550.0000","-0.0500","-0.0050","-1.0000","0.0000","0.0000","0.0000","0.0000","0.0000"
"14870.0","15:13:24.805","2222176.0000","1.4389","60550.0000","-0.0500","-0.0050","-1.0000","0.0000","0.0000","0.0000","0.0000","0.0000"
"14871.0","15:13:24.806","2222054.0000","1.4255","60550.0000","-0.0500","-0.0050","-1.0000","0.0000","0.0000","0.0000","0.0000","0.0000"
"14872.0","15:13:24.807","2221500.0000","1.3652","60550.0000","-0.0500","-0.0050","-1.0000","0.0000","0.0000","0.0000","0.0000","0.0000"
"14873.0","15:13:24.808","2221534.0000","1.3689","60550.0000","-0.0500","-0.0050","-1.0000","0.0000","0.0000","0.0000","0.0000","0.0000"
"14874.0","15:13:24.809","2221895.0000","1.4082","60550.0000","-0.0500","-0.0050","-1.0000","0.0000","0.0000","0.0000","0.0000","0.0000"
"14875.0","15:13:24.810","2222388.0000","1.4620","60550.0000","-0.0500","-0.0050","-1.0000","0.0000","0.0000","0.0000","0.0000","0.0000"
"14876.0","15:13:24.811","2221934.0000","1.4125","60550.0000","-0.0500","-0.0050","-1.0000","0.0000","0.0000","0.0000","0.0000","0.0000"
"14877.0","15:13:24.812","2222704.0000","1.4964","60550.0000","-0.0500","-0.0050","-1.0000","0.0000","0.0000","0.0000","0.0000","0.0000"
"14878.0","15:13:24.813","2221703.0000","1.3873","60550.0000","-0.0500","-0.0050","-1.0000","0.0000","0.0000","0.0000","0.0000","0.0000"
"14879.0","15:13:24.814","2221646.0000","1.3811","60550.0000","-0.0500","-0.0050","-1.0000","0.0000","0.0000","0.0000","0.0000","0.0000"
"14880.0","15:13:24.815","2221827.0000","1.4008","60550.0000","-0.0500","-0.0050","-1.0000","0.0000","0.0000","0.0000","0.0000","0.0000"
"14881.0","15:13:24.816","2221782.0000","1.3959","60555.0000","-0.0500","-0.0050","-1.0000","0.0000","0.0000","0.0000","0.0000","0.0000"
"14882.0","15:13:24.817","2222060.0000","1.4262","60555.0000","-0.0500","-0.0050","-1.0000","0.0000","0.0000","0.0000","0.0000","0.0000"
"14883.0","15:13:24.818","2222975.0000","1.5260","60555.0000","-0.0500","-0.0050","-1.0000","0.0000","0.0000","0.0000","0.0000","0.0000"
"14884.0","15:13:24.819","2221851.0000","1.4034","60555.0000","-0.0500","-0.0050","-1.0000","0.0000","0.0000","0.0000","0.0000","0.0000"
"14885.0","15:13:24.820","2221636.0000","1.3800","60555.0000","-0.0500","-0.0050","-1.0000","0.0000","0.0000","0.0000","0.0000","0.0000"
"14886.0","15:13:24.821","2221734.0000","1.3907","60555.0000","-0.0500","-0.0050","-1.0000","0.0000","0.0000","0.0000","0.0000","0.0000"
"14887.0","15:13:24.822","2222056.0000","1.4258","60555.0000","-0.0500","-0.0050","-1.0000","0.0000","0.0000","0.0000","0.0000","0.0000"
"14888.0","15:13:24.823","2221430.0000","1.3576","60555.0000","-0.0500","-0.0050","-1.0000","0.0000","0.0000","0.0000","0.0000","0.0000"
"14889.0","15:13:24.824","2222128.0000","1.4336","60555.0000","-0.0500","-0.0050","-1.0000","0.0000","0.0000","0.0000","0.0000","0.0000"
"14890.0","15:13:24.825","2221832.0000","1.4014","60555.0000","-0.0500","-0.0050","-1.0000","0.0000","0.0000","0.0000","0.0000","0.0000"
"14891.0","15:13:24.826","2222452.0000","1.4690","60555.0000","-0.0500","-0.0050","-1.0000","0.0000","0.0000","0.0000","0.0000","0.0000"
"14892.0","15:13:24.827","2223164.0000","1.5466","60555.0000","-0.0500","-0.0050","-1.0000","0.0000","0.0000","0.0000","0.0000","0.0000"
"14893.0","15:13:24.828","2221305.0000","1.3439","60555.0000","-0.0500","-0.0050","-1.0000","0.0000","0.0000","0.0000","0.0000","0.0000"
"14894.0","15:13:24.829","2221981.0000","1.4176","60555.0000","-0.0500","-0.0050","-1.0000","0.0000","0.0000","0.0000","0.0000","0.0000"
"14895.0","15:13:24.830","2221597.0000","1.3757","60555.0000","-0.0500","-0.0050","-1.0000","0.0000","0.0000","0.0000","0.0000","0.0000"
"14896.0","15:13:24.831","2221432.0000","1.3577","60555.0000","-0.0500","-0.0050","-1.0000","0.0000","0.0000","0.0000","0.0000","0.0000"
"14897.0","15:13:24.832","2222098.0000","1.4304","60555.0000","-0.0500","-0.0050","-1.0000","0.0000","0.0000","0.0000","0.0000","0.0000"
"14898.0","15:13:24.833","2221587.0000","1.3746","60555.0000","-0.0500","-0.0050","-1.0000","0.0000","0.0000","0.0000","0.0000","0.0000"
"14899.0","15:13:24.834","2222546.0000","1.4792","60555.0000","-0.0500","-0.0050","-1.0000","0.0000","0.0000","0.0000","0.0000","0.0000"
"14900.0","15:13:24.835","2221232.0000","1.3360","60555.0000","-0.0500","-0.0050","-1.0000","0.0000","0.0000","0.0000","0.0000","0.0000"
"14901.0","15:13:24.836","2221820.0000","1.4001","60555.0000","-0.0500","-0.0050","-1.0000","0.0000","0.0000","0.0000","0.0000","0.0000"
"14902.0","15:13:24.837","2222458.0000","1.4696","60555.0000","-0.0500","-0.0050","-1.0000","0.0000","0.0000","0.0000","0.0000","0.0000"
"14903.0","15:13:24.838","2221527.0000","1.3681","60555.0000","-0.0500","-0.0050","-1.0000","0.0000","0.0000","0.0000","0.0000","0.0000"
"14904.0","15:13:24.839","2221364.0000","1.3504","60555.0000","-0.0500","-0.0050","-1.0000","0.0000","0.0000","0.0000","0.0000","0.0000"
"14905.0","15:13:24.840","2221999.0000","1.4196","60555.0000","-0.0500","-0.0050","-1.0000","0.0000","0.0000","0.0000","0.0000","0.0000"
"14906.0","15:13:24.841","2222722.0000","1.4984","60555.0000","-0.0500","-0.0050","-1.0000","0.0000","0.0000","0.0000","0.0000","0.0000"
"14907.0","15:13:24.842","2222344.0000","1.4572","60555.0000","-0.0500","-0.0050","-1.0000","0.0000","0.0000","0.0000","0.0000","0.0000"
"14908.0","15:13:24.843","2222344.0000","1.4572","60555.0000","-0.0500","-0.0050","-1.0000","0.0000","0.0000","0.0000","0.0000","0.0000"
"14909.0","15:13:24.844","2221364.0000","1.3504","60555.0000","-0.0500","-0.0050","-1.0000","0.0000","0.0000","0.0000","0.0000","0.0000"
"14910.0","15:13:24.845","2222022.0000","1.4221","60555.0000","-0.0500","-0.0050","-1.0000","0.0000","0.0000","0.0000","0.0000","0.0000"
"14911.0","15:13:24.846","2222499.0000","1.4741","60555.0000","-0.0500","-0.0050","-1.0000","0.0000","0.0000","0.0000","0.0000","0.0000"
"14912.0","15:13:24.847","2222300.0000","1.4524","60555.0000","-0.0500","-0.0050","-1.0000","0.0000","0.0000","0.0000","0.0000","0.0000"
"14913.0","15:13:24.848","2222650.0000","1.4905","60555.0000","-0.0500","-0.0050","-1.0000","0.0000","0.0000","0.0000","0.0000","0.0000"
"14914.0","15:13:24.849","2221586.0000","1.3745","60555.0000","-0.0500","-0.0050","-1.0000","0.0000","0.0000","0.0000","0.0000","0.0000"
"14915.0","15:13:24.850","2221876.0000","1.4061","60555.0000","-0.0500","-0.0050","-1.0000","0.0000","0.0000","0.0000","0.0000","0.0000"
"14916.0","15:13:24.851","2222981.0000","1.5266","60555.0000","-0.0500","-0.0050","-1.0000","0.0000","0.0000","0.0000","0.0000","0.0000"
"14917.0","15:13:24.852","2222118.0000","1.4325","60555.0000","-0.0500","-0.0050","-1.0000","0.0000","0.0000","0.0000","0.0000","0.0000"
"14918.0","15:13:24.853","2221456.0000","1.3604","60555.0000","-0.0500","-0.0050","-1.0000","0.0000","0.0000","0.0000","0.0000","0.0000"
"14919.0","15:13:24.854","2221785.0000","1.3962","60555.0000","-0.0500","-0.0050","-1.0000","0.0000","0.0000","0.0000","0.0000","0.0000"
"14920.0","15:13:24.855","2222028.0000","1.4227","60555.0000","-0.0500","-0.0050","-1.0000","0.0000","0.0000","0.0000","0.0000","0.0000"
"14921.0","15:13:24.856","2222350.0000","1.4578","60555.0000","-0.0500","-0.0050","-1.0000","0.0000","0.0000","0.0000","0.0000","0.0000"
"14922.0","15:13:24.857","2222075.0000","1.4278","60555.0000","-0.0500","-0.0050","-1.0000","0.0000","0.0000","0.0000","0.0000","0.0000"
"14923.0","15:13:24.858","2222596.0000","1.4846","60555.0000","-0.0500","-0.0050","-1.0000","0.0000","0.0000","0.0000","0.0000","0.0000"
"14924.0","15:13:24.859","2223551.0000","1.5888","60555.0000","-0.0500","-0.0050","-1.0000","0.0000","0.0000","0.0000","0.0000","0.0000"
"14925.0","15:13:24.860","2223147.0000","1.5447","60555.0000","-0.0500","-0.0050","-1.0000","0.0000","0.0000","0.0000","0.0000","0.0000"
"14926.0","15:13:24.861","2223181.0000","1.5484","60555.0000","-0.0500","-0.0050","-1.0000","0.0000","0.0000","0.0000","0.0000","0.0000"
"14927.0","15:13:24.862","2222723.0000","1.4985","60555.0000","-0.0500","-0.0050","-1.0000","0.0000","0.0000","0.0000","0.0000","0.0000"
"14928.0","15:13:24.863","2223795.0000","1.6154","60555.0000","-0.0500","-0.0050","-1.0000","0.0000","0.0000","0.0000","0.0000","0.0000"
"14929.0","15:13:24.864","2223846.0000","1.6209","60555.0000","-0.0500","-0.0050","-1.0000","0.0000","0.0000","0.0000","0.0000","0.0000"
"14930.0","15:13:24.865","2223444.0000","1.5771","60555.0000","-0.0500","-0.0050","-1.0000","0.0000","0.0000","0.0000","0.0000","0.0000"
"14931.0","15:13:24.866","2223627.0000","1.5970","60555.0000","-0.0500","-0.0050","-1.0000","0.0000","0.0000","0.0000","0.0000","0.0000"
"14932.0","15:13:24.867","2222898.0000","1.5176","60555.0000","-0.0500","-0.0050","-1.0000","0.0000","0.0000","0.0000","0.0000","0.0000"
"14933.0","15:13:24.868","2221970.0000","1.4164","60555.0000","-0.0500","-0.0050","-1.0000","0.0000","0.0000","0.0000","0.0000","0.0000"
"14934.0","15:13:24.869","2222808.0000","1.5078","60555.0000","-0.0500","-0.0050","-1.0000","0.0000","0.0000","0.0000","0.0000","0.0000"
"14935.0","15:13:24.870","2222722.0000","1.4984","60555.0000","-0.0500","-0.0050","-1.0000","0.0000","0.0000","0.0000","0.0000","0.0000"
"14936.0","15:13:24.871","2223442.0000","1.5769","60555.0000","-0.0500","-0.0050","-1.0000","0.0000","0.0000","0.0000","0.0000","0.0000"
"14937.0","15:13:24.872","2222969.0000","1.5253","60555.0000","-0.0500","-0.0050","-1.0000","0.0000","0.0000","0.0000","0.0000","0.0000"
"14938.0","15:13:24.873","2222469.0000","1.4708","60555.0000","-0.0500","-0.0050","-1.0000","0.0000","0.0000","0.0000","0.0000","0.0000"
"14939.0","15:13:24.874","2222954.0000","1.5237","60555.0000","-0.0500","-0.0050","-1.0000","0.0000","0.0000","0.0000","0.0000","0.0000"
"14940.0","15:13:24.875","2223646.0000","1.5991","60555.0000","-0.0500","-0.0050","-1.0000","0.0000","0.0000","0.0000","0.0000","0.0000"
"14941.0","15:13:24.876","2223895.0000","1.6263","60554.0000","-0.0500","-0.0050","-1.0000","0.0000","0.0000","0.0000","0.0000","0.0000"
"14942.0","15:13:24.877","2222646.0000","1.4901","60554.0000","-0.0500","-0.0050","-1.0000","0.0000","0.0000","0.0000","0.0000","0.0000"
"14943.0","15:13:24.878","2223056.0000","1.5348","60554.0000","-0.0500","-0.0050","-1.0000","0.0000","0.0000","0.0000","0.0000","0.0000"
"14944.0","15:13:24.879","2222714.0000","1.4975","60554.0000","-0.0500","-0.0050","-1.0000","0.0000","0.0000","0.0000","0.0000","0.0000"
"14945.0","15:13:24.880","2222842.0000","1.5115","60554.0000","-0.0500","-0.0050","-1.0000","0.0000","0.0000","0.0000","0.0000","0.0000"
"14946.0","15:13:24.881","2222788.0000","1.5056","60554.0000","-0.0500","-0.0050","-1.0000","0.0000","0.0000","0.0000","0.0000","0.0000"
"14947.0","15:13:24.882","2222726.0000","1.4988","60554.0000","-0.0500","-0.0050","-1.0000","0.0000","0.0000","0.0000","0.0000","0.0000"
"14948.0","15:13:24.883","2222195.0000","1.4409","60554.0000","-0.0500","-0.0050","-1.0000","0.0000","0.0000","0.0000","0.0000","0.0000"
"14949.0","15:13:24.884","2222463.0000","1.4702","60554.0000","-0.0500","-0.0050","-1.0000","0.0000","0.0000","0.0000","0.0000","0.0000"
"14950.0","15:13:24.885","2222914.0000","1.5193","60554.0000","-0.0500","-0.0050","-1.0000","0.0000","0.0000","0.0000","0.0000","0.0000"
"14951.0","15:13:24.886","2222876.0000","1.5152","60554.0000","-0.0500","-0.0050","-1.0000","0.0000","0.0000","0.0000","0.0000","0.0000"
"14952.0","15:13:24.887","2222356.0000","1.4585","60554.0000","-0.0500","-0.0050","-1.0000","0.0000","0.0000","0.0000","0.0000","0.0000"
"14953.0","15:13:24.888","2222573.0000","1.4821","60554.0000","-0.0500","-0.0050","-1.0000","0.0000","0.0000","0.0000","0.0000","0.0000"
"14954.0","15:13:24.889","2221984.0000","1.4179","60554.0000","-0.0500","-0.0050","-1.0000","0.0000","0.0000","0.0000","0.0000","0.0000"
"14955.0","15:13:24.890","2221984.0000","1.4179","60554.0000","-0.0500","-0.0050","-1.0000","0.0000","0.0000","0.0000","0.0000","0.0000"
"14956.0","15:13:24.891","2222802.0000","1.5071","60554.0000","-0.0500","-0.0050","-1.0000","0.0000","0.0000","0.0000","0.0000","0.0000"
"14957.0","15:13:24.892","2222583.0000","1.4832","60554.0000","-0.0500","-0.0050","-1.0000","0.0000","0.0000","0.0000","0.0000","0.0000"
"14958.0","15:13:24.893","2223140.0000","1.5440","60554.0000","-0.0500","-0.0050","-1.0000","0.0000","0.0000","0.0000","0.0000","0.0000"
"14959.0","15:13:24.894","2222264.0000","1.4484","60554.0000","-0.0500","-0.0050","-1.0000","0.0000","0.0000","0.0000","0.0000","0.0000"
"14960.0","15:13:24.895","2222314.0000","1.4539","60554.0000","-0.0500","-0.0050","-1.0000","0.0000","0.0000","0.0000","0.0000","0.0000"
"14961.0","15:13:24.896","2222349.0000","1.4577","60554.0000","-0.0500","-0.0050","-1.0000","0.0000","0.0000","0.0000","0.0000","0.0000"
"14962.0","15:13:24.897","2222246.0000","1.4465","60554.0000","-0.0500","-0.0050","-1.0000","0.0000","0.0000","0.0000","0.0000","0.0000"
"14963.0","15:13:24.898","2223396.0000","1.5719","60554.0000","-0.0500","-0.0050","-1.0000","0.0000","0.0000","0.0000","0.0000","0.0000"
"14964.0","15:13:24.899","2223520.0000","1.5854","60554.0000","-0.0500","-0.0050","-1.0000","0.0000","0.0000","0.0000","0.0000","0.0000"
"14965.0","15:13:24.900","2222619.0000","1.4872","60554.0000","-0.0500","-0.0050","-1.0000","0.0000","0.0000","0.0000","0.0000","0.0000"
"14966.0","15:13:24.901","2222958.0000","1.5241","60554.0000","-0.0500","-0.0050","-1.0000","0.0000","0.0000","0.0000","0.0000","0.0000"
"14967.0","15:13:24.902","2222792.0000","1.5060","60554.0000","-0.0500","-0.0050","-1.0000","0.0000","0.0000","0.0000","0.0000","0.0000"
"14968.0","15:13:24.903","2222026.0000","1.4225","60554.0000","-0.0500","-0.0050","-1.0000","0.0000","0.0000","0.0000","0.0000","0.0000"
"14969.0","15:13:24.904","2222212.0000","1.4428","60554.0000","-0.0500","-0.0050","-1.0000","0.0000","0.0000","0.0000","0.0000","0.0000"
"14970.0","15:13:24.905","2222211.0000","1.4427","60554.0000","-0.0500","-0.0050","-1.0000","0.0000","0.0000","0.0000","0.0000","0.0000"
"14971.0","15:13:24.906","2221673.0000","1.3840","60554.0000","-0.0500","-0.0050","-1.0000","0.0000","0.0000","0.0000","0.0000","0.0000"
"14972.0","15:13:24.907","2222796.0000","1.5065","60554.0000","-0.0500","-0.0050","-1.0000","0.0000","0.0000","0.0000","0.0000","0.0000"
"14973.0","15:13:24.908","2221894.0000","1.4081","60554.0000","-0.0500","-0.0050","-1.0000","0.0000","0.0000","0.0000","0.0000","0.0000"
"14974.0","15:13:24.909","2222828.0000","1.5099","60554.0000","-0.0500","-0.0050","-1.0000","0.0000","0.0000","0.0000","0.0000","0.0000"
"14975.0","15:13:24.910","2222620.0000","1.4873","60554.0000","-0.0500","-0.0050","-1.0000","0.0000","0.0000","0.0000","0.0000","0.0000"
"14976.0","15:13:24.911","2222232.0000","1.4450","60554.0000","-0.0500","-0.0050","-1.0000","0.0000","0.0000","0.0000","0.0000","0.0000"
"14977.0","15:13:24.912","2221355.0000","1.3494","60554.0000","-0.0500","-0.0050","-1.0000","0.0000","0.0000","0.0000","0.0000","0.0000"
"14978.0","15:13:24.913","2222274.0000","1.4496","60554.0000","-0.0500","-0.0050","-1.0000","0.0000","0.0000","0.0000","0.0000","0.0000"
"14979.0","15:13:24.914","2222014.0000","1.4212","60554.0000","-0.0500","-0.0050","-1.0000","0.0000","0.0000","0.0000","0.0000","0.0000"
"14980.0","15:13:24.915","2221234.0000","1.3362","60554.0000","-0.0500","-0.0050","-1.0000","0.0000","0.0000","0.0000","0.0000","0.0000"
"14981.0","15:13:24.916","2221658.0000","1.3824","60554.0000","-0.0500","-0.0050","-1.0000","0.0000","0.0000","0.0000","0.0000","0.0000"
"14982.0","15:13:24.917","2221878.0000","1.4064","60554.0000","-0.0500","-0.0050","-1.0000","0.0000","0.0000","0.0000","0.0000","0.0000"
"14983.0","15:13:24.918","2222274.0000","1.4496","60554.0000","-0.0500","-0.0050","-1.0000","0.0000","0.0000","0.0000","0.0000","0.0000"
"14984.0","15:13:24.919","2221745.0000","1.3919","60554.0000","-0.0500","-0.0050","-1.0000","0.0000","0.0000","0.0000","0.0000","0.0000"
"14985.0","15:13:24.920","2222221.0000","1.4438","60554.0000","-0.0500","-0.0050","-1.0000","0.0000","0.0000","0.0000","0.0000","0.0000"
"14986.0","15:13:24.921","2222810.0000","1.5080","60554.0000","-0.0500","-0.0050","-1.0000","0.0000","0.0000","0.0000","0.0000","0.0000"
"14987.0","15:13:24.922","2222473.0000","1.4712","60554.0000","-0.0500","-0.0050","-1.0000","0.0000","0.0000","0.0000","0.0000","0.0000"
"14988.0","15:13:24.923","2223602.0000","1.5943","60554.0000","-0.0500","-0.0050","-1.0000","0.0000","0.0000","0.0000","0.0000","0.0000"
"14989.0","15:13:24.924","2222381.0000","1.4612","60554.0000","-0.0500","-0.0050","-1.0000","0.0000","0.0000","0.0000","0.0000","0.0000"
"14990.0","15:13:24.925","2222449.0000","1.4686","60554.0000","-0.0500","-0.0050","-1.0000","0.0000","0.0000","0.0000","0.0000","0.0000"
"14991.0","15:13:24.926","2222124.0000","1.4332","60554.0000","-0.0500","-0.0050","-1.0000","0.0000","0.0000","0.0000","0.0000","0.0000"
"14992.0","15:13:24.927","2222734.0000","1.4997","60554.0000","-0.0500","-0.0050","-1.0000","0.0000","0.0000","0.0000","0.0000","0.0000"
"14993.0","15:13:24.928","2222818.0000","1.5088","60554.0000","-0.0500","-0.0050","-1.0000","0.0000","0.0000","0.0000","0.0000","0.0000"
"14994.0","15:13:24.929","2222956.0000","1.5239","60554.0000","-0.0500","-0.0050","-1.0000","0.0000","0.0000","0.0000","0.0000","0.0000"
"14995.0","15:13:24.930","2222170.0000","1.4382","60554.0000","-0.0500","-0.0050","-1.0000","0.0000","0.0000","0.0000","0.0000","0.0000"
"14996.0","15:13:24.931","2222570.0000","1.4818","60554.0000","-0.0500","-0.0050","-1.0000","0.0000","0.0000","0.0000","0.0000","0.0000"
"14997.0","15:13:24.932","2223298.0000","1.5612","60554.0000","-0.0500","-0.0050","-1.0000","0.0000","0.0000","0.0000","0.0000","0.0000"
"14998.0","15:13:24.933","2222254.0000","1.4474","60554.0000","-0.0500","-0.0050","-1.0000","0.0000","0.0000","0.0000","0.0000","0.0000"
"14999.0","15:13:24.934","2221733.0000","1.3905","60554.0000","-0.0500","-0.0050","-1.0000","0.0000","0.0000","0.0000","0.0000","0.0000"
"15000.0","15:13:24.935","2222921.0000","1.5201","60554.0000","-0.0500","-0.0050","-1.0000","0.0000","0.0000","0.0000","0.0000","0.0000"
"15001.0","15:13:24.936","2222288.0000","1.4511","60559.0000","-0.0500","-0.0050","-1.0000","0.0000","0.0000","0.0000","0.0000","0.0000"
"15002.0","15:13:24.937","2222288.0000","1.4511","60559.0000","-0.0500","-0.0050","-1.0000","0.0000","0.0000","0.0000","0.0000","0.0000"
"15003.0","15:13:24.938","2222113.0000","1.4320","60559.0000","-0.0500","-0.0050","-1.0000","0.0000","0.0000","0.0000","0.0000","0.0000"
"15004.0","15:13:24.939","2221986.0000","1.4181","60559.0000","-0.0500","-0.0050","-1.0000","0.0000","0.0000","0.0000","0.0000","0.0000"
"15005.0","15:13:24.940","2222214.0000","1.4430","60559.0000","-0.0500","-0.0050","-1.0000","0.0000","0.0000","0.0000","0.0000","0.0000"
"15006.0","15:13:24.941","2222118.0000","1.4325","60559.0000","-0.0500","-0.0050","-1.0000","0.0000","0.0000","0.0000","0.0000","0.0000"
"15007.0","15:13:24.942","2222473.0000","1.4712","60559.0000","-0.0500","-0.0050","-1.0000","0.0000","0.0000","0.0000","0.0000","0.0000"
"15008.0","15:13:24.943","2221954.0000","1.4146","60559.0000","-0.0500","-0.0050","-1.0000","0.0000","0.0000","0.0000","0.0000","0.0000"
"15009.0","15:13:24.944","2221905.0000","1.4093","60559.0000","-0.0500","-0.0050","-1.0000","0.0000","0.0000","0.0000","0.0000","0.0000"
"15010.0","15:13:24.945","2222189.0000","1.4403","60559.0000","-0.0500","-0.0050","-1.0000","0.0000","0.0000","0.0000","0.0000","0.0000"
"15011.0","15:13:24.946","2221405.0000","1.3548","60559.0000","-0.0500","-0.0050","-1.0000","0.0000","0.0000","0.0000","0.0000","0.0000"
"15012.0","15:13:24.947","2221960.0000","1.4153","60559.0000","-0.0500","-0.0050","-1.0000","0.0000","0.0000","0.0000","0.0000","0.0000"
"15013.0","15:13:24.948","2221306.0000","1.3440","60559.0000","-0.0500","-0.0050","-1.0000","0.0000","0.0000","0.0000","0.0000","0.0000"
"15014.0","15:13:24.949","2221832.0000","1.4014","60559.0000","-0.0500","-0.0050","-1.0000","0.0000","0.0000","0.0000","0.0000","0.0000"
"15015.0","15:13:24.950","2221848.0000","1.4031","60559.0000","-0.0500","-0.0050","-1.0000","0.0000","0.0000","0.0000","0.0000","0.0000"
"15016.0","15:13:24.951","2222150.0000","1.4360","60559.0000","-0.0500","-0.0050","-1.0000","0.0000","0.0000","0.0000","0.0000","0.0000"
"15017.0","15:13:24.952","2221925.0000","1.4115","60559.0000","-0.0500","-0.0050","-1.0000","0.0000","0.0000","0.0000","0.0000","0.0000"
"15018.0","15:13:24.953","2221644.0000","1.3808","60559.0000","-0.0500","-0.0050","-1.0000","0.0000","0.0000","0.0000","0.0000","0.0000"
"15019.0","15:13:24.954","2222303.0000","1.4527","60559.0000","-0.0500","-0.0050","-1.0000","0.0000","0.0000","0.0000","0.0000","0.0000"
"15020.0","15:13:24.955","2222418.0000","1.4652","60559.0000","-0.0500","-0.0050","-1.0000","0.0000","0.0000","0.0000","0.0000","0.0000"
"15021.0","15:13:24.956","2221564.0000","1.3721","60559.0000","-0.0500","-0.0050","-1.0000","0.0000","0.0000","0.0000","0.0000","0.0000"
"15022.0","15:13:24.957","2221341.0000","1.3478","60559.0000","-0.0500","-0.0050","-1.0000","0.0000","0.0000","0.0000","0.0000","0.0000"
"15023.0","15:13:24.958","2221883.0000","1.4069","60559.0000","-0.0500","-0.0050","-1.0000","0.0000","0.0000","0.0000","0.0000","0.0000"
"15024.0","15:13:24.959","2221048.0000","1.3159","60559.0000","-0.0500","-0.0050","-1.0000","0.0000","0.0000","0.0000","0.0000","0.0000"
"15025.0","15:13:24.960","2221718.0000","1.3889","60559.0000","-0.0500","-0.0050","-1.0000","0.0000","0.0000","0.0000","0.0000","0.0000"
"15026.0","15:13:24.961","2221213.0000","1.3339","60559.0000","-0.0500","-0.0050","-1.0000","0.0000","0.0000","0.0000","0.0000","0.0000"
"15027.0","15:13:24.962","2220847.0000","1.2940","60559.0000","-0.0500","-0.0050","-1.0000","0.0000","0.0000","0.0000","0.0000","0.0000"
"15028.0","15:13:24.963","2222114.0000","1.4321","60559.0000","-0.0500","-0.0050","-1.0000","0.0000","0.0000","0.0000","0.0000","0.0000"
"15029.0","15:13:24.964","2220712.0000","1.2793","60559.0000","-0.0500","-0.0050","-1.0000","0.0000","0.0000","0.0000","0.0000","0.0000"
"15030.0","15:13:24.965","2220176.0000","1.2208","60559.0000","-0.0500","-0.0050","-1.0000","0.0000","0.0000","0.0000","0.0000","0.0000"
"15031.0","15:13:24.966","2221223.0000","1.3350","60559.0000","-0.0500","-0.0050","-1.0000","0.0000","0.0000","0.0000","0.0000","0.0000"
"15032.0","15:13:24.967","2221404.0000","1.3547","60559.0000","-0.0500","-0.0050","-1.0000","0.0000","0.0000","0.0000","0.0000","0.0000"
"15033.0","15:13:24.968","2222234.0000","1.4452","60559.0000","-0.0500","-0.0050","-1.0000","0.0000","0.0000","0.0000","0.0000","0.0000"
"15034.0","15:13:24.969","2221550.0000","1.3706","60559.0000","-0.0500","-0.0050","-1.0000","0.0000","0.0000","0.0000","0.0000","0.0000"
"15035.0","15:13:24.970","2220944.0000","1.3045","60559.0000","-0.0500","-0.0050","-1.0000","0.0000","0.0000","0.0000","0.0000","0.0000"
"15036.0","15:13:24.971","2220713.0000","1.2794","60559.0000","-0.0500","-0.0050","-1.0000","0.0000","0.0000","0.0000","0.0000","0.0000"
"15037.0","15:13:24.972","2220101.0000","1.2127","60559.0000","-0.0500","-0.0050","-1.0000","0.0000","0.0000","0.0000","0.0000","0.0000"
"15038.0","15:13:24.973","2221258.0000","1.3388","60559.0000","-0.0500","-0.0050","-1.0000","0.0000","0.0000","0.0000","0.0000","0.0000"
"15039.0","15:13:24.974","2221831.0000","1.4012","60559.0000","-0.0500","-0.0050","-1.0000","0.0000","0.0000","0.0000","0.0000","0.0000"
"15040.0","15:13:24.975","2221941.0000","1.4133","60559.0000","-0.0500","-0.0050","-1.0000","0.0000","0.0000","0.0000","0.0000","0.0000"
"15041.0","15:13:24.976","2221643.0000","1.3808","60559.0000","-0.0500","-0.0050","-1.0000","0.0000","0.0000","0.0000","0.0000","0.0000"
"15042.0","15:13:24.977","2220997.0000","1.3103","60559.0000","-0.0500","-0.0050","-1.0000","0.0000","0.0000","0.0000","0.0000","0.0000"
"15043.0","15:13:24.978","2220965.0000","1.3069","60559.0000","-0.0500","-0.0050","-1.0000","0.0000","0.0000","0.0000","0.0000","0.0000"
"15044.0","15:13:24.979","2220750.0000","1.2834","60559.0000","-0.0500","-0.0050","-1.0000","0.0000","0.0000","0.0000","0.0000","0.0000"
"15045.0","15:13:24.980","2220008.0000","1.2025","60559.0000","-0.0500","-0.0050","-1.0000","0.0000","0.0000","0.0000","0.0000","0.0000"
"15046.0","15:13:24.981","2220604.0000","1.2675","60559.0000","-0.0500","-0.0050","-1.0000","0.0000","0.0000","0.0000","0.0000","0.0000"
"15047.0","15:13:24.982","2220465.0000","1.2523","60559.0000","-0.0500","-0.0050","-1.0000","0.0000","0.0000","0.0000","0.0000","0.0000"
"15048.0","15:13:24.983","2220415.0000","1.2469","60559.0000","-0.0500","-0.0050","-1.0000","0.0000","0.0000","0.0000","0.0000","0.0000"
"15049.0","15:13:24.984","2220415.0000","1.2469","60559.0000","-0.0500","-0.0050","-1.0000","0.0000","0.0000","0.0000","0.0000","0.0000"
"15050.0","15:13:24.985","2221294.0000","1.3427","60559.0000","-0.0500","-0.0050","-1.0000","0.0000","0.0000","0.0000","0.0000","0.0000"
"15051.0","15:13:24.986","2220672.0000","1.2749","60559.0000","-0.0500","-0.0050","-1.0000","0.0000","0.0000","0.0000","0.0000","0.0000"
"15052.0","15:13:24.987","2220922.0000","1.3022","60559.0000","-0.0500","-0.0050","-1.0000","0.0000","0.0000","0.0000","0.0000","0.0000"
"15053.0","15:13:24.988","2220744.0000","1.2828","60559.0000","-0.0500","-0.0050","-1.0000","0.0000","0.0000","0.0000","0.0000","0.0000"
"15054.0","15:13:24.989","2221617.0000","1.3779","60559.0000","-0.0500","-0.0050","-1.0000","0.0000","0.0000","0.0000","0.0000","0.0000"
"15055.0","15:13:24.990","2221055.0000","1.3167","60559.0000","-0.0500","-0.0050","-1.0000","0.0000","0.0000","0.0000","0.0000","0.0000"
"15056.0","15:13:24.991","2220332.0000","1.2378","60559.0000","-0.0500","-0.0050","-1.0000","0.0000","0.0000","0.0000","0.0000","0.0000"
"15057.0","15:13:24.992","2220517.0000","1.2580","60559.0000","-0.0500","-0.0050","-1.0000","0.0000","0.0000","0.0000","0.0000","0.0000"
"15058.0","15:13:24.993","2219514.0000","1.1487","60559.0000","-0.0500","-0.0050","-1.0000","0.0000","0.0000","0.0000","0.0000","0.0000"
"15059.0","15:13:24.994","2220596.0000","1.2666","60559.0000","-0.0500","-0.0050","-1.0000","0.0000","0.0000","0.0000","0.0000","0.0000"
"15060.0","15:13:24.995","2221309.0000","1.3443","60559.0000","-0.0500","-0.0050","-1.0000","0.0000","0.0000","0.0000","0.0000","0.0000"
"15061.0","15:13:24.996","2221687.0000","1.3855","60559.0000","-0.0500","-0.0050","-1.0000","0.0000","0.0000","0.0000","0.0000","0.0000"
"15062.0","15:13:24.997","2220863.0000","1.2957","60564.0000","-0.0500","-0.0050","-1.0000","0.0000","0.0000","0.0000","0.0000","0.0000"
"15063.0","15:13:24.998","2220717.0000","1.2798","60564.0000","-0.0500","-0.0050","-1.0000","0.0000","0.0000","0.0000","0.0000","0.0000"
"15064.0","15:13:24.999","2220795.0000","1.2883","60564.0000","-0.0500","-0.0050","-1.0000","0.0000","0.0000","0.0000","0.0000","0.0000"
"15065.0","15:13:25.0","2220682.0000","1.2760","60564.0000","-0.0500","-0.0050","-1.0000","0.0000","0.0000","0.0000","0.0000","0.0000"
"15066.0","15:13:25.1","2220914.0000","1.3013","60564.0000","-0.0500","-0.0050","-1.0000","0.0000","0.0000","0.0000","0.0000","0.0000"
"15067.0","15:13:25.2","2220818.0000","1.2908","60564.0000","-0.0500","-0.0050","-1.0000","0.0000","0.0000","0.0000","0.0000","0.0000"
"15068.0","15:13:25.3","2221425.0000","1.3570","60564.0000","-0.0500","-0.0050","-1.0000","0.0000","0.0000","0.0000","0.0000","0.0000"
"15069.0","15:13:25.4","2221242.0000","1.3370","60564.0000","-0.0500","-0.0050","-1.0000","0.0000","0.0000","0.0000","0.0000","0.0000"
"15070.0","15:13:25.5","2221110.0000","1.3226","60564.0000","-0.0500","-0.0050","-1.0000","0.0000","0.0000","0.0000","0.0000","0.0000"
"15071.0","15:13:25.6","2220380.0000","1.2431","60564.0000","-0.0500","-0.0050","-1.0000","0.0000","0.0000","0.0000","0.0000","0.0000"
"15072.0","15:13:25.7","2221922.0000","1.4112","60564.0000","-0.0500","-0.0050","-1.0000","0.0000","0.0000","0.0000","0.0000","0.0000"
"15073.0","15:13:25.8","2221790.0000","1.3968","60564.0000","-0.0500","-0.0050","-1.0000","0.0000","0.0000","0.0000","0.0000","0.0000"
"15074.0","15:13:25.9","2221300.0000","1.3434","60564.0000","-0.0500","-0.0050","-1.0000","0.0000","0.0000","0.0000","0.0000","0.0000"
"15075.0","15:13:25.10","2221538.0000","1.3693","60564.0000","-0.0500","-0.0050","-1.0000","0.0000","0.0000","0.0000","0.0000","0.0000"
"15076.0","15:13:25.11","2222062.0000","1.4264","60564.0000","-0.0500","-0.0050","-1.0000","0.0000","0.0000","0.0000","0.0000","0.0000"
"15077.0","15:13:25.12","2222312.0000","1.4537","60564.0000","-0.0500","-0.0050","-1.0000","0.0000","0.0000","0.0000","0.0000","0.0000"
"15078.0","15:13:25.13","2222473.0000","1.4712","60564.0000","-0.0500","-0.0050","-1.0000","0.0000","0.0000","0.0000","0.0000","0.0000"
"15079.0","15:13:25.14","2221886.0000","1.4073","60564.0000","-0.0500","-0.0050","-1.0000","0.0000","0.0000","0.0000","0.0000","0.0000"
"15080.0","15:13:25.15","2222047.0000","1.4248","60564.0000","-0.0500","-0.0050","-1.0000","0.0000","0.0000","0.0000","0.0000","0.0000"
"15081.0","15:13:25.16","2222008.0000","1.4205","60564.0000","-0.0500","-0.0050","-1.0000","0.0000","0.0000","0.0000","0.0000","0.0000"
"15082.0","15:13:25.17","2222399.0000","1.4632","60564.0000","-0.0500","-0.0050","-1.0000","0.0000","0.0000","0.0000","0.0000","0.0000"
"15083.0","15:13:25.18","2221912.0000","1.4101","60564.0000","-0.0500","-0.0050","-1.0000","0.0000","0.0000","0.0000","0.0000","0.0000"
"15084.0","15:13:25.19","2222412.0000","1.4646","60564.0000","-0.0500","-0.0050","-1.0000","0.0000","0.0000","0.0000","0.0000","0.0000"
"15085.0","15:13:25.20","2221047.0000","1.3158","60564.0000","-0.0500","-0.0050","-1.0000","0.0000","0.0000","0.0000","0.0000","0.0000"
"15086.0","15:13:25.21","2221955.0000","1.4148","60564.0000","-0.0500","-0.0050","-1.0000","0.0000","0.0000","0.0000","0.0000","0.0000"
"15087.0","15:13:25.22","2221243.0000","1.3371","60564.0000","-0.0500","-0.0050","-1.0000","0.0000","0.0000","0.0000","0.0000","0.0000"
"15088.0","15:13:25.23","2221206.0000","1.3331","60564.0000","-0.0500","-0.0050","-1.0000","0.0000","0.0000","0.0000","0.0000","0.0000"
"15089.0","15:13:25.24","2220862.0000","1.2956","60564.0000","-0.0500","-0.0050","-1.0000","0.0000","0.0000","0.0000","0.0000","0.0000"
"15090.0","15:13:25.25","2220508.0000","1.2570","60564.0000","-0.0500","-0.0050","-1.0000","0.0000","0.0000","0.0000","0.0000","0.0000"
"15091.0","15:13:25.26","2221637.0000","1.3801","60564.0000","-0.0500","-0.0050","-1.0000","0.0000","0.0000","0.0000","0.0000","0.0000"
"15092.0","15:13:25.27","2221194.0000","1.3318","60564.0000","-0.0500","-0.0050","-1.0000","0.0000","0.0000","0.0000","0.0000","0.0000"
"15093.0","15:13:25.28","2221320.0000","1.3455","60564.0000","-0.0500","-0.0050","-1.0000","0.0000","0.0000","0.0000","0.0000","0.0000"
"15094.0","15:13:25.29","2221434.0000","1.3580","60564.0000","-0.0500","-0.0050","-1.0000","0.0000","0.0000","0.0000","0.0000","0.0000"
"15095.0","15:13:25.30","2221801.0000","1.3980","60564.0000","-0.0500","-0.0050","-1.0000","0.0000","0.0000","0.0000","0.0000","0.0000"
"15096.0","15:13:25.31","2221801.0000","1.3980","60564.0000","-0.0500","-0.0050","-1.0000","0.0000","0.0000","0.0000","0.0000","0.0000"
"15097.0","15:13:25.32","2222212.0000","1.4428","60564.0000","-0.0500","-0.0050","-1.0000","0.0000","0.0000","0.0000","0.0000","0.0000"
"15098.0","15:13:25.33","2222836.0000","1.5108","60564.0000","-0.0500","-0.0050","-1.0000","0.0000","0.0000","0.0000","0.0000","0.0000"
"15099.0","15:13:25.34","2222420.0000","1.4655","60564.0000","-0.0500","-0.0050","-1.0000","0.0000","0.0000","0.0000","0.0000","0.0000"
"15100.0","15:13:25.35","2222064.0000","1.4267","60564.0000","-0.0500","-0.0050","-1.0000","0.0000","0.0000","0.0000","0.0000","0.0000"
"15101.0","15:13:25.36","2222224.0000","1.4441","60564.0000","-0.0500","-0.0050","-1.0000","0.0000","0.0000","0.0000","0.0000","0.0000"
"15102.0","15:13:25.37","2222225.0000","1.4442","60564.0000","-0.0500","-0.0050","-1.0000","0.0000","0.0000","0.0000","0.0000","0.0000"
"15103.0","15:13:25.38","2223282.0000","1.5594","60564.0000","-0.0500","-0.0050","-1.0000","0.0000","0.0000","0.0000","0.0000","0.0000"
"15104.0","15:13:25.39","2222869.0000","1.5144","60564.0000","-0.0500","-0.0050","-1.0000","0.0000","0.0000","0.0000","0.0000","0.0000"
"15105.0","15:13:25.40","2222034.0000","1.4234","60564.0000","-0.0500","-0.0050","-1.0000","0.0000","0.0000","0.0000","0.0000","0.0000"
"15106.0","15:13:25.41","2222329.0000","1.4555","60564.0000","-0.0500","-0.0050","-1.0000","0.0000","0.0000","0.0000","0.0000","0.0000"
"15107.0","15:13:25.42","2222322.0000","1.4548","60564.0000","-0.0500","-0.0050","-1.0000","0.0000","0.0000","0.0000","0.0000","0.0000"
"15108.0","15:13:25.43","2222329.0000","1.4555","60564.0000","-0.0500","-0.0050","-1.0000","0.0000","0.0000","0.0000","0.0000","0.0000"
"15109.0","15:13:25.44","2222375.0000","1.4606","60564.0000","-0.0500","-0.0050","-1.0000","0.0000","0.0000","0.0000","0.0000","0.0000"
"15110.0","15:13:25.45","2221872.0000","1.4057","60564.0000","-0.0500","-0.0050","-1.0000","0.0000","0.0000","0.0000","0.0000","0.0000"
"15111.0","15:13:25.46","2220797.0000","1.2885","60564.0000","-0.0500","-0.0050","-1.0000","0.0000","0.0000","0.0000","0.0000","0.0000"
"15112.0","15:13:25.47","2221761.0000","1.3936","60564.0000","-0.0500","-0.0050","-1.0000","0.0000","0.0000","0.0000","0.0000","0.0000"
"15113.0","15:13:25.48","2222509.0000","1.4752","60564.0000","-0.0500","-0.0050","-1.0000","0.0000","0.0000","0.0000","0.0000","0.0000"
"15114.0","15:13:25.49","2222298.0000","1.4521","60564.0000","-0.0500","-0.0050","-1.0000","0.0000","0.0000","0.0000","0.0000","0.0000"
"15115.0","15:13:25.50","2222737.0000","1.5000","60564.0000","-0.0500","-0.0050","-1.0000","0.0000","0.0000","0.0000","0.0000","0.0000"
"15116.0","15:13:25.51","2222471.0000","1.4710","60564.0000","-0.0500","-0.0050","-1.0000","0.0000","0.0000","0.0000","0.0000","0.0000"
"15117.0","15:13:25.52","2221346.0000","1.3484","60564.0000","-0.0500","-0.0050","-1.0000","0.0000","0.0000","0.0000","0.0000","0.0000"
"15118.0","15:13:25.53","2220998.0000","1.3104","60564.0000","-0.0500","-0.0050","-1.0000","0.0000","0.0000","0.0000","0.0000","0.0000"
"15119.0","15:13:25.54","2222078.0000","1.4282","60564.0000","-0.0500","-0.0050","-1.0000","0.0000","0.0000","0.0000","0.0000","0.0000"
"15120.0","15:13:25.55","2222753.0000","1.5018","60564.0000","-0.0500","-0.0050","-1.0000","0.0000","0.0000","0.0000","0.0000","0.0000"
"15121.0","15:13:25.56","2221742.0000","1.3915","60564.0000","-0.0500","-0.0050","-1.0000","0.0000","0.0000","0.0000","0.0000","0.0000"
"15122.0","15:13:25.57","2222236.0000","1.4454","60555.0000","-0.0500","-0.0050","-1.0000","0.0000","0.0000","0.0000","0.0000","0.0000"
"15123.0","15:13:25.58","2223026.0000","1.5315","60555.0000","-0.0500","-0.0050","-1.0000","0.0000","0.0000","0.0000","0.0000","0.0000"
"15124.0","15:13:25.59","2222797.0000","1.5066","60555.0000","-0.0500","-0.0050","-1.0000","0.0000","0.0000","0.0000","0.0000","0.0000"
"15125.0","15:13:25.60","2222599.0000","1.4850","60555.0000","-0.0500","-0.0050","-1.0000","0.0000","0.0000","0.0000","0.0000","0.0000"
"15126.0","15:13:25.61","2222362.0000","1.4591","60555.0000","-0.0500","-0.0050","-1.0000","0.0000","0.0000","0.0000","0.0000","0.0000"
"15127.0","15:13:25.62","2222956.0000","1.5239","60555.0000","-0.0500","-0.0050","-1.0000","0.0000","0.0000","0.0000","0.0000","0.0000"
"15128.0","15:13:25.63","2222548.0000","1.4794","60555.0000","-0.0500","-0.0050","-1.0000","0.0000","0.0000","0.0000","0.0000","0.0000"
"15129.0","15:13:25.64","2222214.0000","1.4430","60555.0000","-0.0500","-0.0050","-1.0000","0.0000","0.0000","0.0000","0.0000","0.0000"
"15130.0","15:13:25.65","2221964.0000","1.4158","60555.0000","-0.0500","-0.0050","-1.0000","0.0000","0.0000","0.0000","0.0000","0.0000"
"15131.0","15:13:25.66","2222640.0000","1.4894","60555.0000","-0.0500","-0.0050","-1.0000","0.0000","0.0000","0.0000","0.0000","0.0000"
"15132.0","15:13:25.67","2221563.0000","1.3720","60555.0000","-0.0500","-0.0050","-1.0000","0.0000","0.0000","0.0000","0.0000","0.0000"
"15133.0","15:13:25.68","2222191.0000","1.4405","60555.0000","-0.0500","-0.0050","-1.0000","0.0000","0.0000","0.0000","0.0000","0.0000"
"15134.0","15:13:25.69","2223125.0000","1.5423","60555.0000","-0.0500","-0.0050","-1.0000","0.0000","0.0000","0.0000","0.0000","0.0000"
"15135.0","15:13:25.70","2222263.0000","1.4483","60555.0000","-0.0500","-0.0050","-1.0000","0.0000","0.0000","0.0000","0.0000","0.0000"
"15136.0","15:13:25.71","2222903.0000","1.5181","60555.0000","-0.0500","-0.0050","-1.0000","0.0000","0.0000","0.0000","0.0000","0.0000"
"15137.0","15:13:25.72","2222364.0000","1.4593","60555.0000","-0.0500","-0.0050","-1.0000","0.0000","0.0000","0.0000","0.0000","0.0000"
"15138.0","15:13:25.73","2222154.0000","1.4365","60555.0000","-0.0500","-0.0050","-1.0000","0.0000","0.0000","0.0000","0.0000","0.0000"
"15139.0","15:13:25.74","2222949.0000","1.5231","60555.0000","-0.0500","-0.0050","-1.0000","0.0000","0.0000","0.0000","0.0000","0.0000"
"15140.0","15:13:25.75","2223746.0000","1.6100","60555.0000","-0.0500","-0.0050","-1.0000","0.0000","0.0000","0.0000","0.0000","0.0000"
"15141.0","15:13:25.76","2222643.0000","1.4898","60555.0000","-0.0500","-0.0050","-1.0000","0.0000","0.0000","0.0000","0.0000","0.0000"
"15142.0","15:13:25.77","2223073.0000","1.5366","60555.0000","-0.0500","-0.0050","-1.0000","0.0000","0.0000","0.0000","0.0000","0.0000"
"15143.0","15:13:25.78","2223073.0000","1.5366","60555.0000","-0.0500","-0.0050","-1.0000","0.0000","0.0000","0.0000","0.0000","0.0000"
"15144.0","15:13:25.79","2222382.0000","1.4613","60555.0000","-0.0500","-0.0050","-1.0000","0.0000","0.0000","0.0000","0.0000","0.0000"
"15145.0","15:13:25.80","2222796.0000","1.5065","60555.0000","-0.0500","-0.0050","-1.0000","0.0000","0.0000","0.0000","0.0000","0.0000"
"15146.0","15:13:25.81","2222604.0000","1.4855","60555.0000","-0.0500","-0.0050","-1.0000","0.0000","0.0000","0.0000","0.0000","0.0000"
"15147.0","15:13:25.82","2222221.0000","1.4438","60555.0000","-0.0500","-0.0050","-1.0000","0.0000","0.0000","0.0000","0.0000","0.0000"
"15148.0","15:13:25.83","2222820.0000","1.5091","60555.0000","-0.0500","-0.0050","-1.0000","0.0000","0.0000","0.0000","0.0000","0.0000"
"15149.0","15:13:25.84","2222669.0000","1.4926","60555.0000","-0.0500","-0.0050","-1.0000","0.0000","0.0000","0.0000","0.0000","0.0000"
"15150.0","15:13:25.85","2222894.0000","1.5171","60555.0000","-0.0500","-0.0050","-1.0000","0.0000","0.0000","0.0000","0.0000","0.0000"
"15151.0","15:13:25.86","2223130.0000","1.5429","60555.0000","-0.0500","-0.0050","-1.0000","0.0000","0.0000","0.0000","0.0000","0.0000"
"15152.0","15:13:25.87","2222860.0000","1.5134","60555.0000","-0.0500","-0.0050","-1.0000","0.0000","0.0000","0.0000","0.0000","0.0000"
"15153.0","15:13:25.88","2223029.0000","1.5319","60555.0000","-0.0500","-0.0050","-1.0000","0.0000","0.0000","0.0000","0.0000","0.0000"
"15154.0","15:13:25.89","2223681.0000","1.6029","60555.0000","-0.0500","-0.0050","-1.0000","0.0000","0.0000","0.0000","0.0000","0.0000"
"15155.0","15:13:25.90","2222618.0000","1.4871","60555.0000","-0.0500","-0.0050","-1.0000","0.0000","0.0000","0.0000","0.0000","0.0000"
"15156.0","15:13:25.91","2223449.0000","1.5776","60555.0000","-0.0500","-0.0050","-1.0000","0.0000","0.0000","0.0000","0.0000","0.0000"
"15157.0","15:13:25.92","2222933.0000","1.5214","60555.0000","-0.0500","-0.0050","-1.0000","0.0000","0.0000","0.0000","0.0000","0.0000"
"15158.0","15:13:25.93","2222562.0000","1.4809","60555.0000","-0.0500","-0.0050","-1.0000","0.0000","0.0000","0.0000","0.0000","0.0000"
"15159.0","15:13:25.94","2223051.0000","1.5343","60555.0000","-0.0500","-0.0050","-1.0000","0.0000","0.0000","0.0000","0.0000","0.0000"
"15160.0","15:13:25.95","2222680.0000","1.4938","60555.0000","-0.0500","-0.0050","-1.0000","0.0000","0.0000","0.0000","0.0000","0.0000"
"15161.0","15:13:25.96","2223370.0000","1.5690","60555.0000","-0.0500","-0.0050","-1.0000","0.0000","0.0000","0.0000","0.0000","0.0000"
"15162.0","15:13:25.97","2222823.0000","1.5094","60555.0000","-0.0500","-0.0050","-1.0000","0.0000","0.0000","0.0000","0.0000","0.0000"
"15163.0","15:13:25.98","2222326.0000","1.4552","60555.0000","-0.0500","-0.0050","-1.0000","0.0000","0.0000","0.0000","0.0000","0.0000"
"15164.0","15:13:25.99","2223018.0000","1.5306","60555.0000","-0.0500","-0.0050","-1.0000","0.0000","0.0000","0.0000","0.0000","0.0000"
"15165.0","15:13:25.100","2222943.0000","1.5225","60555.0000","-0.0500","-0.0050","-1.0000","0.0000","0.0000","0.0000","0.0000","0.0000"
"15166.0","15:13:25.101","2222654.0000","1.4910","60555.0000","-0.0500","-0.0050","-1.0000","0.0000","0.0000","0.0000","0.0000","0.0000"
"15167.0","15:13:25.102","2222395.0000","1.4627","60555.0000","-0.0500","-0.0050","-1.0000","0.0000","0.0000","0.0000","0.0000","0.0000"
"15168.0","15:13:25.103","2222729.0000","1.4991","60555.0000","-0.0500","-0.0050","-1.0000","0.0000","0.0000","0.0000","0.0000","0.0000"
"15169.0","15:13:25.104","2223206.0000","1.5512","60555.0000","-0.0500","-0.0050","-1.0000","0.0000","0.0000","0.0000","0.0000","0.0000"
"15170.0","15:13:25.105","2222907.0000","1.5185","60555.0000","-0.0500","-0.0050","-1.0000","0.0000","0.0000","0.0000","0.0000","0.0000"
"15171.0","15:13:25.106","2222593.0000","1.4843","60555.0000","-0.0500","-0.0050","-1.0000","0.0000","0.0000","0.0000","0.0000","0.0000"
"15172.0","15:13:25.107","2222172.0000","1.4384","60555.0000","-0.0500","-0.0050","-1.0000","0.0000","0.0000","0.0000","0.0000","0.0000"
"15173.0","15:13:25.108","2223242.0000","1.5551","60555.0000","-0.0500","-0.0050","-1.0000","0.0000","0.0000","0.0000","0.0000","0.0000"
"15174.0","15:13:25.109","2222295.0000","1.4518","60555.0000","-0.0500","-0.0050","-1.0000","0.0000","0.0000","0.0000","0.0000","0.0000"
"15175.0","15:13:25.110","2222294.0000","1.4517","60555.0000","-0.0500","-0.0050","-1.0000","0.0000","0.0000","0.0000","0.0000","0.0000"
"15176.0","15:13:25.111","2222522.0000","1.4766","60555.0000","-0.0500","-0.0050","-1.0000","0.0000","0.0000","0.0000","0.0000","0.0000"
"15177.0","15:13:25.112","2222280.0000","1.4502","60555.0000","-0.0500","-0.0050","-1.0000","0.0000","0.0000","0.0000","0.0000","0.0000"
"15178.0","15:13:25.113","2222825.0000","1.5096","60555.0000","-0.0500","-0.0050","-1.0000","0.0000","0.0000","0.0000","0.0000","0.0000"
"15179.0","15:13:25.114","2221952.0000","1.4145","60555.0000","-0.0500","-0.0050","-1.0000","0.0000","0.0000","0.0000","0.0000","0.0000"
"15180.0","15:13:25.115","2222190.0000","1.4404","60555.0000","-0.0500","-0.0050","-1.0000","0.0000","0.0000","0.0000","0.0000","0.0000"
"15181.0","15:13:25.116","2221947.0000","1.4139","60555.0000","-0.0500","-0.0050","-1.0000","0.0000","0.0000","0.0000","0.0000","0.0000"
"15182.0","15:13:25.117","2222606.0000","1.4857","60555.0000","-0.0500","-0.0050","-1.0000","0.0000","0.0000","0.0000","0.0000","0.0000"
"15183.0","15:13:25.118","2222499.0000","1.4741","60554.0000","-0.0500","-0.0050","-1.0000","0.0000","0.0000","0.0000","0.0000","0.0000"
"15184.0","15:13:25.119","2222595.0000","1.4846","60554.0000","-0.0500","-0.0050","-1.0000","0.0000","0.0000","0.0000","0.0000","0.0000"
"15185.0","15:13:25.120","2222066.0000","1.4269","60554.0000","-0.0500","-0.0050","-1.0000","0.0000","0.0000","0.0000","0.0000","0.0000"
"15186.0","15:13:25.121","2222040.0000","1.4240","60554.0000","-0.0500","-0.0050","-1.0000","0.0000","0.0000","0.0000","0.0000","0.0000"
"15187.0","15:13:25.122","2222584.0000","1.4834","60554.0000","-0.0500","-0.0050","-1.0000","0.0000","0.0000","0.0000","0.0000","0.0000"
"15188.0","15:13:25.123","2222087.0000","1.4292","60554.0000","-0.0500","-0.0050","-1.0000","0.0000","0.0000","0.0000","0.0000","0.0000"
"15189.0","15:13:25.124","2221579.0000","1.3738","60554.0000","-0.0500","-0.0050","-1.0000","0.0000","0.0000","0.0000","0.0000","0.0000"
"15190.0","15:13:25.125","2221579.0000","1.3738","60554.0000","-0.0500","-0.0050","-1.0000","0.0000","0.0000","0.0000","0.0000","0.0000"
"15191.0","15:13:25.126","2221690.0000","1.3859","60554.0000","-0.0500","-0.0050","-1.0000","0.0000","0.0000","0.0000","0.0000","0.0000"
"15192.0","15:13:25.127","2222581.0000","1.4830","60554.0000","-0.0500","-0.0050","-1.0000","0.0000","0.0000","0.0000","0.0000","0.0000"
"15193.0","15:13:25.128","2221642.0000","1.3807","60554.0000","-0.0500","-0.0050","-1.0000","0.0000","0.0000","0.0000","0.0000","0.0000"
"15194.0","15:13:25.129","2220535.0000","1.2600","60554.0000","-0.0500","-0.0050","-1.0000","0.0000","0.0000","0.0000","0.0000","0.0000"
"15195.0","15:13:25.130","2221625.0000","1.3788","60554.0000","-0.0500","-0.0050","-1.0000","0.0000","0.0000","0.0000","0.0000","0.0000"
"15196.0","15:13:25.131","2221257.0000","1.3387","60554.0000","-0.0500","-0.0050","-1.0000","0.0000","0.0000","0.0000","0.0000","0.0000"
"15197.0","15:13:25.132","2221051.0000","1.3162","60554.0000","-0.0500","-0.0050","-1.0000","0.0000","0.0000","0.0000","0.0000","0.0000"
"15198.0","15:13:25.133","2220904.0000","1.3002","60554.0000","-0.0500","-0.0050","-1.0000","0.0000","0.0000","0.0000","0.0000","0.0000"
"15199.0","15:13:25.134","2220972.0000","1.3076","60554.0000","-0.0500","-0.0050","-1.0000","0.0000","0.0000","0.0000","0.0000","0.0000"
"15200.0","15:13:25.135","2221197.0000","1.3321","60554.0000","-0.0500","-0.0050","-1.0000","0.0000","0.0000","0.0000","0.0000","0.0000"
"15201.0","15:13:25.136","2220854.0000","1.2947","60554.0000","-0.0500","-0.0050","-1.0000","0.0000","0.0000","0.0000","0.0000","0.0000"
"15202.0","15:13:25.137","2221028.0000","1.3137","60554.0000","-0.0500","-0.0050","-1.0000","0.0000","0.0000","0.0000","0.0000","0.0000"
"15203.0","15:13:25.138","2221195.0000","1.3319","60554.0000","-0.0500","-0.0050","-1.0000","0.0000","0.0000","0.0000","0.0000","0.0000"
"15204.0","15:13:25.139","2220848.0000","1.2941","60554.0000","-0.0500","-0.0050","-1.0000","0.0000","0.0000","0.0000","0.0000","0.0000"
"15205.0","15:13:25.140","2220744.0000","1.2828","60554.0000","-0.0500","-0.0050","-1.0000","0.0000","0.0000","0.0000","0.0000","0.0000"
"15206.0","15:13:25.141","2221242.0000","1.3370","60554.0000","-0.0500","-0.0050","-1.0000","0.0000","0.0000","0.0000","0.0000","0.0000"
"15207.0","15:13:25.142","2220661.0000","1.2737","60554.0000","-0.0500","-0.0050","-1.0000","0.0000","0.0000","0.0000","0.0000","0.0000"
"15208.0","15:13:25.143","2221390.0000","1.3532","60554.0000","-0.0500","-0.0050","-1.0000","0.0000","0.0000","0.0000","0.0000","0.0000"
"15209.0","15:13:25.144","2221342.0000","1.3479","60554.0000","-0.0500","-0.0050","-1.0000","0.0000","0.0000","0.0000","0.0000","0.0000"
"15210.0","15:13:25.145","2220910.0000","1.3008","60554.0000","-0.0500","-0.0050","-1.0000","0.0000","0.0000","0.0000","0.0000","0.0000"
"15211.0","15:13:25.146","2222035.0000","1.4235","60554.0000","-0.0500","-0.0050","-1.0000","0.0000","0.0000","0.0000","0.0000","0.0000"
"15212.0","15:13:25.147","2221144.0000","1.3264","60554.0000","-0.0500","-0.0050","-1.0000","0.0000","0.0000","0.0000","0.0000","0.0000"
"15213.0","15:13:25.148","2221300.0000","1.3434","60554.0000","-0.0500","-0.0050","-1.0000","0.0000","0.0000","0.0000","0.0000","0.0000"
"15214.0","15:13:25.149","2220939.0000","1.3040","60554.0000","-0.0500","-0.0050","-1.0000","0.0000","0.0000","0.0000","0.0000","0.0000"
"15215.0","15:13:25.150","2220362.0000","1.2411","60554.0000","-0.0500","-0.0050","-1.0000","0.0000","0.0000","0.0000","0.0000","0.0000"
"15216.0","15:13:25.151","2220995.0000","1.3101","60554.0000","-0.0500","-0.0050","-1.0000","0.0000","0.0000","0.0000","0.0000","0.0000"
"15217.0","15:13:25.152","2220276.0000","1.2317","60554.0000","-0.0500","-0.0050","-1.0000","0.0000","0.0000","0.0000","0.0000","0.0000"
"15218.0","15:13:25.153","2220987.0000","1.3092","60554.0000","-0.0500","-0.0050","-1.0000","0.0000","0.0000","0.0000","0.0000","0.0000"
"15219.0","15:13:25.154","2222102.0000","1.4308","60554.0000","-0.0500","-0.0050","-1.0000","0.0000","0.0000","0.0000","0.0000","0.0000"
"15220.0","15:13:25.155","2220570.0000","1.2638","60554.0000","-0.0500","-0.0050","-1.0000","0.0000","0.0000","0.0000","0.0000","0.0000"
"15221.0","15:13:25.156","2221486.0000","1.3636","60554.0000","-0.0500","-0.0050","-1.0000","0.0000","0.0000","0.0000","0.0000","0.0000"
"15222.0","15:13:25.157","2221209.0000","1.3335","60554.0000","-0.0500","-0.0050","-1.0000","0.0000","0.0000","0.0000","0.0000","0.0000"
"15223.0","15:13:25.158","2220388.0000","1.2439","60554.0000","-0.0500","-0.0050","-1.0000","0.0000","0.0000","0.0000","0.0000","0.0000"
"15224.0","15:13:25.159","2221153.0000","1.3273","60554.0000","-0.0500","-0.0050","-1.0000","0.0000","0.0000","0.0000","0.0000","0.0000"
"15225.0","15:13:25.160","2221603.0000","1.3764","60554.0000","-0.0500","-0.0050","-1.0000","0.0000","0.0000","0.0000","0.0000","0.0000"
"15226.0","15:13:25.161","2219979.0000","1.1993","60554.0000","-0.0500","-0.0050","-1.0000","0.0000","0.0000","0.0000","0.0000","0.0000"
"15227.0","15:13:25.162","2220694.0000","1.2773","60554.0000","-0.0500","-0.0050","-1.0000","0.0000","0.0000","0.0000","0.0000","0.0000"
"15228.0","15:13:25.163","2221365.0000","1.3504","60554.0000","-0.0500","-0.0050","-1.0000","0.0000","0.0000","0.0000","0.0000","0.0000"
"15229.0","15:13:25.164","2221178.0000","1.3301","60554.0000","-0.0500","-0.0050","-1.0000","0.0000","0.0000","0.0000","0.0000","0.0000"
"15230.0","15:13:25.165","2220696.0000","1.2775","60554.0000","-0.0500","-0.0050","-1.0000","0.0000","0.0000","0.0000","0.0000","0.0000"
"15231.0","15:13:25.166","2219730.0000","1.1722","60554.0000","-0.0500","-0.0050","-1.0000","0.0000","0.0000","0.0000","0.0000","0.0000"
"15232.0","15:13:25.167","2220346.0000","1.2394","60554.0000","-0.0500","-0.0050","-1.0000","0.0000","0.0000","0.0000","0.0000","0.0000"
"15233.0","15:13:25.168","2220194.0000","1.2228","60554.0000","-0.0500","-0.0050","-1.0000","0.0000","0.0000","0.0000","0.0000","0.0000"
"15234.0","15:13:25.169","2221356.0000","1.3495","60554.0000","-0.0500","-0.0050","-1.0000","0.0000","0.0000","0.0000","0.0000","0.0000"
"15235.0","15:13:25.170","2221766.0000","1.3942","60554.0000","-0.0500","-0.0050","-1.0000","0.0000","0.0000","0.0000","0.0000","0.0000"
"15236.0","15:13:25.171","2222132.0000","1.4340","60554.0000","-0.0500","-0.0050","-1.0000","0.0000","0.0000","0.0000","0.0000","0.0000"
"15237.0","15:13:25.172","2222132.0000","1.4340","60554.0000","-0.0500","-0.0050","-1.0000","0.0000","0.0000","0.0000","0.0000","0.0000"
"15238.0","15:13:25.173","2221449.0000","1.3596","60554.0000","-0.0500","-0.0050","-1.0000","0.0000","0.0000","0.0000","0.0000","0.0000"
"15239.0","15:13:25.174","2222244.0000","1.4463","60554.0000","-0.0500","-0.0050","-1.0000","0.0000","0.0000","0.0000","0.0000","0.0000"
"15240.0","15:13:25.175","2221413.0000","1.3557","60554.0000","-0.0500","-0.0050","-1.0000","0.0000","0.0000","0.0000","0.0000","0.0000"
"15241.0","15:13:25.176","2221428.0000","1.3573","60554.0000","-0.0500","-0.0050","-1.0000","0.0000","0.0000","0.0000","0.0000","0.0000"
"15242.0","15:13:25.177","2221965.0000","1.4158","60554.0000","-0.0500","-0.0050","-1.0000","0.0000","0.0000","0.0000","0.0000","0.0000"
"15243.0","15:13:25.178","2221999.0000","1.4196","60546.0000","-0.0500","-0.0050","-1.0000","0.0000","0.0000","0.0000","0.0000","0.0000"
"15244.0","15:13:25.179","2221488.0000","1.3639","60546.0000","-0.0500","-0.0050","-1.0000","0.0000","0.0000","0.0000","0.0000","0.0000"
"15245.0","15:13:25.180","2221196.0000","1.3320","60546.0000","-0.0500","-0.0050","-1.0000","0.0000","0.0000","0.0000","0.0000","0.0000"
"15246.0","15:13:25.181","2220723.0000","1.2804","60546.0000","-0.0500","-0.0050","-1.0000","0.0000","0.0000","0.0000","0.0000","0.0000"
"15247.0","15:13:25.182","2221272.0000","1.3403","60546.0000","-0.0500","-0.0050","-1.0000","0.0000","0.0000","0.0000","0.0000","0.0000"
"15248.0","15:13:25.183","2221531.0000","1.3686","60546.0000","-0.0500","-0.0050","-1.0000","0.0000","0.0000","0.0000","0.0000","0.0000"
"15249.0","15:13:25.184","2221183.0000","1.3306","60546.0000","-0.0500","-0.0050","-1.0000","0.0000","0.0000","0.0000","0.0000","0.0000"
"15250.0","15:13:25.185","2220458.0000","1.2516","60546.0000","-0.0500","-0.0050","-1.0000","0.0000","0.0000","0.0000","0.0000","0.0000"
"15251.0","15:13:25.186","2220466.0000","1.2525","60546.0000","-0.0500","-0.0050","-1.0000","0.0000","0.0000","0.0000","0.0000","0.0000"
"15252.0","15:13:25.187","2220617.0000","1.2689","60546.0000","-0.0500","-0.0050","-1.0000","0.0000","0.0000","0.0000","0.0000","0.0000"
"15253.0","15:13:25.188","2222270.0000","1.4491","60546.0000","-0.0500","-0.0050","-1.0000","0.0000","0.0000","0.0000","0.0000","0.0000"
"15254.0","15:13:25.189","2222618.0000","1.4871","60546.0000","-0.0500","-0.0050","-1.0000","0.0000","0.0000","0.0000","0.0000","0.0000"
"15255.0","15:13:25.190","2222577.0000","1.4826","60546.0000","-0.0500","-0.0050","-1.0000","0.0000","0.0000","0.0000","0.0000","0.0000"
"15256.0","15:13:25.191","2222387.0000","1.4618","60546.0000","-0.0500","-0.0050","-1.0000","0.0000","0.0000","0.0000","0.0000","0.0000"
"15257.0","15:13:25.192","2222669.0000","1.4926","60546.0000","-0.0500","-0.0050","-1.0000","0.0000","0.0000","0.0000","0.0000","0.0000"
"15258.0","15:13:25.193","2222299.0000","1.4523","60546.0000","-0.0500","-0.0050","-1.0000","0.0000","0.0000","0.0000","0.0000","0.0000"
"15259.0","15:13:25.194","2221813.0000","1.3993","60546.0000","-0.0500","-0.0050","-1.0000","0.0000","0.0000","0.0000","0.0000","0.0000"
"15260.0","15:13:25.195","2221804.0000","1.3983","60546.0000","-0.0500","-0.0050","-1.0000","0.0000","0.0000","0.0000","0.0000","0.0000"
"15261.0","15:13:25.196","2222979.0000","1.5264","60546.0000","-0.0500","-0.0050","-1.0000","0.0000","0.0000","0.0000","0.0000","0.0000"
"15262.0","15:13:25.197","2221833.0000","1.4015","60546.0000","-0.0500","-0.0050","-1.0000","0.0000","0.0000","0.0000","0.0000","0.0000"
"15263.0","15:13:25.198","2222179.0000","1.4392","60546.0000","-0.0500","-0.0050","-1.0000","0.0000","0.0000","0.0000","0.0000","0.0000"
"15264.0","15:13:25.199","2221840.0000","1.4022","60546.0000","-0.0500","-0.0050","-1.0000","0.0000","0.0000","0.0000","0.0000","0.0000"
"15265.0","15:13:25.200","2221199.0000","1.3323","60546.0000","-0.0500","-0.0050","-1.0000","0.0000","0.0000","0.0000","0.0000","0.0000"
"15266.0","15:13:25.201","2221508.0000","1.3660","60546.0000","-0.0500","-0.0050","-1.0000","0.0000","0.0000","0.0000","0.0000","0.0000"
"15267.0","15:13:25.202","2220777.0000","1.2863","60546.0000","-0.0500","-0.0050","-1.0000","0.0000","0.0000","0.0000","0.0000","0.0000"
"15268.0","15:13:25.203","2221190.0000","1.3314","60546.0000","-0.0500","-0.0050","-1.0000","0.0000","0.0000","0.0000","0.0000","0.0000"
"15269.0","15:13:25.204","2220985.0000","1.3090","60546.0000","-0.0500","-0.0050","-1.0000","0.0000","0.0000","0.0000","0.0000","0.0000"
"15270.0","15:13:25.205","2221259.0000","1.3389","60546.0000","-0.0500","-0.0050","-1.0000","0.0000","0.0000","0.0000","0.0000","0.0000"
"15271.0","15:13:25.206","2221872.0000","1.4057","60546.0000","-0.0500","-0.0050","-1.0000","0.0000","0.0000","0.0000","0.0000","0.0000"
"15272.0","15:13:25.207","2220821.0000","1.2911","60546.0000","-0.0500","-0.0050","-1.0000","0.0000","0.0000","0.0000","0.0000","0.0000"
"15273.0","15:13:25.208","2221743.0000","1.3917","60546.0000","-0.0500","-0.0050","-1.0000","0.0000","0.0000","0.0000","0.0000","0.0000"
"15274.0","15:13:25.209","2221773.0000","1.3949","60546.0000","-0.0500","-0.0050","-1.0000","0.0000","0.0000","0.0000","0.0000","0.0000"
"15275.0","15:13:25.210","2221313.0000","1.3448","60546.0000","-0.0500","-0.0050","-1.0000","0.0000","0.0000","0.0000","0.0000","0.0000"
"15276.0","15:13:25.211","2221081.0000","1.3195","60546.0000","-0.0500","-0.0050","-1.0000","0.0000","0.0000","0.0000","0.0000","0.0000"
"15277.0","15:13:25.212","2220974.0000","1.3078","60546.0000","-0.0500","-0.0050","-1.0000","0.0000","0.0000","0.0000","0.0000","0.0000"
"15278.0","15:13:25.213","2221128.0000","1.3246","60546.0000","-0.0500","-0.0050","-1.0000","0.0000","0.0000","0.0000","0.0000","0.0000"
"15279.0","15:13:25.214","2221900.0000","1.4088","60546.0000","-0.0500","-0.0050","-1.0000","0.0000","0.0000","0.0000","0.0000","0.0000"
"15280.0","15:13:25.215","2221470.0000","1.3619","60546.0000","-0.0500","-0.0050","-1.0000","0.0000","0.0000","0.0000","0.0000","0.0000"
"15281.0","15:13:25.216","2222256.0000","1.4476","60546.0000","-0.0500","-0.0050","-1.0000","0.0000","0.0000","0.0000","0.0000","0.0000"
"15282.0","15:13:25.217","2221500.0000","1.3652","60546.0000","-0.0500","-0.0050","-1.0000","0.0000","0.0000","0.0000","0.0000","0.0000"
"15283.0","15:13:25.218","2221880.0000","1.4066","60546.0000","-0.0500","-0.0050","-1.0000","0.0000","0.0000","0.0000","0.0000","0.0000"
"15284.0","15:13:25.219","2221880.0000","1.4066","60546.0000","-0.0500","-0.0050","-1.0000","0.0000","0.0000","0.0000","0.0000","0.0000"
"15285.0","15:13:25.220","2221130.0000","1.3248","60546.0000","-0.0500","-0.0050","-1.0000","0.0000","0.0000","0.0000","0.0000","0.0000"
"15286.0","15:13:25.221","2220653.0000","1.2728","60546.0000","-0.0500","-0.0050","-1.0000","0.0000","0.0000","0.0000","0.0000","0.0000"
"15287.0","15:13:25.222","2221444.0000","1.3591","60546.0000","-0.0500","-0.0050","-1.0000","0.0000","0.0000","0.0000","0.0000","0.0000"
"15288.0","15:13:25.223","2221293.0000","1.3426","60546.0000","-0.0500","-0.0050","-1.0000","0.0000","0.0000","0.0000","0.0000","0.0000"
"15289.0","15:13:25.224","2221556.0000","1.3713","60546.0000","-0.0500","-0.0050","-1.0000","0.0000","0.0000","0.0000","0.0000","0.0000"
"15290.0","15:13:25.225","2222174.0000","1.4386","60546.0000","-0.0500","-0.0050","-1.0000","0.0000","0.0000","0.0000","0.0000","0.0000"
"15291.0","15:13:25.226","2222332.0000","1.4559","60546.0000","-0.0500","-0.0050","-1.0000","0.0000","0.0000","0.0000","0.0000","0.0000"
"15292.0","15:13:25.227","2221517.0000","1.3670","60546.0000","-0.0500","-0.0050","-1.0000","0.0000","0.0000","0.0000","0.0000","0.0000"
"15293.0","15:13:25.228","2221581.0000","1.3740","60546.0000","-0.0500","-0.0050","-1.0000","0.0000","0.0000","0.0000","0.0000","0.0000"
"15294.0","15:13:25.229","2221066.0000","1.3179","60546.0000","-0.0500","-0.0050","-1.0000","0.0000","0.0000","0.0000","0.0000","0.0000"
"15295.0","15:13:25.230","2220395.0000","1.2447","60546.0000","-0.0500","-0.0050","-1.0000","0.0000","0.0000","0.0000","0.0000","0.0000"
"15296.0","15:13:25.231","2220844.0000","1.2936","60546.0000","-0.0500","-0.0050","-1.0000","0.0000","0.0000","0.0000","0.0000","0.0000"
"15297.0","15:13:25.232","2221142.0000","1.3261","60546.0000","-0.0500","-0.0050","-1.0000","0.0000","0.0000","0.0000","0.0000","0.0000"
"15298.0","15:13:25.233","2221302.0000","1.3436","60546.0000","-0.0500","-0.0050","-1.0000","0.0000","0.0000","0.0000","0.0000","0.0000"
"15299.0","15:13:25.234","2221637.0000","1.3801","60546.0000","-0.0500","-0.0050","-1.0000","0.0000","0.0000","0.0000","0.0000","0.0000"
"15300.0","15:13:25.235","2221870.0000","1.4055","60546.0000","-0.0500","-0.0050","-1.0000","0.0000","0.0000","0.0000","0.0000","0.0000"
"15301.0","15:13:25.236","2222600.0000","1.4851","60546.0000","-0.0500","-0.0050","-1.0000","0.0000","0.0000","0.0000","0.0000","0.0000"
"15302.0","15:13:25.237","2221990.0000","1.4186","60546.0000","-0.0500","-0.0050","-1.0000","0.0000","0.0000","0.0000","0.0000","0.0000"
"15303.0","15:13:25.238","2222123.0000","1.4331","60546.0000","-0.0500","-0.0050","-1.0000","0.0000","0.0000","0.0000","0.0000","0.0000"
"15304.0","15:13:25.239","2222662.0000","1.4918","60557.0000","-0.0500","-0.0050","-1.0000","0.0000","0.0000","0.0000","0.0000","0.0000"
"15305.0","15:13:25.240","2221599.0000","1.3760","60557.0000","-0.0500","-0.0050","-1.0000","0.0000","0.0000","0.0000","0.0000","0.0000"
"15306.0","15:13:25.241","2221773.0000","1.3949","60557.0000","-0.0500","-0.0050","-1.0000","0.0000","0.0000","0.0000","0.0000","0.0000"
"15307.0","15:13:25.242","2222190.0000","1.4404","60557.0000","-0.0500","-0.0050","-1.0000","0.0000","0.0000","0.0000","0.0000","0.0000"
"15308.0","15:13:25.243","2221896.0000","1.4083","60557.0000","-0.0500","-0.0050","-1.0000","0.0000","0.0000","0.0000","0.0000","0.0000"
"15309.0","15:13:25.244","2221661.0000","1.3827","60557.0000","-0.0500","-0.0050","-1.0000","0.0000","0.0000","0.0000","0.0000","0.0000"
"15310.0","15:13:25.245","2221604.0000","1.3765","60557.0000","-0.0500","-0.0050","-1.0000","0.0000","0.0000","0.0000","0.0000","0.0000"
"15311.0","15:13:25.246","2222419.0000","1.4653","60557.0000","-0.0500","-0.0050","-1.0000","0.0000","0.0000","0.0000","0.0000","0.0000"
"15312.0","15:13:25.247","2222292.0000","1.4515","60557.0000","-0.0500","-0.0050","-1.0000","0.0000","0.0000","0.0000","0.0000","0.0000"
"15313.0","15:13:25.248","2221918.0000","1.4108","60557.0000","-0.0500","-0.0050","-1.0000","0.0000","0.0000","0.0000","0.0000","0.0000"
"15314.0","15:13:25.249","2221465.0000","1.3614","60557.0000","-0.0500","-0.0050","-1.0000","0.0000","0.0000","0.0000","0.0000","0.0000"
"15315.0","15:13:25.250","2222232.0000","1.4450","60557.0000","-0.0500","-0.0050","-1.0000","0.0000","0.0000","0.0000","0.0000","0.0000"
"15316.0","15:13:25.251","2221762.0000","1.3937","60557.0000","-0.0500","-0.0050","-1.0000","0.0000","0.0000","0.0000","0.0000","0.0000"
"15317.0","15:13:25.252","2222418.0000","1.4652","60557.0000","-0.0500","-0.0050","-1.0000","0.0000","0.0000","0.0000","0.0000","0.0000"
"15318.0","15:13:25.253","2222065.0000","1.4268","60557.0000","-0.0500","-0.0050","-1.0000","0.0000","0.0000","0.0000","0.0000","0.0000"
"15319.0","15:13:25.254","2221644.0000","1.3808","60557.0000","-0.0500","-0.0050","-1.0000","0.0000","0.0000","0.0000","0.0000","0.0000"
"15320.0","15:13:25.255","2222166.0000","1.4378","60557.0000","-0.0500","-0.0050","-1.0000","0.0000","0.0000","0.0000","0.0000","0.0000"
"15321.0","15:13:25.256","2221947.0000","1.4139","60557.0000","-0.0500","-0.0050","-1.0000","0.0000","0.0000","0.0000","0.0000","0.0000"
"15322.0","15:13:25.257","2221961.0000","1.4154","60557.0000","-0.0500","-0.0050","-1.0000","0.0000","0.0000","0.0000","0.0000","0.0000"
"15323.0","15:13:25.258","2222316.0000","1.4541","60557.0000","-0.0500","-0.0050","-1.0000","0.0000","0.0000","0.0000","0.0000","0.0000"
"15324.0","15:13:25.259","2223192.0000","1.5496","60557.0000","-0.0500","-0.0050","-1.0000","0.0000","0.0000","0.0000","0.0000","0.0000"
"15325.0","15:13:25.260","2223072.0000","1.5365","60557.0000","-0.0500","-0.0050","-1.0000","0.0000","0.0000","0.0000","0.0000","0.0000"
"15326.0","15:13:25.261","2222759.0000","1.5024","60557.0000","-0.0500","-0.0050","-1.0000","0.0000","0.0000","0.0000","0.0000","0.0000"
"15327.0","15:13:25.262","2222758.0000","1.5023","60557.0000","-0.0500","-0.0050","-1.0000","0.0000","0.0000","0.0000","0.0000","0.0000"
"15328.0","15:13:25.263","2223400.0000","1.5723","60557.0000","-0.0500","-0.0050","-1.0000","0.0000","0.0000","0.0000","0.0000","0.0000"
"15329.0","15:13:25.264","2223063.0000","1.5356","60557.0000","-0.0500","-0.0050","-1.0000","0.0000","0.0000","0.0000","0.0000","0.0000"
"15330.0","15:13:25.265","2222415.0000","1.4649","60557.0000","-0.0500","-0.0050","-1.0000","0.0000","0.0000","0.0000","0.0000","0.0000"
"15331.0","15:13:25.266","2222415.0000","1.4649","60557.0000","-0.0500","-0.0050","-1.0000","0.0000","0.0000","0.0000","0.0000","0.0000"
"15332.0","15:13:25.267","2222120.0000","1.4327","60557.0000","-0.0500","-0.0050","-1.0000","0.0000","0.0000","0.0000","0.0000","0.0000"
"15333.0","15:13:25.268","2220875.0000","1.2970","60557.0000","-0.0500","-0.0050","-1.0000","0.0000","0.0000","0.0000","0.0000","0.0000"
"15334.0","15:13:25.269","2221364.0000","1.3504","60557.0000","-0.0500","-0.0050","-1.0000","0.0000","0.0000","0.0000","0.0000","0.0000"
"15335.0","15:13:25.270","2221985.0000","1.4180","60557.0000","-0.0500","-0.0050","-1.0000","0.0000","0.0000","0.0000","0.0000","0.0000"
"15336.0","15:13:25.271","2222306.0000","1.4530","60557.0000","-0.0500","-0.0050","-1.0000","0.0000","0.0000","0.0000","0.0000","0.0000"
"15337.0","15:13:25.272","2222499.0000","1.4741","60557.0000","-0.0500","-0.0050","-1.0000","0.0000","0.0000","0.0000","0.0000","0.0000"
"15338.0","15:13:25.273","2222530.0000","1.4775","60557.0000","-0.0500","-0.0050","-1.0000","0.0000","0.0000","0.0000","0.0000","0.0000"
"15339.0","15:13:25.274","2222016.0000","1.4214","60557.0000","-0.0500","-0.0050","-1.0000","0.0000","0.0000","0.0000","0.0000","0.0000"
"15340.0","15:13:25.275","2222699.0000","1.4959","60557.0000","-0.0500","-0.0050","-1.0000","0.0000","0.0000","0.0000","0.0000","0.0000"
"15341.0","15:13:25.276","2222129.0000","1.4337","60557.0000","-0.0500","-0.0050","-1.0000","0.0000","0.0000","0.0000","0.0000","0.0000"
"15342.0","15:13:25.277","2222204.0000","1.4419","60557.0000","-0.0500","-0.0050","-1.0000","0.0000","0.0000","0.0000","0.0000","0.0000"
"15343.0","15:13:25.278","2222732.0000","1.4995","60557.0000","-0.0500","-0.0050","-1.0000","0.0000","0.0000","0.0000","0.0000","0.0000"
"15344.0","15:13:25.279","2221960.0000","1.4153","60557.0000","-0.0500","-0.0050","-1.0000","0.0000","0.0000","0.0000","0.0000","0.0000"
"15345.0","15:13:25.280","2222169.0000","1.4381","60557.0000","-0.0500","-0.0050","-1.0000","0.0000","0.0000","0.0000","0.0000","0.0000"
"15346.0","15:13:25.281","2222641.0000","1.4896","60557.0000","-0.0500","-0.0050","-1.0000","0.0000","0.0000","0.0000","0.0000","0.0000"
"15347.0","15:13:25.282","2223030.0000","1.5319","60557.0000","-0.0500","-0.0050","-1.0000","0.0000","0.0000","0.0000","0.0000","0.0000"
"15348.0","15:13:25.283","2223549.0000","1.5885","60557.0000","-0.0500","-0.0050","-1.0000","0.0000","0.0000","0.0000","0.0000","0.0000"
"15349.0","15:13:25.284","2222656.0000","1.4912","60557.0000","-0.0500","-0.0050","-1.0000","0.0000","0.0000","0.0000","0.0000","0.0000"
"15350.0","15:13:25.285","2223721.0000","1.6073","60557.0000","-0.0500","-0.0050","-1.0000","0.0000","0.0000","0.0000","0.0000","0.0000"
"15351.0","15:13:25.286","2222790.0000","1.5058","60557.0000","-0.0500","-0.0050","-1.0000","0.0000","0.0000","0.0000","0.0000","0.0000"
"15352.0","15:13:25.287","2223650.0000","1.5995","60557.0000","-0.0500","-0.0050","-1.0000","0.0000","0.0000","0.0000","0.0000","0.0000"
"15353.0","15:13:25.288","2223244.0000","1.5553","60557.0000","-0.0500","-0.0050","-1.0000","0.0000","0.0000","0.0000","0.0000","0.0000"
"15354.0","15:13:25.289","2223735.0000","1.6088","60557.0000","-0.0500","-0.0050","-1.0000","0.0000","0.0000","0.0000","0.0000","0.0000"
"15355.0","15:13:25.290","2224090.0000","1.6475","60557.0000","-0.0500","-0.0050","-1.0000","0.0000","0.0000","0.0000","0.0000","0.0000"
"15356.0","15:13:25.291","2222802.0000","1.5071","60557.0000","-0.0500","-0.0050","-1.0000","0.0000","0.0000","0.0000","0.0000","0.0000"
"15357.0","15:13:25.292","2223379.0000","1.5700","60557.0000","-0.0500","-0.0050","-1.0000","0.0000","0.0000","0.0000","0.0000","0.0000"
"15358.0","15:13:25.293","2223445.0000","1.5772","60557.0000","-0.0500","-0.0050","-1.0000","0.0000","0.0000","0.0000","0.0000","0.0000"
"15359.0","15:13:25.294","2223352.0000","1.5671","60557.0000","-0.0500","-0.0050","-1.0000","0.0000","0.0000","0.0000","0.0000","0.0000"
"15360.0","15:13:25.295","2222236.0000","1.4454","60557.0000","-0.0500","-0.0050","-1.0000","0.0000","0.0000","0.0000","0.0000","0.0000"
"15361.0","15:13:25.296","2222953.0000","1.5236","60557.0000","-0.0500","-0.0050","-1.0000","0.0000","0.0000","0.0000","0.0000","0.0000"
"15362.0","15:13:25.297","2221966.0000","1.4160","60557.0000","-0.0500","-0.0050","-1.0000","0.0000","0.0000","0.0000","0.0000","0.0000"
"15363.0","15:13:25.298","2222026.0000","1.4225","60557.0000","-0.0500","-0.0050","-1.0000","0.0000","0.0000","0.0000","0.0000","0.0000"
"15364.0","15:13:25.299","2222572.0000","1.4821","60563.0000","-0.0500","-0.0050","-1.0000","0.0000","0.0000","0.0000","0.0000","0.0000"
"15365.0","15:13:25.300","2222323.0000","1.4549","60563.0000","-0.0500","-0.0050","-1.0000","0.0000","0.0000","0.0000","0.0000","0.0000"
"15366.0","15:13:25.301","2222838.0000","1.5110","60563.0000","-0.0500","-0.0050","-1.0000","0.0000","0.0000","0.0000","0.0000","0.0000"
"15367.0","15:13:25.302","2223003.0000","1.5290","60563.0000","-0.0500","-0.0050","-1.0000","0.0000","0.0000","0.0000","0.0000","0.0000"
"15368.0","15:13:25.303","2223186.0000","1.5490","60563.0000","-0.0500","-0.0050","-1.0000","0.0000","0.0000","0.0000","0.0000","0.0000"
"15369.0","15:13:25.304","2223692.0000","1.6041","60563.0000","-0.0500","-0.0050","-1.0000","0.0000","0.0000","0.0000","0.0000","0.0000"
"15370.0","15:13:25.305","2222910.0000","1.5189","60563.0000","-0.0500","-0.0050","-1.0000","0.0000","0.0000","0.0000","0.0000","0.0000"
"15371.0","15:13:25.306","2222509.0000","1.4752","60563.0000","-0.0500","-0.0050","-1.0000","0.0000","0.0000","0.0000","0.0000","0.0000"
"15372.0","15:13:25.307","2222662.0000","1.4918","60563.0000","-0.0500","-0.0050","-1.0000","0.0000","0.0000","0.0000","0.0000","0.0000"
"15373.0","15:13:25.308","2222806.0000","1.5075","60563.0000","-0.0500","-0.0050","-1.0000","0.0000","0.0000","0.0000","0.0000","0.0000"
"15374.0","15:13:25.309","2222172.0000","1.4384","60563.0000","-0.0500","-0.0050","-1.0000","0.0000","0.0000","0.0000","0.0000","0.0000"
"15375.0","15:13:25.310","2222571.0000","1.4819","60563.0000","-0.0500","-0.0050","-1.0000","0.0000","0.0000","0.0000","0.0000","0.0000"
"15376.0","15:13:25.311","2222810.0000","1.5080","60563.0000","-0.0500","-0.0050","-1.0000","0.0000","0.0000","0.0000","0.0000","0.0000"
"15377.0","15:13:25.312","2221681.0000","1.3849","60563.0000","-0.0500","-0.0050","-1.0000","0.0000","0.0000","0.0000","0.0000","0.0000"
"15378.0","15:13:25.313","2221681.0000","1.3849","60563.0000","-0.0500","-0.0050","-1.0000","0.0000","0.0000","0.0000","0.0000","0.0000"
"15379.0","15:13:25.314","2221261.0000","1.3391","60563.0000","-0.0500","-0.0050","-1.0000","0.0000","0.0000","0.0000","0.0000","0.0000"
"15380.0","15:13:25.315","2221472.0000","1.3621","60563.0000","-0.0500","-0.0050","-1.0000","0.0000","0.0000","0.0000","0.0000","0.0000"
"15381.0","15:13:25.316","2222047.0000","1.4248","60563.0000","-0.0500","-0.0050","-1.0000","0.0000","0.0000","0.0000","0.0000","0.0000"
"15382.0","15:13:25.317","2221496.0000","1.3647","60563.0000","-0.0500","-0.0050","-1.0000","0.0000","0.0000","0.0000","0.0000","0.0000"
"15383.0","15:13:25.318","2221610.0000","1.3771","60563.0000","-0.0500","-0.0050","-1.0000","0.0000","0.0000","0.0000","0.0000","0.0000"
"15384.0","15:13:25.319","2221964.0000","1.4158","60563.0000","-0.0500","-0.0050","-1.0000","0.0000","0.0000","0.0000","0.0000","0.0000"
"15385.0","15:13:25.320","2221606.0000","1.3767","60563.0000","-0.0500","-0.0050","-1.0000","0.0000","0.0000","0.0000","0.0000","0.0000"
"15386.0","15:13:25.321","2221405.0000","1.3548","60563.0000","-0.0500","-0.0050","-1.0000","0.0000","0.0000","0.0000","0.0000","0.0000"
"15387.0","15:13:25.322","2221374.0000","1.3514","60563.0000","-0.0500","-0.0050","-1.0000","0.0000","0.0000","0.0000","0.0000","0.0000"
"15388.0","15:13:25.323","2221518.0000","1.3671","60563.0000","-0.0500","-0.0050","-1.0000","0.0000","0.0000","0.0000","0.0000","0.0000"
"15389.0","15:13:25.324","2221688.0000","1.3857","60563.0000","-0.0500","-0.0050","-1.0000","0.0000","0.0000","0.0000","0.0000","0.0000"
"15390.0","15:13:25.325","2221623.0000","1.3786","60563.0000","-0.0500","-0.0050","-1.0000","0.0000","0.0000","0.0000","0.0000","0.0000"
"15391.0","15:13:25.326","2221765.0000","1.3940","60563.0000","-0.0500","-0.0050","-1.0000","0.0000","0.0000","0.0000","0.0000","0.0000"
"15392.0","15:13:25.327","2221826.0000","1.4007","60563.0000","-0.0500","-0.0050","-1.0000","0.0000","0.0000","0.0000","0.0000","0.0000"
"15393.0","15:13:25.328","2222336.0000","1.4563","60563.0000","-0.0500","-0.0050","-1.0000","0.0000","0.0000","0.0000","0.0000","0.0000"
"15394.0","15:13:25.329","2222467.0000","1.4706","60563.0000","-0.0500","-0.0050","-1.0000","0.0000","0.0000","0.0000","0.0000","0.0000"
"15395.0","15:13:25.330","2222320.0000","1.4546","60563.0000","-0.0500","-0.0050","-1.0000","0.0000","0.0000","0.0000","0.0000","0.0000"
"15396.0","15:13:25.331","2221380.0000","1.3521","60563.0000","-0.0500","-0.0050","-1.0000","0.0000","0.0000","0.0000","0.0000","0.0000"
"15397.0","15:13:25.332","2221509.0000","1.3661","60563.0000","-0.0500","-0.0050","-1.0000","0.0000","0.0000","0.0000","0.0000","0.0000"
"15398.0","15:13:25.333","2221899.0000","1.4087","60563.0000","-0.0500","-0.0050","-1.0000","0.0000","0.0000","0.0000","0.0000","0.0000"
"15399.0","15:13:25.334","2222369.0000","1.4599","60563.0000","-0.0500","-0.0050","-1.0000","0.0000","0.0000","0.0000","0.0000","0.0000"
"15400.0","15:13:25.335","2222300.0000","1.4524","60563.0000","-0.0500","-0.0050","-1.0000","0.0000","0.0000","0.0000","0.0000","0.0000"
"15401.0","15:13:25.336","2221754.0000","1.3929","60563.0000","-0.0500","-0.0050","-1.0000","0.0000","0.0000","0.0000","0.0000","0.0000"
"15402.0","15:13:25.337","2221064.0000","1.3176","60563.0000","-0.0500","-0.0050","-1.0000","0.0000","0.0000","0.0000","0.0000","0.0000"
"15403.0","15:13:25.338","2221534.0000","1.3689","60563.0000","-0.0500","-0.0050","-1.0000","0.0000","0.0000","0.0000","0.0000","0.0000"
"15404.0","15:13:25.339","2221362.0000","1.3501","60563.0000","-0.0500","-0.0050","-1.0000","0.0000","0.0000","0.0000","0.0000","0.0000"
"15405.0","15:13:25.340","2221497.0000","1.3648","60563.0000","-0.0500","-0.0050","-1.0000","0.0000","0.0000","0.0000","0.0000","0.0000"
"15406.0","15:13:25.341","2221985.0000","1.4180","60563.0000","-0.0500","-0.0050","-1.0000","0.0000","0.0000","0.0000","0.0000","0.0000"
"15407.0","15:13:25.342","2222046.0000","1.4247","60563.0000","-0.0500","-0.0050","-1.0000","0.0000","0.0000","0.0000","0.0000","0.0000"
"15408.0","15:13:25.343","2221941.0000","1.4133","60563.0000","-0.0500","-0.0050","-1.0000","0.0000","0.0000","0.0000","0.0000","0.0000"
"15409.0","15:13:25.344","2222261.0000","1.4481","60563.0000","-0.0500","-0.0050","-1.0000","0.0000","0.0000","0.0000","0.0000","0.0000"
"15410.0","15:13:25.345","2221136.0000","1.3255","60563.0000","-0.0500","-0.0050","-1.0000","0.0000","0.0000","0.0000","0.0000","0.0000"
"15411.0","15:13:25.346","2220813.0000","1.2903","60563.0000","-0.0500","-0.0050","-1.0000","0.0000","0.0000","0.0000","0.0000","0.0000"
"15412.0","15:13:25.347","2221160.0000","1.3281","60563.0000","-0.0500","-0.0050","-1.0000","0.0000","0.0000","0.0000","0.0000","0.0000"
"15413.0","15:13:25.348","2220325.0000","1.2371","60563.0000","-0.0500","-0.0050","-1.0000","0.0000","0.0000","0.0000","0.0000","0.0000"
"15414.0","15:13:25.349","2220841.0000","1.2933","60563.0000","-0.0500","-0.0050","-1.0000","0.0000","0.0000","0.0000","0.0000","0.0000"
"15415.0","15:13:25.350","2220565.0000","1.2632","60563.0000","-0.0500","-0.0050","-1.0000","0.0000","0.0000","0.0000","0.0000","0.0000"
"15416.0","15:13:25.351","2221496.0000","1.3647","60563.0000","-0.0500","-0.0050","-1.0000","0.0000","0.0000","0.0000","0.0000","0.0000"
"15417.0","15:13:25.352","2221121.0000","1.3238","60563.0000","-0.0500","-0.0050","-1.0000","0.0000","0.0000","0.0000","0.0000","0.0000"
"15418.0","15:13:25.353","2220601.0000","1.2672","60563.0000","-0.0500","-0.0050","-1.0000","0.0000","0.0000","0.0000","0.0000","0.0000"
"15419.0","15:13:25.354","2221356.0000","1.3495","60563.0000","-0.0500","-0.0050","-1.0000","0.0000","0.0000","0.0000","0.0000","0.0000"
"15420.0","15:13:25.355","2220896.0000","1.2993","60563.0000","-0.0500","-0.0050","-1.0000","0.0000","0.0000","0.0000","0.0000","0.0000"
"15421.0","15:13:25.356","2221243.0000","1.3371","60563.0000","-0.0500","-0.0050","-1.0000","0.0000","0.0000","0.0000","0.0000","0.0000"
"15422.0","15:13:25.357","2220472.0000","1.2531","60563.0000","-0.0500","-0.0050","-1.0000","0.0000","0.0000","0.0000","0.0000","0.0000"
"15423.0","15:13:25.358","2220642.0000","1.2716","60563.0000","-0.0500","-0.0050","-1.0000","0.0000","0.0000","0.0000","0.0000","0.0000"
"15424.0","15:13:25.359","2221327.0000","1.3463","60563.0000","-0.0500","-0.0050","-1.0000","0.0000","0.0000","0.0000","0.0000","0.0000"
"15425.0","15:13:25.360","2221327.0000","1.3463","60564.0000","-0.0500","-0.0050","-1.0000","0.0000","0.0000","0.0000","0.0000","0.0000"
"15426.0","15:13:25.361","2221900.0000","1.4088","60564.0000","-0.0500","-0.0050","-1.0000","0.0000","0.0000","0.0000","0.0000","0.0000"
"15427.0","15:13:25.362","2222347.0000","1.4575","60564.0000","-0.0500","-0.0050","-1.0000","0.0000","0.0000","0.0000","0.0000","0.0000"
"15428.0","15:13:25.363","2221439.0000","1.3585","60564.0000","-0.0500","-0.0050","-1.0000","0.0000","0.0000","0.0000","0.0000","0.0000"
"15429.0","15:13:25.364","2221839.0000","1.4021","60564.0000","-0.0500","-0.0050","-1.0000","0.0000","0.0000","0.0000","0.0000","0.0000"
"15430.0","15:13:25.365","2222045.0000","1.4246","60564.0000","-0.0500","-0.0050","-1.0000","0.0000","0.0000","0.0000","0.0000","0.0000"
"15431.0","15:13:25.366","2221130.0000","1.3248","60564.0000","-0.0500","-0.0050","-1.0000","0.0000","0.0000","0.0000","0.0000","0.0000"
"15432.0","15:13:25.367","2221863.0000","1.4047","60564.0000","-0.0500","-0.0050","-1.0000","0.0000","0.0000","0.0000","0.0000","0.0000"
"15433.0","15:13:25.368","2221870.0000","1.4055","60564.0000","-0.0500","-0.0050","-1.0000","0.0000","0.0000","0.0000","0.0000","0.0000"
"15434.0","15:13:25.369","2221715.0000","1.3886","60564.0000","-0.0500","-0.0050","-1.0000","0.0000","0.0000","0.0000","0.0000","0.0000"
"15435.0","15:13:25.370","2221732.0000","1.3905","60564.0000","-0.0500","-0.0050","-1.0000","0.0000","0.0000","0.0000","0.0000","0.0000"
"15436.0","15:13:25.371","2222020.0000","1.4218","60564.0000","-0.0500","-0.0050","-1.0000","0.0000","0.0000","0.0000","0.0000","0.0000"
"15437.0","15:13:25.372","2222121.0000","1.4329","60564.0000","-0.0500","-0.0050","-1.0000","0.0000","0.0000","0.0000","0.0000","0.0000"
"15438.0","15:13:25.373","2221565.0000","1.3723","60564.0000","-0.0500","-0.0050","-1.0000","0.0000","0.0000","0.0000","0.0000","0.0000"
"15439.0","15:13:25.374","2221535.0000","1.3690","60564.0000","-0.0500","-0.0050","-1.0000","0.0000","0.0000","0.0000","0.0000","0.0000"
"15440.0","15:13:25.375","2221786.0000","1.3964","60564.0000","-0.0500","-0.0050","-1.0000","0.0000","0.0000","0.0000","0.0000","0.0000"
"15441.0","15:13:25.376","2221079.0000","1.3193","60564.0000","-0.0500","-0.0050","-1.0000","0.0000","0.0000","0.0000","0.0000","0.0000"
"15442.0","15:13:25.377","2221471.0000","1.3620","60564.0000","-0.0500","-0.0050","-1.0000","0.0000","0.0000","0.0000","0.0000","0.0000"
"15443.0","15:13:25.378","2221676.0000","1.3843","60564.0000","-0.0500","-0.0050","-1.0000","0.0000","0.0000","0.0000","0.0000","0.0000"
"15444.0","15:13:25.379","2221251.0000","1.3380","60564.0000","-0.0500","-0.0050","-1.0000","0.0000","0.0000","0.0000","0.0000","0.0000"
"15445.0","15:13:25.380","2221315.0000","1.3450","60564.0000","-0.0500","-0.0050","-1.0000","0.0000","0.0000","0.0000","0.0000","0.0000"
"15446.0","15:13:25.381","2221014.0000","1.3122","60564.0000","-0.0500","-0.0050","-1.0000","0.0000","0.0000","0.0000","0.0000","0.0000"
"15447.0","15:13:25.382","2221346.0000","1.3484","60564.0000","-0.0500","-0.0050","-1.0000","0.0000","0.0000","0.0000","0.0000","0.0000"
"15448.0","15:13:25.383","2220144.0000","1.2173","60564.0000","-0.0500","-0.0050","-1.0000","0.0000","0.0000","0.0000","0.0000","0.0000"
"15449.0","15:13:25.384","2220356.0000","1.2404","60564.0000","-0.0500","-0.0050","-1.0000","0.0000","0.0000","0.0000","0.0000","0.0000"
"15450.0","15:13:25.385","2220144.0000","1.2173","60564.0000","-0.0500","-0.0050","-1.0000","0.0000","0.0000","0.0000","0.0000","0.0000"
"15451.0","15:13:25.386","2220071.0000","1.2094","60564.0000","-0.0500","-0.0050","-1.0000","0.0000","0.0000","0.0000","0.0000","0.0000"
"15452.0","15:13:25.387","2220048.0000","1.2069","60564.0000","-0.0500","-0.0050","-1.0000","0.0000","0.0000","0.0000","0.0000","0.0000"
"15453.0","15:13:25.388","2220162.0000","1.2193","60564.0000","-0.0500","-0.0050","-1.0000","0.0000","0.0000","0.0000","0.0000","0.0000"
"15454.0","15:13:25.389","2220622.0000","1.2694","60564.0000","-0.0500","-0.0050","-1.0000","0.0000","0.0000","0.0000","0.0000","0.0000"
"15455.0","15:13:25.390","2220473.0000","1.2532","60564.0000","-0.0500","-0.0050","-1.0000","0.0000","0.0000","0.0000","0.0000","0.0000"
"15456.0","15:13:25.391","2221473.0000","1.3622","60564.0000","-0.0500","-0.0050","-1.0000","0.0000","0.0000","0.0000","0.0000","0.0000"
"15457.0","15:13:25.392","2221105.0000","1.3221","60564.0000","-0.0500","-0.0050","-1.0000","0.0000","0.0000","0.0000","0.0000","0.0000"
"15458.0","15:13:25.393","2221686.0000","1.3855","60564.0000","-0.0500","-0.0050","-1.0000","0.0000","0.0000","0.0000","0.0000","0.0000"
"15459.0","15:13:25.394","2221612.0000","1.3774","60564.0000","-0.0500","-0.0050","-1.0000","0.0000","0.0000","0.0000","0.0000","0.0000"
"15460.0","15:13:25.395","2220170.0000","1.2202","60564.0000","-0.0500","-0.0050","-1.0000","0.0000","0.0000","0.0000","0.0000","0.0000"
"15461.0","15:13:25.396","2221116.0000","1.3233","60564.0000","-0.0500","-0.0050","-1.0000","0.0000","0.0000","0.0000","0.0000","0.0000"
"15462.0","15:13:25.397","2221490.0000","1.3641","60564.0000","-0.0500","-0.0050","-1.0000","0.0000","0.0000","0.0000","0.0000","0.0000"
"15463.0","15:13:25.398","2221215.0000","1.3341","60564.0000","-0.0500","-0.0050","-1.0000","0.0000","0.0000","0.0000","0.0000","0.0000"
"15464.0","15:13:25.399","2221048.0000","1.3159","60564.0000","-0.0500","-0.0050","-1.0000","0.0000","0.0000","0.0000","0.0000","0.0000"
"15465.0","15:13:25.400","2221632.0000","1.3795","60564.0000","-0.0500","-0.0050","-1.0000","0.0000","0.0000","0.0000","0.0000","0.0000"
"15466.0","15:13:25.401","2220959.0000","1.3062","60564.0000","-0.0500","-0.0050","-1.0000","0.0000","0.0000","0.0000","0.0000","0.0000"
"15467.0","15:13:25.402","2221517.0000","1.3670","60564.0000","-0.0500","-0.0050","-1.0000","0.0000","0.0000","0.0000","0.0000","0.0000"
"15468.0","15:13:25.403","2221319.0000","1.3454","60564.0000","-0.0500","-0.0050","-1.0000","0.0000","0.0000","0.0000","0.0000","0.0000"
"15469.0","15:13:25.404","2220801.0000","1.2890","60564.0000","-0.0500","-0.0050","-1.0000","0.0000","0.0000","0.0000","0.0000","0.0000"
"15470.0","15:13:25.405","2220728.0000","1.2810","60564.0000","-0.0500","-0.0050","-1.0000","0.0000","0.0000","0.0000","0.0000","0.0000"
"15471.0","15:13:25.406","2220884.0000","1.2980","60564.0000","-0.0500","-0.0050","-1.0000","0.0000","0.0000","0.0000","0.0000","0.0000"
"15472.0","15:13:25.407","2220884.0000","1.2980","60564.0000","-0.0500","-0.0050","-1.0000","0.0000","0.0000","0.0000","0.0000","0.0000"
"15473.0","15:13:25.408","2221782.0000","1.3959","60564.0000","-0.0500","-0.0050","-1.0000","0.0000","0.0000","0.0000","0.0000","0.0000"
"15474.0","15:13:25.409","2221288.0000","1.3420","60564.0000","-0.0500","-0.0050","-1.0000","0.0000","0.0000","0.0000","0.0000","0.0000"
"15475.0","15:13:25.410","2221757.0000","1.3932","60564.0000","-0.0500","-0.0050","-1.0000","0.0000","0.0000","0.0000","0.0000","0.0000"
"15476.0","15:13:25.411","2221249.0000","1.3378","60564.0000","-0.0500","-0.0050","-1.0000","0.0000","0.0000","0.0000","0.0000","0.0000"
"15477.0","15:13:25.412","2221398.0000","1.3540","60564.0000","-0.0500","-0.0050","-1.0000","0.0000","0.0000","0.0000","0.0000","0.0000"
"15478.0","15:13:25.413","2221675.0000","1.3842","60564.0000","-0.0500","-0.0050","-1.0000","0.0000","0.0000","0.0000","0.0000","0.0000"
"15479.0","15:13:25.414","2222177.0000","1.4390","60564.0000","-0.0500","-0.0050","-1.0000","0.0000","0.0000","0.0000","0.0000","0.0000"
"15480.0","15:13:25.415","2222128.0000","1.4336","60564.0000","-0.0500","-0.0050","-1.0000","0.0000","0.0000","0.0000","0.0000","0.0000"
"15481.0","15:13:25.416","2221786.0000","1.3964","60564.0000","-0.0500","-0.0050","-1.0000","0.0000","0.0000","0.0000","0.0000","0.0000"
"15482.0","15:13:25.417","2221857.0000","1.4041","60564.0000","-0.0500","-0.0050","-1.0000","0.0000","0.0000","0.0000","0.0000","0.0000"
"15483.0","15:13:25.418","2221753.0000","1.3927","60564.0000","-0.0500","-0.0050","-1.0000","0.0000","0.0000","0.0000","0.0000","0.0000"
"15484.0","15:13:25.419","2221510.0000","1.3663","60564.0000","-0.0500","-0.0050","-1.0000","0.0000","0.0000","0.0000","0.0000","0.0000"
"15485.0","15:13:25.420","2221205.0000","1.3330","60561.0000","-0.0500","-0.0050","-1.0000","0.0000","0.0000","0.0000","0.0000","0.0000"
"15486.0","15:13:25.421","2220892.0000","1.2989","60561.0000","-0.0500","-0.0050","-1.0000","0.0000","0.0000","0.0000","0.0000","0.0000"
"15487.0","15:13:25.422","2221324.0000","1.3460","60561.0000","-0.0500","-0.0050","-1.0000","0.0000","0.0000","0.0000","0.0000","0.0000"
"15488.0","15:13:25.423","2222298.0000","1.4521","60561.0000","-0.0500","-0.0050","-1.0000","0.0000","0.0000","0.0000","0.0000","0.0000"
"15489.0","15:13:25.424","2221598.0000","1.3758","60561.0000","-0.0500","-0.0050","-1.0000","0.0000","0.0000","0.0000","0.0000","0.0000"
"15490.0","15:13:25.425","2221933.0000","1.4124","60561.0000","-0.0500","-0.0050","-1.0000","0.0000","0.0000","0.0000","0.0000","0.0000"
"15491.0","15:13:25.426","2222214.0000","1.4430","60561.0000","-0.0500","-0.0050","-1.0000","0.0000","0.0000","0.0000","0.0000","0.0000"
"15492.0","15:13:25.427","2220890.0000","1.2987","60561.0000","-0.0500","-0.0050","-1.0000","0.0000","0.0000","0.0000","0.0000","0.0000"
"15493.0","15:13:25.428","2221602.0000","1.3763","60561.0000","-0.0500","-0.0050","-1.0000","0.0000","0.0000","0.0000","0.0000","0.0000"
"15494.0","15:13:25.429","2222289.0000","1.4512","60561.0000","-0.0500","-0.0050","-1.0000","0.0000","0.0000","0.0000","0.0000","0.0000"
"15495.0","15:13:25.430","2221561.0000","1.3718","60561.0000","-0.0500","-0.0050","-1.0000","0.0000","0.0000","0.0000","0.0000","0.0000"
"15496.0","15:13:25.431","2221994.0000","1.4190","60561.0000","-0.0500","-0.0050","-1.0000","0.0000","0.0000","0.0000","0.0000","0.0000"
"15497.0","15:13:25.432","2221558.0000","1.3715","60561.0000","-0.0500","-0.0050","-1.0000","0.0000","0.0000","0.0000","0.0000","0.0000"
"15498.0","15:13:25.433","2221752.0000","1.3926","60561.0000","-0.0500","-0.0050","-1.0000","0.0000","0.0000","0.0000","0.0000","0.0000"
"15499.0","15:13:25.434","2222044.0000","1.4245","60561.0000","-0.0500","-0.0050","-1.0000","0.0000","0.0000","0.0000","0.0000","0.0000"
"15500.0","15:13:25.435","2222011.0000","1.4209","60561.0000","-0.0500","-0.0050","-1.0000","0.0000","0.0000","0.0000","0.0000","0.0000"
"15501.0","15:13:25.436","2221840.0000","1.4022","60561.0000","-0.0500","-0.0050","-1.0000","0.0000","0.0000","0.0000","0.0000","0.0000"
"15502.0","15:13:25.437","2221206.0000","1.3331","60561.0000","-0.0500","-0.0050","-1.0000","0.0000","0.0000","0.0000","0.0000","0.0000"
"15503.0","15:13:25.438","2221354.0000","1.3492","60561.0000","-0.0500","-0.0050","-1.0000","0.0000","0.0000","0.0000","0.0000","0.0000"
"15504.0","15:13:25.439","2221391.0000","1.3533","60561.0000","-0.0500","-0.0050","-1.0000","0.0000","0.0000","0.0000","0.0000","0.0000"
"15505.0","15:13:25.440","2221434.0000","1.3580","60561.0000","-0.0500","-0.0050","-1.0000","0.0000","0.0000","0.0000","0.0000","0.0000"
"15506.0","15:13:25.441","2222132.0000","1.4340","60561.0000","-0.0500","-0.0050","-1.0000","0.0000","0.0000","0.0000","0.0000","0.0000"
"15507.0","15:13:25.442","2222679.0000","1.4937","60561.0000","-0.0500","-0.0050","-1.0000","0.0000","0.0000","0.0000","0.0000","0.0000"
"15508.0","15:13:25.443","2222247.0000","1.4466","60561.0000","-0.0500","-0.0050","-1.0000","0.0000","0.0000","0.0000","0.0000","0.0000"
"15509.0","15:13:25.444","2221678.0000","1.3846","60561.0000","-0.0500","-0.0050","-1.0000","0.0000","0.0000","0.0000","0.0000","0.0000"
"15510.0","15:13:25.445","2221933.0000","1.4124","60561.0000","-0.0500","-0.0050","-1.0000","0.0000","0.0000","0.0000","0.0000","0.0000"
"15511.0","15:13:25.446","2221978.0000","1.4173","60561.0000","-0.0500","-0.0050","-1.0000","0.0000","0.0000","0.0000","0.0000","0.0000"
"15512.0","15:13:25.447","2223250.0000","1.5559","60561.0000","-0.0500","-0.0050","-1.0000","0.0000","0.0000","0.0000","0.0000","0.0000"
"15513.0","15:13:25.448","2222214.0000","1.4430","60561.0000","-0.0500","-0.0050","-1.0000","0.0000","0.0000","0.0000","0.0000","0.0000"
"15514.0","15:13:25.449","2222008.0000","1.4205","60561.0000","-0.0500","-0.0050","-1.0000","0.0000","0.0000","0.0000","0.0000","0.0000"
"15515.0","15:13:25.450","2222707.0000","1.4968","60561.0000","-0.0500","-0.0050","-1.0000","0.0000","0.0000","0.0000","0.0000","0.0000"
"15516.0","15:13:25.451","2222016.0000","1.4214","60561.0000","-0.0500","-0.0050","-1.0000","0.0000","0.0000","0.0000","0.0000","0.0000"
"15517.0","15:13:25.452","2222732.0000","1.4995","60561.0000","-0.0500","-0.0050","-1.0000","0.0000","0.0000","0.0000","0.0000","0.0000"
"15518.0","15:13:25.453","2222993.0000","1.5279","60561.0000","-0.0500","-0.0050","-1.0000","0.0000","0.0000","0.0000","0.0000","0.0000"
"15519.0","15:13:25.454","2222993.0000","1.5279","60561.0000","-0.0500","-0.0050","-1.0000","0.0000","0.0000","0.0000","0.0000","0.0000"
"15520.0","15:13:25.455","2222274.0000","1.4496","60561.0000","-0.0500","-0.0050","-1.0000","0.0000","0.0000","0.0000","0.0000","0.0000"
"15521.0","15:13:25.456","2223137.0000","1.5436","60561.0000","-0.0500","-0.0050","-1.0000","0.0000","0.0000","0.0000","0.0000","0.0000"
"15522.0","15:13:25.457","2222437.0000","1.4673","60561.0000","-0.0500","-0.0050","-1.0000","0.0000","0.0000","0.0000","0.0000","0.0000"
"15523.0","15:13:25.458","2222935.0000","1.5216","60561.0000","-0.0500","-0.0050","-1.0000","0.0000","0.0000","0.0000","0.0000","0.0000"
"15524.0","15:13:25.459","2223453.0000","1.5781","60561.0000","-0.0500","-0.0050","-1.0000","0.0000","0.0000","0.0000","0.0000","0.0000"
"15525.0","15:13:25.460","2222389.0000","1.4621","60561.0000","-0.0500","-0.0050","-1.0000","0.0000","0.0000","0.0000","0.0000","0.0000"
"15526.0","15:13:25.461","2222825.0000","1.5096","60561.0000","-0.0500","-0.0050","-1.0000","0.0000","0.0000","0.0000","0.0000","0.0000"
"15527.0","15:13:25.462","2222929.0000","1.5209","60561.0000","-0.0500","-0.0050","-1.0000","0.0000","0.0000","0.0000","0.0000","0.0000"
"15528.0","15:13:25.463","2222073.0000","1.4277","60561.0000","-0.0500","-0.0050","-1.0000","0.0000","0.0000","0.0000","0.0000","0.0000"
"15529.0","15:13:25.464","2223032.0000","1.5322","60561.0000","-0.0500","-0.0050","-1.0000","0.0000","0.0000","0.0000","0.0000","0.0000"
"15530.0","15:13:25.465","2222381.0000","1.4612","60561.0000","-0.0500","-0.0050","-1.0000","0.0000","0.0000","0.0000","0.0000","0.0000"
"15531.0","15:13:25.466","2222889.0000","1.5166","60561.0000","-0.0500","-0.0050","-1.0000","0.0000","0.0000","0.0000","0.0000","0.0000"
"15532.0","15:13:25.467","2222136.0000","1.4345","60561.0000","-0.0500","-0.0050","-1.0000","0.0000","0.0000","0.0000","0.0000","0.0000"
"15533.0","15:13:25.468","2221677.0000","1.3845","60561.0000","-0.0500","-0.0050","-1.0000","0.0000","0.0000","0.0000","0.0000","0.0000"
"15534.0","15:13:25.469","2222954.0000","1.5237","60561.0000","-0.0500","-0.0050","-1.0000","0.0000","0.0000","0.0000","0.0000","0.0000"
"15535.0","15:13:25.470","2222009.0000","1.4207","60561.0000","-0.0500","-0.0050","-1.0000","0.0000","0.0000","0.0000","0.0000","0.0000"
"15536.0","15:13:25.471","2221896.0000","1.4083","60561.0000","-0.0500","-0.0050","-1.0000","0.0000","0.0000","0.0000","0.0000","0.0000"
"15537.0","15:13:25.472","2223252.0000","1.5562","60561.0000","-0.0500","-0.0050","-1.0000","0.0000","0.0000","0.0000","0.0000","0.0000"
"15538.0","15:13:25.473","2222342.0000","1.4570","60561.0000","-0.0500","-0.0050","-1.0000","0.0000","0.0000","0.0000","0.0000","0.0000"
"15539.0","15:13:25.474","2222387.0000","1.4618","60561.0000","-0.0500","-0.0050","-1.0000","0.0000","0.0000","0.0000","0.0000","0.0000"
"15540.0","15:13:25.475","2222587.0000","1.4837","60561.0000","-0.0500","-0.0050","-1.0000","0.0000","0.0000","0.0000","0.0000","0.0000"
"15541.0","15:13:25.476","2222876.0000","1.5152","60561.0000","-0.0500","-0.0050","-1.0000","0.0000","0.0000","0.0000","0.0000","0.0000"
"15542.0","15:13:25.477","2222786.0000","1.5053","60561.0000","-0.0500","-0.0050","-1.0000","0.0000","0.0000","0.0000","0.0000","0.0000"
"15543.0","15:13:25.478","2222224.0000","1.4441","60561.0000","-0.0500","-0.0050","-1.0000","0.0000","0.0000","0.0000","0.0000","0.0000"
"15544.0","15:13:25.479","2222748.0000","1.5012","60561.0000","-0.0500","-0.0050","-1.0000","0.0000","0.0000","0.0000","0.0000","0.0000"
"15545.0","15:13:25.480","2221696.0000","1.3865","60558.0000","-0.0500","-0.0050","-1.0000","0.0000","0.0000","0.0000","0.0000","0.0000"
"15546.0","15:13:25.481","2221778.0000","1.3955","60558.0000","-0.0500","-0.0050","-1.0000","0.0000","0.0000","0.0000","0.0000","0.0000"
"15547.0","15:13:25.482","2222699.0000","1.4959","60558.0000","-0.0500","-0.0050","-1.0000","0.0000","0.0000","0.0000","0.0000","0.0000"
"15548.0","15:13:25.483","2222586.0000","1.4836","60558.0000","-0.0500","-0.0050","-1.0000","0.0000","0.0000","0.0000","0.0000","0.0000"
"15549.0","15:13:25.484","2222184.0000","1.4397","60558.0000","-0.0500","-0.0050","-1.0000","0.0000","0.0000","0.0000","0.0000","0.0000"
"15550.0","15:13:25.485","2222372.0000","1.4602","60558.0000","-0.0500","-0.0050","-1.0000","0.0000","0.0000","0.0000","0.0000","0.0000"
"15551.0","15:13:25.486","2222847.0000","1.5120","60558.0000","-0.0500","-0.0050","-1.0000","0.0000","0.0000","0.0000","0.0000","0.0000"
"15552.0","15:13:25.487","2222313.0000","1.4538","60558.0000","-0.0500","-0.0050","-1.0000","0.0000","0.0000","0.0000","0.0000","0.0000"
"15553.0","15:13:25.488","2221865.0000","1.4049","60558.0000","-0.0500","-0.0050","-1.0000","0.0000","0.0000","0.0000","0.0000","0.0000"
"15554.0","15:13:25.489","2221524.0000","1.3678","60558.0000","-0.0500","-0.0050","-1.0000","0.0000","0.0000","0.0000","0.0000","0.0000"
"15555.0","15:13:25.490","2222407.0000","1.4640","60558.0000","-0.0500","-0.0050","-1.0000","0.0000","0.0000","0.0000","0.0000","0.0000"
"15556.0","15:13:25.491","2222833.0000","1.5105","60558.0000","-0.0500","-0.0050","-1.0000","0.0000","0.0000","0.0000","0.0000","0.0000"
"15557.0","15:13:25.492","2223025.0000","1.5314","60558.0000","-0.0500","-0.0050","-1.0000","0.0000","0.0000","0.0000","0.0000","0.0000"
"15558.0","15:13:25.493","2222434.0000","1.4670","60558.0000","-0.0500","-0.0050","-1.0000","0.0000","0.0000","0.0000","0.0000","0.0000"
"15559.0","15:13:25.494","2222444.0000","1.4681","60558.0000","-0.0500","-0.0050","-1.0000","0.0000","0.0000","0.0000","0.0000","0.0000"
"15560.0","15:13:25.495","2223050.0000","1.5341","60558.0000","-0.0500","-0.0050","-1.0000","0.0000","0.0000","0.0000","0.0000","0.0000"
"15561.0","15:13:25.496","2223160.0000","1.5461","60558.0000","-0.0500","-0.0050","-1.0000","0.0000","0.0000","0.0000","0.0000","0.0000"
"15562.0","15:13:25.497","2223404.0000","1.5727","60558.0000","-0.0500","-0.0050","-1.0000","0.0000","0.0000","0.0000","0.0000","0.0000"
"15563.0","15:13:25.498","2223132.0000","1.5431","60558.0000","-0.0500","-0.0050","-1.0000","0.0000","0.0000","0.0000","0.0000","0.0000"
"15564.0","15:13:25.499","2223205.0000","1.5510","60558.0000","-0.0500","-0.0050","-1.0000","0.0000","0.0000","0.0000","0.0000","0.0000"
"15565.0","15:13:25.500","2222906.0000","1.5184","60558.0000","-0.0500","-0.0050","-1.0000","0.0000","0.0000","0.0000","0.0000","0.0000"
"15566.0","15:13:25.501","2222906.0000","1.5184","60558.0000","-0.0500","-0.0050","-1.0000","0.0000","0.0000","0.0000","0.0000","0.0000"
"15567.0","15:13:25.502","2223276.0000","1.5588","60558.0000","-0.0500","-0.0050","-1.0000","0.0000","0.0000","0.0000","0.0000","0.0000"
"15568.0","15:13:25.503","2223081.0000","1.5375","60558.0000","-0.0500","-0.0050","-1.0000","0.0000","0.0000","0.0000","0.0000","0.0000"
"15569.0","15:13:25.504","2223302.0000","1.5616","60558.0000","-0.0500","-0.0050","-1.0000","0.0000","0.0000","0.0000","0.0000","0.0000"
"15570.0","15:13:25.505","2223217.0000","1.5523","60558.0000","-0.0500","-0.0050","-1.0000","0.0000","0.0000","0.0000","0.0000","0.0000"
"15571.0","15:13:25.506","2223589.0000","1.5929","60558.0000","-0.0500","-0.0050","-1.0000","0.0000","0.0000","0.0000","0.0000","0.0000"
"15572.0","15:13:25.507","2223168.0000","1.5470","60558.0000","-0.0500","-0.0050","-1.0000","0.0000","0.0000","0.0000","0.0000","0.0000"
"15573.0","15:13:25.508","2223197.0000","1.5502","60558.0000","-0.0500","-0.0050","-1.0000","0.0000","0.0000","0.0000","0.0000","0.0000"
"15574.0","15:13:25.509","2222463.0000","1.4702","60558.0000","-0.0500","-0.0050","-1.0000","0.0000","0.0000","0.0000","0.0000","0.0000"
"15575.0","15:13:25.510","2223104.0000","1.5400","60558.0000","-0.0500","-0.0050","-1.0000","0.0000","0.0000","0.0000","0.0000","0.0000"
"15576.0","15:13:25.511","2223138.0000","1.5437","60558.0000","-0.0500","-0.0050","-1.0000","0.0000","0.0000","0.0000","0.0000","0.0000"
"15577.0","15:13:25.512","2221978.0000","1.4173","60558.0000","-0.0500","-0.0050","-1.0000","0.0000","0.0000","0.0000","0.0000","0.0000"
"15578.0","15:13:25.513","2221654.0000","1.3820","60558.0000","-0.0500","-0.0050","-1.0000","0.0000","0.0000","0.0000","0.0000","0.0000"
"15579.0","15:13:25.514","2221588.0000","1.3748","60558.0000","-0.0500","-0.0050","-1.0000","0.0000","0.0000","0.0000","0.0000","0.0000"
"15580.0","15:13:25.515","2222300.0000","1.4524","60558.0000","-0.0500","-0.0050","-1.0000","0.0000","0.0000","0.0000","0.0000","0.0000"
"15581.0","15:13:25.516","2221341.0000","1.3478","60558.0000","-0.0500","-0.0050","-1.0000","0.0000","0.0000","0.0000","0.0000","0.0000"
"15582.0","15:13:25.517","2221892.0000","1.4079","60558.0000","-0.0500","-0.0050","-1.0000","0.0000","0.0000","0.0000","0.0000","0.0000"
"15583.0","15:13:25.518","2221974.0000","1.4168","60558.0000","-0.0500","-0.0050","-1.0000","0.0000","0.0000","0.0000","0.0000","0.0000"
"15584.0","15:13:25.519","2222435.0000","1.4671","60558.0000","-0.0500","-0.0050","-1.0000","0.0000","0.0000","0.0000","0.0000","0.0000"
"15585.0","15:13:25.520","2222360.0000","1.4589","60558.0000","-0.0500","-0.0050","-1.0000","0.0000","0.0000","0.0000","0.0000","0.0000"
"15586.0","15:13:25.521","2222218.0000","1.4434","60558.0000","-0.0500","-0.0050","-1.0000","0.0000","0.0000","0.0000","0.0000","0.0000"
"15587.0","15:13:25.522","2221629.0000","1.3792","60558.0000","-0.0500","-0.0050","-1.0000","0.0000","0.0000","0.0000","0.0000","0.0000"
"15588.0","15:13:25.523","2220663.0000","1.2739","60558.0000","-0.0500","-0.0050","-1.0000","0.0000","0.0000","0.0000","0.0000","0.0000"
"15589.0","15:13:25.524","2221866.0000","1.4051","60558.0000","-0.0500","-0.0050","-1.0000","0.0000","0.0000","0.0000","0.0000","0.0000"
"15590.0","15:13:25.525","2222330.0000","1.4556","60558.0000","-0.0500","-0.0050","-1.0000","0.0000","0.0000","0.0000","0.0000","0.0000"
"15591.0","15:13:25.526","2221602.0000","1.3763","60558.0000","-0.0500","-0.0050","-1.0000","0.0000","0.0000","0.0000","0.0000","0.0000"
"15592.0","15:13:25.527","2221471.0000","1.3620","60558.0000","-0.0500","-0.0050","-1.0000","0.0000","0.0000","0.0000","0.0000","0.0000"
"15593.0","15:13:25.528","2222158.0000","1.4369","60558.0000","-0.0500","-0.0050","-1.0000","0.0000","0.0000","0.0000","0.0000","0.0000"
"15594.0","15:13:25.529","2221694.0000","1.3863","60558.0000","-0.0500","-0.0050","-1.0000","0.0000","0.0000","0.0000","0.0000","0.0000"
"15595.0","15:13:25.530","2222015.0000","1.4213","60558.0000","-0.0500","-0.0050","-1.0000","0.0000","0.0000","0.0000","0.0000","0.0000"
"15596.0","15:13:25.531","2221963.0000","1.4156","60558.0000","-0.0500","-0.0050","-1.0000","0.0000","0.0000","0.0000","0.0000","0.0000"
"15597.0","15:13:25.532","2221964.0000","1.4158","60558.0000","-0.0500","-0.0050","-1.0000","0.0000","0.0000","0.0000","0.0000","0.0000"
"15598.0","15:13:25.533","2221458.0000","1.3606","60558.0000","-0.0500","-0.0050","-1.0000","0.0000","0.0000","0.0000","0.0000","0.0000"
"15599.0","15:13:25.534","2221111.0000","1.3228","60558.0000","-0.0500","-0.0050","-1.0000","0.0000","0.0000","0.0000","0.0000","0.0000"
"15600.0","15:13:25.535","2222361.0000","1.4590","60558.0000","-0.0500","-0.0050","-1.0000","0.0000","0.0000","0.0000","0.0000","0.0000"
"15601.0","15:13:25.536","2220991.0000","1.3097","60558.0000","-0.0500","-0.0050","-1.0000","0.0000","0.0000","0.0000","0.0000","0.0000"
"15602.0","15:13:25.537","2222144.0000","1.4354","60558.0000","-0.0500","-0.0050","-1.0000","0.0000","0.0000","0.0000","0.0000","0.0000"
"15603.0","15:13:25.538","2221813.0000","1.3993","60558.0000","-0.0500","-0.0050","-1.0000","0.0000","0.0000","0.0000","0.0000","0.0000"
"15604.0","15:13:25.539","2221993.0000","1.4189","60558.0000","-0.0500","-0.0050","-1.0000","0.0000","0.0000","0.0000","0.0000","0.0000"
"15605.0","15:13:25.540","2222787.0000","1.5055","60558.0000","-0.0500","-0.0050","-1.0000","0.0000","0.0000","0.0000","0.0000","0.0000"
"15606.0","15:13:25.541","2220830.0000","1.2921","60541.0000","-0.0500","-0.0050","-1.0000","0.0000","0.0000","0.0000","0.0000","0.0000"
"15607.0","15:13:25.542","2221424.0000","1.3569","60541.0000","-0.0500","-0.0050","-1.0000","0.0000","0.0000","0.0000","0.0000","0.0000"
"15608.0","15:13:25.543","2221744.0000","1.3918","60541.0000","-0.0500","-0.0050","-1.0000","0.0000","0.0000","0.0000","0.0000","0.0000"
"15609.0","15:13:25.544","2222455.0000","1.4693","60541.0000","-0.0500","-0.0050","-1.0000","0.0000","0.0000","0.0000","0.0000","0.0000"
"15610.0","15:13:25.545","2221234.0000","1.3362","60541.0000","-0.0500","-0.0050","-1.0000","0.0000","0.0000","0.0000","0.0000","0.0000"
"15611.0","15:13:25.546","2221848.0000","1.4031","60541.0000","-0.0500","-0.0050","-1.0000","0.0000","0.0000","0.0000","0.0000","0.0000"
"15612.0","15:13:25.547","2221825.0000","1.4006","60541.0000","-0.0500","-0.0050","-1.0000","0.0000","0.0000","0.0000","0.0000","0.0000"
"15613.0","15:13:25.548","2221825.0000","1.4006","60541.0000","-0.0500","-0.0050","-1.0000","0.0000","0.0000","0.0000","0.0000","0.0000"
"15614.0","15:13:25.549","2221804.0000","1.3983","60541.0000","-0.0500","-0.0050","-1.0000","0.0000","0.0000","0.0000","0.0000","0.0000"
"15615.0","15:13:25.550","2222049.0000","1.4250","60541.0000","-0.0500","-0.0050","-1.0000","0.0000","0.0000","0.0000","0.0000","0.0000"
"15616.0","15:13:25.551","2222455.0000","1.4693","60541.0000","-0.0500","-0.0050","-1.0000","0.0000","0.0000","0.0000","0.0000","0.0000"
"15617.0","15:13:25.552","2222167.0000","1.4379","60541.0000","-0.0500","-0.0050","-1.0000","0.0000","0.0000","0.0000","0.0000","0.0000"
"15618.0","15:13:25.553","2221622.0000","1.3785","60541.0000","-0.0500","-0.0050","-1.0000","0.0000","0.0000","0.0000","0.0000","0.0000"
"15619.0","15:13:25.554","2221185.0000","1.3308","60541.0000","-0.0500","-0.0050","-1.0000","0.0000","0.0000","0.0000","0.0000","0.0000"
"15620.0","15:13:25.555","2221049.0000","1.3160","60541.0000","-0.0500","-0.0050","-1.0000","0.0000","0.0000","0.0000","0.0000","0.0000"
"15621.0","15:13:25.556","2221736.0000","1.3909","60541.0000","-0.0500","-0.0050","-1.0000","0.0000","0.0000","0.0000","0.0000","0.0000"
"15622.0","15:13:25.557","2220920.0000","1.3019","60541.0000","-0.0500","-0.0050","-1.0000","0.0000","0.0000","0.0000","0.0000","0.0000"
"15623.0","15:13:25.558","2221989.0000","1.4185","60541.0000","-0.0500","-0.0050","-1.0000","0.0000","0.0000","0.0000","0.0000","0.0000"
"15624.0","15:13:25.559","2221045.0000","1.3156","60541.0000","-0.0500","-0.0050","-1.0000","0.0000","0.0000","0.0000","0.0000","0.0000"
"15625.0","15:13:25.560","2221905.0000","1.4093","60541.0000","-0.0500","-0.0050","-1.0000","0.0000","0.0000","0.0000","0.0000","0.0000"
"15626.0","15:13:25.561","2222061.0000","1.4263","60541.0000","-0.0500","-0.0050","-1.0000","0.0000","0.0000","0.0000","0.0000","0.0000"
"15627.0","15:13:25.562","2221692.0000","1.3861","60541.0000","-0.0500","-0.0050","-1.0000","0.0000","0.0000","0.0000","0.0000","0.0000"
"15628.0","15:13:25.563","2221887.0000","1.4074","60541.0000","-0.0500","-0.0050","-1.0000","0.0000","0.0000","0.0000","0.0000","0.0000"
"15629.0","15:13:25.564","2221093.0000","1.3208","60541.0000","-0.0500","-0.0050","-1.0000","0.0000","0.0000","0.0000","0.0000","0.0000"
"15630.0","15:13:25.565","2221776.0000","1.3952","60541.0000","-0.0500","-0.0050","-1.0000","0.0000","0.0000","0.0000","0.0000","0.0000"
"15631.0","15:13:25.566","2221767.0000","1.3943","60541.0000","-0.0500","-0.0050","-1.0000","0.0000","0.0000","0.0000","0.0000","0.0000"
"15632.0","15:13:25.567","2220444.0000","1.2500","60541.0000","-0.0500","-0.0050","-1.0000","0.0000","0.0000","0.0000","0.0000","0.0000"
"15633.0","15:13:25.568","2221400.0000","1.3542","60541.0000","-0.0500","-0.0050","-1.0000","0.0000","0.0000","0.0000","0.0000","0.0000"
"15634.0","15:13:25.569","2221473.0000","1.3622","60541.0000","-0.0500","-0.0050","-1.0000","0.0000","0.0000","0.0000","0.0000","0.0000"
"15635.0","15:13:25.570","2220870.0000","1.2965","60541.0000","-0.0500","-0.0050","-1.0000","0.0000","0.0000","0.0000","0.0000","0.0000"
"15636.0","15:13:25.571","2220424.0000","1.2479","60541.0000","-0.0500","-0.0050","-1.0000","0.0000","0.0000","0.0000","0.0000","0.0000"
"15637.0","15:13:25.572","2221036.0000","1.3146","60541.0000","-0.0500","-0.0050","-1.0000","0.0000","0.0000","0.0000","0.0000","0.0000"
"15638.0","15:13:25.573","2221192.0000","1.3316","60541.0000","-0.0500","-0.0050","-1.0000","0.0000","0.0000","0.0000","0.0000","0.0000"
"15639.0","15:13:25.574","2220929.0000","1.3029","60541.0000","-0.0500","-0.0050","-1.0000","0.0000","0.0000","0.0000","0.0000","0.0000"
"15640.0","15:13:25.575","2220880.0000","1.2976","60541.0000","-0.0500","-0.0050","-1.0000","0.0000","0.0000","0.0000","0.0000","0.0000"
"15641.0","15:13:25.576","2221298.0000","1.3432","60541.0000","-0.0500","-0.0050","-1.0000","0.0000","0.0000","0.0000","0.0000","0.0000"
"15642.0","15:13:25.577","2221274.0000","1.3405","60541.0000","-0.0500","-0.0050","-1.0000","0.0000","0.0000","0.0000","0.0000","0.0000"
"15643.0","15:13:25.578","2220537.0000","1.2602","60541.0000","-0.0500","-0.0050","-1.0000","0.0000","0.0000","0.0000","0.0000","0.0000"
"15644.0","15:13:25.579","2221162.0000","1.3283","60541.0000","-0.0500","-0.0050","-1.0000","0.0000","0.0000","0.0000","0.0000","0.0000"
"15645.0","15:13:25.580","2221365.0000","1.3504","60541.0000","-0.0500","-0.0050","-1.0000","0.0000","0.0000","0.0000","0.0000","0.0000"
"15646.0","15:13:25.581","2222174.0000","1.4386","60541.0000","-0.0500","-0.0050","-1.0000","0.0000","0.0000","0.0000","0.0000","0.0000"
"15647.0","15:13:25.582","2221586.0000","1.3745","60541.0000","-0.0500","-0.0050","-1.0000","0.0000","0.0000","0.0000","0.0000","0.0000"
"15648.0","15:13:25.583","2221567.0000","1.3725","60541.0000","-0.0500","-0.0050","-1.0000","0.0000","0.0000","0.0000","0.0000","0.0000"
"15649.0","15:13:25.584","2221524.0000","1.3678","60541.0000","-0.0500","-0.0050","-1.0000","0.0000","0.0000","0.0000","0.0000","0.0000"
"15650.0","15:13:25.585","2222150.0000","1.4360","60541.0000","-0.0500","-0.0050","-1.0000","0.0000","0.0000","0.0000","0.0000","0.0000"
"15651.0","15:13:25.586","2221553.0000","1.3709","60541.0000","-0.0500","-0.0050","-1.0000","0.0000","0.0000","0.0000","0.0000","0.0000"
"15652.0","15:13:25.587","2221551.0000","1.3707","60541.0000","-0.0500","-0.0050","-1.0000","0.0000","0.0000","0.0000","0.0000","0.0000"
"15653.0","15:13:25.588","2220986.0000","1.3091","60541.0000","-0.0500","-0.0050","-1.0000","0.0000","0.0000","0.0000","0.0000","0.0000"
"15654.0","15:13:25.589","2220904.0000","1.3002","60541.0000","-0.0500","-0.0050","-1.0000","0.0000","0.0000","0.0000","0.0000","0.0000"
"15655.0","15:13:25.590","2220560.0000","1.2627","60541.0000","-0.0500","-0.0050","-1.0000","0.0000","0.0000","0.0000","0.0000","0.0000"
"15656.0","15:13:25.591","2219764.0000","1.1759","60541.0000","-0.0500","-0.0050","-1.0000","0.0000","0.0000","0.0000","0.0000","0.0000"
"15657.0","15:13:25.592","2220082.0000","1.2106","60541.0000","-0.0500","-0.0050","-1.0000","0.0000","0.0000","0.0000","0.0000","0.0000"
"15658.0","15:13:25.593","2219950.0000","1.1962","60541.0000","-0.0500","-0.0050","-1.0000","0.0000","0.0000","0.0000","0.0000","0.0000"
"15659.0","15:13:25.594","2221508.0000","1.3660","60541.0000","-0.0500","-0.0050","-1.0000","0.0000","0.0000","0.0000","0.0000","0.0000"
"15660.0","15:13:25.595","2221508.0000","1.3660","60541.0000","-0.0500","-0.0050","-1.0000","0.0000","0.0000","0.0000","0.0000","0.0000"
"15661.0","15:13:25.596","2221760.0000","1.3935","60541.0000","-0.0500","-0.0050","-1.0000","0.0000","0.0000","0.0000","0.0000","0.0000"
"15662.0","15:13:25.597","2221842.0000","1.4024","60541.0000","-0.0500","-0.0050","-1.0000","0.0000","0.0000","0.0000","0.0000","0.0000"
"15663.0","15:13:25.598","2222490.0000","1.4731","60541.0000","-0.0500","-0.0050","-1.0000","0.0000","0.0000","0.0000","0.0000","0.0000"
"15664.0","15:13:25.599","2223465.0000","1.5794","60541.0000","-0.0500","-0.0050","-1.0000","0.0000","0.0000","0.0000","0.0000","0.0000"
"15665.0","15:13:25.600","2223574.0000","1.5913","60541.0000","-0.0500","-0.0050","-1.0000","0.0000","0.0000","0.0000","0.0000","0.0000"
"15666.0","15:13:25.601","2223671.0000","1.6019","60545.0000","-0.0500","-0.0050","-1.0000","0.0000","0.0000","0.0000","0.0000","0.0000"
"15667.0","15:13:25.602","2223527.0000","1.5861","60545.0000","-0.0500","-0.0050","-1.0000","0.0000","0.0000","0.0000","0.0000","0.0000"
"15668.0","15:13:25.603","2222393.0000","1.4625","60545.0000","-0.0500","-0.0050","-1.0000","0.0000","0.0000","0.0000","0.0000","0.0000"
"15669.0","15:13:25.604","2221065.0000","1.3177","60545.0000","-0.0500","-0.0050","-1.0000","0.0000","0.0000","0.0000","0.0000","0.0000"
"15670.0","15:13:25.605","2220861.0000","1.2955","60545.0000","-0.0500","-0.0050","-1.0000","0.0000","0.0000","0.0000","0.0000","0.0000"
"15671.0","15:13:25.606","2221715.0000","1.3886","60545.0000","-0.0500","-0.0050","-1.0000","0.0000","0.0000","0.0000","0.0000","0.0000"
"15672.0","15:13:25.607","2221591.0000","1.3751","60545.0000","-0.0500","-0.0050","-1.0000","0.0000","0.0000","0.0000","0.0000","0.0000"
"15673.0","15:13:25.608","2220947.0000","1.3049","60545.0000","-0.0500","-0.0050","-1.0000","0.0000","0.0000","0.0000","0.0000","0.0000"
"15674.0","15:13:25.609","2221015.0000","1.3123","60545.0000","-0.0500","-0.0050","-1.0000","0.0000","0.0000","0.0000","0.0000","0.0000"
"15675.0","15:13:25.610","2220424.0000","1.2479","60545.0000","-0.0500","-0.0050","-1.0000","0.0000","0.0000","0.0000","0.0000","0.0000"
"15676.0","15:13:25.611","2220647.0000","1.2722","60545.0000","-0.0500","-0.0050","-1.0000","0.0000","0.0000","0.0000","0.0000","0.0000"
"15677.0","15:13:25.612","2221699.0000","1.3869","60545.0000","-0.0500","-0.0050","-1.0000","0.0000","0.0000","0.0000","0.0000","0.0000"
"15678.0","15:13:25.613","2222132.0000","1.4340","60545.0000","-0.0500","-0.0050","-1.0000","0.0000","0.0000","0.0000","0.0000","0.0000"
"15679.0","15:13:25.614","2223690.0000","1.6039","60545.0000","-0.0500","-0.0050","-1.0000","0.0000","0.0000","0.0000","0.0000","0.0000"
"15680.0","15:13:25.615","2222955.0000","1.5238","60545.0000","-0.0500","-0.0050","-1.0000","0.0000","0.0000","0.0000","0.0000","0.0000"
"15681.0","15:13:25.616","2222427.0000","1.4662","60545.0000","-0.0500","-0.0050","-1.0000","0.0000","0.0000","0.0000","0.0000","0.0000"
"15682.0","15:13:25.617","2222330.0000","1.4556","60545.0000","-0.0500","-0.0050","-1.0000","0.0000","0.0000","0.0000","0.0000","0.0000"
"15683.0","15:13:25.618","2222464.0000","1.4703","60545.0000","-0.0500","-0.0050","-1.0000","0.0000","0.0000","0.0000","0.0000","0.0000"
"15684.0","15:13:25.619","2223353.0000","1.5672","60545.0000","-0.0500","-0.0050","-1.0000","0.0000","0.0000","0.0000","0.0000","0.0000"
"15685.0","15:13:25.620","2222312.0000","1.4537","60545.0000","-0.0500","-0.0050","-1.0000","0.0000","0.0000","0.0000","0.0000","0.0000"
"15686.0","15:13:25.621","2221483.0000","1.3633","60545.0000","-0.0500","-0.0050","-1.0000","0.0000","0.0000","0.0000","0.0000","0.0000"
"15687.0","15:13:25.622","2221551.0000","1.3707","60545.0000","-0.0500","-0.0050","-1.0000","0.0000","0.0000","0.0000","0.0000","0.0000"
"15688.0","15:13:25.623","2221599.0000","1.3760","60545.0000","-0.0500","-0.0050","-1.0000","0.0000","0.0000","0.0000","0.0000","0.0000"
"15689.0","15:13:25.624","2219991.0000","1.2006","60545.0000","-0.0500","-0.0050","-1.0000","0.0000","0.0000","0.0000","0.0000","0.0000"
"15690.0","15:13:25.625","2219080.0000","1.1014","60545.0000","-0.0500","-0.0050","-1.0000","0.0000","0.0000","0.0000","0.0000","0.0000"
"15691.0","15:13:25.626","2220039.0000","1.2059","60545.0000","-0.0500","-0.0050","-1.0000","0.0000","0.0000","0.0000","0.0000","0.0000"
"15692.0","15:13:25.627","2219978.0000","1.1993","60545.0000","-0.0500","-0.0050","-1.0000","0.0000","0.0000","0.0000","0.0000","0.0000"
"15693.0","15:13:25.628","2220240.0000","1.2278","60545.0000","-0.0500","-0.0050","-1.0000","0.0000","0.0000","0.0000","0.0000","0.0000"
"15694.0","15:13:25.629","2220455.0000","1.2513","60545.0000","-0.0500","-0.0050","-1.0000","0.0000","0.0000","0.0000","0.0000","0.0000"
"15695.0","15:13:25.630","2221410.0000","1.3554","60545.0000","-0.0500","-0.0050","-1.0000","0.0000","0.0000","0.0000","0.0000","0.0000"
"15696.0","15:13:25.631","2221239.0000","1.3367","60545.0000","-0.0500","-0.0050","-1.0000","0.0000","0.0000","0.0000","0.0000","0.0000"
"15697.0","15:13:25.632","2222550.0000","1.4796","60545.0000","-0.0500","-0.0050","-1.0000","0.0000","0.0000","0.0000","0.0000","0.0000"
"15698.0","15:13:25.633","2222942.0000","1.5224","60545.0000","-0.0500","-0.0050","-1.0000","0.0000","0.0000","0.0000","0.0000","0.0000"
"15699.0","15:13:25.634","2222988.0000","1.5274","60545.0000","-0.0500","-0.0050","-1.0000","0.0000","0.0000","0.0000","0.0000","0.0000"
"15700.0","15:13:25.635","2223139.0000","1.5438","60545.0000","-0.0500","-0.0050","-1.0000","0.0000","0.0000","0.0000","0.0000","0.0000"
"15701.0","15:13:25.636","2223002.0000","1.5289","60545.0000","-0.0500","-0.0050","-1.0000","0.0000","0.0000","0.0000","0.0000","0.0000"
"15702.0","15:13:25.637","2222453.0000","1.4690","60545.0000","-0.0500","-0.0050","-1.0000","0.0000","0.0000","0.0000","0.0000","0.0000"
"15703.0","15:13:25.638","2222606.0000","1.4857","60545.0000","-0.0500","-0.0050","-1.0000","0.0000","0.0000","0.0000","0.0000","0.0000"
"15704.0","15:13:25.639","2222643.0000","1.4898","60545.0000","-0.0500","-0.0050","-1.0000","0.0000","0.0000","0.0000","0.0000","0.0000"
"15705.0","15:13:25.640","2221911.0000","1.4100","60545.0000","-0.0500","-0.0050","-1.0000","0.0000","0.0000","0.0000","0.0000","0.0000"
"15706.0","15:13:25.641","2221747.0000","1.3921","60545.0000","-0.0500","-0.0050","-1.0000","0.0000","0.0000","0.0000","0.0000","0.0000"
"15707.0","15:13:25.642","2221747.0000","1.3921","60545.0000","-0.0500","-0.0050","-1.0000","0.0000","0.0000","0.0000","0.0000","0.0000"
"15708.0","15:13:25.643","2221048.0000","1.3159","60545.0000","-0.0500","-0.0050","-1.0000","0.0000","0.0000","0.0000","0.0000","0.0000"
"15709.0","15:13:25.644","2220993.0000","1.3099","60545.0000","-0.0500","-0.0050","-1.0000","0.0000","0.0000","0.0000","0.0000","0.0000"
"15710.0","15:13:25.645","2221447.0000","1.3594","60545.0000","-0.0500","-0.0050","-1.0000","0.0000","0.0000","0.0000","0.0000","0.0000"
"15711.0","15:13:25.646","2221637.0000","1.3801","60545.0000","-0.0500","-0.0050","-1.0000","0.0000","0.0000","0.0000","0.0000","0.0000"
"15712.0","15:13:25.647","2221243.0000","1.3371","60545.0000","-0.0500","-0.0050","-1.0000","0.0000","0.0000","0.0000","0.0000","0.0000"
"15713.0","15:13:25.648","2221940.0000","1.4131","60545.0000","-0.0500","-0.0050","-1.0000","0.0000","0.0000","0.0000","0.0000","0.0000"
"15714.0","15:13:25.649","2221893.0000","1.4080","60545.0000","-0.0500","-0.0050","-1.0000","0.0000","0.0000","0.0000","0.0000","0.0000"
"15715.0","15:13:25.650","2223001.0000","1.5288","60545.0000","-0.0500","-0.0050","-1.0000","0.0000","0.0000","0.0000","0.0000","0.0000"
"15716.0","15:13:25.651","2223035.0000","1.5325","60545.0000","-0.0500","-0.0050","-1.0000","0.0000","0.0000","0.0000","0.0000","0.0000"
"15717.0","15:13:25.652","2222705.0000","1.4965","60545.0000","-0.0500","-0.0050","-1.0000","0.0000","0.0000","0.0000","0.0000","0.0000"
"15718.0","15:13:25.653","2222827.0000","1.5098","60545.0000","-0.0500","-0.0050","-1.0000","0.0000","0.0000","0.0000","0.0000","0.0000"
"15719.0","15:13:25.654","2222830.0000","1.5102","60545.0000","-0.0500","-0.0050","-1.0000","0.0000","0.0000","0.0000","0.0000","0.0000"
"15720.0","15:13:25.655","2222212.0000","1.4428","60545.0000","-0.0500","-0.0050","-1.0000","0.0000","0.0000","0.0000","0.0000","0.0000"
"15721.0","15:13:25.656","2222386.0000","1.4618","60545.0000","-0.0500","-0.0050","-1.0000","0.0000","0.0000","0.0000","0.0000","0.0000"
"15722.0","15:13:25.657","2222517.0000","1.4760","60545.0000","-0.0500","-0.0050","-1.0000","0.0000","0.0000","0.0000","0.0000","0.0000"
"15723.0","15:13:25.658","2222216.0000","1.4432","60545.0000","-0.0500","-0.0050","-1.0000","0.0000","0.0000","0.0000","0.0000","0.0000"
"15724.0","15:13:25.659","2222027.0000","1.4226","60545.0000","-0.0500","-0.0050","-1.0000","0.0000","0.0000","0.0000","0.0000","0.0000"
"15725.0","15:13:25.660","2221218.0000","1.3344","60545.0000","-0.0500","-0.0050","-1.0000","0.0000","0.0000","0.0000","0.0000","0.0000"
"15726.0","15:13:25.661","2222690.0000","1.4949","60545.0000","-0.0500","-0.0050","-1.0000","0.0000","0.0000","0.0000","0.0000","0.0000"
"15727.0","15:13:25.662","2222324.0000","1.4550","60549.0000","-0.0500","-0.0050","-1.0000","0.0000","0.0000","0.0000","0.0000","0.0000"
"15728.0","15:13:25.663","2222223.0000","1.4440","60549.0000","-0.0500","-0.0050","-1.0000","0.0000","0.0000","0.0000","0.0000","0.0000"
"15729.0","15:13:25.664","2222255.0000","1.4475","60549.0000","-0.0500","-0.0050","-1.0000","0.0000","0.0000","0.0000","0.0000","0.0000"
"15730.0","15:13:25.665","2221744.0000","1.3918","60549.0000","-0.0500","-0.0050","-1.0000","0.0000","0.0000","0.0000","0.0000","0.0000"
"15731.0","15:13:25.666","2222934.0000","1.5215","60549.0000","-0.0500","-0.0050","-1.0000","0.0000","0.0000","0.0000","0.0000","0.0000"
"15732.0","15:13:25.667","2223794.0000","1.6153","60549.0000","-0.0500","-0.0050","-1.0000","0.0000","0.0000","0.0000","0.0000","0.0000"
"15733.0","15:13:25.668","2223681.0000","1.6029","60549.0000","-0.0500","-0.0050","-1.0000","0.0000","0.0000","0.0000","0.0000","0.0000"
"15734.0","15:13:25.669","2224010.0000","1.6388","60549.0000","-0.0500","-0.0050","-1.0000","0.0000","0.0000","0.0000","0.0000","0.0000"
"15735.0","15:13:25.670","2224488.0000","1.6909","60549.0000","-0.0500","-0.0050","-1.0000","0.0000","0.0000","0.0000","0.0000","0.0000"
"15736.0","15:13:25.671","2223628.0000","1.5972","60549.0000","-0.0500","-0.0050","-1.0000","0.0000","0.0000","0.0000","0.0000","0.0000"
"15737.0","15:13:25.672","2224119.0000","1.6507","60549.0000","-0.0500","-0.0050","-1.0000","0.0000","0.0000","0.0000","0.0000","0.0000"
"15738.0","15:13:25.673","2224667.0000","1.7104","60549.0000","-0.0500","-0.0050","-1.0000","0.0000","0.0000","0.0000","0.0000","0.0000"
"15739.0","15:13:25.674","2222628.0000","1.4881","60549.0000","-0.0500","-0.0050","-1.0000","0.0000","0.0000","0.0000","0.0000","0.0000"
"15740.0","15:13:25.675","2223853.0000","1.6217","60549.0000","-0.0500","-0.0050","-1.0000","0.0000","0.0000","0.0000","0.0000","0.0000"
"15741.0","15:13:25.676","2223467.0000","1.5796","60549.0000","-0.0500","-0.0050","-1.0000","0.0000","0.0000","0.0000","0.0000","0.0000"
"15742.0","15:13:25.677","2222770.0000","1.5036","60549.0000","-0.0500","-0.0050","-1.0000","0.0000","0.0000","0.0000","0.0000","0.0000"
"15743.0","15:13:25.678","2222769.0000","1.5035","60549.0000","-0.0500","-0.0050","-1.0000","0.0000","0.0000","0.0000","0.0000","0.0000"
"15744.0","15:13:25.679","2224317.0000","1.6723","60549.0000","-0.0500","-0.0050","-1.0000","0.0000","0.0000","0.0000","0.0000","0.0000"
"15745.0","15:13:25.680","2223685.0000","1.6034","60549.0000","-0.0500","-0.0050","-1.0000","0.0000","0.0000","0.0000","0.0000","0.0000"
"15746.0","15:13:25.681","2222856.0000","1.5130","60549.0000","-0.0500","-0.0050","-1.0000","0.0000","0.0000","0.0000","0.0000","0.0000"
"15747.0","15:13:25.682","2224065.0000","1.6448","60549.0000","-0.0500","-0.0050","-1.0000","0.0000","0.0000","0.0000","0.0000","0.0000"
"15748.0","15:13:25.683","2223879.0000","1.6245","60549.0000","-0.0500","-0.0050","-1.0000","0.0000","0.0000","0.0000","0.0000","0.0000"
"15749.0","15:13:25.684","2223889.0000","1.6256","60549.0000","-0.0500","-0.0050","-1.0000","0.0000","0.0000","0.0000","0.0000","0.0000"
"15750.0","15:13:25.685","2223225.0000","1.5532","60549.0000","-0.0500","-0.0050","-1.0000","0.0000","0.0000","0.0000","0.0000","0.0000"
"15751.0","15:13:25.686","2223718.0000","1.6070","60549.0000","-0.0500","-0.0050","-1.0000","0.0000","0.0000","0.0000","0.0000","0.0000"
"15752.0","15:13:25.687","2223490.0000","1.5821","60549.0000","-0.0500","-0.0050","-1.0000","0.0000","0.0000","0.0000","0.0000","0.0000"
"15753.0","15:13:25.688","2223841.0000","1.6204","60549.0000","-0.0500","-0.0050","-1.0000","0.0000","0.0000","0.0000","0.0000","0.0000"
"15754.0","15:13:25.689","2223841.0000","1.6204","60549.0000","-0.0500","-0.0050","-1.0000","0.0000","0.0000","0.0000","0.0000","0.0000"
"15755.0","15:13:25.690","2223839.0000","1.6201","60549.0000","-0.0500","-0.0050","-1.0000","0.0000","0.0000","0.0000","0.0000","0.0000"
"15756.0","15:13:25.691","2222954.0000","1.5237","60549.0000","-0.0500","-0.0050","-1.0000","0.0000","0.0000","0.0000","0.0000","0.0000"
"15757.0","15:13:25.692","2224080.0000","1.6464","60549.0000","-0.0500","-0.0050","-1.0000","0.0000","0.0000","0.0000","0.0000","0.0000"
"15758.0","15:13:25.693","2223388.0000","1.5710","60549.0000","-0.0500","-0.0050","-1.0000","0.0000","0.0000","0.0000","0.0000","0.0000"
"15759.0","15:13:25.694","2222883.0000","1.5159","60549.0000","-0.0500","-0.0050","-1.0000","0.0000","0.0000","0.0000","0.0000","0.0000"
"15760.0","15:13:25.695","2222944.0000","1.5226","60549.0000","-0.0500","-0.0050","-1.0000","0.0000","0.0000","0.0000","0.0000","0.0000"
"15761.0","15:13:25.696","2223676.0000","1.6024","60549.0000","-0.0500","-0.0050","-1.0000","0.0000","0.0000","0.0000","0.0000","0.0000"
"15762.0","15:13:25.697","2222750.0000","1.5015","60549.0000","-0.0500","-0.0050","-1.0000","0.0000","0.0000","0.0000","0.0000","0.0000"
"15763.0","15:13:25.698","2222330.0000","1.4556","60549.0000","-0.0500","-0.0050","-1.0000","0.0000","0.0000","0.0000","0.0000","0.0000"
"15764.0","15:13:25.699","2222236.0000","1.4454","60549.0000","-0.0500","-0.0050","-1.0000","0.0000","0.0000","0.0000","0.0000","0.0000"
"15765.0","15:13:25.700","2222553.0000","1.4800","60549.0000","-0.0500","-0.0050","-1.0000","0.0000","0.0000","0.0000","0.0000","0.0000"
"15766.0","15:13:25.701","2222560.0000","1.4807","60549.0000","-0.0500","-0.0050","-1.0000","0.0000","0.0000","0.0000","0.0000","0.0000"
"15767.0","15:13:25.702","2222433.0000","1.4669","60549.0000","-0.0500","-0.0050","-1.0000","0.0000","0.0000","0.0000","0.0000","0.0000"
"15768.0","15:13:25.703","2222224.0000","1.4441","60549.0000","-0.0500","-0.0050","-1.0000","0.0000","0.0000","0.0000","0.0000","0.0000"
"15769.0","15:13:25.704","2221896.0000","1.4083","60549.0000","-0.0500","-0.0050","-1.0000","0.0000","0.0000","0.0000","0.0000","0.0000"
"15770.0","15:13:25.705","2222489.0000","1.4730","60549.0000","-0.0500","-0.0050","-1.0000","0.0000","0.0000","0.0000","0.0000","0.0000"
"15771.0","15:13:25.706","2222034.0000","1.4234","60549.0000","-0.0500","-0.0050","-1.0000","0.0000","0.0000","0.0000","0.0000","0.0000"
"15772.0","15:13:25.707","2221639.0000","1.3803","60549.0000","-0.0500","-0.0050","-1.0000","0.0000","0.0000","0.0000","0.0000","0.0000"
"15773.0","15:13:25.708","2221880.0000","1.4066","60549.0000","-0.0500","-0.0050","-1.0000","0.0000","0.0000","0.0000","0.0000","0.0000"
"15774.0","15:13:25.709","2221699.0000","1.3869","60549.0000","-0.0500","-0.0050","-1.0000","0.0000","0.0000","0.0000","0.0000","0.0000"
"15775.0","15:13:25.710","2221987.0000","1.4183","60549.0000","-0.0500","-0.0050","-1.0000","0.0000","0.0000","0.0000","0.0000","0.0000"
"15776.0","15:13:25.711","2222338.0000","1.4565","60549.0000","-0.0500","-0.0050","-1.0000","0.0000","0.0000","0.0000","0.0000","0.0000"
"15777.0","15:13:25.712","2221548.0000","1.3704","60549.0000","-0.0500","-0.0050","-1.0000","0.0000","0.0000","0.0000","0.0000","0.0000"
"15778.0","15:13:25.713","2221129.0000","1.3247","60549.0000","-0.0500","-0.0050","-1.0000","0.0000","0.0000","0.0000","0.0000","0.0000"
"15779.0","15:13:25.714","2221927.0000","1.4117","60549.0000","-0.0500","-0.0050","-1.0000","0.0000","0.0000","0.0000","0.0000","0.0000"
"15780.0","15:13:25.715","2222255.0000","1.4475","60549.0000","-0.0500","-0.0050","-1.0000","0.0000","0.0000","0.0000","0.0000","0.0000"
"15781.0","15:13:25.716","2221803.0000","1.3982","60549.0000","-0.0500","-0.0050","-1.0000","0.0000","0.0000","0.0000","0.0000","0.0000"
"15782.0","15:13:25.717","2221841.0000","1.4023","60549.0000","-0.0500","-0.0050","-1.0000","0.0000","0.0000","0.0000","0.0000","0.0000"
"15783.0","15:13:25.718","2221456.0000","1.3604","60549.0000","-0.0500","-0.0050","-1.0000","0.0000","0.0000","0.0000","0.0000","0.0000"
"15784.0","15:13:25.719","2221582.0000","1.3741","60549.0000","-0.0500","-0.0050","-1.0000","0.0000","0.0000","0.0000","0.0000","0.0000"
"15785.0","15:13:25.720","2222202.0000","1.4417","60549.0000","-0.0500","-0.0050","-1.0000","0.0000","0.0000","0.0000","0.0000","0.0000"
"15786.0","15:13:25.721","2221247.0000","1.3376","60549.0000","-0.0500","-0.0050","-1.0000","0.0000","0.0000","0.0000","0.0000","0.0000"
"15787.0","15:13:25.722","2221598.0000","1.3758","60543.0000","-0.0500","-0.0050","-1.0000","0.0000","0.0000","0.0000","0.0000","0.0000"
"15788.0","15:13:25.723","2222303.0000","1.4527","60543.0000","-0.0500","-0.0050","-1.0000","0.0000","0.0000","0.0000","0.0000","0.0000"
"15789.0","15:13:25.724","2222508.0000","1.4750","60543.0000","-0.0500","-0.0050","-1.0000","0.0000","0.0000","0.0000","0.0000","0.0000"
"15790.0","15:13:25.725","2223767.0000","1.6123","60543.0000","-0.0500","-0.0050","-1.0000","0.0000","0.0000","0.0000","0.0000","0.0000"
"15791.0","15:13:25.726","2223814.0000","1.6174","60543.0000","-0.0500","-0.0050","-1.0000","0.0000","0.0000","0.0000","0.0000","0.0000"
"15792.0","15:13:25.727","2223489.0000","1.5820","60543.0000","-0.0500","-0.0050","-1.0000","0.0000","0.0000","0.0000","0.0000","0.0000"
"15793.0","15:13:25.728","2224456.0000","1.6874","60543.0000","-0.0500","-0.0050","-1.0000","0.0000","0.0000","0.0000","0.0000","0.0000"
"15794.0","15:13:25.729","2223162.0000","1.5463","60543.0000","-0.0500","-0.0050","-1.0000","0.0000","0.0000","0.0000","0.0000","0.0000"
"15795.0","15:13:25.730","2222981.0000","1.5266","60543.0000","-0.0500","-0.0050","-1.0000","0.0000","0.0000","0.0000","0.0000","0.0000"
"15796.0","15:13:25.731","2223018.0000","1.5306","60543.0000","-0.0500","-0.0050","-1.0000","0.0000","0.0000","0.0000","0.0000","0.0000"
"15797.0","15:13:25.732","2223714.0000","1.6065","60543.0000","-0.0500","-0.0050","-1.0000","0.0000","0.0000","0.0000","0.0000","0.0000"
"15798.0","15:13:25.733","2223135.0000","1.5434","60543.0000","-0.0500","-0.0050","-1.0000","0.0000","0.0000","0.0000","0.0000","0.0000"
"15799.0","15:13:25.734","2223062.0000","1.5354","60543.0000","-0.0500","-0.0050","-1.0000","0.0000","0.0000","0.0000","0.0000","0.0000"
"15800.0","15:13:25.735","2222772.0000","1.5038","60543.0000","-0.0500","-0.0050","-1.0000","0.0000","0.0000","0.0000","0.0000","0.0000"
"15801.0","15:13:25.736","2222772.0000","1.5038","60543.0000","-0.0500","-0.0050","-1.0000","0.0000","0.0000","0.0000","0.0000","0.0000"
"15802.0","15:13:25.737","2223261.0000","1.5572","60543.0000","-0.0500","-0.0050","-1.0000","0.0000","0.0000","0.0000","0.0000","0.0000"
"15803.0","15:13:25.738","2222258.0000","1.4478","60543.0000","-0.0500","-0.0050","-1.0000","0.0000","0.0000","0.0000","0.0000","0.0000"
"15804.0","15:13:25.739","2222090.0000","1.4295","60543.0000","-0.0500","-0.0050","-1.0000","0.0000","0.0000","0.0000","0.0000","0.0000"
"15805.0","15:13:25.740","2222408.0000","1.4642","60543.0000","-0.0500","-0.0050","-1.0000","0.0000","0.0000","0.0000","0.0000","0.0000"
"15806.0","15:13:25.741","2222012.0000","1.4210","60543.0000","-0.0500","-0.0050","-1.0000","0.0000","0.0000","0.0000","0.0000","0.0000"
"15807.0","15:13:25.742","2221740.0000","1.3914","60543.0000","-0.0500","-0.0050","-1.0000","0.0000","0.0000","0.0000","0.0000","0.0000"
"15808.0","15:13:25.743","2221542.0000","1.3698","60543.0000","-0.0500","-0.0050","-1.0000","0.0000","0.0000","0.0000","0.0000","0.0000"
"15809.0","15:13:25.744","2222361.0000","1.4590","60543.0000","-0.0500","-0.0050","-1.0000","0.0000","0.0000","0.0000","0.0000","0.0000"
"15810.0","15:13:25.745","2222452.0000","1.4690","60543.0000","-0.0500","-0.0050","-1.0000","0.0000","0.0000","0.0000","0.0000","0.0000"
"15811.0","15:13:25.746","2222770.0000","1.5036","60543.0000","-0.0500","-0.0050","-1.0000","0.0000","0.0000","0.0000","0.0000","0.0000"
"15812.0","15:13:25.747","2222774.0000","1.5040","60543.0000","-0.0500","-0.0050","-1.0000","0.0000","0.0000","0.0000","0.0000","0.0000"
"15813.0","15:13:25.748","2222114.0000","1.4321","60543.0000","-0.0500","-0.0050","-1.0000","0.0000","0.0000","0.0000","0.0000","0.0000"
"15814.0","15:13:25.749","2222281.0000","1.4503","60543.0000","-0.0500","-0.0050","-1.0000","0.0000","0.0000","0.0000","0.0000","0.0000"
"15815.0","15:13:25.750","2221859.0000","1.4043","60543.0000","-0.0500","-0.0050","-1.0000","0.0000","0.0000","0.0000","0.0000","0.0000"
"15816.0","15:13:25.751","2222028.0000","1.4227","60543.0000","-0.0500","-0.0050","-1.0000","0.0000","0.0000","0.0000","0.0000","0.0000"
"15817.0","15:13:25.752","2222513.0000","1.4756","60543.0000","-0.0500","-0.0050","-1.0000","0.0000","0.0000","0.0000","0.0000","0.0000"
"15818.0","15:13:25.753","2221846.0000","1.4029","60543.0000","-0.0500","-0.0050","-1.0000","0.0000","0.0000","0.0000","0.0000","0.0000"
"15819.0","15:13:25.754","2220977.0000","1.3082","60543.0000","-0.0500","-0.0050","-1.0000","0.0000","0.0000","0.0000","0.0000","0.0000"
"15820.0","15:13:25.755","2221598.0000","1.3758","60543.0000","-0.0500","-0.0050","-1.0000","0.0000","0.0000","0.0000","0.0000","0.0000"
"15821.0","15:13:25.756","2221186.0000","1.3309","60543.0000","-0.0500","-0.0050","-1.0000","0.0000","0.0000","0.0000","0.0000","0.0000"
"15822.0","15:13:25.757","2220844.0000","1.2936","60543.0000","-0.0500","-0.0050","-1.0000","0.0000","0.0000","0.0000","0.0000","0.0000"
"15823.0","15:13:25.758","2220755.0000","1.2839","60543.0000","-0.0500","-0.0050","-1.0000","0.0000","0.0000","0.0000","0.0000","0.0000"
"15824.0","15:13:25.759","2221774.0000","1.3950","60543.0000","-0.0500","-0.0050","-1.0000","0.0000","0.0000","0.0000","0.0000","0.0000"
"15825.0","15:13:25.760","2221981.0000","1.4176","60543.0000","-0.0500","-0.0050","-1.0000","0.0000","0.0000","0.0000","0.0000","0.0000"
"15826.0","15:13:25.761","2221942.0000","1.4133","60543.0000","-0.0500","-0.0050","-1.0000","0.0000","0.0000","0.0000","0.0000","0.0000"
"15827.0","15:13:25.762","2221726.0000","1.3898","60543.0000","-0.0500","-0.0050","-1.0000","0.0000","0.0000","0.0000","0.0000","0.0000"
"15828.0","15:13:25.763","2221304.0000","1.3438","60543.0000","-0.0500","-0.0050","-1.0000","0.0000","0.0000","0.0000","0.0000","0.0000"
"15829.0","15:13:25.764","2222252.0000","1.4471","60543.0000","-0.0500","-0.0050","-1.0000","0.0000","0.0000","0.0000","0.0000","0.0000"
"15830.0","15:13:25.765","2222159.0000","1.4370","60543.0000","-0.0500","-0.0050","-1.0000","0.0000","0.0000","0.0000","0.0000","0.0000"
"15831.0","15:13:25.766","2221221.0000","1.3348","60543.0000","-0.0500","-0.0050","-1.0000","0.0000","0.0000","0.0000","0.0000","0.0000"
"15832.0","15:13:25.767","2221388.0000","1.3530","60543.0000","-0.0500","-0.0050","-1.0000","0.0000","0.0000","0.0000","0.0000","0.0000"
"15833.0","15:13:25.768","2221824.0000","1.4005","60543.0000","-0.0500","-0.0050","-1.0000","0.0000","0.0000","0.0000","0.0000","0.0000"
"15834.0","15:13:25.769","2221502.0000","1.3654","60543.0000","-0.0500","-0.0050","-1.0000","0.0000","0.0000","0.0000","0.0000","0.0000"
"15835.0","15:13:25.770","2220323.0000","1.2369","60543.0000","-0.0500","-0.0050","-1.0000","0.0000","0.0000","0.0000","0.0000","0.0000"
"15836.0","15:13:25.771","2220669.0000","1.2746","60543.0000","-0.0500","-0.0050","-1.0000","0.0000","0.0000","0.0000","0.0000","0.0000"
"15837.0","15:13:25.772","2220631.0000","1.2704","60543.0000","-0.0500","-0.0050","-1.0000","0.0000","0.0000","0.0000","0.0000","0.0000"
"15838.0","15:13:25.773","2220788.0000","1.2875","60543.0000","-0.0500","-0.0050","-1.0000","0.0000","0.0000","0.0000","0.0000","0.0000"
"15839.0","15:13:25.774","2220963.0000","1.3066","60543.0000","-0.0500","-0.0050","-1.0000","0.0000","0.0000","0.0000","0.0000","0.0000"
"15840.0","15:13:25.775","2220628.0000","1.2701","60543.0000","-0.0500","-0.0050","-1.0000","0.0000","0.0000","0.0000","0.0000","0.0000"
"15841.0","15:13:25.776","2221063.0000","1.3175","60543.0000","-0.0500","-0.0050","-1.0000","0.0000","0.0000","0.0000","0.0000","0.0000"
"15842.0","15:13:25.777","2221226.0000","1.3353","60543.0000","-0.0500","-0.0050","-1.0000","0.0000","0.0000","0.0000","0.0000","0.0000"
"15843.0","15:13:25.778","2222013.0000","1.4211","60543.0000","-0.0500","-0.0050","-1.0000","0.0000","0.0000","0.0000","0.0000","0.0000"
"15844.0","15:13:25.779","2221968.0000","1.4162","60543.0000","-0.0500","-0.0050","-1.0000","0.0000","0.0000","0.0000","0.0000","0.0000"
"15845.0","15:13:25.780","2222156.0000","1.4367","60543.0000","-0.0500","-0.0050","-1.0000","0.0000","0.0000","0.0000","0.0000","0.0000"
"15846.0","15:13:25.781","2221656.0000","1.3822","60543.0000","-0.0500","-0.0050","-1.0000","0.0000","0.0000","0.0000","0.0000","0.0000"
"15847.0","15:13:25.782","2221656.0000","1.3822","60543.0000","-0.0500","-0.0050","-1.0000","0.0000","0.0000","0.0000","0.0000","0.0000"
"15848.0","15:13:25.783","2221514.0000","1.3667","60545.0000","-0.0500","-0.0050","-1.0000","0.0000","0.0000","0.0000","0.0000","0.0000"
"15849.0","15:13:25.784","2221370.0000","1.3510","60545.0000","-0.0500","-0.0050","-1.0000","0.0000","0.0000","0.0000","0.0000","0.0000"
"15850.0","15:13:25.785","2221603.0000","1.3764","60545.0000","-0.0500","-0.0050","-1.0000","0.0000","0.0000","0.0000","0.0000","0.0000"
"15851.0","15:13:25.786","2221449.0000","1.3596","60545.0000","-0.0500","-0.0050","-1.0000","0.0000","0.0000","0.0000","0.0000","0.0000"
"15852.0","15:13:25.787","2221650.0000","1.3815","60545.0000","-0.0500","-0.0050","-1.0000","0.0000","0.0000","0.0000","0.0000","0.0000"
"15853.0","15:13:25.788","2222080.0000","1.4284","60545.0000","-0.0500","-0.0050","-1.0000","0.0000","0.0000","0.0000","0.0000","0.0000"
"15854.0","15:13:25.789","2222194.0000","1.4408","60545.0000","-0.0500","-0.0050","-1.0000","0.0000","0.0000","0.0000","0.0000","0.0000"
"15855.0","15:13:25.790","2221714.0000","1.3885","60545.0000","-0.0500","-0.0050","-1.0000","0.0000","0.0000","0.0000","0.0000","0.0000"
"15856.0","15:13:25.791","2222291.0000","1.4514","60545.0000","-0.0500","-0.0050","-1.0000","0.0000","0.0000","0.0000","0.0000","0.0000"
"15857.0","15:13:25.792","2222361.0000","1.4590","60545.0000","-0.0500","-0.0050","-1.0000","0.0000","0.0000","0.0000","0.0000","0.0000"
"15858.0","15:13:25.793","2221947.0000","1.4139","60545.0000","-0.0500","-0.0050","-1.0000","0.0000","0.0000","0.0000","0.0000","0.0000"
"15859.0","15:13:25.794","2222152.0000","1.4362","60545.0000","-0.0500","-0.0050","-1.0000","0.0000","0.0000","0.0000","0.0000","0.0000"
"15860.0","15:13:25.795","2221706.0000","1.3876","60545.0000","-0.0500","-0.0050","-1.0000","0.0000","0.0000","0.0000","0.0000","0.0000"
"15861.0","15:13:25.796","2223173.0000","1.5475","60545.0000","-0.0500","-0.0050","-1.0000","0.0000","0.0000","0.0000","0.0000","0.0000"
"15862.0","15:13:25.797","2222166.0000","1.4378","60545.0000","-0.0500","-0.0050","-1.0000","0.0000","0.0000","0.0000","0.0000","0.0000"
"15863.0","15:13:25.798","2221724.0000","1.3896","60545.0000","-0.0500","-0.0050","-1.0000","0.0000","0.0000","0.0000","0.0000","0.0000"
"15864.0","15:13:25.799","2221574.0000","1.3732","60545.0000","-0.0500","-0.0050","-1.0000","0.0000","0.0000","0.0000","0.0000","0.0000"
"15865.0","15:13:25.800","2221783.0000","1.3960","60545.0000","-0.0500","-0.0050","-1.0000","0.0000","0.0000","0.0000","0.0000","0.0000"
"15866.0","15:13:25.801","2221138.0000","1.3257","60545.0000","-0.0500","-0.0050","-1.0000","0.0000","0.0000","0.0000","0.0000","0.0000"
"15867.0","15:13:25.802","2222382.0000","1.4613","60545.0000","-0.0500","-0.0050","-1.0000","0.0000","0.0000","0.0000","0.0000","0.0000"
"15868.0","15:13:25.803","2223322.0000","1.5638","60545.0000","-0.0500","-0.0050","-1.0000","0.0000","0.0000","0.0000","0.0000","0.0000"
"15869.0","15:13:25.804","2221700.0000","1.3870","60545.0000","-0.0500","-0.0050","-1.0000","0.0000","0.0000","0.0000","0.0000","0.0000"
"15870.0","15:13:25.805","2222600.0000","1.4851","60545.0000","-0.0500","-0.0050","-1.0000","0.0000","0.0000","0.0000","0.0000","0.0000"
"15871.0","15:13:25.806","2222489.0000","1.4730","60545.0000","-0.0500","-0.0050","-1.0000","0.0000","0.0000","0.0000","0.0000","0.0000"
"15872.0","15:13:25.807","2222239.0000","1.4457","60545.0000","-0.0500","-0.0050","-1.0000","0.0000","0.0000","0.0000","0.0000","0.0000"
"15873.0","15:13:25.808","2222732.0000","1.4995","60545.0000","-0.0500","-0.0050","-1.0000","0.0000","0.0000","0.0000","0.0000","0.0000"
"15874.0","15:13:25.809","2221966.0000","1.4160","60545.0000","-0.0500","-0.0050","-1.0000","0.0000","0.0000","0.0000","0.0000","0.0000"
"15875.0","15:13:25.810","2222740.0000","1.5003","60545.0000","-0.0500","-0.0050","-1.0000","0.0000","0.0000","0.0000","0.0000","0.0000"
"15876.0","15:13:25.811","2221905.0000","1.4093","60545.0000","-0.0500","-0.0050","-1.0000","0.0000","0.0000","0.0000","0.0000","0.0000"
"15877.0","15:13:25.812","2221987.0000","1.4183","60545.0000","-0.0500","-0.0050","-1.0000","0.0000","0.0000","0.0000","0.0000","0.0000"
"15878.0","15:13:25.813","2222279.0000","1.4501","60545.0000","-0.0500","-0.0050","-1.0000","0.0000","0.0000","0.0000","0.0000","0.0000"
"15879.0","15:13:25.814","2222092.0000","1.4297","60545.0000","-0.0500","-0.0050","-1.0000","0.0000","0.0000","0.0000","0.0000","0.0000"
"15880.0","15:13:25.815","2223007.0000","1.5294","60545.0000","-0.0500","-0.0050","-1.0000","0.0000","0.0000","0.0000","0.0000","0.0000"
"15881.0","15:13:25.816","2221807.0000","1.3986","60545.0000","-0.0500","-0.0050","-1.0000","0.0000","0.0000","0.0000","0.0000","0.0000"
"15882.0","15:13:25.817","2222697.0000","1.4956","60545.0000","-0.0500","-0.0050","-1.0000","0.0000","0.0000","0.0000","0.0000","0.0000"
"15883.0","15:13:25.818","2222914.0000","1.5193","60545.0000","-0.0500","-0.0050","-1.0000","0.0000","0.0000","0.0000","0.0000","0.0000"
"15884.0","15:13:25.819","2222559.0000","1.4806","60545.0000","-0.0500","-0.0050","-1.0000","0.0000","0.0000","0.0000","0.0000","0.0000"
"15885.0","15:13:25.820","2222394.0000","1.4626","60545.0000","-0.0500","-0.0050","-1.0000","0.0000","0.0000","0.0000","0.0000","0.0000"
"15886.0","15:13:25.821","2222210.0000","1.4426","60545.0000","-0.0500","-0.0050","-1.0000","0.0000","0.0000","0.0000","0.0000","0.0000"
"15887.0","15:13:25.822","2222152.0000","1.4362","60545.0000","-0.0500","-0.0050","-1.0000","0.0000","0.0000","0.0000","0.0000","0.0000"
"15888.0","15:13:25.823","2222391.0000","1.4623","60545.0000","-0.0500","-0.0050","-1.0000","0.0000","0.0000","0.0000","0.0000","0.0000"
"15889.0","15:13:25.824","2222481.0000","1.4721","60545.0000","-0.0500","-0.0050","-1.0000","0.0000","0.0000","0.0000","0.0000","0.0000"
"15890.0","15:13:25.825","2222024.0000","1.4223","60545.0000","-0.0500","-0.0050","-1.0000","0.0000","0.0000","0.0000","0.0000","0.0000"
"15891.0","15:13:25.826","2222324.0000","1.4550","60545.0000","-0.0500","-0.0050","-1.0000","0.0000","0.0000","0.0000","0.0000","0.0000"
"15892.0","15:13:25.827","2222490.0000","1.4731","60545.0000","-0.0500","-0.0050","-1.0000","0.0000","0.0000","0.0000","0.0000","0.0000"
"15893.0","15:13:25.828","2221834.0000","1.4016","60545.0000","-0.0500","-0.0050","-1.0000","0.0000","0.0000","0.0000","0.0000","0.0000"
"15894.0","15:13:25.829","2221834.0000","1.4016","60545.0000","-0.0500","-0.0050","-1.0000","0.0000","0.0000","0.0000","0.0000","0.0000"
"15895.0","15:13:25.830","2221861.0000","1.4045","60545.0000","-0.0500","-0.0050","-1.0000","0.0000","0.0000","0.0000","0.0000","0.0000"
"15896.0","15:13:25.831","2222325.0000","1.4551","60545.0000","-0.0500","-0.0050","-1.0000","0.0000","0.0000","0.0000","0.0000","0.0000"
"15897.0","15:13:25.832","2222084.0000","1.4288","60545.0000","-0.0500","-0.0050","-1.0000","0.0000","0.0000","0.0000","0.0000","0.0000"
"15898.0","15:13:25.833","2221711.0000","1.3882","60545.0000","-0.0500","-0.0050","-1.0000","0.0000","0.0000","0.0000","0.0000","0.0000"
"15899.0","15:13:25.834","2222322.0000","1.4548","60545.0000","-0.0500","-0.0050","-1.0000","0.0000","0.0000","0.0000","0.0000","0.0000"
"15900.0","15:13:25.835","2222610.0000","1.4862","60545.0000","-0.0500","-0.0050","-1.0000","0.0000","0.0000","0.0000","0.0000","0.0000"
"15901.0","15:13:25.836","2223015.0000","1.5303","60545.0000","-0.0500","-0.0050","-1.0000","0.0000","0.0000","0.0000","0.0000","0.0000"
"15902.0","15:13:25.837","2222364.0000","1.4593","60545.0000","-0.0500","-0.0050","-1.0000","0.0000","0.0000","0.0000","0.0000","0.0000"
"15903.0","15:13:25.838","2223232.0000","1.5540","60545.0000","-0.0500","-0.0050","-1.0000","0.0000","0.0000","0.0000","0.0000","0.0000"
"15904.0","15:13:25.839","2222774.0000","1.5040","60545.0000","-0.0500","-0.0050","-1.0000","0.0000","0.0000","0.0000","0.0000","0.0000"
"15905.0","15:13:25.840","2223011.0000","1.5299","60545.0000","-0.0500","-0.0050","-1.0000","0.0000","0.0000","0.0000","0.0000","0.0000"
"15906.0","15:13:25.841","2222207.0000","1.4422","60545.0000","-0.0500","-0.0050","-1.0000","0.0000","0.0000","0.0000","0.0000","0.0000"
"15907.0","15:13:25.842","2222632.0000","1.4886","60545.0000","-0.0500","-0.0050","-1.0000","0.0000","0.0000","0.0000","0.0000","0.0000"
"15908.0","15:13:25.843","2222494.0000","1.4735","60536.0000","-0.0500","-0.0050","-1.0000","0.0000","0.0000","0.0000","0.0000","0.0000"
"15909.0","15:13:25.844","2221651.0000","1.3816","60536.0000","-0.0500","-0.0050","-1.0000","0.0000","0.0000","0.0000","0.0000","0.0000"
"15910.0","15:13:25.845","2223886.0000","1.6253","60536.0000","-0.0500","-0.0050","-1.0000","0.0000","0.0000","0.0000","0.0000","0.0000"
"15911.0","15:13:25.846","2222749.0000","1.5013","60536.0000","-0.0500","-0.0050","-1.0000","0.0000","0.0000","0.0000","0.0000","0.0000"
"15912.0","15:13:25.847","2222290.0000","1.4513","60536.0000","-0.0500","-0.0050","-1.0000","0.0000","0.0000","0.0000","0.0000","0.0000"
"15913.0","15:13:25.848","2222337.0000","1.4564","60536.0000","-0.0500","-0.0050","-1.0000","0.0000","0.0000","0.0000","0.0000","0.0000"
"15914.0","15:13:25.849","2221610.0000","1.3771","60536.0000","-0.0500","-0.0050","-1.0000","0.0000","0.0000","0.0000","0.0000","0.0000"
"15915.0","15:13:25.850","2221551.0000","1.3707","60536.0000","-0.0500","-0.0050","-1.0000","0.0000","0.0000","0.0000","0.0000","0.0000"
"15916.0","15:13:25.851","2221292.0000","1.3425","60536.0000","-0.0500","-0.0050","-1.0000","0.0000","0.0000","0.0000","0.0000","0.0000"
"15917.0","15:13:25.852","2221625.0000","1.3788","60536.0000","-0.0500","-0.0050","-1.0000","0.0000","0.0000","0.0000","0.0000","0.0000"
"15918.0","15:13:25.853","2221878.0000","1.4064","60536.0000","-0.0500","-0.0050","-1.0000","0.0000","0.0000","0.0000","0.0000","0.0000"
"15919.0","15:13:25.854","2222469.0000","1.4708","60536.0000","-0.0500","-0.0050","-1.0000","0.0000","0.0000","0.0000","0.0000","0.0000"
"15920.0","15:13:25.855","2222243.0000","1.4462","60536.0000","-0.0500","-0.0050","-1.0000","0.0000","0.0000","0.0000","0.0000","0.0000"
"15921.0","15:13:25.856","2221712.0000","1.3883","60536.0000","-0.0500","-0.0050","-1.0000","0.0000","0.0000","0.0000","0.0000","0.0000"
"15922.0","15:13:25.857","2222530.0000","1.4775","60536.0000","-0.0500","-0.0050","-1.0000","0.0000","0.0000","0.0000","0.0000","0.0000"
"15923.0","15:13:25.858","2222341.0000","1.4568","60536.0000","-0.0500","-0.0050","-1.0000","0.0000","0.0000","0.0000","0.0000","0.0000"
"15924.0","15:13:25.859","2221738.0000","1.3911","60536.0000","-0.0500","-0.0050","-1.0000","0.0000","0.0000","0.0000","0.0000","0.0000"
"15925.0","15:13:25.860","2222470.0000","1.4709","60536.0000","-0.0500","-0.0050","-1.0000","0.0000","0.0000","0.0000","0.0000","0.0000"
"15926.0","15:13:25.861","2221832.0000","1.4014","60536.0000","-0.0500","-0.0050","-1.0000","0.0000","0.0000","0.0000","0.0000","0.0000"
"15927.0","15:13:25.862","2222033.0000","1.4233","60536.0000","-0.0500","-0.0050","-1.0000","0.0000","0.0000","0.0000","0.0000","0.0000"
"15928.0","15:13:25.863","2222577.0000","1.4826","60536.0000","-0.0500","-0.0050","-1.0000","0.0000","0.0000","0.0000","0.0000","0.0000"
"15929.0","15:13:25.864","2222857.0000","1.5131","60536.0000","-0.0500","-0.0050","-1.0000","0.0000","0.0000","0.0000","0.0000","0.0000"
"15930.0","15:13:25.865","2222954.0000","1.5237","60536.0000","-0.0500","-0.0050","-1.0000","0.0000","0.0000","0.0000","0.0000","0.0000"
"15931.0","15:13:25.866","2222698.0000","1.4958","60536.0000","-0.0500","-0.0050","-1.0000","0.0000","0.0000","0.0000","0.0000","0.0000"
"15932.0","15:13:25.867","2222006.0000","1.4203","60536.0000","-0.0500","-0.0050","-1.0000","0.0000","0.0000","0.0000","0.0000","0.0000"
"15933.0","15:13:25.868","2221992.0000","1.4188","60536.0000","-0.0500","-0.0050","-1.0000","0.0000","0.0000","0.0000","0.0000","0.0000"
"15934.0","15:13:25.869","2222271.0000","1.4492","60536.0000","-0.0500","-0.0050","-1.0000","0.0000","0.0000","0.0000","0.0000","0.0000"
"15935.0","15:13:25.870","2222470.0000","1.4709","60536.0000","-0.0500","-0.0050","-1.0000","0.0000","0.0000","0.0000","0.0000","0.0000"
"15936.0","15:13:25.871","2221659.0000","1.3825","60536.0000","-0.0500","-0.0050","-1.0000","0.0000","0.0000","0.0000","0.0000","0.0000"
"15937.0","15:13:25.872","2221721.0000","1.3893","60536.0000","-0.0500","-0.0050","-1.0000","0.0000","0.0000","0.0000","0.0000","0.0000"
"15938.0","15:13:25.873","2221974.0000","1.4168","60536.0000","-0.0500","-0.0050","-1.0000","0.0000","0.0000","0.0000","0.0000","0.0000"
"15939.0","15:13:25.874","2222162.0000","1.4374","60536.0000","-0.0500","-0.0050","-1.0000","0.0000","0.0000","0.0000","0.0000","0.0000"
"15940.0","15:13:25.875","2222100.0000","1.4306","60536.0000","-0.0500","-0.0050","-1.0000","0.0000","0.0000","0.0000","0.0000","0.0000"
"15941.0","15:13:25.876","2222100.0000","1.4306","60536.0000","-0.0500","-0.0050","-1.0000","0.0000","0.0000","0.0000","0.0000","0.0000"
"15942.0","15:13:25.877","2222020.0000","1.4218","60536.0000","-0.0500","-0.0050","-1.0000","0.0000","0.0000","0.0000","0.0000","0.0000"
"15943.0","15:13:25.878","2222206.0000","1.4421","60536.0000","-0.0500","-0.0050","-1.0000","0.0000","0.0000","0.0000","0.0000","0.0000"
"15944.0","15:13:25.879","2222218.0000","1.4434","60536.0000","-0.0500","-0.0050","-1.0000","0.0000","0.0000","0.0000","0.0000","0.0000"
"15945.0","15:13:25.880","2223107.0000","1.5403","60536.0000","-0.0500","-0.0050","-1.0000","0.0000","0.0000","0.0000","0.0000","0.0000"
"15946.0","15:13:25.881","2222851.0000","1.5125","60536.0000","-0.0500","-0.0050","-1.0000","0.0000","0.0000","0.0000","0.0000","0.0000"
"15947.0","15:13:25.882","2222946.0000","1.5228","60536.0000","-0.0500","-0.0050","-1.0000","0.0000","0.0000","0.0000","0.0000","0.0000"
"15948.0","15:13:25.883","2223001.0000","1.5288","60536.0000","-0.0500","-0.0050","-1.0000","0.0000","0.0000","0.0000","0.0000","0.0000"
"15949.0","15:13:25.884","2223029.0000","1.5319","60536.0000","-0.0500","-0.0050","-1.0000","0.0000","0.0000","0.0000","0.0000","0.0000"
"15950.0","15:13:25.885","2222932.0000","1.5213","60536.0000","-0.0500","-0.0050","-1.0000","0.0000","0.0000","0.0000","0.0000","0.0000"
"15951.0","15:13:25.886","2223211.0000","1.5517","60536.0000","-0.0500","-0.0050","-1.0000","0.0000","0.0000","0.0000","0.0000","0.0000"
"15952.0","15:13:25.887","2223140.0000","1.5440","60536.0000","-0.0500","-0.0050","-1.0000","0.0000","0.0000","0.0000","0.0000","0.0000"
"15953.0","15:13:25.888","2222980.0000","1.5265","60536.0000","-0.0500","-0.0050","-1.0000","0.0000","0.0000","0.0000","0.0000","0.0000"
"15954.0","15:13:25.889","2223400.0000","1.5723","60536.0000","-0.0500","-0.0050","-1.0000","0.0000","0.0000","0.0000","0.0000","0.0000"
"15955.0","15:13:25.890","2223760.0000","1.6116","60536.0000","-0.0500","-0.0050","-1.0000","0.0000","0.0000","0.0000","0.0000","0.0000"
"15956.0","15:13:25.891","2223020.0000","1.5309","60536.0000","-0.0500","-0.0050","-1.0000","0.0000","0.0000","0.0000","0.0000","0.0000"
"15957.0","15:13:25.892","2222606.0000","1.4857","60536.0000","-0.0500","-0.0050","-1.0000","0.0000","0.0000","0.0000","0.0000","0.0000"
"15958.0","15:13:25.893","2222682.0000","1.4940","60536.0000","-0.0500","-0.0050","-1.0000","0.0000","0.0000","0.0000","0.0000","0.0000"
"15959.0","15:13:25.894","2221784.0000","1.3961","60536.0000","-0.0500","-0.0050","-1.0000","0.0000","0.0000","0.0000","0.0000","0.0000"
"15960.0","15:13:25.895","2222057.0000","1.4259","60536.0000","-0.0500","-0.0050","-1.0000","0.0000","0.0000","0.0000","0.0000","0.0000"
"15961.0","15:13:25.896","2221838.0000","1.4020","60536.0000","-0.0500","-0.0050","-1.0000","0.0000","0.0000","0.0000","0.0000","0.0000"
"15962.0","15:13:25.897","2221625.0000","1.3788","60536.0000","-0.0500","-0.0050","-1.0000","0.0000","0.0000","0.0000","0.0000","0.0000"
"15963.0","15:13:25.898","2221042.0000","1.3152","60536.0000","-0.0500","-0.0050","-1.0000","0.0000","0.0000","0.0000","0.0000","0.0000"
"15964.0","15:13:25.899","2221846.0000","1.4029","60536.0000","-0.0500","-0.0050","-1.0000","0.0000","0.0000","0.0000","0.0000","0.0000"
"15965.0","15:13:25.900","2221767.0000","1.3943","60536.0000","-0.0500","-0.0050","-1.0000","0.0000","0.0000","0.0000","0.0000","0.0000"
"15966.0","15:13:25.901","2221682.0000","1.3850","60536.0000","-0.0500","-0.0050","-1.0000","0.0000","0.0000","0.0000","0.0000","0.0000"
"15967.0","15:13:25.902","2221574.0000","1.3732","60536.0000","-0.0500","-0.0050","-1.0000","0.0000","0.0000","0.0000","0.0000","0.0000"
"15968.0","15:13:25.903","2222126.0000","1.4334","60536.0000","-0.0500","-0.0050","-1.0000","0.0000","0.0000","0.0000","0.0000","0.0000"
"15969.0","15:13:25.904","2221706.0000","1.3876","60542.0000","-0.0500","-0.0050","-1.0000","0.0000","0.0000","0.0000","0.0000","0.0000"
"15970.0","15:13:25.905","2221803.0000","1.3982","60542.0000","-0.0500","-0.0050","-1.0000","0.0000","0.0000","0.0000","0.0000","0.0000"
"15971.0","15:13:25.906","2222002.0000","1.4199","60542.0000","-0.0500","-0.0050","-1.0000","0.0000","0.0000","0.0000","0.0000","0.0000"
"15972.0","15:13:25.907","2222329.0000","1.4555","60542.0000","-0.0500","-0.0050","-1.0000","0.0000","0.0000","0.0000","0.0000","0.0000"
"15973.0","15:13:25.908","2221896.0000","1.4083","60542.0000","-0.0500","-0.0050","-1.0000","0.0000","0.0000","0.0000","0.0000","0.0000"
"15974.0","15:13:25.909","2222289.0000","1.4512","60542.0000","-0.0500","-0.0050","-1.0000","0.0000","0.0000","0.0000","0.0000","0.0000"
"15975.0","15:13:25.910","2222161.0000","1.4372","60542.0000","-0.0500","-0.0050","-1.0000","0.0000","0.0000","0.0000","0.0000","0.0000"
"15976.0","15:13:25.911","2222600.0000","1.4851","60542.0000","-0.0500","-0.0050","-1.0000","0.0000","0.0000","0.0000","0.0000","0.0000"
"15977.0","15:13:25.912","2222205.0000","1.4420","60542.0000","-0.0500","-0.0050","-1.0000","0.0000","0.0000","0.0000","0.0000","0.0000"
"15978.0","15:13:25.913","2221523.0000","1.3677","60542.0000","-0.0500","-0.0050","-1.0000","0.0000","0.0000","0.0000","0.0000","0.0000"
"15979.0","15:13:25.914","2221381.0000","1.3522","60542.0000","-0.0500","-0.0050","-1.0000","0.0000","0.0000","0.0000","0.0000","0.0000"
"15980.0","15:13:25.915","2221650.0000","1.3815","60542.0000","-0.0500","-0.0050","-1.0000","0.0000","0.0000","0.0000","0.0000","0.0000"
"15981.0","15:13:25.916","2222318.0000","1.4543","60542.0000","-0.0500","-0.0050","-1.0000","0.0000","0.0000","0.0000","0.0000","0.0000"
"15982.0","15:13:25.917","2221286.0000","1.3418","60542.0000","-0.0500","-0.0050","-1.0000","0.0000","0.0000","0.0000","0.0000","0.0000"
"15983.0","15:13:25.918","2222057.0000","1.4259","60542.0000","-0.0500","-0.0050","-1.0000","0.0000","0.0000","0.0000","0.0000","0.0000"
"15984.0","15:13:25.919","2221712.0000","1.3883","60542.0000","-0.0500","-0.0050","-1.0000","0.0000","0.0000","0.0000","0.0000","0.0000"
"15985.0","15:13:25.920","2222437.0000","1.4673","60542.0000","-0.0500","-0.0050","-1.0000","0.0000","0.0000","0.0000","0.0000","0.0000"
"15986.0","15:13:25.921","2222474.0000","1.4714","60542.0000","-0.0500","-0.0050","-1.0000","0.0000","0.0000","0.0000","0.0000","0.0000"
"15987.0","15:13:25.922","2223834.0000","1.6196","60542.0000","-0.0500","-0.0050","-1.0000","0.0000","0.0000","0.0000","0.0000","0.0000"
"15988.0","15:13:25.923","2223834.0000","1.6196","60542.0000","-0.0500","-0.0050","-1.0000","0.0000","0.0000","0.0000","0.0000","0.0000"
"15989.0","15:13:25.924","2223296.0000","1.5610","60542.0000","-0.0500","-0.0050","-1.0000","0.0000","0.0000","0.0000","0.0000","0.0000"
"15990.0","15:13:25.925","2223063.0000","1.5356","60542.0000","-0.0500","-0.0050","-1.0000","0.0000","0.0000","0.0000","0.0000","0.0000"
"15991.0","15:13:25.926","2223233.0000","1.5541","60542.0000","-0.0500","-0.0050","-1.0000","0.0000","0.0000","0.0000","0.0000","0.0000"
"15992.0","15:13:25.927","2223841.0000","1.6204","60542.0000","-0.0500","-0.0050","-1.0000","0.0000","0.0000","0.0000","0.0000","0.0000"
"15993.0","15:13:25.928","2222458.0000","1.4696","60542.0000","-0.0500","-0.0050","-1.0000","0.0000","0.0000","0.0000","0.0000","0.0000"
"15994.0","15:13:25.929","2223172.0000","1.5475","60542.0000","-0.0500","-0.0050","-1.0000","0.0000","0.0000","0.0000","0.0000","0.0000"
"15995.0","15:13:25.930","2223452.0000","1.5780","60542.0000","-0.0500","-0.0050","-1.0000","0.0000","0.0000","0.0000","0.0000","0.0000"
"15996.0","15:13:25.931","2222051.0000","1.4252","60542.0000","-0.0500","-0.0050","-1.0000","0.0000","0.0000","0.0000","0.0000","0.0000"
"15997.0","15:13:25.932","2223899.0000","1.6267","60542.0000","-0.0500","-0.0050","-1.0000","0.0000","0.0000","0.0000","0.0000","0.0000"
"15998.0","15:13:25.933","2223480.0000","1.5810","60542.0000","-0.0500","-0.0050","-1.0000","0.0000","0.0000","0.0000","0.0000","0.0000"
"15999.0","15:13:25.934","2222628.0000","1.4881","60542.0000","-0.0500","-0.0050","-1.0000","0.0000","0.0000","0.0000","0.0000","0.0000"
"16000.0","15:13:25.935","2222759.0000","1.5024","60542.0000","-0.0500","-0.0050","-1.0000","0.0000","0.0000","0.0000","0.0000","0.0000"
"16001.0","15:13:25.936","2222312.0000","1.4537","60542.0000","-0.0500","-0.0050","-1.0000","0.0000","0.0000","0.0000","0.0000","0.0000"
"16002.0","15:13:25.937","2222731.0000","1.4994","60542.0000","-0.0500","-0.0050","-1.0000","0.0000","0.0000","0.0000","0.0000","0.0000"
"16003.0","15:13:25.938","2222840.0000","1.5112","60542.0000","-0.0500","-0.0050","-1.0000","0.0000","0.0000","0.0000","0.0000","0.0000"
"16004.0","15:13:25.939","2222424.0000","1.4659","60542.0000","-0.0500","-0.0050","-1.0000","0.0000","0.0000","0.0000","0.0000","0.0000"
"16005.0","15:13:25.940","2222936.0000","1.5217","60542.0000","-0.0500","-0.0050","-1.0000","0.0000","0.0000","0.0000","0.0000","0.0000"
"16006.0","15:13:25.941","2222177.0000","1.4390","60542.0000","-0.0500","-0.0050","-1.0000","0.0000","0.0000","0.0000","0.0000","0.0000"
"16007.0","15:13:25.942","2222277.0000","1.4499","60542.0000","-0.0500","-0.0050","-1.0000","0.0000","0.0000","0.0000","0.0000","0.0000"
"16008.0","15:13:25.943","2222132.0000","1.4340","60542.0000","-0.0500","-0.0050","-1.0000","0.0000","0.0000","0.0000","0.0000","0.0000"
"16009.0","15:13:25.944","2221844.0000","1.4027","60542.0000","-0.0500","-0.0050","-1.0000","0.0000","0.0000","0.0000","0.0000","0.0000"
"16010.0","15:13:25.945","2222704.0000","1.4964","60542.0000","-0.0500","-0.0050","-1.0000","0.0000","0.0000","0.0000","0.0000","0.0000"
"16011.0","15:13:25.946","2222150.0000","1.4360","60542.0000","-0.0500","-0.0050","-1.0000","0.0000","0.0000","0.0000","0.0000","0.0000"
"16012.0","15:13:25.947","2222027.0000","1.4226","60542.0000","-0.0500","-0.0050","-1.0000","0.0000","0.0000","0.0000","0.0000","0.0000"
"16013.0","15:13:25.948","2222506.0000","1.4749","60542.0000","-0.0500","-0.0050","-1.0000","0.0000","0.0000","0.0000","0.0000","0.0000"
"16014.0","15:13:25.949","2223049.0000","1.5340","60542.0000","-0.0500","-0.0050","-1.0000","0.0000","0.0000","0.0000","0.0000","0.0000"
"16015.0","15:13:25.950","2223207.0000","1.5513","60542.0000","-0.0500","-0.0050","-1.0000","0.0000","0.0000","0.0000","0.0000","0.0000"
"16016.0","15:13:25.951","2222357.0000","1.4586","60542.0000","-0.0500","-0.0050","-1.0000","0.0000","0.0000","0.0000","0.0000","0.0000"
"16017.0","15:13:25.952","2222504.0000","1.4746","60542.0000","-0.0500","-0.0050","-1.0000","0.0000","0.0000","0.0000","0.0000","0.0000"
"16018.0","15:13:25.953","2223210.0000","1.5516","60542.0000","-0.0500","-0.0050","-1.0000","0.0000","0.0000","0.0000","0.0000","0.0000"
"16019.0","15:13:25.954","2222695.0000","1.4954","60542.0000","-0.0500","-0.0050","-1.0000","0.0000","0.0000","0.0000","0.0000","0.0000"
"16020.0","15:13:25.955","2223115.0000","1.5412","60542.0000","-0.0500","-0.0050","-1.0000","0.0000","0.0000","0.0000","0.0000","0.0000"
"16021.0","15:13:25.956","2223026.0000","1.5315","60542.0000","-0.0500","-0.0050","-1.0000","0.0000","0.0000","0.0000","0.0000","0.0000"
"16022.0","15:13:25.957","2222834.0000","1.5106","60542.0000","-0.0500","-0.0050","-1.0000","0.0000","0.0000","0.0000","0.0000","0.0000"
"16023.0","15:13:25.958","2223360.0000","1.5679","60542.0000","-0.0500","-0.0050","-1.0000","0.0000","0.0000","0.0000","0.0000","0.0000"
"16024.0","15:13:25.959","2222627.0000","1.4880","60542.0000","-0.0500","-0.0050","-1.0000","0.0000","0.0000","0.0000","0.0000","0.0000"
"16025.0","15:13:25.960","2221689.0000","1.3858","60542.0000","-0.0500","-0.0050","-1.0000","0.0000","0.0000","0.0000","0.0000","0.0000"
"16026.0","15:13:25.961","2222559.0000","1.4806","60542.0000","-0.0500","-0.0050","-1.0000","0.0000","0.0000","0.0000","0.0000","0.0000"
"16027.0","15:13:25.962","2222796.0000","1.5065","60542.0000","-0.0500","-0.0050","-1.0000","0.0000","0.0000","0.0000","0.0000","0.0000"
"16028.0","15:13:25.963","2221298.0000","1.3432","60542.0000","-0.0500","-0.0050","-1.0000","0.0000","0.0000","0.0000","0.0000","0.0000"
"16029.0","15:13:25.964","2221949.0000","1.4141","60545.0000","-0.0500","-0.0050","-1.0000","0.0000","0.0000","0.0000","0.0000","0.0000"
"16030.0","15:13:25.965","2221853.0000","1.4036","60545.0000","-0.0500","-0.0050","-1.0000","0.0000","0.0000","0.0000","0.0000","0.0000"
"16031.0","15:13:25.966","2221326.0000","1.3462","60545.0000","-0.0500","-0.0050","-1.0000","0.0000","0.0000","0.0000","0.0000","0.0000"
"16032.0","15:13:25.967","2221825.0000","1.4006","60545.0000","-0.0500","-0.0050","-1.0000","0.0000","0.0000","0.0000","0.0000","0.0000"
"16033.0","15:13:25.968","2221066.0000","1.3179","60545.0000","-0.0500","-0.0050","-1.0000","0.0000","0.0000","0.0000","0.0000","0.0000"
"16034.0","15:13:25.969","2221961.0000","1.4154","60545.0000","-0.0500","-0.0050","-1.0000","0.0000","0.0000","0.0000","0.0000","0.0000"
"16035.0","15:13:25.970","2221961.0000","1.4154","60545.0000","-0.0500","-0.0050","-1.0000","0.0000","0.0000","0.0000","0.0000","0.0000"
"16036.0","15:13:25.971","2220913.0000","1.3012","60545.0000","-0.0500","-0.0050","-1.0000","0.0000","0.0000","0.0000","0.0000","0.0000"
"16037.0","15:13:25.972","2221618.0000","1.3780","60545.0000","-0.0500","-0.0050","-1.0000","0.0000","0.0000","0.0000","0.0000","0.0000"
"16038.0","15:13:25.973","2221847.0000","1.4030","60545.0000","-0.0500","-0.0050","-1.0000","0.0000","0.0000","0.0000","0.0000","0.0000"
"16039.0","15:13:25.974","2221069.0000","1.3182","60545.0000","-0.0500","-0.0050","-1.0000","0.0000","0.0000","0.0000","0.0000","0.0000"
"16040.0","15:13:25.975","2221809.0000","1.3989","60545.0000","-0.0500","-0.0050","-1.0000","0.0000","0.0000","0.0000","0.0000","0.0000"
"16041.0","15:13:25.976","2221765.0000","1.3940","60545.0000","-0.0500","-0.0050","-1.0000","0.0000","0.0000","0.0000","0.0000","0.0000"
"16042.0","15:13:25.977","2220761.0000","1.2846","60545.0000","-0.0500","-0.0050","-1.0000","0.0000","0.0000","0.0000","0.0000","0.0000"
"16043.0","15:13:25.978","2221850.0000","1.4033","60545.0000","-0.0500","-0.0050","-1.0000","0.0000","0.0000","0.0000","0.0000","0.0000"
"16044.0","15:13:25.979","2221484.0000","1.3634","60545.0000","-0.0500","-0.0050","-1.0000","0.0000","0.0000","0.0000","0.0000","0.0000"
"16045.0","15:13:25.980","2220844.0000","1.2936","60545.0000","-0.0500","-0.0050","-1.0000","0.0000","0.0000","0.0000","0.0000","0.0000"
"16046.0","15:13:25.981","2220999.0000","1.3105","60545.0000","-0.0500","-0.0050","-1.0000","0.0000","0.0000","0.0000","0.0000","0.0000"
"16047.0","15:13:25.982","2220745.0000","1.2829","60545.0000","-0.0500","-0.0050","-1.0000","0.0000","0.0000","0.0000","0.0000","0.0000"
"16048.0","15:13:25.983","2220703.0000","1.2783","60545.0000","-0.0500","-0.0050","-1.0000","0.0000","0.0000","0.0000","0.0000","0.0000"
"16049.0","15:13:25.984","2220588.0000","1.2657","60545.0000","-0.0500","-0.0050","-1.0000","0.0000","0.0000","0.0000","0.0000","0.0000"
"16050.0","15:13:25.985","2221272.0000","1.3403","60545.0000","-0.0500","-0.0050","-1.0000","0.0000","0.0000","0.0000","0.0000","0.0000"
"16051.0","15:13:25.986","2221067.0000","1.3179","60545.0000","-0.0500","-0.0050","-1.0000","0.0000","0.0000","0.0000","0.0000","0.0000"
"16052.0","15:13:25.987","2221900.0000","1.4088","60545.0000","-0.0500","-0.0050","-1.0000","0.0000","0.0000","0.0000","0.0000","0.0000"
"16053.0","15:13:25.988","2222058.0000","1.4260","60545.0000","-0.0500","-0.0050","-1.0000","0.0000","0.0000","0.0000","0.0000","0.0000"
"16054.0","15:13:25.989","2221805.0000","1.3984","60545.0000","-0.0500","-0.0050","-1.0000","0.0000","0.0000","0.0000","0.0000","0.0000"
"16055.0","15:13:25.990","2221054.0000","1.3166","60545.0000","-0.0500","-0.0050","-1.0000","0.0000","0.0000","0.0000","0.0000","0.0000"
"16056.0","15:13:25.991","2220890.0000","1.2987","60545.0000","-0.0500","-0.0050","-1.0000","0.0000","0.0000","0.0000","0.0000","0.0000"
"16057.0","15:13:25.992","2221118.0000","1.3235","60545.0000","-0.0500","-0.0050","-1.0000","0.0000","0.0000","0.0000","0.0000","0.0000"
"16058.0","15:13:25.993","2221778.0000","1.3955","60545.0000","-0.0500","-0.0050","-1.0000","0.0000","0.0000","0.0000","0.0000","0.0000"
"16059.0","15:13:25.994","2221547.0000","1.3703","60545.0000","-0.0500","-0.0050","-1.0000","0.0000","0.0000","0.0000","0.0000","0.0000"
"16060.0","15:13:25.995","2220740.0000","1.2823","60545.0000","-0.0500","-0.0050","-1.0000","0.0000","0.0000","0.0000","0.0000","0.0000"
"16061.0","15:13:25.996","2222142.0000","1.4352","60545.0000","-0.0500","-0.0050","-1.0000","0.0000","0.0000","0.0000","0.0000","0.0000"
"16062.0","15:13:25.997","2222118.0000","1.4325","60545.0000","-0.0500","-0.0050","-1.0000","0.0000","0.0000","0.0000","0.0000","0.0000"
"16063.0","15:13:25.998","2221546.0000","1.3702","60545.0000","-0.0500","-0.0050","-1.0000","0.0000","0.0000","0.0000","0.0000","0.0000"
"16064.0","15:13:25.999","2221420.0000","1.3564","60545.0000","-0.0500","-0.0050","-1.0000","0.0000","0.0000","0.0000","0.0000","0.0000"
"16065.0","15:13:26.0","2221542.0000","1.3698","60545.0000","-0.0500","-0.0050","-1.0000","0.0000","0.0000","0.0000","0.0000","0.0000"
"16066.0","15:13:26.1","2221312.0000","1.3447","60545.0000","-0.0500","-0.0050","-1.0000","0.0000","0.0000","0.0000","0.0000","0.0000"
"16067.0","15:13:26.2","2220927.0000","1.3027","60545.0000","-0.0500","-0.0050","-1.0000","0.0000","0.0000","0.0000","0.0000","0.0000"
"16068.0","15:13:26.3","2221823.0000","1.4004","60545.0000","-0.0500","-0.0050","-1.0000","0.0000","0.0000","0.0000","0.0000","0.0000"
"16069.0","15:13:26.4","2221580.0000","1.3739","60545.0000","-0.0500","-0.0050","-1.0000","0.0000","0.0000","0.0000","0.0000","0.0000"
"16070.0","15:13:26.5","2221174.0000","1.3296","60545.0000","-0.0500","-0.0050","-1.0000","0.0000","0.0000","0.0000","0.0000","0.0000"
"16071.0","15:13:26.6","2221738.0000","1.3911","60545.0000","-0.0500","-0.0050","-1.0000","0.0000","0.0000","0.0000","0.0000","0.0000"
"16072.0","15:13:26.7","2221832.0000","1.4014","60545.0000","-0.0500","-0.0050","-1.0000","0.0000","0.0000","0.0000","0.0000","0.0000"
"16073.0","15:13:26.8","2221256.0000","1.3386","60545.0000","-0.0500","-0.0050","-1.0000","0.0000","0.0000","0.0000","0.0000","0.0000"
"16074.0","15:13:26.9","2221419.0000","1.3563","60545.0000","-0.0500","-0.0050","-1.0000","0.0000","0.0000","0.0000","0.0000","0.0000"
"16075.0","15:13:26.10","2221987.0000","1.4183","60545.0000","-0.0500","-0.0050","-1.0000","0.0000","0.0000","0.0000","0.0000","0.0000"
"16076.0","15:13:26.11","2221656.0000","1.3822","60545.0000","-0.0500","-0.0050","-1.0000","0.0000","0.0000","0.0000","0.0000","0.0000"
"16077.0","15:13:26.12","2222034.0000","1.4234","60545.0000","-0.0500","-0.0050","-1.0000","0.0000","0.0000","0.0000","0.0000","0.0000"
"16078.0","15:13:26.13","2222011.0000","1.4209","60545.0000","-0.0500","-0.0050","-1.0000","0.0000","0.0000","0.0000","0.0000","0.0000"
"16079.0","15:13:26.14","2221480.0000","1.3630","60545.0000","-0.0500","-0.0050","-1.0000","0.0000","0.0000","0.0000","0.0000","0.0000"
"16080.0","15:13:26.15","2221606.0000","1.3767","60545.0000","-0.0500","-0.0050","-1.0000","0.0000","0.0000","0.0000","0.0000","0.0000"
"16081.0","15:13:26.16","2221116.0000","1.3233","60545.0000","-0.0500","-0.0050","-1.0000","0.0000","0.0000","0.0000","0.0000","0.0000"
"16082.0","15:13:26.17","2221116.0000","1.3233","60545.0000","-0.0500","-0.0050","-1.0000","0.0000","0.0000","0.0000","0.0000","0.0000"
"16083.0","15:13:26.18","2221662.0000","1.3828","60545.0000","-0.0500","-0.0050","-1.0000","0.0000","0.0000","0.0000","0.0000","0.0000"
"16084.0","15:13:26.19","2220833.0000","1.2925","60545.0000","-0.0500","-0.0050","-1.0000","0.0000","0.0000","0.0000","0.0000","0.0000"
"16085.0","15:13:26.20","2221748.0000","1.3922","60545.0000","-0.0500","-0.0050","-1.0000","0.0000","0.0000","0.0000","0.0000","0.0000"
"16086.0","15:13:26.21","2221874.0000","1.4059","60545.0000","-0.0500","-0.0050","-1.0000","0.0000","0.0000","0.0000","0.0000","0.0000"
"16087.0","15:13:26.22","2222031.0000","1.4230","60545.0000","-0.0500","-0.0050","-1.0000","0.0000","0.0000","0.0000","0.0000","0.0000"
"16088.0","15:13:26.23","2221787.0000","1.3964","60545.0000","-0.0500","-0.0050","-1.0000","0.0000","0.0000","0.0000","0.0000","0.0000"
"16089.0","15:13:26.24","2221743.0000","1.3917","60535.0000","-0.0500","-0.0050","-1.0000","0.0000","0.0000","0.0000","0.0000","0.0000"
"16090.0","15:13:26.25","2221990.0000","1.4186","60535.0000","-0.0500","-0.0050","-1.0000","0.0000","0.0000","0.0000","0.0000","0.0000"
"16091.0","15:13:26.26","2222147.0000","1.4357","60535.0000","-0.0500","-0.0050","-1.0000","0.0000","0.0000","0.0000","0.0000","0.0000"
"16092.0","15:13:26.27","2222587.0000","1.4837","60535.0000","-0.0500","-0.0050","-1.0000","0.0000","0.0000","0.0000","0.0000","0.0000"
"16093.0","15:13:26.28","2221759.0000","1.3934","60535.0000","-0.0500","-0.0050","-1.0000","0.0000","0.0000","0.0000","0.0000","0.0000"
"16094.0","15:13:26.29","2222163.0000","1.4374","60535.0000","-0.0500","-0.0050","-1.0000","0.0000","0.0000","0.0000","0.0000","0.0000"
"16095.0","15:13:26.30","2222372.0000","1.4602","60535.0000","-0.0500","-0.0050","-1.0000","0.0000","0.0000","0.0000","0.0000","0.0000"
"16096.0","15:13:26.31","2221616.0000","1.3778","60535.0000","-0.0500","-0.0050","-1.0000","0.0000","0.0000","0.0000","0.0000","0.0000"
"16097.0","15:13:26.32","2221799.0000","1.3977","60535.0000","-0.0500","-0.0050","-1.0000","0.0000","0.0000","0.0000","0.0000","0.0000"
"16098.0","15:13:26.33","2221240.0000","1.3368","60535.0000","-0.0500","-0.0050","-1.0000","0.0000","0.0000","0.0000","0.0000","0.0000"
"16099.0","15:13:26.34","2221194.0000","1.3318","60535.0000","-0.0500","-0.0050","-1.0000","0.0000","0.0000","0.0000","0.0000","0.0000"
"16100.0","15:13:26.35","2221829.0000","1.4011","60535.0000","-0.0500","-0.0050","-1.0000","0.0000","0.0000","0.0000","0.0000","0.0000"
"16101.0","15:13:26.36","2222213.0000","1.4429","60535.0000","-0.0500","-0.0050","-1.0000","0.0000","0.0000","0.0000","0.0000","0.0000"
"16102.0","15:13:26.37","2222021.0000","1.4220","60535.0000","-0.0500","-0.0050","-1.0000","0.0000","0.0000","0.0000","0.0000","0.0000"
"16103.0","15:13:26.38","2221992.0000","1.4188","60535.0000","-0.0500","-0.0050","-1.0000","0.0000","0.0000","0.0000","0.0000","0.0000"
"16104.0","15:13:26.39","2221404.0000","1.3547","60535.0000","-0.0500","-0.0050","-1.0000","0.0000","0.0000","0.0000","0.0000","0.0000"
"16105.0","15:13:26.40","2221690.0000","1.3859","60535.0000","-0.0500","-0.0050","-1.0000","0.0000","0.0000","0.0000","0.0000","0.0000"
"16106.0","15:13:26.41","2221743.0000","1.3917","60535.0000","-0.0500","-0.0050","-1.0000","0.0000","0.0000","0.0000","0.0000","0.0000"
"16107.0","15:13:26.42","2221105.0000","1.3221","60535.0000","-0.0500","-0.0050","-1.0000","0.0000","0.0000","0.0000","0.0000","0.0000"
"16108.0","15:13:26.43","2221861.0000","1.4045","60535.0000","-0.0500","-0.0050","-1.0000","0.0000","0.0000","0.0000","0.0000","0.0000"
"16109.0","15:13:26.44","2221112.0000","1.3229","60535.0000","-0.0500","-0.0050","-1.0000","0.0000","0.0000","0.0000","0.0000","0.0000"
"16110.0","15:13:26.45","2220972.0000","1.3076","60535.0000","-0.0500","-0.0050","-1.0000","0.0000","0.0000","0.0000","0.0000","0.0000"
"16111.0","15:13:26.46","2220499.0000","1.2560","60535.0000","-0.0500","-0.0050","-1.0000","0.0000","0.0000","0.0000","0.0000","0.0000"
"16112.0","15:13:26.47","2221250.0000","1.3379","60535.0000","-0.0500","-0.0050","-1.0000","0.0000","0.0000","0.0000","0.0000","0.0000"
"16113.0","15:13:26.48","2221417.0000","1.3561","60535.0000","-0.0500","-0.0050","-1.0000","0.0000","0.0000","0.0000","0.0000","0.0000"
"16114.0","15:13:26.49","2221365.0000","1.3504","60535.0000","-0.0500","-0.0050","-1.0000","0.0000","0.0000","0.0000","0.0000","0.0000"
"16115.0","15:13:26.50","2221674.0000","1.3842","60535.0000","-0.0500","-0.0050","-1.0000","0.0000","0.0000","0.0000","0.0000","0.0000"
"16116.0","15:13:26.51","2221249.0000","1.3378","60535.0000","-0.0500","-0.0050","-1.0000","0.0000","0.0000","0.0000","0.0000","0.0000"
"16117.0","15:13:26.52","2222006.0000","1.4203","60535.0000","-0.0500","-0.0050","-1.0000","0.0000","0.0000","0.0000","0.0000","0.0000"
"16118.0","15:13:26.53","2222432.0000","1.4668","60535.0000","-0.0500","-0.0050","-1.0000","0.0000","0.0000","0.0000","0.0000","0.0000"
"16119.0","15:13:26.54","2222646.0000","1.4901","60535.0000","-0.0500","-0.0050","-1.0000","0.0000","0.0000","0.0000","0.0000","0.0000"
"16120.0","15:13:26.55","2222836.0000","1.5108","60535.0000","-0.0500","-0.0050","-1.0000","0.0000","0.0000","0.0000","0.0000","0.0000"
"16121.0","15:13:26.56","2222032.0000","1.4232","60535.0000","-0.0500","-0.0050","-1.0000","0.0000","0.0000","0.0000","0.0000","0.0000"
"16122.0","15:13:26.57","2222792.0000","1.5060","60535.0000","-0.0500","-0.0050","-1.0000","0.0000","0.0000","0.0000","0.0000","0.0000"
"16123.0","15:13:26.58","2222913.0000","1.5192","60535.0000","-0.0500","-0.0050","-1.0000","0.0000","0.0000","0.0000","0.0000","0.0000"
"16124.0","15:13:26.59","2222863.0000","1.5137","60535.0000","-0.0500","-0.0050","-1.0000","0.0000","0.0000","0.0000","0.0000","0.0000"
"16125.0","15:13:26.60","2222128.0000","1.4336","60535.0000","-0.0500","-0.0050","-1.0000","0.0000","0.0000","0.0000","0.0000","0.0000"
"16126.0","15:13:26.61","2222776.0000","1.5043","60535.0000","-0.0500","-0.0050","-1.0000","0.0000","0.0000","0.0000","0.0000","0.0000"
"16127.0","15:13:26.62","2222290.0000","1.4513","60535.0000","-0.0500","-0.0050","-1.0000","0.0000","0.0000","0.0000","0.0000","0.0000"
"16128.0","15:13:26.63","2223141.0000","1.5441","60535.0000","-0.0500","-0.0050","-1.0000","0.0000","0.0000","0.0000","0.0000","0.0000"
"16129.0","15:13:26.64","2223141.0000","1.5441","60535.0000","-0.0500","-0.0050","-1.0000","0.0000","0.0000","0.0000","0.0000","0.0000"
"16130.0","15:13:26.65","2223920.0000","1.6290","60535.0000","-0.0500","-0.0050","-1.0000","0.0000","0.0000","0.0000","0.0000","0.0000"
"16131.0","15:13:26.66","2222592.0000","1.4842","60535.0000","-0.0500","-0.0050","-1.0000","0.0000","0.0000","0.0000","0.0000","0.0000"
"16132.0","15:13:26.67","2222596.0000","1.4846","60535.0000","-0.0500","-0.0050","-1.0000","0.0000","0.0000","0.0000","0.0000","0.0000"
"16133.0","15:13:26.68","2222736.0000","1.4999","60535.0000","-0.0500","-0.0050","-1.0000","0.0000","0.0000","0.0000","0.0000","0.0000"
"16134.0","15:13:26.69","2222212.0000","1.4428","60535.0000","-0.0500","-0.0050","-1.0000","0.0000","0.0000","0.0000","0.0000","0.0000"
"16135.0","15:13:26.70","2222955.0000","1.5238","60535.0000","-0.0500","-0.0050","-1.0000","0.0000","0.0000","0.0000","0.0000","0.0000"
"16136.0","15:13:26.71","2222645.0000","1.4900","60535.0000","-0.0500","-0.0050","-1.0000","0.0000","0.0000","0.0000","0.0000","0.0000"
"16137.0","15:13:26.72","2222111.0000","1.4318","60535.0000","-0.0500","-0.0050","-1.0000","0.0000","0.0000","0.0000","0.0000","0.0000"
"16138.0","15:13:26.73","2223132.0000","1.5431","60535.0000","-0.0500","-0.0050","-1.0000","0.0000","0.0000","0.0000","0.0000","0.0000"
"16139.0","15:13:26.74","2222375.0000","1.4606","60535.0000","-0.0500","-0.0050","-1.0000","0.0000","0.0000","0.0000","0.0000","0.0000"
"16140.0","15:13:26.75","2223384.0000","1.5706","60535.0000","-0.0500","-0.0050","-1.0000","0.0000","0.0000","0.0000","0.0000","0.0000"
"16141.0","15:13:26.76","2222923.0000","1.5203","60535.0000","-0.0500","-0.0050","-1.0000","0.0000","0.0000","0.0000","0.0000","0.0000"
"16142.0","15:13:26.77","2222836.0000","1.5108","60535.0000","-0.0500","-0.0050","-1.0000","0.0000","0.0000","0.0000","0.0000","0.0000"
"16143.0","15:13:26.78","2223413.0000","1.5737","60535.0000","-0.0500","-0.0050","-1.0000","0.0000","0.0000","0.0000","0.0000","0.0000"
"16144.0","15:13:26.79","2224283.0000","1.6686","60535.0000","-0.0500","-0.0050","-1.0000","0.0000","0.0000","0.0000","0.0000","0.0000"
"16145.0","15:13:26.80","2223594.0000","1.5935","60535.0000","-0.0500","-0.0050","-1.0000","0.0000","0.0000","0.0000","0.0000","0.0000"
"16146.0","15:13:26.81","2222849.0000","1.5122","60535.0000","-0.0500","-0.0050","-1.0000","0.0000","0.0000","0.0000","0.0000","0.0000"
"16147.0","15:13:26.82","2222832.0000","1.5104","60535.0000","-0.0500","-0.0050","-1.0000","0.0000","0.0000","0.0000","0.0000","0.0000"
"16148.0","15:13:26.83","2222717.0000","1.4978","60535.0000","-0.0500","-0.0050","-1.0000","0.0000","0.0000","0.0000","0.0000","0.0000"
"16149.0","15:13:26.84","2221722.0000","1.3894","60535.0000","-0.0500","-0.0050","-1.0000","0.0000","0.0000","0.0000","0.0000","0.0000"
"16150.0","15:13:26.85","2221947.0000","1.4139","60549.0000","-0.0500","-0.0050","-1.0000","0.0000","0.0000","0.0000","0.0000","0.0000"
"16151.0","15:13:26.86","2222486.0000","1.4727","60549.0000","-0.0500","-0.0050","-1.0000","0.0000","0.0000","0.0000","0.0000","0.0000"
"16152.0","15:13:26.87","2221946.0000","1.4138","60549.0000","-0.0500","-0.0050","-1.0000","0.0000","0.0000","0.0000","0.0000","0.0000"
"16153.0","15:13:26.88","2222170.0000","1.4382","60549.0000","-0.0500","-0.0050","-1.0000","0.0000","0.0000","0.0000","0.0000","0.0000"
"16154.0","15:13:26.89","2221898.0000","1.4086","60549.0000","-0.0500","-0.0050","-1.0000","0.0000","0.0000","0.0000","0.0000","0.0000"
"16155.0","15:13:26.90","2221858.0000","1.4042","60549.0000","-0.0500","-0.0050","-1.0000","0.0000","0.0000","0.0000","0.0000","0.0000"
"16156.0","15:13:26.91","2221617.0000","1.3779","60549.0000","-0.0500","-0.0050","-1.0000","0.0000","0.0000","0.0000","0.0000","0.0000"
"16157.0","15:13:26.92","2222550.0000","1.4796","60549.0000","-0.0500","-0.0050","-1.0000","0.0000","0.0000","0.0000","0.0000","0.0000"
"16158.0","15:13:26.93","2222609.0000","1.4861","60549.0000","-0.0500","-0.0050","-1.0000","0.0000","0.0000","0.0000","0.0000","0.0000"
"16159.0","15:13:26.94","2221680.0000","1.3848","60549.0000","-0.0500","-0.0050","-1.0000","0.0000","0.0000","0.0000","0.0000","0.0000"
"16160.0","15:13:26.95","2221682.0000","1.3850","60549.0000","-0.0500","-0.0050","-1.0000","0.0000","0.0000","0.0000","0.0000","0.0000"
"16161.0","15:13:26.96","2222028.0000","1.4227","60549.0000","-0.0500","-0.0050","-1.0000","0.0000","0.0000","0.0000","0.0000","0.0000"
"16162.0","15:13:26.97","2222520.0000","1.4764","60549.0000","-0.0500","-0.0050","-1.0000","0.0000","0.0000","0.0000","0.0000","0.0000"
"16163.0","15:13:26.98","2222036.0000","1.4236","60549.0000","-0.0500","-0.0050","-1.0000","0.0000","0.0000","0.0000","0.0000","0.0000"
"16164.0","15:13:26.99","2222010.0000","1.4208","60549.0000","-0.0500","-0.0050","-1.0000","0.0000","0.0000","0.0000","0.0000","0.0000"
"16165.0","15:13:26.100","2221963.0000","1.4156","60549.0000","-0.0500","-0.0050","-1.0000","0.0000","0.0000","0.0000","0.0000","0.0000"
"16166.0","15:13:26.101","2222113.0000","1.4320","60549.0000","-0.0500","-0.0050","-1.0000","0.0000","0.0000","0.0000","0.0000","0.0000"
"16167.0","15:13:26.102","2223112.0000","1.5409","60549.0000","-0.0500","-0.0050","-1.0000","0.0000","0.0000","0.0000","0.0000","0.0000"
"16168.0","15:13:26.103","2222430.0000","1.4665","60549.0000","-0.0500","-0.0050","-1.0000","0.0000","0.0000","0.0000","0.0000","0.0000"
"16169.0","15:13:26.104","2221894.0000","1.4081","60549.0000","-0.0500","-0.0050","-1.0000","0.0000","0.0000","0.0000","0.0000","0.0000"
"16170.0","15:13:26.105","2222115.0000","1.4322","60549.0000","-0.0500","-0.0050","-1.0000","0.0000","0.0000","0.0000","0.0000","0.0000"
"16171.0","15:13:26.106","2221889.0000","1.4076","60549.0000","-0.0500","-0.0050","-1.0000","0.0000","0.0000","0.0000","0.0000","0.0000"
"16172.0","15:13:26.107","2222018.0000","1.4216","60549.0000","-0.0500","-0.0050","-1.0000","0.0000","0.0000","0.0000","0.0000","0.0000"
"16173.0","15:13:26.108","2222392.0000","1.4624","60549.0000","-0.0500","-0.0050","-1.0000","0.0000","0.0000","0.0000","0.0000","0.0000"
"16174.0","15:13:26.109","2221849.0000","1.4032","60549.0000","-0.0500","-0.0050","-1.0000","0.0000","0.0000","0.0000","0.0000","0.0000"
"16175.0","15:13:26.110","2222120.0000","1.4327","60549.0000","-0.0500","-0.0050","-1.0000","0.0000","0.0000","0.0000","0.0000","0.0000"
"16176.0","15:13:26.111","2222120.0000","1.4327","60549.0000","-0.0500","-0.0050","-1.0000","0.0000","0.0000","0.0000","0.0000","0.0000"
"16177.0","15:13:26.112","2221710.0000","1.3880","60549.0000","-0.0500","-0.0050","-1.0000","0.0000","0.0000","0.0000","0.0000","0.0000"
"16178.0","15:13:26.113","2221742.0000","1.3915","60549.0000","-0.0500","-0.0050","-1.0000","0.0000","0.0000","0.0000","0.0000","0.0000"
"16179.0","15:13:26.114","2222574.0000","1.4822","60549.0000","-0.0500","-0.0050","-1.0000","0.0000","0.0000","0.0000","0.0000","0.0000"
"16180.0","15:13:26.115","2221655.0000","1.3821","60549.0000","-0.0500","-0.0050","-1.0000","0.0000","0.0000","0.0000","0.0000","0.0000"
"16181.0","15:13:26.116","2221961.0000","1.4154","60549.0000","-0.0500","-0.0050","-1.0000","0.0000","0.0000","0.0000","0.0000","0.0000"
"16182.0","15:13:26.117","2221432.0000","1.3577","60549.0000","-0.0500","-0.0050","-1.0000","0.0000","0.0000","0.0000","0.0000","0.0000"
"16183.0","15:13:26.118","2221255.0000","1.3385","60549.0000","-0.0500","-0.0050","-1.0000","0.0000","0.0000","0.0000","0.0000","0.0000"
"16184.0","15:13:26.119","2221263.0000","1.3393","60549.0000","-0.0500","-0.0050","-1.0000","0.0000","0.0000","0.0000","0.0000","0.0000"
"16185.0","15:13:26.120","2221374.0000","1.3514","60549.0000","-0.0500","-0.0050","-1.0000","0.0000","0.0000","0.0000","0.0000","0.0000"
"16186.0","15:13:26.121","2221192.0000","1.3316","60549.0000","-0.0500","-0.0050","-1.0000","0.0000","0.0000","0.0000","0.0000","0.0000"
"16187.0","15:13:26.122","2222017.0000","1.4215","60549.0000","-0.0500","-0.0050","-1.0000","0.0000","0.0000","0.0000","0.0000","0.0000"
"16188.0","15:13:26.123","2223346.0000","1.5664","60549.0000","-0.0500","-0.0050","-1.0000","0.0000","0.0000","0.0000","0.0000","0.0000"
"16189.0","15:13:26.124","2223087.0000","1.5382","60549.0000","-0.0500","-0.0050","-1.0000","0.0000","0.0000","0.0000","0.0000","0.0000"
"16190.0","15:13:26.125","2222531.0000","1.4776","60549.0000","-0.0500","-0.0050","-1.0000","0.0000","0.0000","0.0000","0.0000","0.0000"
"16191.0","15:13:26.126","2222364.0000","1.4593","60549.0000","-0.0500","-0.0050","-1.0000","0.0000","0.0000","0.0000","0.0000","0.0000"
"16192.0","15:13:26.127","2222353.0000","1.4581","60549.0000","-0.0500","-0.0050","-1.0000","0.0000","0.0000","0.0000","0.0000","0.0000"
"16193.0","15:13:26.128","2221587.0000","1.3746","60549.0000","-0.0500","-0.0050","-1.0000","0.0000","0.0000","0.0000","0.0000","0.0000"
"16194.0","15:13:26.129","2222044.0000","1.4245","60549.0000","-0.0500","-0.0050","-1.0000","0.0000","0.0000","0.0000","0.0000","0.0000"
"16195.0","15:13:26.130","2223148.0000","1.5448","60549.0000","-0.0500","-0.0050","-1.0000","0.0000","0.0000","0.0000","0.0000","0.0000"
"16196.0","15:13:26.131","2223341.0000","1.5659","60549.0000","-0.0500","-0.0050","-1.0000","0.0000","0.0000","0.0000","0.0000","0.0000"
"16197.0","15:13:26.132","2222612.0000","1.4864","60549.0000","-0.0500","-0.0050","-1.0000","0.0000","0.0000","0.0000","0.0000","0.0000"
"16198.0","15:13:26.133","2222561.0000","1.4808","60549.0000","-0.0500","-0.0050","-1.0000","0.0000","0.0000","0.0000","0.0000","0.0000"
"16199.0","15:13:26.134","2222019.0000","1.4217","60549.0000","-0.0500","-0.0050","-1.0000","0.0000","0.0000","0.0000","0.0000","0.0000"
"16200.0","15:13:26.135","2222459.0000","1.4697","60549.0000","-0.0500","-0.0050","-1.0000","0.0000","0.0000","0.0000","0.0000","0.0000"
"16201.0","15:13:26.136","2222586.0000","1.4836","60549.0000","-0.0500","-0.0050","-1.0000","0.0000","0.0000","0.0000","0.0000","0.0000"
"16202.0","15:13:26.137","2222609.0000","1.4861","60549.0000","-0.0500","-0.0050","-1.0000","0.0000","0.0000","0.0000","0.0000","0.0000"
"16203.0","15:13:26.138","2221900.0000","1.4088","60549.0000","-0.0500","-0.0050","-1.0000","0.0000","0.0000","0.0000","0.0000","0.0000"
"16204.0","15:13:26.139","2222596.0000","1.4846","60549.0000","-0.0500","-0.0050","-1.0000","0.0000","0.0000","0.0000","0.0000","0.0000"
"16205.0","15:13:26.140","2222188.0000","1.4402","60549.0000","-0.0500","-0.0050","-1.0000","0.0000","0.0000","0.0000","0.0000","0.0000"
"16206.0","15:13:26.141","2221104.0000","1.3220","60549.0000","-0.0500","-0.0050","-1.0000","0.0000","0.0000","0.0000","0.0000","0.0000"
"16207.0","15:13:26.142","2222353.0000","1.4581","60549.0000","-0.0500","-0.0050","-1.0000","0.0000","0.0000","0.0000","0.0000","0.0000"
"16208.0","15:13:26.143","2222262.0000","1.4483","60549.0000","-0.0500","-0.0050","-1.0000","0.0000","0.0000","0.0000","0.0000","0.0000"
"16209.0","15:13:26.144","2221488.0000","1.3639","60549.0000","-0.0500","-0.0050","-1.0000","0.0000","0.0000","0.0000","0.0000","0.0000"
"16210.0","15:13:26.145","2221571.0000","1.3729","60557.0000","-0.0500","-0.0050","-1.0000","0.0000","0.0000","0.0000","0.0000","0.0000"
"16211.0","15:13:26.146","2222054.0000","1.4255","60557.0000","-0.0500","-0.0050","-1.0000","0.0000","0.0000","0.0000","0.0000","0.0000"
"16212.0","15:13:26.147","2221228.0000","1.3355","60557.0000","-0.0500","-0.0050","-1.0000","0.0000","0.0000","0.0000","0.0000","0.0000"
"16213.0","15:13:26.148","2221421.0000","1.3566","60557.0000","-0.0500","-0.0050","-1.0000","0.0000","0.0000","0.0000","0.0000","0.0000"
"16214.0","15:13:26.149","2221671.0000","1.3838","60557.0000","-0.0500","-0.0050","-1.0000","0.0000","0.0000","0.0000","0.0000","0.0000"
"16215.0","15:13:26.150","2222923.0000","1.5203","60557.0000","-0.0500","-0.0050","-1.0000","0.0000","0.0000","0.0000","0.0000","0.0000"
"16216.0","15:13:26.151","2222667.0000","1.4924","60557.0000","-0.0500","-0.0050","-1.0000","0.0000","0.0000","0.0000","0.0000","0.0000"
"16217.0","15:13:26.152","2222162.0000","1.4374","60557.0000","-0.0500","-0.0050","-1.0000","0.0000","0.0000","0.0000","0.0000","0.0000"
"16218.0","15:13:26.153","2221977.0000","1.4171","60557.0000","-0.0500","-0.0050","-1.0000","0.0000","0.0000","0.0000","0.0000","0.0000"
"16219.0","15:13:26.154","2222107.0000","1.4314","60557.0000","-0.0500","-0.0050","-1.0000","0.0000","0.0000","0.0000","0.0000","0.0000"
"16220.0","15:13:26.155","2221811.0000","1.3991","60557.0000","-0.0500","-0.0050","-1.0000","0.0000","0.0000","0.0000","0.0000","0.0000"
"16221.0","15:13:26.156","2223132.0000","1.5431","60557.0000","-0.0500","-0.0050","-1.0000","0.0000","0.0000","0.0000","0.0000","0.0000"
"16222.0","15:13:26.157","2222834.0000","1.5106","60557.0000","-0.0500","-0.0050","-1.0000","0.0000","0.0000","0.0000","0.0000","0.0000"
"16223.0","15:13:26.158","2222834.0000","1.5106","60557.0000","-0.0500","-0.0050","-1.0000","0.0000","0.0000","0.0000","0.0000","0.0000"
"16224.0","15:13:26.159","2221811.0000","1.3991","60557.0000","-0.0500","-0.0050","-1.0000","0.0000","0.0000","0.0000","0.0000","0.0000"
"16225.0","15:13:26.160","2221935.0000","1.4126","60557.0000","-0.0500","-0.0050","-1.0000","0.0000","0.0000","0.0000","0.0000","0.0000"
"16226.0","15:13:26.161","2222493.0000","1.4734","60557.0000","-0.0500","-0.0050","-1.0000","0.0000","0.0000","0.0000","0.0000","0.0000"
"16227.0","15:13:26.162","2222188.0000","1.4402","60557.0000","-0.0500","-0.0050","-1.0000","0.0000","0.0000","0.0000","0.0000","0.0000"
"16228.0","15:13:26.163","2222064.0000","1.4267","60557.0000","-0.0500","-0.0050","-1.0000","0.0000","0.0000","0.0000","0.0000","0.0000"
"16229.0","15:13:26.164","2222247.0000","1.4466","60557.0000","-0.0500","-0.0050","-1.0000","0.0000","0.0000","0.0000","0.0000","0.0000"
"16230.0","15:13:26.165","2222868.0000","1.5143","60557.0000","-0.0500","-0.0050","-1.0000","0.0000","0.0000","0.0000","0.0000","0.0000"
"16231.0","15:13:26.166","2223770.0000","1.6126","60557.0000","-0.0500","-0.0050","-1.0000","0.0000","0.0000","0.0000","0.0000","0.0000"
"16232.0","15:13:26.167","2222696.0000","1.4956","60557.0000","-0.0500","-0.0050","-1.0000","0.0000","0.0000","0.0000","0.0000","0.0000"
"16233.0","15:13:26.168","2222808.0000","1.5078","60557.0000","-0.0500","-0.0050","-1.0000","0.0000","0.0000","0.0000","0.0000","0.0000"
"16234.0","15:13:26.169","2222872.0000","1.5147","60557.0000","-0.0500","-0.0050","-1.0000","0.0000","0.0000","0.0000","0.0000","0.0000"
"16235.0","15:13:26.170","2222653.0000","1.4909","60557.0000","-0.0500","-0.0050","-1.0000","0.0000","0.0000","0.0000","0.0000","0.0000"
"16236.0","15:13:26.171","2222605.0000","1.4856","60557.0000","-0.0500","-0.0050","-1.0000","0.0000","0.0000","0.0000","0.0000","0.0000"
"16237.0","15:13:26.172","2222490.0000","1.4731","60557.0000","-0.0500","-0.0050","-1.0000","0.0000","0.0000","0.0000","0.0000","0.0000"
"16238.0","15:13:26.173","2223606.0000","1.5948","60557.0000","-0.0500","-0.0050","-1.0000","0.0000","0.0000","0.0000","0.0000","0.0000"
"16239.0","15:13:26.174","2222536.0000","1.4781","60557.0000","-0.0500","-0.0050","-1.0000","0.0000","0.0000","0.0000","0.0000","0.0000"
"16240.0","15:13:26.175","2222837.0000","1.5109","60557.0000","-0.0500","-0.0050","-1.0000","0.0000","0.0000","0.0000","0.0000","0.0000"
"16241.0","15:13:26.176","2222405.0000","1.4638","60557.0000","-0.0500","-0.0050","-1.0000","0.0000","0.0000","0.0000","0.0000","0.0000"
"16242.0","15:13:26.177","2221751.0000","1.3925","60557.0000","-0.0500","-0.0050","-1.0000","0.0000","0.0000","0.0000","0.0000","0.0000"
"16243.0","15:13:26.178","2221234.0000","1.3362","60557.0000","-0.0500","-0.0050","-1.0000","0.0000","0.0000","0.0000","0.0000","0.0000"
"16244.0","15:13:26.179","2222101.0000","1.4307","60557.0000","-0.0500","-0.0050","-1.0000","0.0000","0.0000","0.0000","0.0000","0.0000"
"16245.0","15:13:26.180","2220818.0000","1.2908","60557.0000","-0.0500","-0.0050","-1.0000","0.0000","0.0000","0.0000","0.0000","0.0000"
"16246.0","15:13:26.181","2221635.0000","1.3799","60557.0000","-0.0500","-0.0050","-1.0000","0.0000","0.0000","0.0000","0.0000","0.0000"
"16247.0","15:13:26.182","2221369.0000","1.3509","60557.0000","-0.0500","-0.0050","-1.0000","0.0000","0.0000","0.0000","0.0000","0.0000"
"16248.0","15:13:26.183","2220961.0000","1.3064","60557.0000","-0.0500","-0.0050","-1.0000","0.0000","0.0000","0.0000","0.0000","0.0000"
"16249.0","15:13:26.184","2221467.0000","1.3616","60557.0000","-0.0500","-0.0050","-1.0000","0.0000","0.0000","0.0000","0.0000","0.0000"
"16250.0","15:13:26.185","2221526.0000","1.3680","60557.0000","-0.0500","-0.0050","-1.0000","0.0000","0.0000","0.0000","0.0000","0.0000"
"16251.0","15:13:26.186","2221340.0000","1.3477","60557.0000","-0.0500","-0.0050","-1.0000","0.0000","0.0000","0.0000","0.0000","0.0000"
"16252.0","15:13:26.187","2220188.0000","1.2221","60557.0000","-0.0500","-0.0050","-1.0000","0.0000","0.0000","0.0000","0.0000","0.0000"
"16253.0","15:13:26.188","2221231.0000","1.3358","60557.0000","-0.0500","-0.0050","-1.0000","0.0000","0.0000","0.0000","0.0000","0.0000"
"16254.0","15:13:26.189","2221188.0000","1.3311","60557.0000","-0.0500","-0.0050","-1.0000","0.0000","0.0000","0.0000","0.0000","0.0000"
"16255.0","15:13:26.190","2221213.0000","1.3339","60557.0000","-0.0500","-0.0050","-1.0000","0.0000","0.0000","0.0000","0.0000","0.0000"
"16256.0","15:13:26.191","2220796.0000","1.2884","60557.0000","-0.0500","-0.0050","-1.0000","0.0000","0.0000","0.0000","0.0000","0.0000"
"16257.0","15:13:26.192","2221537.0000","1.3692","60557.0000","-0.0500","-0.0050","-1.0000","0.0000","0.0000","0.0000","0.0000","0.0000"
"16258.0","15:13:26.193","2220602.0000","1.2673","60557.0000","-0.0500","-0.0050","-1.0000","0.0000","0.0000","0.0000","0.0000","0.0000"
"16259.0","15:13:26.194","2221510.0000","1.3663","60557.0000","-0.0500","-0.0050","-1.0000","0.0000","0.0000","0.0000","0.0000","0.0000"
"16260.0","15:13:26.195","2221292.0000","1.3425","60557.0000","-0.0500","-0.0050","-1.0000","0.0000","0.0000","0.0000","0.0000","0.0000"
"16261.0","15:13:26.196","2220807.0000","1.2896","60557.0000","-0.0500","-0.0050","-1.0000","0.0000","0.0000","0.0000","0.0000","0.0000"
"16262.0","15:13:26.197","2220662.0000","1.2738","60557.0000","-0.0500","-0.0050","-1.0000","0.0000","0.0000","0.0000","0.0000","0.0000"
"16263.0","15:13:26.198","2220706.0000","1.2786","60557.0000","-0.0500","-0.0050","-1.0000","0.0000","0.0000","0.0000","0.0000","0.0000"
"16264.0","15:13:26.199","2222382.0000","1.4613","60557.0000","-0.0500","-0.0050","-1.0000","0.0000","0.0000","0.0000","0.0000","0.0000"
"16265.0","15:13:26.200","2221168.0000","1.3290","60557.0000","-0.0500","-0.0050","-1.0000","0.0000","0.0000","0.0000","0.0000","0.0000"
"16266.0","15:13:26.201","2220885.0000","1.2981","60557.0000","-0.0500","-0.0050","-1.0000","0.0000","0.0000","0.0000","0.0000","0.0000"
"16267.0","15:13:26.202","2221416.0000","1.3560","60557.0000","-0.0500","-0.0050","-1.0000","0.0000","0.0000","0.0000","0.0000","0.0000"
"16268.0","15:13:26.203","2221614.0000","1.3776","60557.0000","-0.0500","-0.0050","-1.0000","0.0000","0.0000","0.0000","0.0000","0.0000"
"16269.0","15:13:26.204","2221760.0000","1.3935","60557.0000","-0.0500","-0.0050","-1.0000","0.0000","0.0000","0.0000","0.0000","0.0000"
"16270.0","15:13:26.205","2221760.0000","1.3935","60557.0000","-0.0500","-0.0050","-1.0000","0.0000","0.0000","0.0000","0.0000","0.0000"
"16271.0","15:13:26.206","2221181.0000","1.3304","60557.0000","-0.0500","-0.0050","-1.0000","0.0000","0.0000","0.0000","0.0000","0.0000"
"16272.0","15:13:26.207","2222135.0000","1.4344","60557.0000","-0.0500","-0.0050","-1.0000","0.0000","0.0000","0.0000","0.0000","0.0000"
"16273.0","15:13:26.208","2221883.0000","1.4069","60557.0000","-0.0500","-0.0050","-1.0000","0.0000","0.0000","0.0000","0.0000","0.0000"
"16274.0","15:13:26.209","2221280.0000","1.3412","60557.0000","-0.0500","-0.0050","-1.0000","0.0000","0.0000","0.0000","0.0000","0.0000"
"16275.0","15:13:26.210","2221268.0000","1.3399","60557.0000","-0.0500","-0.0050","-1.0000","0.0000","0.0000","0.0000","0.0000","0.0000"
"16276.0","15:13:26.211","2221938.0000","1.4129","60557.0000","-0.0500","-0.0050","-1.0000","0.0000","0.0000","0.0000","0.0000","0.0000"
"16277.0","15:13:26.212","2221839.0000","1.4021","60557.0000","-0.0500","-0.0050","-1.0000","0.0000","0.0000","0.0000","0.0000","0.0000"
"16278.0","15:13:26.213","2221972.0000","1.4166","60557.0000","-0.0500","-0.0050","-1.0000","0.0000","0.0000","0.0000","0.0000","0.0000"
"16279.0","15:13:26.214","2221792.0000","1.3970","60557.0000","-0.0500","-0.0050","-1.0000","0.0000","0.0000","0.0000","0.0000","0.0000"
"16280.0","15:13:26.215","2221836.0000","1.4018","60557.0000","-0.0500","-0.0050","-1.0000","0.0000","0.0000","0.0000","0.0000","0.0000"
"16281.0","15:13:26.216","2222247.0000","1.4466","60557.0000","-0.0500","-0.0050","-1.0000","0.0000","0.0000","0.0000","0.0000","0.0000"
"16282.0","15:13:26.217","2221999.0000","1.4196","60557.0000","-0.0500","-0.0050","-1.0000","0.0000","0.0000","0.0000","0.0000","0.0000"
"16283.0","15:13:26.218","2221908.0000","1.4096","60557.0000","-0.0500","-0.0050","-1.0000","0.0000","0.0000","0.0000","0.0000","0.0000"
"16284.0","15:13:26.219","2221237.0000","1.3365","60557.0000","-0.0500","-0.0050","-1.0000","0.0000","0.0000","0.0000","0.0000","0.0000"
"16285.0","15:13:26.220","2222469.0000","1.4708","60557.0000","-0.0500","-0.0050","-1.0000","0.0000","0.0000","0.0000","0.0000","0.0000"
"16286.0","15:13:26.221","2222302.0000","1.4526","60557.0000","-0.0500","-0.0050","-1.0000","0.0000","0.0000","0.0000","0.0000","0.0000"
"16287.0","15:13:26.222","2222213.0000","1.4429","60557.0000","-0.0500","-0.0050","-1.0000","0.0000","0.0000","0.0000","0.0000","0.0000"
"16288.0","15:13:26.223","2222373.0000","1.4603","60557.0000","-0.0500","-0.0050","-1.0000","0.0000","0.0000","0.0000","0.0000","0.0000"
"16289.0","15:13:26.224","2221218.0000","1.3344","60557.0000","-0.0500","-0.0050","-1.0000","0.0000","0.0000","0.0000","0.0000","0.0000"
"16290.0","15:13:26.225","2221988.0000","1.4184","60557.0000","-0.0500","-0.0050","-1.0000","0.0000","0.0000","0.0000","0.0000","0.0000"
"16291.0","15:13:26.226","2221925.0000","1.4115","60557.0000","-0.0500","-0.0050","-1.0000","0.0000","0.0000","0.0000","0.0000","0.0000"
"16292.0","15:13:26.227","2221850.0000","1.4033","60557.0000","-0.0500","-0.0050","-1.0000","0.0000","0.0000","0.0000","0.0000","0.0000"
"16293.0","15:13:26.228","2222132.0000","1.4340","60557.0000","-0.0500","-0.0050","-1.0000","0.0000","0.0000","0.0000","0.0000","0.0000"
"16294.0","15:13:26.229","2221921.0000","1.4111","60557.0000","-0.0500","-0.0050","-1.0000","0.0000","0.0000","0.0000","0.0000","0.0000"
"16295.0","15:13:26.230","2221568.0000","1.3726","60557.0000","-0.0500","-0.0050","-1.0000","0.0000","0.0000","0.0000","0.0000","0.0000"
"16296.0","15:13:26.231","2221898.0000","1.4086","60557.0000","-0.0500","-0.0050","-1.0000","0.0000","0.0000","0.0000","0.0000","0.0000"
"16297.0","15:13:26.232","2222091.0000","1.4296","60557.0000","-0.0500","-0.0050","-1.0000","0.0000","0.0000","0.0000","0.0000","0.0000"
"16298.0","15:13:26.233","2221704.0000","1.3874","60557.0000","-0.0500","-0.0050","-1.0000","0.0000","0.0000","0.0000","0.0000","0.0000"
"16299.0","15:13:26.234","2222190.0000","1.4404","60557.0000","-0.0500","-0.0050","-1.0000","0.0000","0.0000","0.0000","0.0000","0.0000"
"16300.0","15:13:26.235","2221679.0000","1.3847","60557.0000","-0.0500","-0.0050","-1.0000","0.0000","0.0000","0.0000","0.0000","0.0000"
"16301.0","15:13:26.236","2221594.0000","1.3754","60557.0000","-0.0500","-0.0050","-1.0000","0.0000","0.0000","0.0000","0.0000","0.0000"
"16302.0","15:13:26.237","2221598.0000","1.3758","60557.0000","-0.0500","-0.0050","-1.0000","0.0000","0.0000","0.0000","0.0000","0.0000"
"16303.0","15:13:26.238","2222023.0000","1.4222","60557.0000","-0.0500","-0.0050","-1.0000","0.0000","0.0000","0.0000","0.0000","0.0000"
"16304.0","15:13:26.239","2221694.0000","1.3863","60557.0000","-0.0500","-0.0050","-1.0000","0.0000","0.0000","0.0000","0.0000","0.0000"
"16305.0","15:13:26.240","2221617.0000","1.3779","60557.0000","-0.0500","-0.0050","-1.0000","0.0000","0.0000","0.0000","0.0000","0.0000"
"16306.0","15:13:26.241","2220767.0000","1.2853","60557.0000","-0.0500","-0.0050","-1.0000","0.0000","0.0000","0.0000","0.0000","0.0000"
"16307.0","15:13:26.242","2220952.0000","1.3054","60557.0000","-0.0500","-0.0050","-1.0000","0.0000","0.0000","0.0000","0.0000","0.0000"
"16308.0","15:13:26.243","2221721.0000","1.3893","60557.0000","-0.0500","-0.0050","-1.0000","0.0000","0.0000","0.0000","0.0000","0.0000"
"16309.0","15:13:26.244","2222094.0000","1.4299","60557.0000","-0.0500","-0.0050","-1.0000","0.0000","0.0000","0.0000","0.0000","0.0000"
"16310.0","15:13:26.245","2221917.0000","1.4106","60557.0000","-0.0500","-0.0050","-1.0000","0.0000","0.0000","0.0000","0.0000","0.0000"
"16311.0","15:13:26.246","2221191.0000","1.3315","60557.0000","-0.0500","-0.0050","-1.0000","0.0000","0.0000","0.0000","0.0000","0.0000"
"16312.0","15:13:26.247","2221591.0000","1.3751","60557.0000","-0.0500","-0.0050","-1.0000","0.0000","0.0000","0.0000","0.0000","0.0000"
"16313.0","15:13:26.248","2220825.0000","1.2916","60557.0000","-0.0500","-0.0050","-1.0000","0.0000","0.0000","0.0000","0.0000","0.0000"
"16314.0","15:13:26.249","2221674.0000","1.3842","60557.0000","-0.0500","-0.0050","-1.0000","0.0000","0.0000","0.0000","0.0000","0.0000"
"16315.0","15:13:26.250","2221542.0000","1.3698","60557.0000","-0.0500","-0.0050","-1.0000","0.0000","0.0000","0.0000","0.0000","0.0000"
"16316.0","15:13:26.251","2221398.0000","1.3540","60557.0000","-0.0500","-0.0050","-1.0000","0.0000","0.0000","0.0000","0.0000","0.0000"
"16317.0","15:13:26.252","2221398.0000","1.3540","60557.0000","-0.0500","-0.0050","-1.0000","0.0000","0.0000","0.0000","0.0000","0.0000"
"16318.0","15:13:26.253","2221503.0000","1.3655","60557.0000","-0.0500","-0.0050","-1.0000","0.0000","0.0000","0.0000","0.0000","0.0000"
"16319.0","15:13:26.254","2222236.0000","1.4454","60557.0000","-0.0500","-0.0050","-1.0000","0.0000","0.0000","0.0000","0.0000","0.0000"
"16320.0","15:13:26.255","2222164.0000","1.4376","60557.0000","-0.0500","-0.0050","-1.0000","0.0000","0.0000","0.0000","0.0000","0.0000"
"16321.0","15:13:26.256","2222035.0000","1.4235","60557.0000","-0.0500","-0.0050","-1.0000","0.0000","0.0000","0.0000","0.0000","0.0000"
"16322.0","15:13:26.257","2221832.0000","1.4014","60557.0000","-0.0500","-0.0050","-1.0000","0.0000","0.0000","0.0000","0.0000","0.0000"
"16323.0","15:13:26.258","2221922.0000","1.4112","60557.0000","-0.0500","-0.0050","-1.0000","0.0000","0.0000","0.0000","0.0000","0.0000"
"16324.0","15:13:26.259","2222369.0000","1.4599","60557.0000","-0.0500","-0.0050","-1.0000","0.0000","0.0000","0.0000","0.0000","0.0000"
"16325.0","15:13:26.260","2221789.0000","1.3967","60557.0000","-0.0500","-0.0050","-1.0000","0.0000","0.0000","0.0000","0.0000","0.0000"
"16326.0","15:13:26.261","2221696.0000","1.3865","60557.0000","-0.0500","-0.0050","-1.0000","0.0000","0.0000","0.0000","0.0000","0.0000"
"16327.0","15:13:26.262","2222471.0000","1.4710","60557.0000","-0.0500","-0.0050","-1.0000","0.0000","0.0000","0.0000","0.0000","0.0000"
"16328.0","15:13:26.263","2221420.0000","1.3564","60557.0000","-0.0500","-0.0050","-1.0000","0.0000","0.0000","0.0000","0.0000","0.0000"
"16329.0","15:13:26.264","2222412.0000","1.4646","60557.0000","-0.0500","-0.0050","-1.0000","0.0000","0.0000","0.0000","0.0000","0.0000"
"16330.0","15:13:26.265","2222418.0000","1.4652","60557.0000","-0.0500","-0.0050","-1.0000","0.0000","0.0000","0.0000","0.0000","0.0000"
"16331.0","15:13:26.266","2221690.0000","1.3859","60558.0000","-0.0500","-0.0050","-1.0000","0.0000","0.0000","0.0000","0.0000","0.0000"
"16332.0","15:13:26.267","2221139.0000","1.3258","60558.0000","-0.0500","-0.0050","-1.0000","0.0000","0.0000","0.0000","0.0000","0.0000"
"16333.0","15:13:26.268","2222126.0000","1.4334","60558.0000","-0.0500","-0.0050","-1.0000","0.0000","0.0000","0.0000","0.0000","0.0000"
"16334.0","15:13:26.269","2221733.0000","1.3905","60558.0000","-0.0500","-0.0050","-1.0000","0.0000","0.0000","0.0000","0.0000","0.0000"
"16335.0","15:13:26.270","2221353.0000","1.3492","60558.0000","-0.0500","-0.0050","-1.0000","0.0000","0.0000","0.0000","0.0000","0.0000"
"16336.0","15:13:26.271","2221662.0000","1.3828","60558.0000","-0.0500","-0.0050","-1.0000","0.0000","0.0000","0.0000","0.0000","0.0000"
"16337.0","15:13:26.272","2221431.0000","1.3576","60558.0000","-0.0500","-0.0050","-1.0000","0.0000","0.0000","0.0000","0.0000","0.0000"
"16338.0","15:13:26.273","2220716.0000","1.2797","60558.0000","-0.0500","-0.0050","-1.0000","0.0000","0.0000","0.0000","0.0000","0.0000"
"16339.0","15:13:26.274","2221499.0000","1.3651","60558.0000","-0.0500","-0.0050","-1.0000","0.0000","0.0000","0.0000","0.0000","0.0000"
"16340.0","15:13:26.275","2221232.0000","1.3360","60558.0000","-0.0500","-0.0050","-1.0000","0.0000","0.0000","0.0000","0.0000","0.0000"
"16341.0","15:13:26.276","2221120.0000","1.3238","60558.0000","-0.0500","-0.0050","-1.0000","0.0000","0.0000","0.0000","0.0000","0.0000"
"16342.0","15:13:26.277","2220583.0000","1.2652","60558.0000","-0.0500","-0.0050","-1.0000","0.0000","0.0000","0.0000","0.0000","0.0000"
"16343.0","15:13:26.278","2220459.0000","1.2517","60558.0000","-0.0500","-0.0050","-1.0000","0.0000","0.0000","0.0000","0.0000","0.0000"
"16344.0","15:13:26.279","2220191.0000","1.2225","60558.0000","-0.0500","-0.0050","-1.0000","0.0000","0.0000","0.0000","0.0000","0.0000"
"16345.0","15:13:26.280","2221421.0000","1.3566","60558.0000","-0.0500","-0.0050","-1.0000","0.0000","0.0000","0.0000","0.0000","0.0000"
"16346.0","15:13:26.281","2220283.0000","1.2325","60558.0000","-0.0500","-0.0050","-1.0000","0.0000","0.0000","0.0000","0.0000","0.0000"
"16347.0","15:13:26.282","2220694.0000","1.2773","60558.0000","-0.0500","-0.0050","-1.0000","0.0000","0.0000","0.0000","0.0000","0.0000"
"16348.0","15:13:26.283","2220395.0000","1.2447","60558.0000","-0.0500","-0.0050","-1.0000","0.0000","0.0000","0.0000","0.0000","0.0000"
"16349.0","15:13:26.284","2221144.0000","1.3264","60558.0000","-0.0500","-0.0050","-1.0000","0.0000","0.0000","0.0000","0.0000","0.0000"
"16350.0","15:13:26.285","2220426.0000","1.2481","60558.0000","-0.0500","-0.0050","-1.0000","0.0000","0.0000","0.0000","0.0000","0.0000"
"16351.0","15:13:26.286","2219846.0000","1.1849","60558.0000","-0.0500","-0.0050","-1.0000","0.0000","0.0000","0.0000","0.0000","0.0000"
"16352.0","15:13:26.287","2220635.0000","1.2709","60558.0000","-0.0500","-0.0050","-1.0000","0.0000","0.0000","0.0000","0.0000","0.0000"
"16353.0","15:13:26.288","2220548.0000","1.2614","60558.0000","-0.0500","-0.0050","-1.0000","0.0000","0.0000","0.0000","0.0000","0.0000"
"16354.0","15:13:26.289","2220100.0000","1.2125","60558.0000","-0.0500","-0.0050","-1.0000","0.0000","0.0000","0.0000","0.0000","0.0000"
"16355.0","15:13:26.290","2220414.0000","1.2468","60558.0000","-0.0500","-0.0050","-1.0000","0.0000","0.0000","0.0000","0.0000","0.0000"
"16356.0","15:13:26.291","2221314.0000","1.3449","60558.0000","-0.0500","-0.0050","-1.0000","0.0000","0.0000","0.0000","0.0000","0.0000"
"16357.0","15:13:26.292","2221182.0000","1.3305","60558.0000","-0.0500","-0.0050","-1.0000","0.0000","0.0000","0.0000","0.0000","0.0000"
"16358.0","15:13:26.293","2221330.0000","1.3466","60558.0000","-0.0500","-0.0050","-1.0000","0.0000","0.0000","0.0000","0.0000","0.0000"
"16359.0","15:13:26.294","2220935.0000","1.3036","60558.0000","-0.0500","-0.0050","-1.0000","0.0000","0.0000","0.0000","0.0000","0.0000"
"16360.0","15:13:26.295","2221301.0000","1.3435","60558.0000","-0.0500","-0.0050","-1.0000","0.0000","0.0000","0.0000","0.0000","0.0000"
"16361.0","15:13:26.296","2222603.0000","1.4854","60558.0000","-0.0500","-0.0050","-1.0000","0.0000","0.0000","0.0000","0.0000","0.0000"
"16362.0","15:13:26.297","2222979.0000","1.5264","60558.0000","-0.0500","-0.0050","-1.0000","0.0000","0.0000","0.0000","0.0000","0.0000"
"16363.0","15:13:26.298","2222979.0000","1.5264","60558.0000","-0.0500","-0.0050","-1.0000","0.0000","0.0000","0.0000","0.0000","0.0000"
"16364.0","15:13:26.299","2222456.0000","1.4694","60558.0000","-0.0500","-0.0050","-1.0000","0.0000","0.0000","0.0000","0.0000","0.0000"
"16365.0","15:13:26.300","2222617.0000","1.4869","60558.0000","-0.0500","-0.0050","-1.0000","0.0000","0.0000","0.0000","0.0000","0.0000"
"16366.0","15:13:26.301","2222216.0000","1.4432","60558.0000","-0.0500","-0.0050","-1.0000","0.0000","0.0000","0.0000","0.0000","0.0000"
"16367.0","15:13:26.302","2222100.0000","1.4306","60558.0000","-0.0500","-0.0050","-1.0000","0.0000","0.0000","0.0000","0.0000","0.0000"
"16368.0","15:13:26.303","2222339.0000","1.4566","60558.0000","-0.0500","-0.0050","-1.0000","0.0000","0.0000","0.0000","0.0000","0.0000"
"16369.0","15:13:26.304","2223150.0000","1.5450","60558.0000","-0.0500","-0.0050","-1.0000","0.0000","0.0000","0.0000","0.0000","0.0000"
"16370.0","15:13:26.305","2223126.0000","1.5424","60558.0000","-0.0500","-0.0050","-1.0000","0.0000","0.0000","0.0000","0.0000","0.0000"
"16371.0","15:13:26.306","2223267.0000","1.5578","60558.0000","-0.0500","-0.0050","-1.0000","0.0000","0.0000","0.0000","0.0000","0.0000"
"16372.0","15:13:26.307","2224108.0000","1.6495","60558.0000","-0.0500","-0.0050","-1.0000","0.0000","0.0000","0.0000","0.0000","0.0000"
"16373.0","15:13:26.308","2223339.0000","1.5657","60558.0000","-0.0500","-0.0050","-1.0000","0.0000","0.0000","0.0000","0.0000","0.0000"
"16374.0","15:13:26.309","2223039.0000","1.5329","60558.0000","-0.0500","-0.0050","-1.0000","0.0000","0.0000","0.0000","0.0000","0.0000"
"16375.0","15:13:26.310","2222263.0000","1.4483","60558.0000","-0.0500","-0.0050","-1.0000","0.0000","0.0000","0.0000","0.0000","0.0000"
"16376.0","15:13:26.311","2222378.0000","1.4609","60558.0000","-0.0500","-0.0050","-1.0000","0.0000","0.0000","0.0000","0.0000","0.0000"
"16377.0","15:13:26.312","2222564.0000","1.4812","60558.0000","-0.0500","-0.0050","-1.0000","0.0000","0.0000","0.0000","0.0000","0.0000"
"16378.0","15:13:26.313","2222052.0000","1.4253","60558.0000","-0.0500","-0.0050","-1.0000","0.0000","0.0000","0.0000","0.0000","0.0000"
"16379.0","15:13:26.314","2221880.0000","1.4066","60558.0000","-0.0500","-0.0050","-1.0000","0.0000","0.0000","0.0000","0.0000","0.0000"
"16380.0","15:13:26.315","2222175.0000","1.4387","60558.0000","-0.0500","-0.0050","-1.0000","0.0000","0.0000","0.0000","0.0000","0.0000"
"16381.0","15:13:26.316","2221825.0000","1.4006","60558.0000","-0.0500","-0.0050","-1.0000","0.0000","0.0000","0.0000","0.0000","0.0000"
"16382.0","15:13:26.317","2222346.0000","1.4574","60558.0000","-0.0500","-0.0050","-1.0000","0.0000","0.0000","0.0000","0.0000","0.0000"
"16383.0","15:13:26.318","2222426.0000","1.4661","60558.0000","-0.0500","-0.0050","-1.0000","0.0000","0.0000","0.0000","0.0000","0.0000"
"16384.0","15:13:26.319","2222430.0000","1.4665","60558.0000","-0.0500","-0.0050","-1.0000","0.0000","0.0000","0.0000","0.0000","0.0000"
